state,district,market,commodity,variety,grade,arrival_date,min_price,max_price,modal_price,price_spread,price_spread_pct,year,month,day
Keralam,Kozhikode(Calicut),Mukkom Market,Banana,Other,Large,2026-07-28,5200.0,5600.0,5500.0,400.0,7.2727272727272725,2026,7,28
Keralam,Kozhikode(Calicut),Mukkom Market,Onion,Onion,FAQ,2026-07-28,2800.0,3200.0,3000.0,400.0,13.333333333333334,2026,7,28
Keralam,Kozhikode(Calicut),Mukkom Market,Cucumbar(Kheera),Cucumbar,FAQ,2026-07-28,1800.0,2100.0,1900.0,300.0,15.789473684210526,2026,7,28
Keralam,Kozhikode(Calicut),Mukkom Market,Snakeguard,Snakeguard,FAQ,2026-07-28,3000.0,3300.0,3100.0,300.0,9.67741935483871,2026,7,28
Haryana,Sonipat,Ganaur APMC,Tomato,Tomato,FAQ,2026-07-28,2000.0,3000.0,2500.0,1000.0,40.0,2026,7,28
Haryana,Sonipat,Ganaur APMC,Bitter gourd,Bitter Gourd,Medium,2026-07-28,3000.0,4000.0,3500.0,1000.0,28.57142857142857,2026,7,28
Haryana,Sonipat,Ganaur APMC,Bottle gourd,Bottle Gourd,Medium,2026-07-28,2000.0,2500.0,2200.0,500.0,22.727272727272727,2026,7,28
Haryana,Sonipat,Ganaur APMC,Pumpkin,Pumpkin,Medium,2026-07-28,1000.0,1500.0,1200.0,500.0,41.66666666666667,2026,7,28
Haryana,Sonipat,Ganaur APMC,Lemon,Lemon,Medium,2026-07-28,9000.0,10000.0,9500.0,1000.0,10.526315789473683,2026,7,28
Haryana,Sonipat,Ganaur APMC,Guava,Other,Medium,2026-07-28,4000.0,5000.0,4500.0,1000.0,22.22222222222222,2026,7,28
Haryana,Kurukshetra,Shahabad APMC,Pomegranate,Pomogranate,Medium,2026-07-28,6000.0,7000.0,6500.0,1000.0,15.384615384615385,2026,7,28
Haryana,Kurukshetra,Shahabad APMC,Mango,Other,Medium,2026-07-28,2500.0,4000.0,3000.0,1500.0,50.0,2026,7,28
Rajasthan,Jalore,Jalore APMC,Cabbage,Cabbage,Local,2026-07-28,1200.0,1500.0,1300.0,300.0,23.076923076923077,2026,7,28
Rajasthan,Jalore,Jalore APMC,Coriander(Leaves),Coriander,Local,2026-07-28,3000.0,3500.0,3300.0,500.0,15.151515151515152,2026,7,28
Rajasthan,Jalore,Jalore APMC,Tinda,Tinda,Local,2026-07-28,1200.0,1500.0,1300.0,300.0,23.076923076923077,2026,7,28
Rajasthan,Jalore,Jalore APMC,Lemon,Other,Local,2026-07-28,1800.0,2000.0,1900.0,200.0,10.526315789473683,2026,7,28
Jammu and Kashmir,Baramulla,Sopore (Nowpora) (F&V),Apple,Condition,Grade A,2026-07-28,1850.0,1850.0,1850.0,0.0,0.0,2026,7,28
Keralam,Kozhikode(Calicut),Kallachi Market,Amaranthus,Amaranthus,FAQ,2026-07-28,3500.0,3900.0,3700.0,400.0,10.81081081081081,2026,7,28
Keralam,Alappuzha,Harippad Market,Banana - Green,Other,FAQ,2026-07-28,4800.0,5500.0,4800.0,700.0,14.583333333333334,2026,7,28
Keralam,Alappuzha,Harippad Market,Bitter gourd,Other,FAQ,2026-07-28,6000.0,6500.0,6000.0,500.0,8.333333333333332,2026,7,28
Keralam,Thiruvananthapuram,Vamanapuram Market,Cucumbar(Kheera),Other,Local,2026-07-28,3500.0,4000.0,3500.0,500.0,14.285714285714285,2026,7,28
Keralam,Thiruvananthapuram,Vamanapuram Market,Cabbage,Cabbage,FAQ,2026-07-28,2500.0,3000.0,2500.0,500.0,20.0,2026,7,28
Keralam,Thiruvananthapuram,Vamanapuram Market,Carrot,Other,FAQ,2026-07-28,4500.0,5000.0,4500.0,500.0,11.11111111111111,2026,7,28
Keralam,Thiruvananthapuram,Vamanapuram Market,Bhindi(Ladies Finger),Other,Local,2026-07-28,3500.0,4000.0,3500.0,500.0,14.285714285714285,2026,7,28
Keralam,Thiruvananthapuram,Vamanapuram Market,Potato,Other,FAQ,2026-07-28,3500.0,4000.0,3500.0,500.0,14.285714285714285,2026,7,28
Keralam,Thiruvananthapuram,Vamanapuram Market,Pumpkin,Other,Local,2026-07-28,2000.0,2500.0,2500.0,500.0,20.0,2026,7,28
Keralam,Ernakulam,Perumbavoor Market,Banana - Green,Banana - Green,Medium,2026-07-28,5300.0,5500.0,5400.0,200.0,3.7037037037037033,2026,7,28
Keralam,Ernakulam,Perumbavoor Market,Cowpea(Veg),Cowpea (Veg),Medium,2026-07-28,3800.0,4600.0,4200.0,800.0,19.047619047619047,2026,7,28
Keralam,Ernakulam,Perumbavoor Market,Elephant Yam(Suran)/Amorphophallus,Other,Medium,2026-07-28,3200.0,4200.0,3600.0,1000.0,27.77777777777778,2026,7,28
Keralam,Ernakulam,Perumbavoor Market,Green Chilli,Green Chilly,Medium,2026-07-28,4000.0,5000.0,4500.0,1000.0,22.22222222222222,2026,7,28
Keralam,Ernakulam,Perumbavoor Market,Snakeguard,Snakeguard,Large,2026-07-28,3500.0,4300.0,4000.0,800.0,20.0,2026,7,28
Andhra Pradesh,Bapatla,Parchur APMC,Bengal Gram(Gram)(Whole),Other,Local,2026-07-28,5500.0,6000.0,5800.0,500.0,8.620689655172415,2026,7,28
Tamil Nadu,Thanjavur,Tirukattupalli(Uzhavar Sandhai ),Banana,Besrai,Local,2026-07-28,6500.0,6500.0,6500.0,0.0,0.0,2026,7,28
Tamil Nadu,Thanjavur,Tirukattupalli(Uzhavar Sandhai ),Tomato,Deshi,Local,2026-07-28,2000.0,2000.0,2000.0,0.0,0.0,2026,7,28
Tamil Nadu,Thanjavur,Tirukattupalli(Uzhavar Sandhai ),Bhindi(Ladies Finger),Bhindi,Local,2026-07-28,4000.0,4000.0,4000.0,0.0,0.0,2026,7,28
Tamil Nadu,Thanjavur,Tirukattupalli(Uzhavar Sandhai ),Beans,Beans (Whole),Local,2026-07-28,10000.0,10000.0,10000.0,0.0,0.0,2026,7,28
Tamil Nadu,Thanjavur,Tirukattupalli(Uzhavar Sandhai ),Onion Green,Onion Green,Local,2026-07-28,6000.0,6000.0,6000.0,0.0,0.0,2026,7,28
Tamil Nadu,Thiruchirappalli,Thuraiyur APMC,Banana,Red Banana,Local,2026-07-28,8000.0,8000.0,8000.0,0.0,0.0,2026,7,28
Tamil Nadu,Thiruchirappalli,Thuraiyur APMC,Mango,Safeda,Local,2026-07-28,7000.0,10000.0,8500.0,3000.0,35.294117647058826,2026,7,28
Tamil Nadu,Thiruchirappalli,Thuraiyur APMC,Coriander(Leaves),I Sort,Local,2026-07-28,4000.0,4000.0,4000.0,0.0,0.0,2026,7,28
Tamil Nadu,Thiruchirappalli,Thuraiyur APMC,Tomato,Local,Local,2026-07-28,2200.0,2200.0,2200.0,0.0,0.0,2026,7,28
Tamil Nadu,Thiruchirappalli,Thuraiyur APMC,Amaranthus,Amaranthus,Local,2026-07-28,2000.0,2000.0,2000.0,0.0,0.0,2026,7,28
Tamil Nadu,Thiruchirappalli,Thuraiyur APMC,Ginger(Green),Green Ginger,Local,2026-07-28,22000.0,22000.0,22000.0,0.0,0.0,2026,7,28
Tamil Nadu,Thiruchirappalli,Thuraiyur APMC,Sweet Potato,Hosur Red,Local,2026-07-28,4000.0,4000.0,4000.0,0.0,0.0,2026,7,28
Tamil Nadu,Thiruchirappalli,Thuraiyur APMC,Cabbage,Cabbage,Local,2026-07-28,4500.0,4500.0,4500.0,0.0,0.0,2026,7,28
Tamil Nadu,Thiruchirappalli,Thuraiyur APMC,Green Avare(W),Green Avare (W),Local,2026-07-28,6600.0,6600.0,6600.0,0.0,0.0,2026,7,28
Tamil Nadu,Villupuram,Tindivanam APMC,Papaya,Papaya,Local,2026-07-28,4000.0,4000.0,4000.0,0.0,0.0,2026,7,28
Tamil Nadu,Villupuram,Tindivanam APMC,Water Melon,Water Melon,Local,2026-07-28,2000.0,2000.0,2000.0,0.0,0.0,2026,7,28
Tamil Nadu,Villupuram,Tindivanam APMC,Brinjal,Round,Local,2026-07-28,4500.0,4500.0,4500.0,0.0,0.0,2026,7,28
Tamil Nadu,Villupuram,Tindivanam APMC,Coriander(Leaves),I Sort,Local,2026-07-28,5000.0,5000.0,5000.0,0.0,0.0,2026,7,28
Tamil Nadu,Villupuram,Tindivanam APMC,Cluster beans,Cluster Beans,Local,2026-07-28,4500.0,4500.0,4500.0,0.0,0.0,2026,7,28
Tamil Nadu,Villupuram,Tindivanam APMC,Ashgourd,Gouard,Local,2026-07-28,1500.0,1500.0,1500.0,0.0,0.0,2026,7,28
Tamil Nadu,Villupuram,Tindivanam APMC,Cabbage,Cabbage,Local,2026-07-28,4500.0,4500.0,4500.0,0.0,0.0,2026,7,28
Tamil Nadu,Villupuram,Tindivanam APMC,Beetroot,Beetroot,Local,2026-07-28,4000.0,4000.0,4000.0,0.0,0.0,2026,7,28
Tamil Nadu,Villupuram,Tindivanam APMC,Colacasia,Colacasia,Local,2026-07-28,5800.0,5800.0,5800.0,0.0,0.0,2026,7,28
Tamil Nadu,Villupuram,Ulundurpettai APMC,Potato,Red Nanital,Local,2026-07-28,4000.0,4000.0,4000.0,0.0,0.0,2026,7,28
Tamil Nadu,Villupuram,Ulundurpettai APMC,Tomato,Deshi,Local,2026-07-28,2000.0,2000.0,2000.0,0.0,0.0,2026,7,28
Tamil Nadu,Villupuram,Ulundurpettai APMC,Bitter gourd,Bitter Gourd,Local,2026-07-28,6000.0,6000.0,6000.0,0.0,0.0,2026,7,28
Tamil Nadu,Villupuram,Ulundurpettai APMC,Bottle gourd,Bottle Gourd,Local,2026-07-28,2000.0,2000.0,2000.0,0.0,0.0,2026,7,28
Tamil Nadu,Villupuram,Ulundurpettai APMC,Amaranthus,Amaranthus,Local,2026-07-28,2500.0,2500.0,2500.0,0.0,0.0,2026,7,28
Tamil Nadu,Villupuram,Ulundurpettai APMC,Banana - Green,Banana - Green,Local,2026-07-28,3000.0,3000.0,3000.0,0.0,0.0,2026,7,28
Tamil Nadu,Villupuram,Ulundurpettai APMC,Coconut,Coconut,Local,2026-07-28,3000.0,3000.0,3000.0,0.0,0.0,2026,7,28
Tamil Nadu,Villupuram,Ulundurpettai APMC,Thondekai,Thondekai,Local,2026-07-28,5000.0,5000.0,5000.0,0.0,0.0,2026,7,28
Tamil Nadu,Villupuram,Ulundurpettai APMC,Green Avare(W),Green Avare (W),Local,2026-07-28,8000.0,8000.0,8000.0,0.0,0.0,2026,7,28
Tamil Nadu,Villupuram,Ulundurpettai APMC,Drumstick,Drumstick,Local,2026-07-28,6000.0,6000.0,6000.0,0.0,0.0,2026,7,28
Tamil Nadu,Villupuram,Ulundurpettai APMC,Yam(Ratalu),Yam (Ratalu),Local,2026-07-28,3000.0,3000.0,3000.0,0.0,0.0,2026,7,28
Bihar,Khagaria,Mansi Mandi APMC,Onion,Medium,Grade A,2026-07-28,2100.0,2100.0,2100.0,0.0,0.0,2026,7,28
Maharashtra,Pune,Pune(Moshi) APMC,Bottle gourd,Other,Local,2026-07-28,1000.0,2000.0,1500.0,1000.0,66.66666666666666,2026,7,28
Maharashtra,Pune,Pune(Moshi) APMC,Onion Green,Other,Local,2026-07-28,30.0,30.0,30.0,0.0,0.0,2026,7,28
Maharashtra,Pune,Pune(Moshi) APMC,Chilly Capsicum,Other,Local,2026-07-28,2000.0,3000.0,2500.0,1000.0,40.0,2026,7,28
Maharashtra,Pune,Pune(Moshi) APMC,Mint(Pudina),Other,Local,2026-07-28,10.0,10.0,10.0,0.0,0.0,2026,7,28
Maharashtra,Pune,Pune(Moshi) APMC,Drumstick,Other,Local,2026-07-28,3000.0,4000.0,3500.0,1000.0,28.57142857142857,2026,7,28
Maharashtra,Pune,Pune(Moshi) APMC,Little gourd(Kundru),Other,Local,2026-07-28,3000.0,3000.0,3000.0,0.0,0.0,2026,7,28
Maharashtra,Pune,Pune(Moshi) APMC,Apple,Other,Local,2026-07-28,18000.0,20000.0,19000.0,2000.0,10.526315789473683,2026,7,28
Maharashtra,Ratnagiri,Ratnagiri (Nachane) APMC,Bitter gourd,Other,Local,2026-07-28,3000.0,4000.0,3500.0,1000.0,28.57142857142857,2026,7,28
Maharashtra,Ratnagiri,Ratnagiri (Nachane) APMC,Brinjal,Other,Local,2026-07-28,2500.0,3000.0,2800.0,500.0,17.857142857142858,2026,7,28
Maharashtra,Ratnagiri,Ratnagiri (Nachane) APMC,Green Chilli,Other,Local,2026-07-28,5500.0,6500.0,6000.0,1000.0,16.666666666666664,2026,7,28
Maharashtra,Ratnagiri,Ratnagiri (Nachane) APMC,Cauliflower,Other,Local,2026-07-28,2500.0,3500.0,3000.0,1000.0,33.33333333333333,2026,7,28
Maharashtra,Ratnagiri,Ratnagiri (Nachane) APMC,Guar,Other,Local,2026-07-28,5000.0,6000.0,5500.0,1000.0,18.181818181818183,2026,7,28
Uttar Pradesh,Badaun,Babrala APMC,Potato,Desi,Medium,2026-07-28,580.0,600.0,590.0,20.0,3.389830508474576,2026,7,28
Madhya Pradesh,Chhatarpur,LavKush Nagar(Laundi) APMC,Bengal Gram(Gram)(Whole),Gram,FAQ,2026-07-28,5310.0,5325.0,5325.0,15.0,0.28169014084507044,2026,7,28
Madhya Pradesh,Tikamgarh,Tikamgarh APMC,Wheat,Wheat,FAQ,2026-07-28,2505.0,2520.0,2520.0,15.0,0.5952380952380952,2026,7,28
Madhya Pradesh,Chhindwara,Chhindwara APMC,Maize,Yellow,FAQ,2026-07-28,2365.0,2365.0,2365.0,0.0,0.0,2026,7,28
Gujarat,Anand,Khambhat(Veg Yard Khambhat) APMC,Bottle gourd,Bottle Gourd,Local,2026-07-28,2500.0,3500.0,3000.0,1000.0,33.33333333333333,2026,7,28
Gujarat,Anand,Khambhat(Veg Yard Khambhat) APMC,Green Chilli,Other,Local,2026-07-28,3000.0,5000.0,4000.0,2000.0,50.0,2026,7,28
Gujarat,Surat,Songadh(Badarpada) APMC,Bhindi(Ladies Finger),Bhindi,FAQ,2026-07-28,1500.0,4000.0,3000.0,2500.0,83.33333333333334,2026,7,28
Gujarat,Rajkot,Dhoraji APMC,Wheat,Milbar,Non-FAQ,2026-07-28,2415.0,2600.0,2460.0,185.0,7.520325203252034,2026,7,28
Gujarat,Amreli,Babra APMC,Groundnut,G20,FAQ,2026-07-28,5525.0,6600.0,6060.0,1075.0,17.73927392739274,2026,7,28
Tamil Nadu,Madurai,Chokkikulam(Uzhavar Sandhai ),Papaya,Papaya,Local,2026-07-28,4000.0,4500.0,4250.0,500.0,11.76470588235294,2026,7,28
Tamil Nadu,Madurai,Chokkikulam(Uzhavar Sandhai ),Groundnut,Big (With Shell),Local,2026-07-28,6000.0,7000.0,6500.0,1000.0,15.384615384615385,2026,7,28
Tamil Nadu,Madurai,Chokkikulam(Uzhavar Sandhai ),Mango,Safeda,Local,2026-07-28,4000.0,7000.0,5500.0,3000.0,54.54545454545454,2026,7,28
Tamil Nadu,Madurai,Chokkikulam(Uzhavar Sandhai ),Bottle gourd,Bottle Gourd,Local,2026-07-28,3200.0,3600.0,3400.0,400.0,11.76470588235294,2026,7,28
Tamil Nadu,Madurai,Chokkikulam(Uzhavar Sandhai ),Ashgourd,Gouard,Local,2026-07-28,2000.0,2400.0,2200.0,400.0,18.181818181818183,2026,7,28
Tamil Nadu,Madurai,Chokkikulam(Uzhavar Sandhai ),Pumpkin,Pumpkin,Local,2026-07-28,2000.0,2400.0,2200.0,400.0,18.181818181818183,2026,7,28
Tamil Nadu,Madurai,Chokkikulam(Uzhavar Sandhai ),Amaranthus,Amaranthus,Local,2026-07-28,3000.0,3600.0,3300.0,600.0,18.181818181818183,2026,7,28
Tamil Nadu,Madurai,Chokkikulam(Uzhavar Sandhai ),Coconut,Coconut,Local,2026-07-28,5800.0,6000.0,5900.0,200.0,3.389830508474576,2026,7,28
Tamil Nadu,Madurai,Chokkikulam(Uzhavar Sandhai ),Betal Leaves,Mysore,Local,2026-07-28,18000.0,24000.0,21000.0,6000.0,28.57142857142857,2026,7,28
Tamil Nadu,Madurai,Chokkikulam(Uzhavar Sandhai ),Beetroot,Beetroot,Local,2026-07-28,5000.0,5500.0,5250.0,500.0,9.523809523809524,2026,7,28
Tamil Nadu,Madurai,Chokkikulam(Uzhavar Sandhai ),Capsicum,Capsicum,Local,2026-07-28,9000.0,10000.0,9500.0,1000.0,10.526315789473683,2026,7,28
Tamil Nadu,Madurai,Chokkikulam(Uzhavar Sandhai ),Chow Chow,Chow Chow,Local,2026-07-28,3000.0,3500.0,3250.0,500.0,15.384615384615385,2026,7,28
Tamil Nadu,Madurai,Chokkikulam(Uzhavar Sandhai ),Drumstick,Drumstick,Local,2026-07-28,4000.0,7000.0,5500.0,3000.0,54.54545454545454,2026,7,28
Tamil Nadu,Madurai,Chokkikulam(Uzhavar Sandhai ),Indian Beans(Seam),Indian Beans (Seam),Local,2026-07-28,5000.0,5500.0,5250.0,500.0,9.523809523809524,2026,7,28
Tamil Nadu,Madurai,Chokkikulam(Uzhavar Sandhai ),Colacasia,Colacasia,Local,2026-07-28,4000.0,5000.0,4500.0,1000.0,22.22222222222222,2026,7,28
Gujarat,Amreli,The Agricultural Produce Market Committee-Amreli,"Sesamum(Sesame,Gingelly,Til)",Black,FAQ,2026-07-28,11200.0,19500.0,16500.0,8300.0,50.303030303030305,2026,7,28
Gujarat,Surat,Surat APMC,Banana - Green,Other,FAQ,2026-07-28,900.0,1500.0,1200.0,600.0,50.0,2026,7,28
Gujarat,Surat,Surat APMC,Ginger(Green),Green Ginger,FAQ,2026-07-28,5000.0,13500.0,9250.0,8500.0,91.8918918918919,2026,7,28
Gujarat,Surat,Surat APMC,Brinjal,Brinjal,FAQ,2026-07-28,1200.0,3000.0,2100.0,1800.0,85.71428571428571,2026,7,28
Gujarat,Surat,Surat APMC,French Beans(Frasbean),Other,FAQ,2026-07-28,5000.0,10000.0,7500.0,5000.0,66.66666666666666,2026,7,28
Gujarat,Surat,Surat APMC,Groundnut pods(raw),Other,FAQ,2026-07-28,4500.0,6000.0,5250.0,1500.0,28.57142857142857,2026,7,28
Gujarat,Surat,Surat APMC,Little gourd(Kundru),Other,FAQ,2026-07-28,5000.0,13000.0,9000.0,8000.0,88.88888888888889,2026,7,28
Gujarat,Surat,Surat APMC,Pea Pod/Pea Cod/हरी मटर,Other,FAQ,2026-07-28,12000.0,14000.0,13000.0,2000.0,15.384615384615385,2026,7,28
Gujarat,Surat,Surat APMC,Surat Beans(Papadi),Other,FAQ,2026-07-28,2500.0,5000.0,3750.0,2500.0,66.66666666666666,2026,7,28
Andhra Pradesh,Tirupathi,Pakala APMC,Gur(Jaggery),NO 3,Local,2026-07-28,2900.0,2900.0,2900.0,0.0,0.0,2026,7,28
Telangana,Warangal,Warangal APMC,Capsicum,Capsicum,FAQ,2026-07-28,5500.0,6000.0,5750.0,500.0,8.695652173913043,2026,7,28
Telangana,Bhadradri Kothagudem,Bhadrachalam APMC,Paddy(Common),Samba Masuri,FAQ,2026-07-28,2389.0,2389.0,2389.0,0.0,0.0,2026,7,28
Andhra Pradesh,SPSR Nellore,Kavali APMC,Paddy(Common),Other,Local,2026-07-28,2380.0,2450.0,2410.0,70.0,2.904564315352697,2026,7,28
Keralam,Kozhikode(Calicut),Vengeri(Kozhikode) Market,Amaranthus,Amaranthus,FAQ,2026-07-28,2500.0,2800.0,2800.0,300.0,10.714285714285714,2026,7,28
Keralam,Kozhikode(Calicut),Vengeri(Kozhikode) Market,Bottle gourd,Bottle Gourd,FAQ,2026-07-28,2800.0,3100.0,3100.0,300.0,9.67741935483871,2026,7,28
Keralam,Kozhikode(Calicut),Vengeri(Kozhikode) Market,Pumpkin,Pumpkin,FAQ,2026-07-28,1000.0,1300.0,1300.0,300.0,23.076923076923077,2026,7,28
Keralam,Kozhikode(Calicut),Vengeri(Kozhikode) Market,Cucumbar(Kheera),Cucumbar,FAQ,2026-07-28,2200.0,2500.0,2500.0,300.0,12.0,2026,7,28
Keralam,Kozhikode(Calicut),Vengeri(Kozhikode) Market,Tomato,Tomato,FAQ,2026-07-28,1600.0,1900.0,1900.0,300.0,15.789473684210526,2026,7,28
Punjab,Gurdaspur,Batala APMC,Chilly Capsicum,Other,Grade C,2026-07-28,3500.0,4000.0,3800.0,500.0,13.157894736842104,2026,7,28
Keralam,Thiruvananthapuram,Chala Market,Grapes,Other,Medium,2026-07-28,8000.0,8000.0,8000.0,0.0,0.0,2026,7,28
Keralam,Thiruvananthapuram,Chala Market,Grapes,Black,Medium,2026-07-28,8000.0,8000.0,8000.0,0.0,0.0,2026,7,28
Keralam,Thiruvananthapuram,Chala Market,Grapes,Green,Large,2026-07-28,12000.0,13000.0,12000.0,1000.0,8.333333333333332,2026,7,28
Uttarakhand,Haridwar,Roorkee APMC,Banana,Other,Medium,2026-07-28,800.0,1200.0,1000.0,400.0,40.0,2026,7,28
Uttarakhand,Haridwar,Roorkee APMC,Mango,Other,Local,2026-07-28,1300.0,2000.0,1600.0,700.0,43.75,2026,7,28
Uttarakhand,Haridwar,Roorkee APMC,Tomato,Other,Medium,2026-07-28,1200.0,2200.0,1600.0,1000.0,62.5,2026,7,28
Keralam,Kannur,Payyannur Market,Copra,Other,Local,2026-07-28,13400.0,13600.0,13500.0,200.0,1.4814814814814816,2026,7,28
Tamil Nadu,Cuddalore,Viruthachalam(Uzhavar Sandhai ),Papaya,Papaya,Local,2026-07-28,4000.0,4500.0,4250.0,500.0,11.76470588235294,2026,7,28
Tamil Nadu,Cuddalore,Viruthachalam(Uzhavar Sandhai ),Pumpkin,Pumpkin,Local,2026-07-28,2500.0,2500.0,2500.0,0.0,0.0,2026,7,28
Tamil Nadu,Cuddalore,Viruthachalam(Uzhavar Sandhai ),Raddish,Raddish,Local,2026-07-28,3000.0,3000.0,3000.0,0.0,0.0,2026,7,28
Tamil Nadu,Cuddalore,Viruthachalam(Uzhavar Sandhai ),Onion Green,Onion Green,Local,2026-07-28,7500.0,7500.0,7500.0,0.0,0.0,2026,7,28
Tamil Nadu,Dharmapuri,Dharmapuri(Uzhavar Sandhai ),Brinjal,Round,Local,2026-07-28,2800.0,3000.0,2900.0,200.0,6.896551724137931,2026,7,28
Tamil Nadu,Dharmapuri,Dharmapuri(Uzhavar Sandhai ),Bitter gourd,Bitter Gourd,Local,2026-07-28,4500.0,4800.0,4650.0,300.0,6.451612903225806,2026,7,28
Tamil Nadu,Dharmapuri,Dharmapuri(Uzhavar Sandhai ),Ginger(Green),Green Ginger,Local,2026-07-28,23400.0,23600.0,23500.0,200.0,0.851063829787234,2026,7,28
Tamil Nadu,Dharmapuri,Dharmapuri(Uzhavar Sandhai ),Sweet Potato,Hosur Red,Local,2026-07-28,2200.0,2500.0,2350.0,300.0,12.76595744680851,2026,7,28
Tamil Nadu,Dharmapuri,Dharmapuri(Uzhavar Sandhai ),Carrot,Pusakesar,Local,2026-07-28,8000.0,8200.0,8100.0,200.0,2.4691358024691357,2026,7,28
Tamil Nadu,Dharmapuri,Dharmapuri(Uzhavar Sandhai ),Beetroot,Beetroot,Local,2026-07-28,5000.0,5200.0,5100.0,200.0,3.9215686274509802,2026,7,28
Tamil Nadu,Dharmapuri,Dharmapuri(Uzhavar Sandhai ),Capsicum,Capsicum,Local,2026-07-28,8600.0,8800.0,8700.0,200.0,2.2988505747126435,2026,7,28
Tamil Nadu,Dharmapuri,Dharmapuri(Uzhavar Sandhai ),Green Avare(W),Green Avare (W),Local,2026-07-28,4800.0,5000.0,4900.0,200.0,4.081632653061225,2026,7,28
Tamil Nadu,Dharmapuri,Dharmapuri(Uzhavar Sandhai ),Drumstick,Drumstick,Local,2026-07-28,5200.0,5500.0,5350.0,300.0,5.607476635514018,2026,7,28
Tamil Nadu,Dharmapuri,Dharmapuri(Uzhavar Sandhai ),Lemon,Lemon,Local,2026-07-28,11400.0,11600.0,11500.0,200.0,1.7391304347826086,2026,7,28
Tamil Nadu,Dharmapuri,Dharmapuri(Uzhavar Sandhai ),Colacasia,Colacasia,Local,2026-07-28,6500.0,6800.0,6650.0,300.0,4.511278195488721,2026,7,28
Tamil Nadu,Dharmapuri,Palacode(Uzhavar Sandhai ),Banana,Poovan,Local,2026-07-28,5000.0,5500.0,5250.0,500.0,9.523809523809524,2026,7,28
Tamil Nadu,Dharmapuri,Palacode(Uzhavar Sandhai ),Garlic,Garlic,Local,2026-07-28,17500.0,18000.0,17750.0,500.0,2.8169014084507045,2026,7,28
Tamil Nadu,Dharmapuri,Palacode(Uzhavar Sandhai ),Coriander(Leaves),I Sort,Local,2026-07-28,8500.0,9000.0,8750.0,500.0,5.714285714285714,2026,7,28
Tamil Nadu,Dharmapuri,Palacode(Uzhavar Sandhai ),Ashgourd,Gouard,Local,2026-07-28,1800.0,2000.0,1900.0,200.0,10.526315789473683,2026,7,28
Tamil Nadu,Dharmapuri,Palacode(Uzhavar Sandhai ),Pumpkin,Pumpkin,Local,2026-07-28,1600.0,1800.0,1700.0,200.0,11.76470588235294,2026,7,28
Tamil Nadu,Dharmapuri,Palacode(Uzhavar Sandhai ),Green Chilli,Green Chilly,Local,2026-07-28,4400.0,4600.0,4500.0,200.0,4.444444444444445,2026,7,28
Tamil Nadu,Dharmapuri,Palacode(Uzhavar Sandhai ),Cowpea(Veg),Cowpea (Veg),Local,2026-07-28,5000.0,5500.0,5250.0,500.0,9.523809523809524,2026,7,28
Tamil Nadu,Dharmapuri,Palacode(Uzhavar Sandhai ),Carrot,Pusakesar,Local,2026-07-28,9000.0,9500.0,9250.0,500.0,5.405405405405405,2026,7,28
Tamil Nadu,Dharmapuri,Palacode(Uzhavar Sandhai ),Raddish,Raddish,Local,2026-07-28,1800.0,2000.0,1900.0,200.0,10.526315789473683,2026,7,28
Tamil Nadu,Dharmapuri,Palacode(Uzhavar Sandhai ),Capsicum,Capsicum,Local,2026-07-28,7800.0,8000.0,7900.0,200.0,2.5316455696202533,2026,7,28
Tamil Nadu,Dharmapuri,Palacode(Uzhavar Sandhai ),Lemon,Lemon,Local,2026-07-28,9000.0,9500.0,9250.0,500.0,5.405405405405405,2026,7,28
Tamil Nadu,Erode,Periyar Nagar(Uzhavar Sandhai ),Chikoos(Sapota),Sapota,Local,2026-07-28,3000.0,3500.0,3250.0,500.0,15.384615384615385,2026,7,28
Tamil Nadu,Erode,Periyar Nagar(Uzhavar Sandhai ),Tomato,Other,Local,2026-07-28,1500.0,1800.0,1650.0,300.0,18.181818181818183,2026,7,28
Tamil Nadu,Erode,Periyar Nagar(Uzhavar Sandhai ),Bottle gourd,Bottle Gourd,Local,2026-07-28,1800.0,2000.0,1900.0,200.0,10.526315789473683,2026,7,28
Tamil Nadu,Erode,Periyar Nagar(Uzhavar Sandhai ),Amaranthus,Amaranthus,Local,2026-07-28,3000.0,3500.0,3250.0,500.0,15.384615384615385,2026,7,28
Tamil Nadu,Erode,Periyar Nagar(Uzhavar Sandhai ),Coconut,Coconut,Local,2026-07-28,4800.0,5000.0,4900.0,200.0,4.081632653061225,2026,7,28
Tamil Nadu,Erode,Periyar Nagar(Uzhavar Sandhai ),Cucumbar(Kheera),Cucumbar,Local,2026-07-28,4600.0,5000.0,4800.0,400.0,8.333333333333332,2026,7,28
Tamil Nadu,Erode,Periyar Nagar(Uzhavar Sandhai ),Green Avare(W),Other,Local,2026-07-28,5600.0,6000.0,5800.0,400.0,6.896551724137931,2026,7,28
Tamil Nadu,Erode,Periyar Nagar(Uzhavar Sandhai ),Mango(Raw-Ripe),Mango - Raw-Ripe,Local,2026-07-28,2400.0,2800.0,2600.0,400.0,15.384615384615385,2026,7,28
Tamil Nadu,Erode,Perundurai(Uzhavar Sandhai ),Onion,Bellary,Local,2026-07-28,3600.0,4000.0,3800.0,400.0,10.526315789473683,2026,7,28
Tamil Nadu,Erode,Perundurai(Uzhavar Sandhai ),Coriander(Leaves),I Sort,Local,2026-07-28,4500.0,4800.0,4650.0,300.0,6.451612903225806,2026,7,28
Tamil Nadu,Erode,Perundurai(Uzhavar Sandhai ),Bitter gourd,Bitter Gourd,Local,2026-07-28,5000.0,5400.0,5200.0,400.0,7.6923076923076925,2026,7,28
Tamil Nadu,Erode,Perundurai(Uzhavar Sandhai ),Bhindi(Ladies Finger),Bhindi,Local,2026-07-28,2600.0,3000.0,2800.0,400.0,14.285714285714285,2026,7,28
Tamil Nadu,Erode,Perundurai(Uzhavar Sandhai ),Carrot,Pusakesar,Local,2026-07-28,8500.0,8800.0,8650.0,300.0,3.4682080924855487,2026,7,28
Tamil Nadu,Erode,Perundurai(Uzhavar Sandhai ),Ridgeguard(Tori),Ridgeguard(Tori),Local,2026-07-28,4000.0,4500.0,4250.0,500.0,11.76470588235294,2026,7,28
Tamil Nadu,Erode,Perundurai(Uzhavar Sandhai ),Drumstick,Drumstick,Local,2026-07-28,5500.0,5800.0,5650.0,300.0,5.3097345132743365,2026,7,28
Tamil Nadu,Erode,Perundurai(Uzhavar Sandhai ),Mango(Raw-Ripe),Mango - Raw-Ripe,Local,2026-07-28,2400.0,2800.0,2600.0,400.0,15.384615384615385,2026,7,28
Tamil Nadu,Erode,Thalavadi(Uzhavar Sandhai ),Onion,Bellary,Local,2026-07-28,3400.0,3800.0,3600.0,400.0,11.11111111111111,2026,7,28
Tamil Nadu,Erode,Thalavadi(Uzhavar Sandhai ),Potato,Red Nanital,Local,2026-07-28,3400.0,3800.0,3600.0,400.0,11.11111111111111,2026,7,28
Tamil Nadu,Erode,Thalavadi(Uzhavar Sandhai ),Brinjal,Round,Local,2026-07-28,3000.0,3400.0,3200.0,400.0,12.5,2026,7,28
Tamil Nadu,Erode,Thalavadi(Uzhavar Sandhai ),Bottle gourd,Bottle Gourd,Local,2026-07-28,1600.0,2000.0,1800.0,400.0,22.22222222222222,2026,7,28
Tamil Nadu,Erode,Thalavadi(Uzhavar Sandhai ),Green Chilli,Green Chilly,Local,2026-07-28,3400.0,3800.0,3600.0,400.0,11.11111111111111,2026,7,28
Tamil Nadu,Erode,Thalavadi(Uzhavar Sandhai ),Sweet Potato,Hosur Red,Local,2026-07-28,2500.0,3000.0,2750.0,500.0,18.181818181818183,2026,7,28
Tamil Nadu,Erode,Thalavadi(Uzhavar Sandhai ),Cucumbar(Kheera),Cucumbar,Local,2026-07-28,2600.0,3000.0,2800.0,400.0,14.285714285714285,2026,7,28
Tamil Nadu,Kallakuruchi,Sankarapuram(Uzhavar Sandhai ),Amaranthus,Amaranthus,Local,2026-07-28,4000.0,4000.0,4000.0,0.0,0.0,2026,7,28
Tamil Nadu,Kallakuruchi,Sankarapuram(Uzhavar Sandhai ),Sweet Potato,Hosur Red,Local,2026-07-28,4000.0,4000.0,4000.0,0.0,0.0,2026,7,28
Tamil Nadu,Kallakuruchi,Sankarapuram(Uzhavar Sandhai ),Snakeguard,Snakeguard,Local,2026-07-28,5000.0,5000.0,5000.0,0.0,0.0,2026,7,28
Tamil Nadu,Kallakuruchi,Sankarapuram(Uzhavar Sandhai ),Beetroot,Beetroot,Local,2026-07-28,6000.0,6000.0,6000.0,0.0,0.0,2026,7,28
Tamil Nadu,Kallakuruchi,Sankarapuram(Uzhavar Sandhai ),Drumstick,Drumstick,Local,2026-07-28,7000.0,7000.0,7000.0,0.0,0.0,2026,7,28
Tamil Nadu,Kallakuruchi,Sankarapuram(Uzhavar Sandhai ),Elephant Yam(Suran)/Amorphophallus,Elephant Yam (Suran),Local,2026-07-28,4000.0,4000.0,4000.0,0.0,0.0,2026,7,28
Tamil Nadu,Kallakuruchi,Sankarapuram(Uzhavar Sandhai ),Lemon,Lemon,Local,2026-07-28,7000.0,7000.0,7000.0,0.0,0.0,2026,7,28
Tamil Nadu,Kallakuruchi,Sankarapuram(Uzhavar Sandhai ),Onion Green,Onion Green,Local,2026-07-28,6000.0,6000.0,6000.0,0.0,0.0,2026,7,28
Tamil Nadu,Kallakuruchi,Sankarapuram(Uzhavar Sandhai ),Baby Corn,Baby Corn,Grade A,2026-07-28,3000.0,3000.0,3000.0,0.0,0.0,2026,7,28
Tamil Nadu,Kancheepuram,Kundrathur(Uzhavar Sandhai ),Mousambi(Sweet Lime),Mousambi,Local,2026-07-28,8000.0,8000.0,8000.0,0.0,0.0,2026,7,28
Tamil Nadu,Kancheepuram,Kundrathur(Uzhavar Sandhai ),Ashgourd,Gouard,Local,2026-07-28,2000.0,2000.0,2000.0,0.0,0.0,2026,7,28
Tamil Nadu,Kancheepuram,Kundrathur(Uzhavar Sandhai ),Sweet Potato,Hosur Red,Local,2026-07-28,3000.0,3000.0,3000.0,0.0,0.0,2026,7,28
Tamil Nadu,Kancheepuram,Kundrathur(Uzhavar Sandhai ),Carrot,Pusakesar,Local,2026-07-28,5000.0,6000.0,5500.0,1000.0,18.181818181818183,2026,7,28
Tamil Nadu,Kancheepuram,Kundrathur(Uzhavar Sandhai ),Cabbage,Cabbage,Local,2026-07-28,3000.0,3000.0,3000.0,0.0,0.0,2026,7,28
Tamil Nadu,Kancheepuram,Kundrathur(Uzhavar Sandhai ),Mango(Raw-Ripe),Mango - Raw-Ripe,Local,2026-07-28,2000.0,2500.0,2250.0,500.0,22.22222222222222,2026,7,28
Tamil Nadu,Kancheepuram,Kundrathur(Uzhavar Sandhai ),Pomegranate,Pomogranate,Local,2026-07-28,16000.0,16000.0,16000.0,0.0,0.0,2026,7,28
Tamil Nadu,Kancheepuram,Kundrathur(Uzhavar Sandhai ),Colacasia,Colacasia,Local,2026-07-28,3000.0,3000.0,3000.0,0.0,0.0,2026,7,28
Tamil Nadu,Kancheepuram,Sunguvarchatram(Uzhavar Sandhai ),Bitter gourd,Bitter Gourd,Local,2026-07-28,4000.0,4000.0,4000.0,0.0,0.0,2026,7,28
Tamil Nadu,Kancheepuram,Sunguvarchatram(Uzhavar Sandhai ),Bhindi(Ladies Finger),Bhindi,Local,2026-07-28,3000.0,3000.0,3000.0,0.0,0.0,2026,7,28
Tamil Nadu,Kancheepuram,Sunguvarchatram(Uzhavar Sandhai ),Cucumbar(Kheera),Cucumbar,Local,2026-07-28,3000.0,3000.0,3000.0,0.0,0.0,2026,7,28
Tamil Nadu,Kancheepuram,Sunguvarchatram(Uzhavar Sandhai ),Thondekai,Thondekai,Local,2026-07-28,4000.0,4000.0,4000.0,0.0,0.0,2026,7,28
Tamil Nadu,Krishnagiri,Avallapalli(Uzhavar Sandhai ),Potato,Red Nanital,Local,2026-07-28,2000.0,2500.0,2250.0,500.0,22.22222222222222,2026,7,28
Tamil Nadu,Krishnagiri,Avallapalli(Uzhavar Sandhai ),Brinjal,Round,Local,2026-07-28,3500.0,4000.0,3750.0,500.0,13.333333333333334,2026,7,28
Tamil Nadu,Krishnagiri,Avallapalli(Uzhavar Sandhai ),Coriander(Leaves),I Sort,Local,2026-07-28,6000.0,7000.0,6500.0,1000.0,15.384615384615385,2026,7,28
Tamil Nadu,Krishnagiri,Avallapalli(Uzhavar Sandhai ),Ashgourd,Gouard,Local,2026-07-28,2000.0,2500.0,2250.0,500.0,22.22222222222222,2026,7,28
Tamil Nadu,Krishnagiri,Avallapalli(Uzhavar Sandhai ),Amaranthus,Amaranthus,Local,2026-07-28,5500.0,6000.0,5750.0,500.0,8.695652173913043,2026,7,28
Tamil Nadu,Krishnagiri,Avallapalli(Uzhavar Sandhai ),Cowpea(Veg),Cowpea (Veg),Local,2026-07-28,5500.0,6000.0,5750.0,500.0,8.695652173913043,2026,7,28
Tamil Nadu,Krishnagiri,Avallapalli(Uzhavar Sandhai ),Banana - Green,Banana - Green,Local,2026-07-28,3500.0,4000.0,3750.0,500.0,13.333333333333334,2026,7,28
Tamil Nadu,Krishnagiri,Avallapalli(Uzhavar Sandhai ),Sweet Potato,Hosur Red,Local,2026-07-28,4500.0,5000.0,4750.0,500.0,10.526315789473683,2026,7,28
Tamil Nadu,Krishnagiri,Avallapalli(Uzhavar Sandhai ),Snakeguard,Snakeguard,Local,2026-07-28,3000.0,3500.0,3250.0,500.0,15.384615384615385,2026,7,28
Tamil Nadu,Krishnagiri,Avallapalli(Uzhavar Sandhai ),Knool Khol,Knool Khol,Local,2026-07-28,4500.0,5000.0,4750.0,500.0,10.526315789473683,2026,7,28
Tamil Nadu,Krishnagiri,Avallapalli(Uzhavar Sandhai ),Elephant Yam(Suran)/Amorphophallus,Elephant Yam (Suran),Local,2026-07-28,4500.0,5000.0,4750.0,500.0,10.526315789473683,2026,7,28
Tamil Nadu,Krishnagiri,Avallapalli(Uzhavar Sandhai ),Yam(Ratalu),Yam (Ratalu),Local,2026-07-28,4500.0,5000.0,4750.0,500.0,10.526315789473683,2026,7,28
Tamil Nadu,Krishnagiri,Avallapalli(Uzhavar Sandhai ),Lemon,Lemon,Local,2026-07-28,8000.0,9000.0,8500.0,1000.0,11.76470588235294,2026,7,28
Tamil Nadu,Krishnagiri,Avallapalli(Uzhavar Sandhai ),Colacasia,Colacasia,Local,2026-07-28,5500.0,6000.0,5750.0,500.0,8.695652173913043,2026,7,28
Tamil Nadu,Dharmapuri,Karimangalam(Uzhavar Sandhai),Onion,Bellary,Local,2026-07-28,3600.0,3800.0,3700.0,200.0,5.405405405405405,2026,7,28
Tamil Nadu,Dharmapuri,Karimangalam(Uzhavar Sandhai),Cauliflower,Ranchi,Local,2026-07-28,3800.0,4000.0,3900.0,200.0,5.128205128205128,2026,7,28
Tamil Nadu,Dharmapuri,Karimangalam(Uzhavar Sandhai),Brinjal,Other,Local,2026-07-28,3800.0,4000.0,3900.0,200.0,5.128205128205128,2026,7,28
Tamil Nadu,Dharmapuri,Karimangalam(Uzhavar Sandhai),Raddish,Raddish,Local,2026-07-28,2200.0,2400.0,2300.0,200.0,8.695652173913043,2026,7,28
Tamil Nadu,Dharmapuri,Karimangalam(Uzhavar Sandhai),Thondekai,Thondekai,Local,2026-07-28,5000.0,5500.0,5250.0,500.0,9.523809523809524,2026,7,28
Tamil Nadu,Dharmapuri,Karimangalam(Uzhavar Sandhai),Onion Green,Onion Green,Local,2026-07-28,4500.0,5000.0,4750.0,500.0,10.526315789473683,2026,7,28
Tamil Nadu,Krishnagiri,Denkanikottai(Uzhavar Sandhai ),Tomato,Deshi,Local,2026-07-28,1000.0,1500.0,1250.0,500.0,40.0,2026,7,28
Tamil Nadu,Krishnagiri,Denkanikottai(Uzhavar Sandhai ),Bottle gourd,Bottle Gourd,Local,2026-07-28,2500.0,3000.0,2750.0,500.0,18.181818181818183,2026,7,28
Tamil Nadu,Krishnagiri,Denkanikottai(Uzhavar Sandhai ),Amaranthus,Amaranthus,Local,2026-07-28,2500.0,3000.0,2750.0,500.0,18.181818181818183,2026,7,28
Tamil Nadu,Krishnagiri,Hosur(Uzhavar Sandhai ),Onion,Bellary,Local,2026-07-28,3500.0,4000.0,3750.0,500.0,13.333333333333334,2026,7,28
Tamil Nadu,Krishnagiri,Hosur(Uzhavar Sandhai ),Chikoos(Sapota),Sapota,Local,2026-07-28,7000.0,8000.0,7500.0,1000.0,13.333333333333334,2026,7,28
Tamil Nadu,Krishnagiri,Hosur(Uzhavar Sandhai ),Green Chilli,Green Chilly,Local,2026-07-28,5000.0,6000.0,5500.0,1000.0,18.181818181818183,2026,7,28
Tamil Nadu,Krishnagiri,Hosur(Uzhavar Sandhai ),Ridgeguard(Tori),Ridgeguard(Tori),Local,2026-07-28,4000.0,4500.0,4250.0,500.0,11.76470588235294,2026,7,28
Tamil Nadu,Krishnagiri,Hosur(Uzhavar Sandhai ),Thondekai,Thondekai,Local,2026-07-28,2500.0,3000.0,2750.0,500.0,18.181818181818183,2026,7,28
Tamil Nadu,Krishnagiri,Hosur(Uzhavar Sandhai ),Drumstick,Drumstick,Local,2026-07-28,4000.0,5000.0,4500.0,1000.0,22.22222222222222,2026,7,28
Tamil Nadu,Krishnagiri,Hosur(Uzhavar Sandhai ),Lemon,Lemon,Local,2026-07-28,8000.0,9000.0,8500.0,1000.0,11.76470588235294,2026,7,28
Tamil Nadu,Krishnagiri,Hosur(Uzhavar Sandhai ),Mashrooms,Mashrooms,Local,2026-07-28,18000.0,20000.0,19000.0,2000.0,10.526315789473683,2026,7,28
Tamil Nadu,Krishnagiri,Hosur(Uzhavar Sandhai ),Baby Corn,Baby Corn,Grade A,2026-07-28,2500.0,3000.0,2750.0,500.0,18.181818181818183,2026,7,28
Tamil Nadu,Krishnagiri,Krishnagiri(Uzhavar Sandhai ),Groundnut,Big (With Shell),Local,2026-07-28,6000.0,7000.0,6500.0,1000.0,15.384615384615385,2026,7,28
Tamil Nadu,Krishnagiri,Krishnagiri(Uzhavar Sandhai ),Onion,Bellary,Local,2026-07-28,3000.0,3500.0,3250.0,500.0,15.384615384615385,2026,7,28
Tamil Nadu,Krishnagiri,Krishnagiri(Uzhavar Sandhai ),Bitter gourd,Bitter Gourd,Local,2026-07-28,4000.0,4400.0,4200.0,400.0,9.523809523809524,2026,7,28
Tamil Nadu,Krishnagiri,Krishnagiri(Uzhavar Sandhai ),Pumpkin,Pumpkin,Local,2026-07-28,1500.0,2000.0,1750.0,500.0,28.57142857142857,2026,7,28
Tamil Nadu,Krishnagiri,Krishnagiri(Uzhavar Sandhai ),Amaranthus,Amaranthus,Local,2026-07-28,2500.0,3000.0,2750.0,500.0,18.181818181818183,2026,7,28
Tamil Nadu,Krishnagiri,Krishnagiri(Uzhavar Sandhai ),Cabbage,Cabbage,Local,2026-07-28,3000.0,4000.0,3500.0,1000.0,28.57142857142857,2026,7,28
Tamil Nadu,Krishnagiri,Krishnagiri(Uzhavar Sandhai ),Raddish,Raddish,Local,2026-07-28,2000.0,2600.0,2300.0,600.0,26.08695652173913,2026,7,28
Tamil Nadu,Krishnagiri,Krishnagiri(Uzhavar Sandhai ),Onion Green,Onion Green,Local,2026-07-28,5000.0,6000.0,5500.0,1000.0,18.181818181818183,2026,7,28
Tamil Nadu,Madurai,Anaiyur(Uzhavar Sandhai ),Groundnut,Big (With Shell),Local,2026-07-28,6000.0,7000.0,6500.0,1000.0,15.384615384615385,2026,7,28
Tamil Nadu,Madurai,Anaiyur(Uzhavar Sandhai ),Soyabean,Local,Local,2026-07-28,9000.0,10000.0,9500.0,1000.0,10.526315789473683,2026,7,28
Tamil Nadu,Madurai,Anaiyur(Uzhavar Sandhai ),Green Chilli,Green Chilly,Local,2026-07-28,4500.0,5500.0,5000.0,1000.0,20.0,2026,7,28
Tamil Nadu,Madurai,Anaiyur(Uzhavar Sandhai ),Beans,Beans (Whole),Local,2026-07-28,8000.0,10000.0,9000.0,2000.0,22.22222222222222,2026,7,28
Tamil Nadu,Madurai,Anaiyur(Uzhavar Sandhai ),Coconut,Coconut,Local,2026-07-28,5800.0,6000.0,5900.0,200.0,3.389830508474576,2026,7,28
Tamil Nadu,Madurai,Anaiyur(Uzhavar Sandhai ),Ridgeguard(Tori),Ridgeguard(Tori),Local,2026-07-28,6000.0,6500.0,6250.0,500.0,8.0,2026,7,28
Tamil Nadu,Madurai,Anaiyur(Uzhavar Sandhai ),Raddish,Raddish,Local,2026-07-28,3000.0,3500.0,3250.0,500.0,15.384615384615385,2026,7,28
Tamil Nadu,Madurai,Anaiyur(Uzhavar Sandhai ),Thondekai,Thondekai,Local,2026-07-28,5500.0,6000.0,5750.0,500.0,8.695652173913043,2026,7,28
Tamil Nadu,Madurai,Anaiyur(Uzhavar Sandhai ),Guava,Guava Allahabad,Local,2026-07-28,7000.0,8000.0,7500.0,1000.0,13.333333333333334,2026,7,28
Tamil Nadu,Madurai,Anaiyur(Uzhavar Sandhai ),Pomegranate,Pomogranate,Local,2026-07-28,18000.0,20000.0,19000.0,2000.0,10.526315789473683,2026,7,28
Tamil Nadu,Madurai,Usilampatti(Uzhavar Sandhai ),Onion,Bellary,Local,2026-07-28,3800.0,4000.0,3900.0,200.0,5.128205128205128,2026,7,28
Tamil Nadu,Madurai,Usilampatti(Uzhavar Sandhai ),Coriander(Leaves),I Sort,Local,2026-07-28,5000.0,5500.0,5250.0,500.0,9.523809523809524,2026,7,28
Tamil Nadu,Madurai,Usilampatti(Uzhavar Sandhai ),Bottle gourd,Bottle Gourd,Local,2026-07-28,3000.0,3600.0,3300.0,600.0,18.181818181818183,2026,7,28
Tamil Nadu,Madurai,Usilampatti(Uzhavar Sandhai ),Banana - Green,Banana - Green,Local,2026-07-28,2500.0,3000.0,2750.0,500.0,18.181818181818183,2026,7,28
Tamil Nadu,Madurai,Usilampatti(Uzhavar Sandhai ),Tapioca,Tapioca,Local,2026-07-28,3000.0,4000.0,3500.0,1000.0,28.57142857142857,2026,7,28
Tamil Nadu,Madurai,Usilampatti(Uzhavar Sandhai ),Ridgeguard(Tori),Ridgeguard(Tori),Local,2026-07-28,6000.0,6500.0,6250.0,500.0,8.0,2026,7,28
Tamil Nadu,Madurai,Usilampatti(Uzhavar Sandhai ),Elephant Yam(Suran)/Amorphophallus,Elephant Yam (Suran),Local,2026-07-28,4000.0,4500.0,4250.0,500.0,11.76470588235294,2026,7,28
Tamil Nadu,Nagapattinam,Nagapattinam(Uzhavar Sandhai ),Banana,Karpura,Local,2026-07-28,6000.0,6000.0,6000.0,0.0,0.0,2026,7,28
Tamil Nadu,Nagapattinam,Nagapattinam(Uzhavar Sandhai ),Onion,Bellary,Local,2026-07-28,2000.0,3000.0,2500.0,1000.0,40.0,2026,7,28
Tamil Nadu,Nagapattinam,Nagapattinam(Uzhavar Sandhai ),Potato,Other,Local,2026-07-28,4100.0,4100.0,4100.0,0.0,0.0,2026,7,28
Tamil Nadu,Nagapattinam,Nagapattinam(Uzhavar Sandhai ),Coconut,Coconut,Local,2026-07-28,4600.0,5000.0,4800.0,400.0,8.333333333333332,2026,7,28
Tamil Nadu,Nagapattinam,Nagapattinam(Uzhavar Sandhai ),Snakeguard,Snakeguard,Local,2026-07-28,2900.0,3300.0,3100.0,400.0,12.903225806451612,2026,7,28
Tamil Nadu,Nagapattinam,Nagapattinam(Uzhavar Sandhai ),Mango(Raw-Ripe),Mango - Raw-Ripe,Local,2026-07-28,2700.0,3500.0,3100.0,800.0,25.806451612903224,2026,7,28
Tamil Nadu,Nagapattinam,Nagapattinam(Uzhavar Sandhai ),Mint(Pudina),Mint(Pudina),Local,2026-07-28,3800.0,3800.0,3800.0,0.0,0.0,2026,7,28
Tamil Nadu,Nagapattinam,Sirkali(Uzhavar Sandhai ),Onion,Bellary,Local,2026-07-28,2500.0,3000.0,2750.0,500.0,18.181818181818183,2026,7,28
Tamil Nadu,Nagapattinam,Sirkali(Uzhavar Sandhai ),Amaranthus,Amaranthus,Local,2026-07-28,1500.0,2000.0,1750.0,500.0,28.57142857142857,2026,7,28
Tamil Nadu,Nagapattinam,Sirkali(Uzhavar Sandhai ),Banana - Green,Banana - Green,Local,2026-07-28,2500.0,3000.0,2750.0,500.0,18.181818181818183,2026,7,28
Tamil Nadu,Nagapattinam,Sirkali(Uzhavar Sandhai ),Beetroot,Beetroot,Local,2026-07-28,4500.0,5000.0,4750.0,500.0,10.526315789473683,2026,7,28
Tamil Nadu,Nagapattinam,Sirkali(Uzhavar Sandhai ),Elephant Yam(Suran)/Amorphophallus,Elephant Yam (Suran),Local,2026-07-28,5500.0,6000.0,5750.0,500.0,8.695652173913043,2026,7,28
Tamil Nadu,Nagapattinam,Sirkali(Uzhavar Sandhai ),Onion Green,Onion Green,Local,2026-07-28,5500.0,6000.0,5750.0,500.0,8.695652173913043,2026,7,28
Tamil Nadu,Namakkal,Kumarapalayam(Uzhavar Sandhai ),Bitter gourd,Bitter Gourd,Local,2026-07-28,5500.0,6000.0,5750.0,500.0,8.695652173913043,2026,7,28
Tamil Nadu,Namakkal,Kumarapalayam(Uzhavar Sandhai ),Cabbage,Cabbage,Local,2026-07-28,3500.0,4000.0,3750.0,500.0,13.333333333333334,2026,7,28
Tamil Nadu,Namakkal,Kumarapalayam(Uzhavar Sandhai ),Amla(Nelli Kai),Amla,Local,2026-07-28,7500.0,8500.0,8000.0,1000.0,12.5,2026,7,28
Tamil Nadu,Namakkal,Mohanur(Uzhavar Sandhai ),Cauliflower,Ranchi,Local,2026-07-28,3200.0,4000.0,3600.0,800.0,22.22222222222222,2026,7,28
Tamil Nadu,Namakkal,Mohanur(Uzhavar Sandhai ),Brinjal,Other,Local,2026-07-28,6000.0,7600.0,6800.0,1600.0,23.52941176470588,2026,7,28
Tamil Nadu,Namakkal,Mohanur(Uzhavar Sandhai ),Pumpkin,Pumpkin,Local,2026-07-28,2400.0,3000.0,2700.0,600.0,22.22222222222222,2026,7,28
Tamil Nadu,Namakkal,Mohanur(Uzhavar Sandhai ),Ridgeguard(Tori),Ridgeguard(Tori),Local,2026-07-28,5600.0,6000.0,5800.0,400.0,6.896551724137931,2026,7,28
Tamil Nadu,Namakkal,Mohanur(Uzhavar Sandhai ),Green Avare(W),Other,Local,2026-07-28,8600.0,10000.0,9300.0,1400.0,15.053763440860216,2026,7,28
Tamil Nadu,Namakkal,Mohanur(Uzhavar Sandhai ),Onion Green,Onion Green,Local,2026-07-28,3000.0,7000.0,5000.0,4000.0,80.0,2026,7,28
Tamil Nadu,Namakkal,Mohanur(Uzhavar Sandhai ),Mint(Pudina),Mint(Pudina),Local,2026-07-28,5600.0,6000.0,5800.0,400.0,6.896551724137931,2026,7,28
Tamil Nadu,Namakkal,Namakkal(Uzhavar Sandhai ),Snakeguard,Snakeguard,Local,2026-07-28,4800.0,5400.0,5100.0,600.0,11.76470588235294,2026,7,28
Tamil Nadu,Namakkal,Namakkal(Uzhavar Sandhai ),Jack Fruit(Ripe),Jack Fruit,Local,2026-07-28,2500.0,3000.0,2750.0,500.0,18.181818181818183,2026,7,28
Tamil Nadu,Namakkal,Paramathivelur(Uzhavar Sandhai ),Coriander(Leaves),I Sort,Local,2026-07-28,5500.0,6000.0,5750.0,500.0,8.695652173913043,2026,7,28
Tamil Nadu,Namakkal,Paramathivelur(Uzhavar Sandhai ),Tomato,Deshi,Local,2026-07-28,1800.0,2000.0,1900.0,200.0,10.526315789473683,2026,7,28
Tamil Nadu,Namakkal,Paramathivelur(Uzhavar Sandhai ),Bottle gourd,Bottle Gourd,Local,2026-07-28,1200.0,1600.0,1400.0,400.0,28.57142857142857,2026,7,28
Tamil Nadu,Namakkal,Paramathivelur(Uzhavar Sandhai ),Ridgeguard(Tori),Ridgeguard(Tori),Local,2026-07-28,6000.0,6500.0,6250.0,500.0,8.0,2026,7,28
Tamil Nadu,Namakkal,Paramathivelur(Uzhavar Sandhai ),Tender Coconut,Tender Coconut,Local,2026-07-28,3500.0,4500.0,4000.0,1000.0,25.0,2026,7,28
Tamil Nadu,Namakkal,Rasipuram(Uzhavar Sandhai ),Onion,Bellary,Local,2026-07-28,2800.0,3000.0,2900.0,200.0,6.896551724137931,2026,7,28
Tamil Nadu,Namakkal,Rasipuram(Uzhavar Sandhai ),Potato,Other,Local,2026-07-28,3200.0,3500.0,3350.0,300.0,8.955223880597014,2026,7,28
Tamil Nadu,Namakkal,Rasipuram(Uzhavar Sandhai ),Chili Red,Bold,Local,2026-07-28,14000.0,15000.0,14500.0,1000.0,6.896551724137931,2026,7,28
Tamil Nadu,Namakkal,Rasipuram(Uzhavar Sandhai ),Chikoos(Sapota),Sapota,Local,2026-07-28,3500.0,4000.0,3750.0,500.0,13.333333333333334,2026,7,28
Tamil Nadu,Namakkal,Rasipuram(Uzhavar Sandhai ),Pumpkin,Pumpkin,Local,2026-07-28,2600.0,3000.0,2800.0,400.0,14.285714285714285,2026,7,28
Tamil Nadu,Namakkal,Rasipuram(Uzhavar Sandhai ),Tapioca,Tapioca,Local,2026-07-28,3200.0,3800.0,3500.0,600.0,17.142857142857142,2026,7,28
Tamil Nadu,Namakkal,Rasipuram(Uzhavar Sandhai ),Cabbage,Cabbage,Local,2026-07-28,3600.0,4000.0,3800.0,400.0,10.526315789473683,2026,7,28
Tamil Nadu,Namakkal,Rasipuram(Uzhavar Sandhai ),Snakeguard,Snakeguard,Local,2026-07-28,4000.0,4500.0,4250.0,500.0,11.76470588235294,2026,7,28
Tamil Nadu,Namakkal,Rasipuram(Uzhavar Sandhai ),Raddish,Raddish,Local,2026-07-28,3000.0,3500.0,3250.0,500.0,15.384615384615385,2026,7,28
Tamil Nadu,Namakkal,Rasipuram(Uzhavar Sandhai ),Thondekai,Thondekai,Local,2026-07-28,4500.0,5000.0,4750.0,500.0,10.526315789473683,2026,7,28
Tamil Nadu,Namakkal,Rasipuram(Uzhavar Sandhai ),Drumstick,Drumstick,Local,2026-07-28,5500.0,6000.0,5750.0,500.0,8.695652173913043,2026,7,28
Tamil Nadu,Namakkal,Rasipuram(Uzhavar Sandhai ),Lemon,Lemon,Local,2026-07-28,3000.0,5000.0,4000.0,2000.0,50.0,2026,7,28
Tamil Nadu,Namakkal,Rasipuram(Uzhavar Sandhai ),Onion Green,Onion Green,Local,2026-07-28,4500.0,6500.0,5500.0,2000.0,36.36363636363637,2026,7,28
Tamil Nadu,Namakkal,Rasipuram(Uzhavar Sandhai ),Mint(Pudina),Mint(Pudina),Local,2026-07-28,5500.0,6000.0,5750.0,500.0,8.695652173913043,2026,7,28
Tamil Nadu,Namakkal,Rasipuram(Uzhavar Sandhai ),Rose(Local),Rose (Local),Local,2026-07-28,14000.0,16000.0,15000.0,2000.0,13.333333333333334,2026,7,28
Tamil Nadu,Madurai,Palanganatham(Uzhavar Sandhai ),Grapes,Annabesahai,Local,2026-07-28,10000.0,11000.0,10500.0,1000.0,9.523809523809524,2026,7,28
Tamil Nadu,Madurai,Palanganatham(Uzhavar Sandhai ),Green Chilli,Green Chilly,Local,2026-07-28,4500.0,5500.0,5000.0,1000.0,20.0,2026,7,28
Tamil Nadu,Madurai,Palanganatham(Uzhavar Sandhai ),Betal Leaves,Mysore,Local,2026-07-28,18000.0,24000.0,21000.0,6000.0,28.57142857142857,2026,7,28
Tamil Nadu,Madurai,Palanganatham(Uzhavar Sandhai ),Carrot,Pusakesar,Local,2026-07-28,6000.0,9000.0,7500.0,3000.0,40.0,2026,7,28
Tamil Nadu,Madurai,Palanganatham(Uzhavar Sandhai ),Snakeguard,Snakeguard,Local,2026-07-28,4000.0,4500.0,4250.0,500.0,11.76470588235294,2026,7,28
Tamil Nadu,Madurai,Palanganatham(Uzhavar Sandhai ),Thondekai,Thondekai,Local,2026-07-28,4500.0,6000.0,5250.0,1500.0,28.57142857142857,2026,7,28
Tamil Nadu,Madurai,Palanganatham(Uzhavar Sandhai ),Capsicum,Capsicum,Local,2026-07-28,9000.0,10000.0,9500.0,1000.0,10.526315789473683,2026,7,28
Tamil Nadu,Madurai,Palanganatham(Uzhavar Sandhai ),Green Avare(W),Green Avare (W),Local,2026-07-28,7000.0,9500.0,8250.0,2500.0,30.303030303030305,2026,7,28
Tamil Nadu,Madurai,Palanganatham(Uzhavar Sandhai ),Knool Khol,Knool Khol,Local,2026-07-28,5500.0,6500.0,6000.0,1000.0,16.666666666666664,2026,7,28
Tamil Nadu,Madurai,Palanganatham(Uzhavar Sandhai ),Pomegranate,Pomogranate,Local,2026-07-28,18000.0,20000.0,19000.0,2000.0,10.526315789473683,2026,7,28
Tamil Nadu,Madurai,Palanganatham(Uzhavar Sandhai ),Indian Beans(Seam),Indian Beans (Seam),Local,2026-07-28,5000.0,5500.0,5250.0,500.0,9.523809523809524,2026,7,28
Tamil Nadu,Madurai,Palanganatham(Uzhavar Sandhai ),Mint(Pudina),Mint(Pudina),Local,2026-07-28,4000.0,4500.0,4250.0,500.0,11.76470588235294,2026,7,28
Tamil Nadu,Madurai,Anna nagar(Uzhavar Sandhai ),Pineapple,Pine Apple,Local,2026-07-28,8000.0,8000.0,8000.0,0.0,0.0,2026,7,28
Tamil Nadu,Madurai,Anna nagar(Uzhavar Sandhai ),Tomato,Other,Local,2026-07-28,2200.0,2400.0,2300.0,200.0,8.695652173913043,2026,7,28
Tamil Nadu,Madurai,Anna nagar(Uzhavar Sandhai ),Cowpea(Veg),Cowpea (Veg),Local,2026-07-28,4600.0,4600.0,4600.0,0.0,0.0,2026,7,28
Tamil Nadu,Madurai,Anna nagar(Uzhavar Sandhai ),Beans,Beans (Whole),Local,2026-07-28,10000.0,10000.0,10000.0,0.0,0.0,2026,7,28
Tamil Nadu,Madurai,Anna nagar(Uzhavar Sandhai ),Cucumbar(Kheera),Cucumbar,Local,2026-07-28,4600.0,4600.0,4600.0,0.0,0.0,2026,7,28
Tamil Nadu,Madurai,Anna nagar(Uzhavar Sandhai ),Green Avare(W),Other,Local,2026-07-28,8600.0,8600.0,8600.0,0.0,0.0,2026,7,28
Tamil Nadu,Madurai,Anna nagar(Uzhavar Sandhai ),Knool Khol,Knool Khol,Local,2026-07-28,3600.0,3600.0,3600.0,0.0,0.0,2026,7,28
Tamil Nadu,Madurai,Anna nagar(Uzhavar Sandhai ),Tender Coconut,Tender Coconut,Local,2026-07-28,4500.0,5000.0,4750.0,500.0,10.526315789473683,2026,7,28
Tamil Nadu,Madurai,Anna nagar(Uzhavar Sandhai ),Elephant Yam(Suran)/Amorphophallus,Elephant Yam (Suran),Local,2026-07-28,5000.0,5000.0,5000.0,0.0,0.0,2026,7,28
Tamil Nadu,Madurai,Anna nagar(Uzhavar Sandhai ),Yam(Ratalu),Yam (Ratalu),Local,2026-07-28,8600.0,8600.0,8600.0,0.0,0.0,2026,7,28
Tamil Nadu,Perambalur,Perambalur(Uzhavar Sandhai ),Apple,American,Local,2026-07-28,23000.0,25000.0,24000.0,2000.0,8.333333333333332,2026,7,28
Tamil Nadu,Perambalur,Perambalur(Uzhavar Sandhai ),Garlic,Garlic,Local,2026-07-28,18000.0,20000.0,19000.0,2000.0,10.526315789473683,2026,7,28
Tamil Nadu,Perambalur,Perambalur(Uzhavar Sandhai ),Mousambi(Sweet Lime),Mousambi,Local,2026-07-28,8000.0,9000.0,8500.0,1000.0,11.76470588235294,2026,7,28
Tamil Nadu,Perambalur,Perambalur(Uzhavar Sandhai ),Brinjal,Other,Local,2026-07-28,4800.0,4800.0,4800.0,0.0,0.0,2026,7,28
Tamil Nadu,Perambalur,Perambalur(Uzhavar Sandhai ),Coriander(Leaves),I Sort,Local,2026-07-28,4000.0,4000.0,4000.0,0.0,0.0,2026,7,28
Tamil Nadu,Perambalur,Perambalur(Uzhavar Sandhai ),Bottle gourd,Bottle Gourd,Local,2026-07-28,1800.0,1800.0,1800.0,0.0,0.0,2026,7,28
Tamil Nadu,Perambalur,Perambalur(Uzhavar Sandhai ),Capsicum,Capsicum,Local,2026-07-28,7200.0,7200.0,7200.0,0.0,0.0,2026,7,28
Tamil Nadu,Perambalur,Perambalur(Uzhavar Sandhai ),Pomegranate,Pomogranate,Local,2026-07-28,21000.0,23000.0,22000.0,2000.0,9.090909090909092,2026,7,28
Tamil Nadu,Perambalur,Perambalur(Uzhavar Sandhai ),Elephant Yam(Suran)/Amorphophallus,Elephant Yam (Suran),Local,2026-07-28,5600.0,5600.0,5600.0,0.0,0.0,2026,7,28
Tamil Nadu,Perambalur,Perambalur(Uzhavar Sandhai ),Lemon,Lemon,Local,2026-07-28,8000.0,10000.0,9000.0,2000.0,22.22222222222222,2026,7,28
Tamil Nadu,Perambalur,Perambalur(Uzhavar Sandhai ),Colacasia,Colacasia,Local,2026-07-28,5600.0,5600.0,5600.0,0.0,0.0,2026,7,28
Tamil Nadu,Perambalur,Perambalur(Uzhavar Sandhai ),Onion Green,Onion Green,Local,2026-07-28,4000.0,6000.0,5000.0,2000.0,40.0,2026,7,28
Tamil Nadu,Perambalur,Perambalur(Uzhavar Sandhai ),Sweet Corn,Sweet Corn,Local,2026-07-28,4500.0,5000.0,4750.0,500.0,10.526315789473683,2026,7,28
Tamil Nadu,Salem,Mecheri(Uzhavar Sandhai),Amaranthus,Amaranthus,Local,2026-07-28,2000.0,2500.0,2250.0,500.0,22.22222222222222,2026,7,28
Tamil Nadu,Salem,Mecheri(Uzhavar Sandhai),Coconut,Coconut,Local,2026-07-28,4500.0,5000.0,4750.0,500.0,10.526315789473683,2026,7,28
Tamil Nadu,Salem,Mecheri(Uzhavar Sandhai),Onion Green,Onion Green,Local,2026-07-28,4500.0,5000.0,4750.0,500.0,10.526315789473683,2026,7,28
Tamil Nadu,Ranipet,Ranipettai(Uzhavar Sandhai ),Groundnut,Big (With Shell),Local,2026-07-28,7000.0,7000.0,7000.0,0.0,0.0,2026,7,28
Tamil Nadu,Ranipet,Ranipettai(Uzhavar Sandhai ),Mango,Neelam,Local,2026-07-28,5000.0,6000.0,5500.0,1000.0,18.181818181818183,2026,7,28
Tamil Nadu,Ranipet,Ranipettai(Uzhavar Sandhai ),Tomato,Other,Local,2026-07-28,1800.0,2000.0,1900.0,200.0,10.526315789473683,2026,7,28
Tamil Nadu,Ranipet,Ranipettai(Uzhavar Sandhai ),Cowpea(Veg),Cowpea (Veg),Local,2026-07-28,6000.0,6000.0,6000.0,0.0,0.0,2026,7,28
Tamil Nadu,Ranipet,Ranipettai(Uzhavar Sandhai ),Ginger(Green),Green Ginger,Local,2026-07-28,18000.0,18000.0,18000.0,0.0,0.0,2026,7,28
Tamil Nadu,Ranipet,Ranipettai(Uzhavar Sandhai ),Carrot,Pusakesar,Local,2026-07-28,7000.0,7000.0,7000.0,0.0,0.0,2026,7,28
Tamil Nadu,Ranipet,Ranipettai(Uzhavar Sandhai ),Snakeguard,Snakeguard,Local,2026-07-28,4000.0,4000.0,4000.0,0.0,0.0,2026,7,28
Tamil Nadu,Ranipet,Ranipettai(Uzhavar Sandhai ),Beetroot,Beetroot,Local,2026-07-28,5000.0,5000.0,5000.0,0.0,0.0,2026,7,28
Tamil Nadu,Ranipet,Ranipettai(Uzhavar Sandhai ),Green Avare(W),Other,Local,2026-07-28,5200.0,5200.0,5200.0,0.0,0.0,2026,7,28
Tamil Nadu,Ranipet,Ranipettai(Uzhavar Sandhai ),Drumstick,Drumstick,Local,2026-07-28,5000.0,7000.0,6000.0,2000.0,33.33333333333333,2026,7,28
Tamil Nadu,Ranipet,Ranipettai(Uzhavar Sandhai ),Lemon,Lemon,Local,2026-07-28,8000.0,8000.0,8000.0,0.0,0.0,2026,7,28
Tamil Nadu,Ranipet,Ranipettai(Uzhavar Sandhai ),Custard Apple(Sharifa),Custard Apple(Sharifa),Local,2026-07-28,7000.0,7000.0,7000.0,0.0,0.0,2026,7,28
Tamil Nadu,Ranipet,Ranipettai(Uzhavar Sandhai ),Onion Green,Onion Green,Local,2026-07-28,5000.0,5000.0,5000.0,0.0,0.0,2026,7,28
Tamil Nadu,Salem,Ammapet(Uzhavar Sandhai ),Onion,Bellary,Local,2026-07-28,3600.0,4000.0,3800.0,400.0,10.526315789473683,2026,7,28
Tamil Nadu,Salem,Ammapet(Uzhavar Sandhai ),Brinjal,Other,Local,2026-07-28,4200.0,4500.0,4350.0,300.0,6.896551724137931,2026,7,28
Tamil Nadu,Salem,Ammapet(Uzhavar Sandhai ),Chikoos(Sapota),Sapota,Local,2026-07-28,3000.0,4000.0,3500.0,1000.0,28.57142857142857,2026,7,28
Tamil Nadu,Salem,Ammapet(Uzhavar Sandhai ),Cowpea(Veg),Cowpea (Veg),Local,2026-07-28,4000.0,4500.0,4250.0,500.0,11.76470588235294,2026,7,28
Tamil Nadu,Salem,Ammapet(Uzhavar Sandhai ),Cucumbar(Kheera),Cucumbar,Local,2026-07-28,4500.0,5000.0,4750.0,500.0,10.526315789473683,2026,7,28
Tamil Nadu,Salem,Ammapet(Uzhavar Sandhai ),Mango(Raw-Ripe),Mango - Raw-Ripe,Local,2026-07-28,3000.0,3500.0,3250.0,500.0,15.384615384615385,2026,7,28
Tamil Nadu,Salem,Ammapet(Uzhavar Sandhai ),Knool Khol,Knool Khol,Local,2026-07-28,5000.0,5500.0,5250.0,500.0,9.523809523809524,2026,7,28
Tamil Nadu,Salem,Ammapet(Uzhavar Sandhai ),Onion Green,Onion Green,Local,2026-07-28,5000.0,5400.0,5200.0,400.0,7.6923076923076925,2026,7,28
Tamil Nadu,Salem,Ammapet(Uzhavar Sandhai ),Rose(Local),Rose (Local),Local,2026-07-28,11000.0,12000.0,11500.0,1000.0,8.695652173913043,2026,7,28
Tamil Nadu,Salem,Mettur(Uzhavar Sandhai ),Coconut,Coconut,Local,2026-07-28,4500.0,5000.0,4750.0,500.0,10.526315789473683,2026,7,28
Tamil Nadu,Salem,Mettur(Uzhavar Sandhai ),Carrot,Pusakesar,Local,2026-07-28,8500.0,9000.0,8750.0,500.0,5.714285714285714,2026,7,28
Tamil Nadu,Salem,Mettur(Uzhavar Sandhai ),Green Avare(W),Other,Local,2026-07-28,5500.0,6000.0,5750.0,500.0,8.695652173913043,2026,7,28
Tamil Nadu,Salem,Mettur(Uzhavar Sandhai ),Chow Chow,Chow Chow,Local,2026-07-28,3500.0,4000.0,3750.0,500.0,13.333333333333334,2026,7,28
Tamil Nadu,Salem,Mettur(Uzhavar Sandhai ),Karbuja(Musk Melon),Karbhuja,Local,2026-07-28,3000.0,3500.0,3250.0,500.0,15.384615384615385,2026,7,28
Tamil Nadu,Salem,Mettur(Uzhavar Sandhai ),Lemon,Lemon,Local,2026-07-28,4500.0,5000.0,4750.0,500.0,10.526315789473683,2026,7,28
Tamil Nadu,Salem,Sooramangalam(Uzhavar Sandhai ),Brinjal,Other,Local,2026-07-28,3800.0,4000.0,3900.0,200.0,5.128205128205128,2026,7,28
Tamil Nadu,Salem,Sooramangalam(Uzhavar Sandhai ),Coriander(Leaves),I Sort,Local,2026-07-28,3800.0,4000.0,3900.0,200.0,5.128205128205128,2026,7,28
Tamil Nadu,Salem,Sooramangalam(Uzhavar Sandhai ),Tomato,Local,Local,2026-07-28,1800.0,2000.0,1900.0,200.0,10.526315789473683,2026,7,28
Tamil Nadu,Salem,Sooramangalam(Uzhavar Sandhai ),Pumpkin,Pumpkin,Local,2026-07-28,2000.0,2200.0,2100.0,200.0,9.523809523809524,2026,7,28
Tamil Nadu,Salem,Sooramangalam(Uzhavar Sandhai ),Cowpea(Veg),Cowpea (Veg),Local,2026-07-28,4000.0,4500.0,4250.0,500.0,11.76470588235294,2026,7,28
Tamil Nadu,Salem,Sooramangalam(Uzhavar Sandhai ),Coconut,Coconut,Local,2026-07-28,5500.0,6000.0,5750.0,500.0,8.695652173913043,2026,7,28
Tamil Nadu,Salem,Sooramangalam(Uzhavar Sandhai ),Carrot,Pusakesar,Local,2026-07-28,9000.0,9400.0,9200.0,400.0,4.3478260869565215,2026,7,28
Tamil Nadu,Salem,Sooramangalam(Uzhavar Sandhai ),Snakeguard,Snakeguard,Local,2026-07-28,3800.0,4000.0,3900.0,200.0,5.128205128205128,2026,7,28
Tamil Nadu,Salem,Sooramangalam(Uzhavar Sandhai ),Beetroot,Beetroot,Local,2026-07-28,8000.0,8400.0,8200.0,400.0,4.878048780487805,2026,7,28
Tamil Nadu,Salem,Sooramangalam(Uzhavar Sandhai ),Ridgeguard(Tori),Ridgeguard(Tori),Local,2026-07-28,4000.0,4500.0,4250.0,500.0,11.76470588235294,2026,7,28
Tamil Nadu,Salem,Sooramangalam(Uzhavar Sandhai ),Thondekai,Thondekai,Local,2026-07-28,4000.0,4500.0,4250.0,500.0,11.76470588235294,2026,7,28
Tamil Nadu,Salem,Sooramangalam(Uzhavar Sandhai ),Capsicum,Capsicum,Local,2026-07-28,7000.0,7400.0,7200.0,400.0,5.555555555555555,2026,7,28
Tamil Nadu,Salem,Sooramangalam(Uzhavar Sandhai ),Knool Khol,Knool Khol,Local,2026-07-28,5000.0,5400.0,5200.0,400.0,7.6923076923076925,2026,7,28
Tamil Nadu,Salem,Sooramangalam(Uzhavar Sandhai ),Colacasia,Colacasia,Local,2026-07-28,6000.0,6500.0,6250.0,500.0,8.0,2026,7,28
Tamil Nadu,Salem,Sooramangalam(Uzhavar Sandhai ),Tube Rose(Loose),Tube Rose (Loose),Local,2026-07-28,10000.0,12000.0,11000.0,2000.0,18.181818181818183,2026,7,28
Tamil Nadu,Salem,Sooramangalam(Uzhavar Sandhai ),Sweet Corn,Sweet Corn,Local,2026-07-28,3000.0,3500.0,3250.0,500.0,15.384615384615385,2026,7,28
Tamil Nadu,Salem,Thammampatti (Uzhavar Sandhai ),Pineapple,Pine Apple,Local,2026-07-28,3500.0,4000.0,3750.0,500.0,13.333333333333334,2026,7,28
Tamil Nadu,Salem,Thammampatti (Uzhavar Sandhai ),Potato,Other,Local,2026-07-28,2800.0,3000.0,2900.0,200.0,6.896551724137931,2026,7,28
Tamil Nadu,Salem,Thammampatti (Uzhavar Sandhai ),Chikoos(Sapota),Sapota,Local,2026-07-28,4000.0,4000.0,4000.0,0.0,0.0,2026,7,28
Tamil Nadu,Salem,Thammampatti (Uzhavar Sandhai ),Tomato,Deshi,Local,2026-07-28,1500.0,2000.0,1750.0,500.0,28.57142857142857,2026,7,28
Tamil Nadu,Salem,Thammampatti (Uzhavar Sandhai ),Bitter gourd,Bitter Gourd,Local,2026-07-28,5000.0,5500.0,5250.0,500.0,9.523809523809524,2026,7,28
Tamil Nadu,Salem,Thammampatti (Uzhavar Sandhai ),Pumpkin,Pumpkin,Local,2026-07-28,2000.0,2000.0,2000.0,0.0,0.0,2026,7,28
Tamil Nadu,Salem,Thammampatti (Uzhavar Sandhai ),Coconut,Coconut,Local,2026-07-28,5000.0,5500.0,5250.0,500.0,9.523809523809524,2026,7,28
Tamil Nadu,Salem,Thammampatti (Uzhavar Sandhai ),Thondekai,Thondekai,Local,2026-07-28,4500.0,5000.0,4750.0,500.0,10.526315789473683,2026,7,28
Tamil Nadu,Salem,Thammampatti (Uzhavar Sandhai ),Green Avare(W),Green Avare (W),Local,2026-07-28,7500.0,8500.0,8000.0,1000.0,12.5,2026,7,28
Tamil Nadu,Salem,Thammampatti (Uzhavar Sandhai ),Mint(Pudina),Mint(Pudina),Local,2026-07-28,3500.0,4000.0,3750.0,500.0,13.333333333333334,2026,7,28
Tamil Nadu,Salem,Thathakapatti(Uzhavar Sandhai ),Garlic,Garlic,Local,2026-07-28,20000.0,25000.0,22500.0,5000.0,22.22222222222222,2026,7,28
Tamil Nadu,Salem,Thathakapatti(Uzhavar Sandhai ),Green Peas,Green Peas,Local,2026-07-28,15000.0,15500.0,15250.0,500.0,3.278688524590164,2026,7,28
Tamil Nadu,Salem,Thathakapatti(Uzhavar Sandhai ),Cluster beans,Cluster Beans,Local,2026-07-28,3000.0,3400.0,3200.0,400.0,12.5,2026,7,28
Tamil Nadu,Salem,Thathakapatti(Uzhavar Sandhai ),Raddish,Raddish,Local,2026-07-28,2500.0,3000.0,2750.0,500.0,18.181818181818183,2026,7,28
Tamil Nadu,Salem,Thathakapatti(Uzhavar Sandhai ),Tender Coconut,Tender Coconut,Local,2026-07-28,3000.0,5000.0,4000.0,2000.0,50.0,2026,7,28
Tamil Nadu,Salem,Thathakapatti(Uzhavar Sandhai ),Elephant Yam(Suran)/Amorphophallus,Elephant Yam (Suran),Local,2026-07-28,4000.0,5000.0,4500.0,1000.0,22.22222222222222,2026,7,28
Tamil Nadu,Salem,Thathakapatti(Uzhavar Sandhai ),Lemon,Lemon,Local,2026-07-28,7000.0,8000.0,7500.0,1000.0,13.333333333333334,2026,7,28
Tamil Nadu,Salem,Thathakapatti(Uzhavar Sandhai ),Colacasia,Colacasia,Local,2026-07-28,5000.0,6000.0,5500.0,1000.0,18.181818181818183,2026,7,28
Tamil Nadu,Salem,Thathakapatti(Uzhavar Sandhai ),Custard Apple(Sharifa),Custard Apple(Sharifa),Local,2026-07-28,4000.0,5000.0,4500.0,1000.0,22.22222222222222,2026,7,28
Tamil Nadu,Salem,Thathakapatti(Uzhavar Sandhai ),Amla(Nelli Kai),Amla,Local,2026-07-28,6500.0,7000.0,6750.0,500.0,7.4074074074074066,2026,7,28
Tamil Nadu,Salem,Thathakapatti(Uzhavar Sandhai ),Onion Green,Onion Green,Local,2026-07-28,5000.0,5400.0,5200.0,400.0,7.6923076923076925,2026,7,28
Tamil Nadu,Salem,Thathakapatti(Uzhavar Sandhai ),Sweet Corn,Sweet Corn,Local,2026-07-28,3000.0,4500.0,3750.0,1500.0,40.0,2026,7,28
Andhra Pradesh,Annamayya,Guramkonda Sub-yard of AMC Valmikipuram,Tomato,Hybrid,FAQ,2026-07-28,960.0,1200.0,1080.0,240.0,22.22222222222222,2026,7,28
Tamil Nadu,Pudukkottai,Pudukottai(Uzhavar Sandhai ),Water Melon,Water Melon,Local,2026-07-28,1000.0,1500.0,1250.0,500.0,40.0,2026,7,28
Tamil Nadu,Pudukkottai,Pudukottai(Uzhavar Sandhai ),Onion,Bellary,Local,2026-07-28,4000.0,5000.0,4500.0,1000.0,22.22222222222222,2026,7,28
Tamil Nadu,Pudukkottai,Pudukottai(Uzhavar Sandhai ),Brinjal,Other,Local,2026-07-28,5500.0,7000.0,6250.0,1500.0,24.0,2026,7,28
Tamil Nadu,Pudukkottai,Pudukottai(Uzhavar Sandhai ),Cluster beans,Cluster Beans,Local,2026-07-28,5000.0,5500.0,5250.0,500.0,9.523809523809524,2026,7,28
Tamil Nadu,Pudukkottai,Pudukottai(Uzhavar Sandhai ),Bitter gourd,Other,Local,2026-07-28,9000.0,10000.0,9500.0,1000.0,10.526315789473683,2026,7,28
Tamil Nadu,Pudukkottai,Pudukottai(Uzhavar Sandhai ),Bottle gourd,Bottle Gourd,Local,2026-07-28,3000.0,3500.0,3250.0,500.0,15.384615384615385,2026,7,28
Tamil Nadu,Pudukkottai,Pudukottai(Uzhavar Sandhai ),Ashgourd,Gouard,Local,2026-07-28,1200.0,1500.0,1350.0,300.0,22.22222222222222,2026,7,28
Tamil Nadu,Pudukkottai,Pudukottai(Uzhavar Sandhai ),Bhindi(Ladies Finger),Bhindi,Local,2026-07-28,4000.0,4500.0,4250.0,500.0,11.76470588235294,2026,7,28
Tamil Nadu,Pudukkottai,Pudukottai(Uzhavar Sandhai ),Beans,Beans (Whole),Local,2026-07-28,9000.0,10000.0,9500.0,1000.0,10.526315789473683,2026,7,28
Tamil Nadu,Pudukkottai,Pudukottai(Uzhavar Sandhai ),Thondekai,Thondekai,Local,2026-07-28,5500.0,6000.0,5750.0,500.0,8.695652173913043,2026,7,28
Tamil Nadu,Pudukkottai,Pudukottai(Uzhavar Sandhai ),Lemon,Lemon,Local,2026-07-28,4000.0,5000.0,4500.0,1000.0,22.22222222222222,2026,7,28
Tamil Nadu,Pudukkottai,Pudukottai(Uzhavar Sandhai ),Mint(Pudina),Mint(Pudina),Local,2026-07-28,3500.0,4000.0,3750.0,500.0,13.333333333333334,2026,7,28
Tamil Nadu,Thanjavur,Kumbakonam (Uzhavar Sandhai ),Onion,Bellary,Local,2026-07-28,3600.0,4800.0,4200.0,1200.0,28.57142857142857,2026,7,28
Tamil Nadu,Thanjavur,Kumbakonam (Uzhavar Sandhai ),Brinjal,Round,Local,2026-07-28,4800.0,7200.0,6000.0,2400.0,40.0,2026,7,28
Tamil Nadu,Thanjavur,Kumbakonam (Uzhavar Sandhai ),Bottle gourd,Bottle Gourd,Local,2026-07-28,3600.0,3600.0,3600.0,0.0,0.0,2026,7,28
Tamil Nadu,Thanjavur,Kumbakonam (Uzhavar Sandhai ),Banana - Green,Banana - Green,Local,2026-07-28,4800.0,4800.0,4800.0,0.0,0.0,2026,7,28
Tamil Nadu,Thanjavur,Kumbakonam (Uzhavar Sandhai ),Coconut,Coconut,Local,2026-07-28,6000.0,6000.0,6000.0,0.0,0.0,2026,7,28
Tamil Nadu,Thanjavur,Kumbakonam (Uzhavar Sandhai ),Snakeguard,Snakeguard,Local,2026-07-28,4800.0,4800.0,4800.0,0.0,0.0,2026,7,28
Tamil Nadu,Thanjavur,Kumbakonam (Uzhavar Sandhai ),Cucumbar(Kheera),Cucumbar,Local,2026-07-28,6000.0,6000.0,6000.0,0.0,0.0,2026,7,28
Tamil Nadu,Thanjavur,Kumbakonam (Uzhavar Sandhai ),Ridgeguard(Tori),Ridgeguard(Tori),Local,2026-07-28,7200.0,7200.0,7200.0,0.0,0.0,2026,7,28
Tamil Nadu,Thanjavur,Kumbakonam (Uzhavar Sandhai ),Onion Green,Onion Green,Local,2026-07-28,6000.0,7200.0,6600.0,1200.0,18.181818181818183,2026,7,28
Tamil Nadu,The Nilgiris,Udhagamandalam(Uzhavar Sandhai ),Apple,American,Local,2026-07-28,20000.0,25000.0,22500.0,5000.0,22.22222222222222,2026,7,28
Tamil Nadu,The Nilgiris,Udhagamandalam(Uzhavar Sandhai ),Grapes,Annabesahai,Local,2026-07-28,8000.0,10000.0,9000.0,2000.0,22.22222222222222,2026,7,28
Tamil Nadu,The Nilgiris,Udhagamandalam(Uzhavar Sandhai ),Onion,Bellary,Local,2026-07-28,3800.0,4200.0,4000.0,400.0,10.0,2026,7,28
Tamil Nadu,The Nilgiris,Udhagamandalam(Uzhavar Sandhai ),Brinjal,Other,Local,2026-07-28,4500.0,5000.0,4750.0,500.0,10.526315789473683,2026,7,28
Tamil Nadu,The Nilgiris,Udhagamandalam(Uzhavar Sandhai ),Coriander(Leaves),I Sort,Local,2026-07-28,6500.0,7000.0,6750.0,500.0,7.4074074074074066,2026,7,28
Tamil Nadu,The Nilgiris,Udhagamandalam(Uzhavar Sandhai ),Banana - Green,Banana - Green,Local,2026-07-28,4000.0,4500.0,4250.0,500.0,11.76470588235294,2026,7,28
Tamil Nadu,The Nilgiris,Udhagamandalam(Uzhavar Sandhai ),Coconut,Coconut,Local,2026-07-28,5000.0,5400.0,5200.0,400.0,7.6923076923076925,2026,7,28
Tamil Nadu,The Nilgiris,Udhagamandalam(Uzhavar Sandhai ),Snakeguard,Snakeguard,Local,2026-07-28,3000.0,3500.0,3250.0,500.0,15.384615384615385,2026,7,28
Tamil Nadu,The Nilgiris,Udhagamandalam(Uzhavar Sandhai ),Drumstick,Drumstick,Local,2026-07-28,5000.0,5500.0,5250.0,500.0,9.523809523809524,2026,7,28
Tamil Nadu,The Nilgiris,Udhagamandalam(Uzhavar Sandhai ),Mango(Raw-Ripe),Mango - Raw-Ripe,Local,2026-07-28,3000.0,3500.0,3250.0,500.0,15.384615384615385,2026,7,28
Tamil Nadu,The Nilgiris,Udhagamandalam(Uzhavar Sandhai ),Guava,Guava Allahabad,Local,2026-07-28,7000.0,8000.0,7500.0,1000.0,13.333333333333334,2026,7,28
Tamil Nadu,The Nilgiris,Udhagamandalam(Uzhavar Sandhai ),Lemon,Lemon,Local,2026-07-28,7000.0,8000.0,7500.0,1000.0,13.333333333333334,2026,7,28
Tamil Nadu,The Nilgiris,Udhagamandalam(Uzhavar Sandhai ),Onion Green,Onion Green,Local,2026-07-28,5800.0,6200.0,6000.0,400.0,6.666666666666667,2026,7,28
Tamil Nadu,Theni,Andipatti(Uzhavar Sandhai ),Papaya,Papaya,Local,2026-07-28,2500.0,3000.0,2750.0,500.0,18.181818181818183,2026,7,28
Tamil Nadu,Theni,Andipatti(Uzhavar Sandhai ),Potato,Red Nanital,Local,2026-07-28,2400.0,2600.0,2500.0,200.0,8.0,2026,7,28
Tamil Nadu,Theni,Andipatti(Uzhavar Sandhai ),Cauliflower,Ranchi,Local,2026-07-28,2000.0,2500.0,2250.0,500.0,22.22222222222222,2026,7,28
Tamil Nadu,Theni,Andipatti(Uzhavar Sandhai ),Amaranthus,Amaranthus,Local,2026-07-28,2200.0,2500.0,2350.0,300.0,12.76595744680851,2026,7,28
Tamil Nadu,Theni,Andipatti(Uzhavar Sandhai ),Ginger(Green),Green Ginger,Local,2026-07-28,18000.0,19000.0,18500.0,1000.0,5.405405405405405,2026,7,28
Tamil Nadu,Theni,Andipatti(Uzhavar Sandhai ),Coconut,Coconut,Local,2026-07-28,5000.0,5400.0,5200.0,400.0,7.6923076923076925,2026,7,28
Tamil Nadu,Theni,Andipatti(Uzhavar Sandhai ),Drumstick,Drumstick,Local,2026-07-28,3400.0,3800.0,3600.0,400.0,11.11111111111111,2026,7,28
Tamil Nadu,Theni,Bodinayakanur(Uzhavar Sandhai ),Papaya,Papaya,Local,2026-07-28,3000.0,3000.0,3000.0,0.0,0.0,2026,7,28
Tamil Nadu,Theni,Bodinayakanur(Uzhavar Sandhai ),Tomato,Other,Local,2026-07-28,2000.0,2000.0,2000.0,0.0,0.0,2026,7,28
Tamil Nadu,Theni,Bodinayakanur(Uzhavar Sandhai ),Bottle gourd,Bottle Gourd,Local,2026-07-28,1800.0,1800.0,1800.0,0.0,0.0,2026,7,28
Tamil Nadu,Theni,Bodinayakanur(Uzhavar Sandhai ),Bhindi(Ladies Finger),Bhindi,Local,2026-07-28,3800.0,3800.0,3800.0,0.0,0.0,2026,7,28
Tamil Nadu,Theni,Bodinayakanur(Uzhavar Sandhai ),Amaranthus,Amaranthus,Local,2026-07-28,2500.0,2500.0,2500.0,0.0,0.0,2026,7,28
Tamil Nadu,Theni,Bodinayakanur(Uzhavar Sandhai ),Banana - Green,Banana - Green,Local,2026-07-28,3000.0,3000.0,3000.0,0.0,0.0,2026,7,28
Tamil Nadu,Theni,Bodinayakanur(Uzhavar Sandhai ),Raddish,Raddish,Local,2026-07-28,3000.0,3000.0,3000.0,0.0,0.0,2026,7,28
Tamil Nadu,Theni,Bodinayakanur(Uzhavar Sandhai ),Elephant Yam(Suran)/Amorphophallus,Elephant Yam (Suran),Local,2026-07-28,4000.0,4000.0,4000.0,0.0,0.0,2026,7,28
Tamil Nadu,Theni,Chinnamanur(Uzhavar Sandhai ),Coriander(Leaves),I Sort,Local,2026-07-28,4800.0,4800.0,4800.0,0.0,0.0,2026,7,28
Tamil Nadu,Theni,Chinnamanur(Uzhavar Sandhai ),Beans,Beans (Whole),Local,2026-07-28,9000.0,9000.0,9000.0,0.0,0.0,2026,7,28
Tamil Nadu,Theni,Chinnamanur(Uzhavar Sandhai ),Ginger(Green),Green Ginger,Local,2026-07-28,19000.0,19000.0,19000.0,0.0,0.0,2026,7,28
Tamil Nadu,Theni,Chinnamanur(Uzhavar Sandhai ),Sweet Potato,Hosur Red,Local,2026-07-28,4500.0,4500.0,4500.0,0.0,0.0,2026,7,28
Tamil Nadu,Theni,Chinnamanur(Uzhavar Sandhai ),Carrot,Pusakesar,Local,2026-07-28,8400.0,9000.0,8700.0,600.0,6.896551724137931,2026,7,28
Tamil Nadu,Theni,Chinnamanur(Uzhavar Sandhai ),Mango(Raw-Ripe),Mango - Raw-Ripe,Local,2026-07-28,4200.0,4200.0,4200.0,0.0,0.0,2026,7,28
Tamil Nadu,Theni,Chinnamanur(Uzhavar Sandhai ),Lemon,Lemon,Local,2026-07-28,6000.0,6000.0,6000.0,0.0,0.0,2026,7,28
Tamil Nadu,Theni,Chinnamanur(Uzhavar Sandhai ),Colacasia,Colacasia,Local,2026-07-28,4000.0,4000.0,4000.0,0.0,0.0,2026,7,28
Tamil Nadu,Theni,Kambam(Uzhavar Sandhai ),Potato,Other,Local,2026-07-28,2500.0,2500.0,2500.0,0.0,0.0,2026,7,28
Tamil Nadu,Theni,Kambam(Uzhavar Sandhai ),Coriander(Leaves),I Sort,Local,2026-07-28,4500.0,4500.0,4500.0,0.0,0.0,2026,7,28
Tamil Nadu,Theni,Kambam(Uzhavar Sandhai ),Bottle gourd,Bottle Gourd,Local,2026-07-28,1600.0,1800.0,1700.0,200.0,11.76470588235294,2026,7,28
Tamil Nadu,Theni,Kambam(Uzhavar Sandhai ),Pumpkin,Pumpkin,Local,2026-07-28,1600.0,1800.0,1700.0,200.0,11.76470588235294,2026,7,28
Tamil Nadu,Theni,Kambam(Uzhavar Sandhai ),Bhindi(Ladies Finger),Bhindi,Local,2026-07-28,3800.0,4000.0,3900.0,200.0,5.128205128205128,2026,7,28
Tamil Nadu,Theni,Kambam(Uzhavar Sandhai ),Cowpea(Veg),Cowpea (Veg),Local,2026-07-28,4000.0,5000.0,4500.0,1000.0,22.22222222222222,2026,7,28
Tamil Nadu,Theni,Kambam(Uzhavar Sandhai ),Ginger(Green),Green Ginger,Local,2026-07-28,18000.0,18000.0,18000.0,0.0,0.0,2026,7,28
Tamil Nadu,Theni,Kambam(Uzhavar Sandhai ),Onion Green,Onion Green,Local,2026-07-28,4500.0,5000.0,4750.0,500.0,10.526315789473683,2026,7,28
Tamil Nadu,Theni,Kambam(Uzhavar Sandhai ),Mint(Pudina),Mint(Pudina),Local,2026-07-28,5500.0,5500.0,5500.0,0.0,0.0,2026,7,28
Tamil Nadu,Theni,Theni(Uzhavar Sandhai ),Mousambi(Sweet Lime),Mousambi,Local,2026-07-28,12000.0,12000.0,12000.0,0.0,0.0,2026,7,28
Tamil Nadu,Theni,Theni(Uzhavar Sandhai ),Chili Red,Bold,Local,2026-07-28,10000.0,10000.0,10000.0,0.0,0.0,2026,7,28
Tamil Nadu,Theni,Theni(Uzhavar Sandhai ),Brinjal,Other,Local,2026-07-28,4000.0,4600.0,4300.0,600.0,13.953488372093023,2026,7,28
Tamil Nadu,Theni,Theni(Uzhavar Sandhai ),Coriander(Leaves),I Sort,Local,2026-07-28,4600.0,5000.0,4800.0,400.0,8.333333333333332,2026,7,28
Tamil Nadu,Theni,Theni(Uzhavar Sandhai ),Bitter gourd,Other,Local,2026-07-28,5400.0,5400.0,5400.0,0.0,0.0,2026,7,28
Tamil Nadu,Theni,Theni(Uzhavar Sandhai ),Ginger(Green),Green Ginger,Local,2026-07-28,10000.0,19000.0,14500.0,9000.0,62.06896551724138,2026,7,28
Tamil Nadu,Theni,Theni(Uzhavar Sandhai ),Betal Leaves,Mysore,Local,2026-07-28,22000.0,22000.0,22000.0,0.0,0.0,2026,7,28
Tamil Nadu,Theni,Theni(Uzhavar Sandhai ),Carrot,Pusakesar,Local,2026-07-28,8400.0,8400.0,8400.0,0.0,0.0,2026,7,28
Tamil Nadu,Theni,Theni(Uzhavar Sandhai ),Drumstick,Drumstick,Local,2026-07-28,2000.0,4000.0,3000.0,2000.0,66.66666666666666,2026,7,28
Tamil Nadu,Theni,Theni(Uzhavar Sandhai ),Knool Khol,Knool Khol,Local,2026-07-28,4400.0,4400.0,4400.0,0.0,0.0,2026,7,28
Tamil Nadu,Theni,Theni(Uzhavar Sandhai ),Elephant Yam(Suran)/Amorphophallus,Elephant Yam (Suran),Local,2026-07-28,4000.0,4000.0,4000.0,0.0,0.0,2026,7,28
Tamil Nadu,Theni,Theni(Uzhavar Sandhai ),Indian Beans(Seam),Indian Beans (Seam),Local,2026-07-28,5000.0,5500.0,5250.0,500.0,9.523809523809524,2026,7,28
Tamil Nadu,Theni,Theni(Uzhavar Sandhai ),Mashrooms,Mashrooms,Local,2026-07-28,23000.0,23000.0,23000.0,0.0,0.0,2026,7,28
Tamil Nadu,Thirunelveli,Kandiyaperi(Uzhavar Sandhai ),Coriander(Leaves),I Sort,Local,2026-07-28,5000.0,5500.0,5250.0,500.0,9.523809523809524,2026,7,28
Tamil Nadu,Thirunelveli,Kandiyaperi(Uzhavar Sandhai ),Bhindi(Ladies Finger),Bhindi,Local,2026-07-28,3000.0,3400.0,3200.0,400.0,12.5,2026,7,28
Tamil Nadu,Thirunelveli,Melapalayam(Uzhavar Sandhai ),Bhindi(Ladies Finger),Bhindi,Local,2026-07-28,3000.0,3400.0,3200.0,400.0,12.5,2026,7,28
Tamil Nadu,Thirunelveli,Melapalayam(Uzhavar Sandhai ),Beans,Beans (Whole),Local,2026-07-28,12000.0,12500.0,12250.0,500.0,4.081632653061225,2026,7,28
Tamil Nadu,Thirunelveli,Melapalayam(Uzhavar Sandhai ),Amla(Nelli Kai),Amla,Local,2026-07-28,5000.0,5500.0,5250.0,500.0,9.523809523809524,2026,7,28
Tamil Nadu,Thirunelveli,Palayamkottai(Uzhavar Sandhai ),Apple,American,Local,2026-07-28,20000.0,24000.0,22000.0,4000.0,18.181818181818183,2026,7,28
Tamil Nadu,Thirunelveli,Palayamkottai(Uzhavar Sandhai ),Banana,Red Banana,Local,2026-07-28,9000.0,10000.0,9500.0,1000.0,10.526315789473683,2026,7,28
Tamil Nadu,Thirunelveli,Palayamkottai(Uzhavar Sandhai ),Mousambi(Sweet Lime),Mousambi,Local,2026-07-28,10000.0,12000.0,11000.0,2000.0,18.181818181818183,2026,7,28
Tamil Nadu,Thirunelveli,Palayamkottai(Uzhavar Sandhai ),Mango,Safeda,Local,2026-07-28,6000.0,8000.0,7000.0,2000.0,28.57142857142857,2026,7,28
Tamil Nadu,Thirunelveli,Palayamkottai(Uzhavar Sandhai ),Brinjal,Other,Local,2026-07-28,3000.0,3500.0,3250.0,500.0,15.384615384615385,2026,7,28
Tamil Nadu,Thirunelveli,Palayamkottai(Uzhavar Sandhai ),Tomato,Deshi,Local,2026-07-28,2500.0,2800.0,2650.0,300.0,11.320754716981133,2026,7,28
Tamil Nadu,Thirunelveli,Palayamkottai(Uzhavar Sandhai ),Cluster beans,Cluster Beans,Local,2026-07-28,2600.0,2800.0,2700.0,200.0,7.4074074074074066,2026,7,28
Tamil Nadu,Thirunelveli,Palayamkottai(Uzhavar Sandhai ),Bitter gourd,Bitter Gourd,Local,2026-07-28,5500.0,6500.0,6000.0,1000.0,16.666666666666664,2026,7,28
Tamil Nadu,Thirunelveli,Palayamkottai(Uzhavar Sandhai ),Cowpea(Veg),Cowpea (Veg),Local,2026-07-28,2600.0,2800.0,2700.0,200.0,7.4074074074074066,2026,7,28
Tamil Nadu,Thirunelveli,Palayamkottai(Uzhavar Sandhai ),Beans,Beans (Whole),Local,2026-07-28,12000.0,12500.0,12250.0,500.0,4.081632653061225,2026,7,28
Tamil Nadu,Thirunelveli,Palayamkottai(Uzhavar Sandhai ),Sweet Potato,Hosur Red,Local,2026-07-28,4000.0,4500.0,4250.0,500.0,11.76470588235294,2026,7,28
Tamil Nadu,Thirunelveli,Palayamkottai(Uzhavar Sandhai ),Snakeguard,Snakeguard,Local,2026-07-28,1600.0,1800.0,1700.0,200.0,11.76470588235294,2026,7,28
Tamil Nadu,Thirunelveli,Palayamkottai(Uzhavar Sandhai ),Chow Chow,Chow Chow,Local,2026-07-28,3500.0,3800.0,3650.0,300.0,8.21917808219178,2026,7,28
Tamil Nadu,Thirunelveli,Palayamkottai(Uzhavar Sandhai ),Lemon,Lemon,Local,2026-07-28,6500.0,7000.0,6750.0,500.0,7.4074074074074066,2026,7,28
Tamil Nadu,Thirunelveli,Palayamkottai(Uzhavar Sandhai ),Amla(Nelli Kai),Amla,Local,2026-07-28,5000.0,5500.0,5250.0,500.0,9.523809523809524,2026,7,28
Tamil Nadu,Thirupur,Kangayam(Uzhavar Sandhai ),Ashgourd,Gouard,Local,2026-07-28,3000.0,3000.0,3000.0,0.0,0.0,2026,7,28
Tamil Nadu,Thirupur,Kangayam(Uzhavar Sandhai ),Coconut,Coconut,Local,2026-07-28,5000.0,5000.0,5000.0,0.0,0.0,2026,7,28
Tamil Nadu,Thirupur,Kangayam(Uzhavar Sandhai ),Green Avare(W),Green Avare (W),Local,2026-07-28,7000.0,7000.0,7000.0,0.0,0.0,2026,7,28
Tamil Nadu,Thirupur,Tiruppur (North) (Uzhavar Sandhai ),Papaya,Papaya,Local,2026-07-28,2500.0,3000.0,2750.0,500.0,18.181818181818183,2026,7,28
Tamil Nadu,Thirupur,Tiruppur (North) (Uzhavar Sandhai ),Brinjal,Other,Local,2026-07-28,3000.0,4000.0,3500.0,1000.0,28.57142857142857,2026,7,28
Tamil Nadu,Thirupur,Tiruppur (North) (Uzhavar Sandhai ),Tomato,Local,Local,2026-07-28,1800.0,2200.0,2000.0,400.0,20.0,2026,7,28
Tamil Nadu,Thirupur,Tiruppur (North) (Uzhavar Sandhai ),Cluster beans,Cluster Beans,Local,2026-07-28,3500.0,4000.0,3750.0,500.0,13.333333333333334,2026,7,28
Tamil Nadu,Thirupur,Tiruppur (North) (Uzhavar Sandhai ),Green Chilli,Green Chilly,Local,2026-07-28,4000.0,4500.0,4250.0,500.0,11.76470588235294,2026,7,28
Tamil Nadu,Thirupur,Tiruppur (North) (Uzhavar Sandhai ),Cowpea(Veg),Cowpea (Veg),Local,2026-07-28,3500.0,4000.0,3750.0,500.0,13.333333333333334,2026,7,28
Tamil Nadu,Thirupur,Tiruppur (North) (Uzhavar Sandhai ),Ginger(Green),Green Ginger,Local,2026-07-28,15000.0,18000.0,16500.0,3000.0,18.181818181818183,2026,7,28
Tamil Nadu,Thirupur,Tiruppur (North) (Uzhavar Sandhai ),Raddish,Raddish,Local,2026-07-28,3000.0,3600.0,3300.0,600.0,18.181818181818183,2026,7,28
Tamil Nadu,Thirupur,Tiruppur (North) (Uzhavar Sandhai ),Chow Chow,Chow Chow,Local,2026-07-28,2500.0,3000.0,2750.0,500.0,18.181818181818183,2026,7,28
Tamil Nadu,Thirupur,Tiruppur (South) (Uzhavar Sandhai ),Papaya,Papaya,Local,2026-07-28,2000.0,2500.0,2250.0,500.0,22.22222222222222,2026,7,28
Tamil Nadu,Thirupur,Tiruppur (South) (Uzhavar Sandhai ),Amaranthus,Amaranthus,Local,2026-07-28,2000.0,3000.0,2500.0,1000.0,40.0,2026,7,28
Tamil Nadu,Thirupur,Tiruppur (South) (Uzhavar Sandhai ),Beans,Beans (Whole),Local,2026-07-28,8000.0,10000.0,9000.0,2000.0,22.22222222222222,2026,7,28
Tamil Nadu,Thirupur,Tiruppur (South) (Uzhavar Sandhai ),Snakeguard,Snakeguard,Local,2026-07-28,3000.0,4000.0,3500.0,1000.0,28.57142857142857,2026,7,28
Tamil Nadu,Thirupur,Tiruppur (South) (Uzhavar Sandhai ),Drumstick,Drumstick,Local,2026-07-28,4000.0,5000.0,4500.0,1000.0,22.22222222222222,2026,7,28
Tamil Nadu,Thiruvannamalai,Chengam(Uzhavar Sandhai ),Onion,Bellary,Local,2026-07-28,3000.0,4000.0,3500.0,1000.0,28.57142857142857,2026,7,28
Tamil Nadu,Thiruvannamalai,Chengam(Uzhavar Sandhai ),Coriander(Leaves),I Sort,Local,2026-07-28,5000.0,6000.0,5500.0,1000.0,18.181818181818183,2026,7,28
Tamil Nadu,Thiruvannamalai,Chengam(Uzhavar Sandhai ),Bitter gourd,Bitter Gourd,Local,2026-07-28,6500.0,7200.0,6850.0,700.0,10.218978102189782,2026,7,28
Tamil Nadu,Thiruvannamalai,Chengam(Uzhavar Sandhai ),Ashgourd,Gouard,Local,2026-07-28,1500.0,2000.0,1750.0,500.0,28.57142857142857,2026,7,28
Tamil Nadu,Thiruvannamalai,Chengam(Uzhavar Sandhai ),Green Chilli,Green Chilly,Local,2026-07-28,5000.0,6000.0,5500.0,1000.0,18.181818181818183,2026,7,28
Tamil Nadu,Thiruvannamalai,Chengam(Uzhavar Sandhai ),Cucumbar(Kheera),Cucumbar,Local,2026-07-28,5000.0,6000.0,5500.0,1000.0,18.181818181818183,2026,7,28
Tamil Nadu,Thiruvannamalai,Chengam(Uzhavar Sandhai ),Ridgeguard(Tori),Ridgeguard(Tori),Local,2026-07-28,3500.0,4000.0,3750.0,500.0,13.333333333333334,2026,7,28
Tamil Nadu,Thiruvannamalai,Chengam(Uzhavar Sandhai ),Custard Apple(Sharifa),Custard Apple(Sharifa),Local,2026-07-28,4500.0,5000.0,4750.0,500.0,10.526315789473683,2026,7,28
Tamil Nadu,Thiruvannamalai,Chengam(Uzhavar Sandhai ),Amla(Nelli Kai),Amla,Local,2026-07-28,8000.0,10000.0,9000.0,2000.0,22.22222222222222,2026,7,28
Tamil Nadu,Thiruvannamalai,Tamarainagar(Uzhavar Sandhai ),Groundnut,Big (With Shell),Local,2026-07-28,6000.0,7000.0,6500.0,1000.0,15.384615384615385,2026,7,28
Tamil Nadu,Thiruvannamalai,Tamarainagar(Uzhavar Sandhai ),Mango,Safeda,Local,2026-07-28,6000.0,7000.0,6500.0,1000.0,15.384615384615385,2026,7,28
Tamil Nadu,Thiruvannamalai,Tamarainagar(Uzhavar Sandhai ),Brinjal,Round,Local,2026-07-28,6000.0,7200.0,6600.0,1200.0,18.181818181818183,2026,7,28
Tamil Nadu,Thiruvannamalai,Tamarainagar(Uzhavar Sandhai ),Coriander(Leaves),I Sort,Local,2026-07-28,5000.0,6000.0,5500.0,1000.0,18.181818181818183,2026,7,28
Tamil Nadu,Thiruvannamalai,Tamarainagar(Uzhavar Sandhai ),Pumpkin,Pumpkin,Local,2026-07-28,2000.0,2500.0,2250.0,500.0,22.22222222222222,2026,7,28
Tamil Nadu,Thiruvannamalai,Tamarainagar(Uzhavar Sandhai ),Green Chilli,Green Chilly,Local,2026-07-28,5000.0,6000.0,5500.0,1000.0,18.181818181818183,2026,7,28
Tamil Nadu,Thiruvannamalai,Tamarainagar(Uzhavar Sandhai ),Beans,Beans (Whole),Local,2026-07-28,9000.0,10000.0,9500.0,1000.0,10.526315789473683,2026,7,28
Tamil Nadu,Thiruvannamalai,Tamarainagar(Uzhavar Sandhai ),Snakeguard,Snakeguard,Local,2026-07-28,3000.0,3500.0,3250.0,500.0,15.384615384615385,2026,7,28
Tamil Nadu,Thiruvannamalai,Tamarainagar(Uzhavar Sandhai ),Thondekai,Thondekai,Local,2026-07-28,3000.0,3500.0,3250.0,500.0,15.384615384615385,2026,7,28
Tamil Nadu,Thiruvannamalai,Tamarainagar(Uzhavar Sandhai ),Tamarind Fruit,Tamarind Fruit,Local,2026-07-28,10000.0,12000.0,11000.0,2000.0,18.181818181818183,2026,7,28
Tamil Nadu,Thiruvannamalai,Tamarainagar(Uzhavar Sandhai ),Sweet Corn,Sweet Corn,Local,2026-07-28,3200.0,3600.0,3400.0,400.0,11.76470588235294,2026,7,28
Tamil Nadu,Thiruvannamalai,Vandavasi(Uzhavar Sandhai ),Ashgourd,Gouard,Local,2026-07-28,2000.0,2500.0,2250.0,500.0,22.22222222222222,2026,7,28
Tamil Nadu,Thiruvannamalai,Vandavasi(Uzhavar Sandhai ),Pumpkin,Pumpkin,Local,2026-07-28,2500.0,3000.0,2750.0,500.0,18.181818181818183,2026,7,28
Tamil Nadu,Thiruvannamalai,Vandavasi(Uzhavar Sandhai ),Bhindi(Ladies Finger),Bhindi,Local,2026-07-28,3500.0,4000.0,3750.0,500.0,13.333333333333334,2026,7,28
Tamil Nadu,Thiruvannamalai,Vandavasi(Uzhavar Sandhai ),Green Chilli,Green Chilly,Local,2026-07-28,5000.0,6000.0,5500.0,1000.0,18.181818181818183,2026,7,28
Tamil Nadu,Thiruvannamalai,Vandavasi(Uzhavar Sandhai ),Snakeguard,Snakeguard,Local,2026-07-28,3000.0,3600.0,3300.0,600.0,18.181818181818183,2026,7,28
Tamil Nadu,Thiruvannamalai,Vandavasi(Uzhavar Sandhai ),Thondekai,Thondekai,Local,2026-07-28,3500.0,4000.0,3750.0,500.0,13.333333333333334,2026,7,28
Tamil Nadu,Thiruvannamalai,Vandavasi(Uzhavar Sandhai ),Green Avare(W),Other,Local,2026-07-28,4000.0,4800.0,4400.0,800.0,18.181818181818183,2026,7,28
Tamil Nadu,Thiruvarur,Muthupettai(Uzhavar Sandhai ),Brinjal,Round,Local,2026-07-28,4000.0,4000.0,4000.0,0.0,0.0,2026,7,28
Punjab,Ropar (Rupnagar),Morinda APMC,Papaya,Papaya,Medium,2026-07-28,3200.0,3200.0,3200.0,0.0,0.0,2026,7,28
Punjab,Ropar (Rupnagar),Morinda APMC,Garlic,Garlic,Local,2026-07-28,8000.0,8000.0,8000.0,0.0,0.0,2026,7,28
Punjab,Ropar (Rupnagar),Morinda APMC,Onion,Onion,Local,2026-07-28,2400.0,2900.0,2650.0,500.0,18.867924528301888,2026,7,28
Punjab,Ropar (Rupnagar),Morinda APMC,Pea Pod/Pea Cod/हरी मटर,Other,Medium,2026-07-28,10000.0,10000.0,10000.0,0.0,0.0,2026,7,28
Punjab,Ropar (Rupnagar),Morinda APMC,Potato,Potato,Local,2026-07-28,500.0,900.0,700.0,400.0,57.14285714285714,2026,7,28
Punjab,Ropar (Rupnagar),Morinda APMC,Ridgeguard(Tori),Ridgeguard(Tori),Medium,2026-07-28,3000.0,3000.0,3000.0,0.0,0.0,2026,7,28
Bihar,East Champaran/ Motihari,Raxaul APMC,Bitter gourd,Bitter Gourd,Grade A,2026-07-28,1300.0,1500.0,1400.0,200.0,14.285714285714285,2026,7,28
Tamil Nadu,Villupuram,Gingee(Uzhavar Sandhai ),Cluster beans,Cluster Beans,Local,2026-07-28,3500.0,3500.0,3500.0,0.0,0.0,2026,7,28
Tamil Nadu,Villupuram,Gingee(Uzhavar Sandhai ),Pumpkin,Pumpkin,Local,2026-07-28,2000.0,2000.0,2000.0,0.0,0.0,2026,7,28
Tamil Nadu,Villupuram,Gingee(Uzhavar Sandhai ),Bhindi(Ladies Finger),Bhindi,Local,2026-07-28,3500.0,3500.0,3500.0,0.0,0.0,2026,7,28
Tamil Nadu,Villupuram,Gingee(Uzhavar Sandhai ),Amaranthus,Amaranthus,Local,2026-07-28,4000.0,5000.0,4500.0,1000.0,22.22222222222222,2026,7,28
Tamil Nadu,Villupuram,Gingee(Uzhavar Sandhai ),Cabbage,Cabbage,Local,2026-07-28,4000.0,4000.0,4000.0,0.0,0.0,2026,7,28
Tamil Nadu,Villupuram,Gingee(Uzhavar Sandhai ),Chow Chow,Chow Chow,Local,2026-07-28,5000.0,5000.0,5000.0,0.0,0.0,2026,7,28
Tamil Nadu,Villupuram,Gingee(Uzhavar Sandhai ),Tender Coconut,Tender Coconut,Local,2026-07-28,3500.0,4000.0,3750.0,500.0,13.333333333333334,2026,7,28
Tamil Nadu,Thiruvarur,Valangaiman APMC,Banana - Green,Banana - Green,Local,2026-07-28,4000.0,4000.0,4000.0,0.0,0.0,2026,7,28
Tamil Nadu,Thiruvarur,Valangaiman APMC,Onion Green,Onion Green,Local,2026-07-28,7000.0,7000.0,7000.0,0.0,0.0,2026,7,28
Tamil Nadu,Thiruvellore,Tiruthani(Uzhavar Sandhai ),Thondekai,Thondekai,Local,2026-07-28,5000.0,5000.0,5000.0,0.0,0.0,2026,7,28
Tamil Nadu,Thiruvellore,Tiruthani(Uzhavar Sandhai ),Mango(Raw-Ripe),Mango - Raw-Ripe,Local,2026-07-28,2000.0,2000.0,2000.0,0.0,0.0,2026,7,28
Tamil Nadu,Thiruvellore,Tiruthani(Uzhavar Sandhai ),Mint(Pudina),Mint(Pudina),Local,2026-07-28,5000.0,5000.0,5000.0,0.0,0.0,2026,7,28
Andhra Pradesh,Srikakulam,Palasa APMC,Paddy(Common),Common,FAQ,2026-07-28,2369.0,2369.0,2369.0,0.0,0.0,2026,7,28
Tamil Nadu,Madurai,Thirumangalam(Uzhavar Sandhai ),Onion,Bellary,Local,2026-07-28,3800.0,4000.0,3900.0,200.0,5.128205128205128,2026,7,28
Tamil Nadu,Madurai,Thirumangalam(Uzhavar Sandhai ),Brinjal,Round,Local,2026-07-28,5000.0,5500.0,5250.0,500.0,9.523809523809524,2026,7,28
Tamil Nadu,Madurai,Thirumangalam(Uzhavar Sandhai ),Bitter gourd,Bitter Gourd,Local,2026-07-28,5500.0,6000.0,5750.0,500.0,8.695652173913043,2026,7,28
Tamil Nadu,Madurai,Thirumangalam(Uzhavar Sandhai ),Bhindi(Ladies Finger),Bhindi,Local,2026-07-28,4200.0,4900.0,4550.0,700.0,15.384615384615385,2026,7,28
Tamil Nadu,Madurai,Thirumangalam(Uzhavar Sandhai ),Snakeguard,Snakeguard,Local,2026-07-28,3500.0,4000.0,3750.0,500.0,13.333333333333334,2026,7,28
Madhya Pradesh,Chhatarpur,Bijawar APMC,Wheat,Mill Quality,Non-FAQ,2026-07-28,2350.0,2375.0,2375.0,25.0,1.0526315789473684,2026,7,28
Tamil Nadu,Madurai,Melur(Uzhavar Sandhai ),Green Chilli,Green Chilly,Local,2026-07-28,4500.0,5500.0,5000.0,1000.0,20.0,2026,7,28
Tamil Nadu,Madurai,Melur(Uzhavar Sandhai ),Banana - Green,Banana - Green,Local,2026-07-28,2000.0,2200.0,2100.0,200.0,9.523809523809524,2026,7,28
Tamil Nadu,Madurai,Melur(Uzhavar Sandhai ),Tapioca,Tapioca,Local,2026-07-28,3000.0,4000.0,3500.0,1000.0,28.57142857142857,2026,7,28
Tamil Nadu,Madurai,Melur(Uzhavar Sandhai ),Raddish,Raddish,Local,2026-07-28,3000.0,3500.0,3250.0,500.0,15.384615384615385,2026,7,28
Tamil Nadu,Madurai,Melur(Uzhavar Sandhai ),Green Avare(W),Green Avare (W),Local,2026-07-28,8500.0,9500.0,9000.0,1000.0,11.11111111111111,2026,7,28
Tamil Nadu,Madurai,Melur(Uzhavar Sandhai ),Colacasia,Colacasia,Local,2026-07-28,4000.0,5000.0,4500.0,1000.0,22.22222222222222,2026,7,28
Tamil Nadu,Salem,Vazhapadi(Uzhavar Sandhai),Coriander(Leaves),I Sort,Local,2026-07-28,5000.0,6000.0,5500.0,1000.0,18.181818181818183,2026,7,28
Tamil Nadu,Salem,Vazhapadi(Uzhavar Sandhai),Tomato,Deshi,Local,2026-07-28,1400.0,1800.0,1600.0,400.0,25.0,2026,7,28
Tamil Nadu,Salem,Vazhapadi(Uzhavar Sandhai),Green Chilli,Green Chilly,Local,2026-07-28,5000.0,5500.0,5250.0,500.0,9.523809523809524,2026,7,28
Tamil Nadu,Salem,Vazhapadi(Uzhavar Sandhai),Carrot,Pusakesar,Local,2026-07-28,7000.0,8000.0,7500.0,1000.0,13.333333333333334,2026,7,28
Tamil Nadu,Salem,Vazhapadi(Uzhavar Sandhai),Green Avare(W),Green Avare (W),Local,2026-07-28,8000.0,8600.0,8300.0,600.0,7.228915662650602,2026,7,28
Tamil Nadu,Karur,Gandhigramam(Uzhavar Sandhai),Papaya,Papaya,Local,2026-07-28,3000.0,3500.0,3250.0,500.0,15.384615384615385,2026,7,28
Tamil Nadu,Karur,Gandhigramam(Uzhavar Sandhai),Potato,Other,Local,2026-07-28,4000.0,6500.0,5250.0,2500.0,47.61904761904761,2026,7,28
Tamil Nadu,Karur,Gandhigramam(Uzhavar Sandhai),Amaranthus,Amaranthus,Local,2026-07-28,2000.0,2500.0,2250.0,500.0,22.22222222222222,2026,7,28
Tamil Nadu,Karur,Gandhigramam(Uzhavar Sandhai),Tapioca,Tapioca,Local,2026-07-28,3000.0,3500.0,3250.0,500.0,15.384615384615385,2026,7,28
Tamil Nadu,Karur,Gandhigramam(Uzhavar Sandhai),Cabbage,Cabbage,Local,2026-07-28,5500.0,6000.0,5750.0,500.0,8.695652173913043,2026,7,28
Tamil Nadu,Karur,Gandhigramam(Uzhavar Sandhai),Amla(Nelli Kai),Amla,Local,2026-07-28,7000.0,8000.0,7500.0,1000.0,13.333333333333334,2026,7,28
Tamil Nadu,Pudukkottai,Aranthangi(Uzhavar Sandhai ),Papaya,Papaya,Local,2026-07-28,2500.0,3000.0,2750.0,500.0,18.181818181818183,2026,7,28
Tamil Nadu,Pudukkottai,Aranthangi(Uzhavar Sandhai ),Bitter gourd,Bitter Gourd,Local,2026-07-28,7500.0,8000.0,7750.0,500.0,6.451612903225806,2026,7,28
Tamil Nadu,Pudukkottai,Aranthangi(Uzhavar Sandhai ),Bottle gourd,Bottle Gourd,Local,2026-07-28,2000.0,2500.0,2250.0,500.0,22.22222222222222,2026,7,28
Tamil Nadu,Pudukkottai,Aranthangi(Uzhavar Sandhai ),Ashgourd,Gouard,Local,2026-07-28,1000.0,1500.0,1250.0,500.0,40.0,2026,7,28
Tamil Nadu,Pudukkottai,Aranthangi(Uzhavar Sandhai ),Amaranthus,Amaranthus,Local,2026-07-28,1500.0,2000.0,1750.0,500.0,28.57142857142857,2026,7,28
Tamil Nadu,Pudukkottai,Aranthangi(Uzhavar Sandhai ),Drumstick,Drumstick,Local,2026-07-28,4500.0,5000.0,4750.0,500.0,10.526315789473683,2026,7,28
Tamil Nadu,Coimbatore,Sulur(Uzhavar Sandhai ),Papaya,Papaya,Local,2026-07-28,3600.0,4200.0,3900.0,600.0,15.384615384615385,2026,7,28
Tamil Nadu,Coimbatore,Sulur(Uzhavar Sandhai ),Banana,Besrai,Local,2026-07-28,4200.0,7800.0,6000.0,3600.0,60.0,2026,7,28
Tamil Nadu,Coimbatore,Sulur(Uzhavar Sandhai ),Potato,Red Nanital,Local,2026-07-28,5400.0,6600.0,6000.0,1200.0,20.0,2026,7,28
Tamil Nadu,Coimbatore,Sulur(Uzhavar Sandhai ),Cauliflower,Ranchi,Local,2026-07-28,4000.0,4500.0,4250.0,500.0,11.76470588235294,2026,7,28
Tamil Nadu,Coimbatore,Sulur(Uzhavar Sandhai ),Beetroot,Beetroot,Local,2026-07-28,5000.0,8300.0,6650.0,3300.0,49.62406015037594,2026,7,28
Tamil Nadu,Coimbatore,Sulur(Uzhavar Sandhai ),Elephant Yam(Suran)/Amorphophallus,Elephant Yam (Suran),Local,2026-07-28,3600.0,4000.0,3800.0,400.0,10.526315789473683,2026,7,28
Tamil Nadu,Coimbatore,Sulur(Uzhavar Sandhai ),Lemon,Lemon,Local,2026-07-28,7000.0,8000.0,7500.0,1000.0,13.333333333333334,2026,7,28
Tamil Nadu,Cuddalore,Panruti(Uzhavar Sandhai ),Banana,Besrai,Local,2026-07-28,4000.0,7000.0,5500.0,3000.0,54.54545454545454,2026,7,28
Tamil Nadu,Cuddalore,Panruti(Uzhavar Sandhai ),Brinjal,Round,Local,2026-07-28,5000.0,6000.0,5500.0,1000.0,18.181818181818183,2026,7,28
Tamil Nadu,Cuddalore,Panruti(Uzhavar Sandhai ),Banana - Green,Banana - Green,Local,2026-07-28,2500.0,2500.0,2500.0,0.0,0.0,2026,7,28
Tamil Nadu,Cuddalore,Panruti(Uzhavar Sandhai ),Snakeguard,Snakeguard,Local,2026-07-28,3000.0,3000.0,3000.0,0.0,0.0,2026,7,28
Tamil Nadu,Cuddalore,Panruti(Uzhavar Sandhai ),Jack Fruit(Ripe),Jack Fruit,Local,2026-07-28,6000.0,7000.0,6500.0,1000.0,15.384615384615385,2026,7,28
Tamil Nadu,Cuddalore,Vadalur(Uzhavar Sandhai ),Garlic,Garlic,Local,2026-07-28,20000.0,24000.0,22000.0,4000.0,18.181818181818183,2026,7,28
Tamil Nadu,Cuddalore,Vadalur(Uzhavar Sandhai ),Bhindi(Ladies Finger),Bhindi,Local,2026-07-28,3000.0,3000.0,3000.0,0.0,0.0,2026,7,28
Tamil Nadu,Cuddalore,Vadalur(Uzhavar Sandhai ),Banana - Green,Banana - Green,Local,2026-07-28,3000.0,3000.0,3000.0,0.0,0.0,2026,7,28
Tamil Nadu,Cuddalore,Vadalur(Uzhavar Sandhai ),Ginger(Green),Green Ginger,Local,2026-07-28,10000.0,12000.0,11000.0,2000.0,18.181818181818183,2026,7,28
Tamil Nadu,Cuddalore,Vadalur(Uzhavar Sandhai ),Coconut,Coconut,Local,2026-07-28,5000.0,5000.0,5000.0,0.0,0.0,2026,7,28
Tamil Nadu,Dharmapuri,AJattihalli(Uzhavar Sandhai ),Papaya,Papaya,Local,2026-07-28,3000.0,3500.0,3250.0,500.0,15.384615384615385,2026,7,28
Tamil Nadu,Dharmapuri,AJattihalli(Uzhavar Sandhai ),Onion,Bellary,Local,2026-07-28,3000.0,3800.0,3400.0,800.0,23.52941176470588,2026,7,28
Tamil Nadu,Dharmapuri,AJattihalli(Uzhavar Sandhai ),Green Avare(W),Other,Local,2026-07-28,5500.0,5500.0,5500.0,0.0,0.0,2026,7,28
Tamil Nadu,Dharmapuri,AJattihalli(Uzhavar Sandhai ),Colacasia,Colacasia,Local,2026-07-28,6600.0,6600.0,6600.0,0.0,0.0,2026,7,28
Tamil Nadu,Dharmapuri,AJattihalli(Uzhavar Sandhai ),Custard Apple(Sharifa),Custard Apple(Sharifa),Local,2026-07-28,5000.0,5000.0,5000.0,0.0,0.0,2026,7,28
Keralam,Thiruvananthapuram,Vengannore  VFPCK Market,Banana,Nendra Bale,Grade A,2026-07-28,6200.0,6700.0,6500.0,500.0,7.6923076923076925,2026,7,28
Tamil Nadu,Nagapattinam,Vedaranyam(Uzhavar Sandhai),Bottle gourd,Bottle Gourd,Local,2026-07-28,2800.0,3000.0,2900.0,200.0,6.896551724137931,2026,7,28
Tamil Nadu,Nagapattinam,Vedaranyam(Uzhavar Sandhai),Coconut,Coconut,Local,2026-07-28,4500.0,4800.0,4650.0,300.0,6.451612903225806,2026,7,28
Tamil Nadu,Nagapattinam,Vedaranyam(Uzhavar Sandhai),Snakeguard,Snakeguard,Local,2026-07-28,3800.0,4000.0,3900.0,200.0,5.128205128205128,2026,7,28
Tamil Nadu,Nagapattinam,Vedaranyam(Uzhavar Sandhai),Green Avare(W),Green Avare (W),Local,2026-07-28,6600.0,6800.0,6700.0,200.0,2.9850746268656714,2026,7,28
Tamil Nadu,Nagapattinam,Vedaranyam(Uzhavar Sandhai),Onion Green,Onion Green,Local,2026-07-28,3800.0,4000.0,3900.0,200.0,5.128205128205128,2026,7,28
Tamil Nadu,Vellore,Perampet(Uzhavar Sandhai),Groundnut,Big (With Shell),Local,2026-07-28,7000.0,7600.0,7300.0,600.0,8.21917808219178,2026,7,28
Tamil Nadu,Vellore,Perampet(Uzhavar Sandhai),Onion,Bellary,Local,2026-07-28,3000.0,3500.0,3250.0,500.0,15.384615384615385,2026,7,28
Tamil Nadu,Vellore,Perampet(Uzhavar Sandhai),Brinjal,Other,Local,2026-07-28,5000.0,6000.0,5500.0,1000.0,18.181818181818183,2026,7,28
Tamil Nadu,Vellore,Perampet(Uzhavar Sandhai),Bhindi(Ladies Finger),Bhindi,Local,2026-07-28,3000.0,3000.0,3000.0,0.0,0.0,2026,7,28
Tamil Nadu,Vellore,Perampet(Uzhavar Sandhai),Carrot,Pusakesar,Local,2026-07-28,7000.0,7600.0,7300.0,600.0,8.21917808219178,2026,7,28
Tamil Nadu,Vellore,Perampet(Uzhavar Sandhai),Cucumbar(Kheera),Cucumbar,Local,2026-07-28,3000.0,3000.0,3000.0,0.0,0.0,2026,7,28
Tamil Nadu,Vellore,Perampet(Uzhavar Sandhai),Ridgeguard(Tori),Ridgeguard(Tori),Local,2026-07-28,3500.0,4000.0,3750.0,500.0,13.333333333333334,2026,7,28
Tamil Nadu,Vellore,Perampet(Uzhavar Sandhai),Raddish,Raddish,Local,2026-07-28,3000.0,3000.0,3000.0,0.0,0.0,2026,7,28
Tamil Nadu,Vellore,Perampet(Uzhavar Sandhai),Drumstick,Drumstick,Local,2026-07-28,5600.0,5600.0,5600.0,0.0,0.0,2026,7,28
Andhra Pradesh,Alluri Sitharama Raju,Araku Valley APMC,Millets,Millets,FAQ,2026-07-28,2950.0,2950.0,2950.0,0.0,0.0,2026,7,28
Telangana,Siddipet,Bejjenki APMC,Maize,Local,FAQ,2026-07-28,2250.0,2250.0,2250.0,0.0,0.0,2026,7,28
Maharashtra,Pune,Pune(Pimpri) APMC,Tomato,Local,Local,2026-07-28,2000.0,2000.0,2000.0,0.0,0.0,2026,7,28
Madhya Pradesh,Badwani,Sendhwa(F&V) APMC,Bhindi(Ladies Finger),Bhindi,Local,2026-07-28,1000.0,1400.0,1100.0,400.0,36.36363636363637,2026,7,28
Madhya Pradesh,Badwani,Sendhwa(F&V) APMC,Green Chilli,Green Chilly,Medium,2026-07-28,1000.0,1400.0,1200.0,400.0,33.33333333333333,2026,7,28
Tamil Nadu,Karur,Kulithalai(Uzhavar Sandhai ),Papaya,Papaya,Local,2026-07-28,2500.0,3000.0,2750.0,500.0,18.181818181818183,2026,7,28
Tamil Nadu,Karur,Kulithalai(Uzhavar Sandhai ),Banana,Other,Local,2026-07-28,5500.0,6000.0,5750.0,500.0,8.695652173913043,2026,7,28
Tamil Nadu,Karur,Kulithalai(Uzhavar Sandhai ),Cauliflower,Ranchi,Local,2026-07-28,4000.0,4500.0,4250.0,500.0,11.76470588235294,2026,7,28
Tamil Nadu,Karur,Kulithalai(Uzhavar Sandhai ),Coriander(Leaves),I Sort,Local,2026-07-28,6300.0,6800.0,6550.0,500.0,7.633587786259542,2026,7,28
Tamil Nadu,Karur,Kulithalai(Uzhavar Sandhai ),Bottle gourd,Bottle Gourd,Local,2026-07-28,1500.0,2000.0,1750.0,500.0,28.57142857142857,2026,7,28
Tamil Nadu,Karur,Kulithalai(Uzhavar Sandhai ),Ashgourd,Gouard,Local,2026-07-28,2500.0,3000.0,2750.0,500.0,18.181818181818183,2026,7,28
Tamil Nadu,Karur,Kulithalai(Uzhavar Sandhai ),Bhindi(Ladies Finger),Bhindi,Local,2026-07-28,3600.0,4000.0,3800.0,400.0,10.526315789473683,2026,7,28
Tamil Nadu,Karur,Kulithalai(Uzhavar Sandhai ),Cabbage,Cabbage,Local,2026-07-28,4400.0,5000.0,4700.0,600.0,12.76595744680851,2026,7,28
Tamil Nadu,Karur,Kulithalai(Uzhavar Sandhai ),Ridgeguard(Tori),Ridgeguard(Tori),Local,2026-07-28,5000.0,5600.0,5300.0,600.0,11.320754716981133,2026,7,28
Tamil Nadu,Karur,Pallapatti (Uzhavar Sandhai ),Banana,Other,Local,2026-07-28,5500.0,6000.0,5750.0,500.0,8.695652173913043,2026,7,28
Tamil Nadu,Karur,Pallapatti (Uzhavar Sandhai ),Coriander(Leaves),I Sort,Local,2026-07-28,6500.0,7000.0,6750.0,500.0,7.4074074074074066,2026,7,28
Tamil Nadu,Karur,Pallapatti (Uzhavar Sandhai ),Sweet Potato,Hosur Red,Local,2026-07-28,3800.0,4000.0,3900.0,200.0,5.128205128205128,2026,7,28
Tamil Nadu,Karur,Pallapatti (Uzhavar Sandhai ),Mango(Raw-Ripe),Mango - Raw-Ripe,Local,2026-07-28,3500.0,4000.0,3750.0,500.0,13.333333333333334,2026,7,28
Tamil Nadu,Karur,Pallapatti (Uzhavar Sandhai ),Mint(Pudina),Mint(Pudina),Local,2026-07-28,4500.0,5000.0,4750.0,500.0,10.526315789473683,2026,7,28
Tamil Nadu,Karur,Pallapatti (Uzhavar Sandhai ),Baby Corn,Baby Corn,Grade A,2026-07-28,3600.0,4000.0,3800.0,400.0,10.526315789473683,2026,7,28
Andhra Pradesh,Krishna,Ghantsala (HQ-Kodali) APMC,Paddy(Common),1001,Local,2026-07-28,2200.0,2400.0,2300.0,200.0,8.695652173913043,2026,7,28
Tamil Nadu,Karur,Velayuthampalayam(Uzhavar Sandhai ),Brinjal,Other,Local,2026-07-28,4400.0,5000.0,4700.0,600.0,12.76595744680851,2026,7,28
Tamil Nadu,Karur,Velayuthampalayam(Uzhavar Sandhai ),Tomato,Other,Local,2026-07-28,1500.0,2000.0,1750.0,500.0,28.57142857142857,2026,7,28
Tamil Nadu,Karur,Velayuthampalayam(Uzhavar Sandhai ),Bottle gourd,Bottle Gourd,Local,2026-07-28,2000.0,2500.0,2250.0,500.0,22.22222222222222,2026,7,28
Tamil Nadu,Karur,Velayuthampalayam(Uzhavar Sandhai ),Coconut,Coconut,Local,2026-07-28,5200.0,6000.0,5600.0,800.0,14.285714285714285,2026,7,28
Tamil Nadu,Karur,Velayuthampalayam(Uzhavar Sandhai ),Onion Green,Onion Green,Local,2026-07-28,5800.0,6500.0,6150.0,700.0,11.38211382113821,2026,7,28
Tamil Nadu,Karur,Velayuthampalayam(Uzhavar Sandhai ),Mint(Pudina),Mint(Pudina),Local,2026-07-28,6000.0,7000.0,6500.0,1000.0,15.384615384615385,2026,7,28
Tamil Nadu,Karur,Vengamedu(Uzhavar Sandhai ),Banana,Red Banana,Local,2026-07-28,5000.0,6000.0,5500.0,1000.0,18.181818181818183,2026,7,28
Tamil Nadu,Karur,Vengamedu(Uzhavar Sandhai ),Snakeguard,Snakeguard,Local,2026-07-28,3500.0,4000.0,3750.0,500.0,13.333333333333334,2026,7,28
Tamil Nadu,Karur,Vengamedu(Uzhavar Sandhai ),Mango(Raw-Ripe),Mango - Raw-Ripe,Local,2026-07-28,3500.0,4000.0,3750.0,500.0,13.333333333333334,2026,7,28
Tamil Nadu,Karur,Vengamedu(Uzhavar Sandhai ),Onion Green,Onion Green,Local,2026-07-28,6000.0,6500.0,6250.0,500.0,8.0,2026,7,28
Tamil Nadu,Karur,Vengamedu(Uzhavar Sandhai ),Mint(Pudina),Mint(Pudina),Local,2026-07-28,6500.0,7000.0,6750.0,500.0,7.4074074074074066,2026,7,28
Tamil Nadu,Theni,Devaram(Uzhavar Sandhai ),Papaya,Papaya,Local,2026-07-28,2500.0,3000.0,2750.0,500.0,18.181818181818183,2026,7,28
Tamil Nadu,Theni,Devaram(Uzhavar Sandhai ),Onion,Bellary,Local,2026-07-28,3600.0,3800.0,3700.0,200.0,5.405405405405405,2026,7,28
Tamil Nadu,Theni,Devaram(Uzhavar Sandhai ),Tomato,Deshi,Local,2026-07-28,2000.0,2000.0,2000.0,0.0,0.0,2026,7,28
Tamil Nadu,Theni,Devaram(Uzhavar Sandhai ),Bottle gourd,Bottle Gourd,Local,2026-07-28,1200.0,1500.0,1350.0,300.0,22.22222222222222,2026,7,28
Tamil Nadu,Theni,Devaram(Uzhavar Sandhai ),Bhindi(Ladies Finger),Bhindi,Local,2026-07-28,4000.0,4000.0,4000.0,0.0,0.0,2026,7,28
Tamil Nadu,Theni,Devaram(Uzhavar Sandhai ),Snakeguard,Snakeguard,Local,2026-07-28,3000.0,3000.0,3000.0,0.0,0.0,2026,7,28
Tamil Nadu,Theni,Devaram(Uzhavar Sandhai ),Beetroot,Beetroot,Local,2026-07-28,4000.0,4500.0,4250.0,500.0,11.76470588235294,2026,7,28
Tamil Nadu,Theni,Devaram(Uzhavar Sandhai ),Ridgeguard(Tori),Ridgeguard(Tori),Local,2026-07-28,4600.0,4600.0,4600.0,0.0,0.0,2026,7,28
Tamil Nadu,Salem,Attayampatti(Uzhavar Sandhai ),Tomato,Deshi,Local,2026-07-28,1500.0,2000.0,1750.0,500.0,28.57142857142857,2026,7,28
Tamil Nadu,Salem,Attayampatti(Uzhavar Sandhai ),Ashgourd,Gouard,Local,2026-07-28,2400.0,2400.0,2400.0,0.0,0.0,2026,7,28
Tamil Nadu,Salem,Attayampatti(Uzhavar Sandhai ),Cucumbar(Kheera),Cucumbar,Local,2026-07-28,5000.0,6000.0,5500.0,1000.0,18.181818181818183,2026,7,28
Tamil Nadu,Salem,Attayampatti(Uzhavar Sandhai ),Ridgeguard(Tori),Ridgeguard(Tori),Local,2026-07-28,4000.0,4500.0,4250.0,500.0,11.76470588235294,2026,7,28
Tamil Nadu,Salem,Attayampatti(Uzhavar Sandhai ),Drumstick,Drumstick,Local,2026-07-28,5000.0,5500.0,5250.0,500.0,9.523809523809524,2026,7,28
Tamil Nadu,Salem,Attayampatti(Uzhavar Sandhai ),Mango(Raw-Ripe),Mango - Raw-Ripe,Local,2026-07-28,2500.0,2500.0,2500.0,0.0,0.0,2026,7,28
Tamil Nadu,Salem,Attayampatti(Uzhavar Sandhai ),Guava,Guava Allahabad,Local,2026-07-28,5000.0,6000.0,5500.0,1000.0,18.181818181818183,2026,7,28
Tamil Nadu,Salem,Attayampatti(Uzhavar Sandhai ),Elephant Yam(Suran)/Amorphophallus,Elephant Yam (Suran),Local,2026-07-28,4000.0,5000.0,4500.0,1000.0,22.22222222222222,2026,7,28
Tamil Nadu,Salem,Attayampatti(Uzhavar Sandhai ),Mint(Pudina),Mint(Pudina),Local,2026-07-28,4000.0,4000.0,4000.0,0.0,0.0,2026,7,28
Tamil Nadu,Sivaganga,Sivagangai (Uzhavar Sandhai ),Papaya,Papaya,Local,2026-07-28,4200.0,4600.0,4400.0,400.0,9.090909090909092,2026,7,28
Tamil Nadu,Sivaganga,Sivagangai (Uzhavar Sandhai ),Banana,Poovan,Local,2026-07-28,4000.0,4000.0,4000.0,0.0,0.0,2026,7,28
Tamil Nadu,Sivaganga,Sivagangai (Uzhavar Sandhai ),Cauliflower,Ranchi,Local,2026-07-28,2600.0,3000.0,2800.0,400.0,14.285714285714285,2026,7,28
Tamil Nadu,Sivaganga,Sivagangai (Uzhavar Sandhai ),Coriander(Leaves),I Sort,Local,2026-07-28,5200.0,5600.0,5400.0,400.0,7.4074074074074066,2026,7,28
Tamil Nadu,Sivaganga,Sivagangai (Uzhavar Sandhai ),Bhindi(Ladies Finger),Bhindi,Local,2026-07-28,4200.0,4800.0,4500.0,600.0,13.333333333333334,2026,7,28
Tamil Nadu,Sivaganga,Sivagangai (Uzhavar Sandhai ),Amaranthus,Amaranthus,Local,2026-07-28,3000.0,4000.0,3500.0,1000.0,28.57142857142857,2026,7,28
Tamil Nadu,Sivaganga,Sivagangai (Uzhavar Sandhai ),Green Chilli,Green Chilly,Local,2026-07-28,4200.0,4600.0,4400.0,400.0,9.090909090909092,2026,7,28
Tamil Nadu,Sivaganga,Sivagangai (Uzhavar Sandhai ),Banana - Green,Banana - Green,Local,2026-07-28,3000.0,3000.0,3000.0,0.0,0.0,2026,7,28
Tamil Nadu,Sivaganga,Sivagangai (Uzhavar Sandhai ),Coconut,Coconut,Local,2026-07-28,6000.0,6200.0,6100.0,200.0,3.278688524590164,2026,7,28
Tamil Nadu,Sivaganga,Sivagangai (Uzhavar Sandhai ),Ridgeguard(Tori),Ridgeguard(Tori),Local,2026-07-28,4200.0,6600.0,5400.0,2400.0,44.44444444444444,2026,7,28
Tamil Nadu,Sivaganga,Sivagangai (Uzhavar Sandhai ),Guava,Guava Allahabad,Local,2026-07-28,7200.0,8200.0,7700.0,1000.0,12.987012987012985,2026,7,28
Tamil Nadu,Sivaganga,Devakottai (Uzhavar Sandhai ),Pumpkin,Pumpkin,Local,2026-07-28,2200.0,2600.0,2400.0,400.0,16.666666666666664,2026,7,28
Tamil Nadu,Sivaganga,Devakottai (Uzhavar Sandhai ),Bhindi(Ladies Finger),Bhindi,Local,2026-07-28,4500.0,5000.0,4750.0,500.0,10.526315789473683,2026,7,28
Tamil Nadu,Sivaganga,Devakottai (Uzhavar Sandhai ),Carrot,Pusakesar,Local,2026-07-28,6500.0,9200.0,7850.0,2700.0,34.394904458598724,2026,7,28
Tamil Nadu,Sivaganga,Devakottai (Uzhavar Sandhai ),Snakeguard,Snakeguard,Local,2026-07-28,3800.0,4200.0,4000.0,400.0,10.0,2026,7,28
Tamil Nadu,Sivaganga,Devakottai (Uzhavar Sandhai ),Drumstick,Drumstick,Local,2026-07-28,6400.0,7200.0,6800.0,800.0,11.76470588235294,2026,7,28
Tamil Nadu,Sivaganga,Devakottai (Uzhavar Sandhai ),Yam(Ratalu),Yam (Ratalu),Local,2026-07-28,7200.0,8400.0,7800.0,1200.0,15.384615384615385,2026,7,28
Tamil Nadu,Sivaganga,Devakottai (Uzhavar Sandhai ),Lemon,Lemon,Local,2026-07-28,6200.0,7400.0,6800.0,1200.0,17.647058823529413,2026,7,28
Tamil Nadu,Salem,Edapadi (Uzhavar Sandhai ),Banana,Red Banana,Local,2026-07-28,6500.0,7000.0,6750.0,500.0,7.4074074074074066,2026,7,28
Tamil Nadu,Salem,Edapadi (Uzhavar Sandhai ),Onion,Bellary,Local,2026-07-28,3500.0,4000.0,3750.0,500.0,13.333333333333334,2026,7,28
Tamil Nadu,Salem,Edapadi (Uzhavar Sandhai ),Tomato,Other,Local,2026-07-28,1500.0,2000.0,1750.0,500.0,28.57142857142857,2026,7,28
Tamil Nadu,Salem,Edapadi (Uzhavar Sandhai ),Amaranthus,Amaranthus,Local,2026-07-28,2200.0,2600.0,2400.0,400.0,16.666666666666664,2026,7,28
Tamil Nadu,Salem,Edapadi (Uzhavar Sandhai ),Green Chilli,Green Chilly,Local,2026-07-28,4200.0,4600.0,4400.0,400.0,9.090909090909092,2026,7,28
Tamil Nadu,Salem,Edapadi (Uzhavar Sandhai ),Cabbage,Cabbage,Local,2026-07-28,3000.0,3500.0,3250.0,500.0,15.384615384615385,2026,7,28
Tamil Nadu,Salem,Edapadi (Uzhavar Sandhai ),Chow Chow,Chow Chow,Local,2026-07-28,3200.0,3600.0,3400.0,400.0,11.76470588235294,2026,7,28
Tamil Nadu,Salem,Elampillai(Uzhavar Sandhai ),Papaya,Papaya,Local,2026-07-28,2500.0,3000.0,2750.0,500.0,18.181818181818183,2026,7,28
Tamil Nadu,Salem,Elampillai(Uzhavar Sandhai ),Groundnut,Big (With Shell),Local,2026-07-28,6000.0,7000.0,6500.0,1000.0,15.384615384615385,2026,7,28
Tamil Nadu,Salem,Elampillai(Uzhavar Sandhai ),Bottle gourd,Bottle Gourd,Local,2026-07-28,2000.0,2400.0,2200.0,400.0,18.181818181818183,2026,7,28
Tamil Nadu,Salem,Elampillai(Uzhavar Sandhai ),Bhindi(Ladies Finger),Bhindi,Local,2026-07-28,3000.0,3500.0,3250.0,500.0,15.384615384615385,2026,7,28
Tamil Nadu,Salem,Elampillai(Uzhavar Sandhai ),Green Chilli,Green Chilly,Local,2026-07-28,4000.0,4500.0,4250.0,500.0,11.76470588235294,2026,7,28
Tamil Nadu,Salem,Elampillai(Uzhavar Sandhai ),Tapioca,Tapioca,Local,2026-07-28,2500.0,3000.0,2750.0,500.0,18.181818181818183,2026,7,28
Tamil Nadu,Salem,Elampillai(Uzhavar Sandhai ),Carrot,Pusakesar,Local,2026-07-28,9000.0,9500.0,9250.0,500.0,5.405405405405405,2026,7,28
Tamil Nadu,Salem,Elampillai(Uzhavar Sandhai ),Onion Green,Onion Green,Local,2026-07-28,4000.0,5000.0,4500.0,1000.0,22.22222222222222,2026,7,28
Tamil Nadu,Salem,Hasthampatti(Uzhavar Sandhai ),Groundnut,Big (With Shell),Local,2026-07-28,7000.0,7500.0,7250.0,500.0,6.896551724137931,2026,7,28
Tamil Nadu,Salem,Hasthampatti(Uzhavar Sandhai ),Apple,American,Local,2026-07-28,22000.0,23000.0,22500.0,1000.0,4.444444444444445,2026,7,28
Tamil Nadu,Salem,Hasthampatti(Uzhavar Sandhai ),Coriander(Leaves),I Sort,Local,2026-07-28,2000.0,2400.0,2200.0,400.0,18.181818181818183,2026,7,28
Tamil Nadu,Salem,Hasthampatti(Uzhavar Sandhai ),Bitter gourd,Other,Local,2026-07-28,5000.0,5500.0,5250.0,500.0,9.523809523809524,2026,7,28
Tamil Nadu,Salem,Hasthampatti(Uzhavar Sandhai ),Green Chilli,Green Chilly,Local,2026-07-28,4200.0,4400.0,4300.0,200.0,4.651162790697675,2026,7,28
Tamil Nadu,Salem,Hasthampatti(Uzhavar Sandhai ),Coconut,Coconut,Local,2026-07-28,5000.0,5500.0,5250.0,500.0,9.523809523809524,2026,7,28
Tamil Nadu,Salem,Hasthampatti(Uzhavar Sandhai ),Cabbage,Cabbage,Local,2026-07-28,3500.0,4000.0,3750.0,500.0,13.333333333333334,2026,7,28
Tamil Nadu,Salem,Hasthampatti(Uzhavar Sandhai ),Snakeguard,Snakeguard,Local,2026-07-28,4000.0,4200.0,4100.0,200.0,4.878048780487805,2026,7,28
Tamil Nadu,Salem,Hasthampatti(Uzhavar Sandhai ),Capsicum,Capsicum,Local,2026-07-28,7000.0,7500.0,7250.0,500.0,6.896551724137931,2026,7,28
Tamil Nadu,Salem,Hasthampatti(Uzhavar Sandhai ),Custard Apple(Sharifa),Custard Apple(Sharifa),Local,2026-07-28,3500.0,4000.0,3750.0,500.0,13.333333333333334,2026,7,28
Tamil Nadu,Salem,Hasthampatti(Uzhavar Sandhai ),Mint(Pudina),Mint(Pudina),Local,2026-07-28,4000.0,4500.0,4250.0,500.0,11.76470588235294,2026,7,28
Tamil Nadu,Salem,Jalagandapuram(Uzhavar Sandhai ),Chikoos(Sapota),Sapota,Local,2026-07-28,4000.0,4500.0,4250.0,500.0,11.76470588235294,2026,7,28
Tamil Nadu,Salem,Jalagandapuram(Uzhavar Sandhai ),Cluster beans,Cluster Beans,Local,2026-07-28,3000.0,3400.0,3200.0,400.0,12.5,2026,7,28
Tamil Nadu,Salem,Jalagandapuram(Uzhavar Sandhai ),Pumpkin,Pumpkin,Local,2026-07-28,2000.0,2400.0,2200.0,400.0,18.181818181818183,2026,7,28
Tamil Nadu,Salem,Jalagandapuram(Uzhavar Sandhai ),Banana - Green,Banana - Green,Local,2026-07-28,2000.0,2400.0,2200.0,400.0,18.181818181818183,2026,7,28
Tamil Nadu,Salem,Jalagandapuram(Uzhavar Sandhai ),Onion Green,Onion Green,Local,2026-07-28,4500.0,5000.0,4750.0,500.0,10.526315789473683,2026,7,28
Tamil Nadu,Sivaganga,Singampunari(Uzhavar Sandhai ),Mango,Other,Local,2026-07-28,3600.0,4200.0,3900.0,600.0,15.384615384615385,2026,7,28
Tamil Nadu,Sivaganga,Singampunari(Uzhavar Sandhai ),Cluster beans,Cluster Beans,Local,2026-07-28,3200.0,3800.0,3500.0,600.0,17.142857142857142,2026,7,28
Tamil Nadu,Sivaganga,Singampunari(Uzhavar Sandhai ),Ginger(Green),Green Ginger,Local,2026-07-28,15000.0,22000.0,18500.0,7000.0,37.83783783783784,2026,7,28
Tamil Nadu,Sivaganga,Singampunari(Uzhavar Sandhai ),Raddish,Raddish,Local,2026-07-28,3200.0,3600.0,3400.0,400.0,11.76470588235294,2026,7,28
Tamil Nadu,Sivaganga,Singampunari(Uzhavar Sandhai ),Chow Chow,Chow Chow,Local,2026-07-28,3200.0,3600.0,3400.0,400.0,11.76470588235294,2026,7,28
Tamil Nadu,Sivaganga,Singampunari(Uzhavar Sandhai ),Onion Green,Onion Green,Local,2026-07-28,5600.0,6200.0,5900.0,600.0,10.16949152542373,2026,7,28
Tamil Nadu,Sivaganga,Karaikudi(Uzhavar Sandhai ),Papaya,Papaya,Local,2026-07-28,4500.0,4800.0,4650.0,300.0,6.451612903225806,2026,7,28
Tamil Nadu,Sivaganga,Karaikudi(Uzhavar Sandhai ),Coriander(Leaves),I Sort,Local,2026-07-28,5500.0,6000.0,5750.0,500.0,8.695652173913043,2026,7,28
Tamil Nadu,Sivaganga,Karaikudi(Uzhavar Sandhai ),Ashgourd,Gouard,Local,2026-07-28,2800.0,3000.0,2900.0,200.0,6.896551724137931,2026,7,28
Tamil Nadu,Sivaganga,Karaikudi(Uzhavar Sandhai ),Knool Khol,Knool Khol,Local,2026-07-28,6000.0,7000.0,6500.0,1000.0,15.384615384615385,2026,7,28
Tamil Nadu,Thanjavur,Pattukottai(Uzhavar Sandhai ),Coriander(Leaves),I Sort,Local,2026-07-28,4200.0,4200.0,4200.0,0.0,0.0,2026,7,28
Tamil Nadu,Thanjavur,Pattukottai(Uzhavar Sandhai ),Cluster beans,Cluster Beans,Local,2026-07-28,4000.0,4000.0,4000.0,0.0,0.0,2026,7,28
Tamil Nadu,Thanjavur,Pattukottai(Uzhavar Sandhai ),Snakeguard,Snakeguard,Local,2026-07-28,4800.0,4800.0,4800.0,0.0,0.0,2026,7,28
Tamil Nadu,Thanjavur,Pattukottai(Uzhavar Sandhai ),Beetroot,Beetroot,Local,2026-07-28,5800.0,5800.0,5800.0,0.0,0.0,2026,7,28
Tamil Nadu,Thanjavur,Pattukottai(Uzhavar Sandhai ),Capsicum,Capsicum,Local,2026-07-28,6000.0,6000.0,6000.0,0.0,0.0,2026,7,28
Tamil Nadu,Thanjavur,Pattukottai(Uzhavar Sandhai ),Onion Green,Onion Green,Local,2026-07-28,6000.0,6000.0,6000.0,0.0,0.0,2026,7,28
Tamil Nadu,Thiruchirappalli,KKNagar(Uzhavar Sandhai ),Mousambi(Sweet Lime),Mousambi,Local,2026-07-28,9000.0,9000.0,9000.0,0.0,0.0,2026,7,28
Tamil Nadu,Thiruchirappalli,KKNagar(Uzhavar Sandhai ),Potato,Other,Local,2026-07-28,3000.0,3000.0,3000.0,0.0,0.0,2026,7,28
Tamil Nadu,Thiruchirappalli,KKNagar(Uzhavar Sandhai ),Coriander(Leaves),I Sort,Local,2026-07-28,4000.0,4000.0,4000.0,0.0,0.0,2026,7,28
Tamil Nadu,Thiruchirappalli,KKNagar(Uzhavar Sandhai ),Cluster beans,Cluster Beans,Local,2026-07-28,4600.0,4600.0,4600.0,0.0,0.0,2026,7,28
Tamil Nadu,Thiruchirappalli,KKNagar(Uzhavar Sandhai ),Cabbage,Cabbage,Local,2026-07-28,4400.0,4400.0,4400.0,0.0,0.0,2026,7,28
Tamil Nadu,Thiruchirappalli,KKNagar(Uzhavar Sandhai ),Snakeguard,Snakeguard,Local,2026-07-28,4600.0,4600.0,4600.0,0.0,0.0,2026,7,28
Tamil Nadu,Thiruchirappalli,KKNagar(Uzhavar Sandhai ),Tender Coconut,Tender Coconut,Local,2026-07-28,5000.0,5000.0,5000.0,0.0,0.0,2026,7,28
Tamil Nadu,Thiruchirappalli,KKNagar(Uzhavar Sandhai ),Indian Beans(Seam),Indian Beans (Seam),Local,2026-07-28,7000.0,7000.0,7000.0,0.0,0.0,2026,7,28
Tamil Nadu,Thiruchirappalli,Lalgudi(Uzhavar Sandhai ),Amaranthus,Amaranthus,Local,2026-07-28,1500.0,1500.0,1500.0,0.0,0.0,2026,7,28
Tamil Nadu,Thiruchirappalli,Lalgudi(Uzhavar Sandhai ),Sweet Potato,Hosur Red,Local,2026-07-28,5000.0,5000.0,5000.0,0.0,0.0,2026,7,28
Tamil Nadu,Thiruchirappalli,Lalgudi(Uzhavar Sandhai ),Cabbage,Cabbage,Local,2026-07-28,4600.0,4600.0,4600.0,0.0,0.0,2026,7,28
Tamil Nadu,Thiruchirappalli,Lalgudi(Uzhavar Sandhai ),Ridgeguard(Tori),Ridgeguard(Tori),Local,2026-07-28,6000.0,6000.0,6000.0,0.0,0.0,2026,7,28
Tamil Nadu,Thiruchirappalli,Lalgudi(Uzhavar Sandhai ),Indian Beans(Seam),Indian Beans (Seam),Local,2026-07-28,7000.0,7000.0,7000.0,0.0,0.0,2026,7,28
Tamil Nadu,Thiruchirappalli,Manachanallur(Uzhavar Sandhai ),Onion,Bellary,Local,2026-07-28,3500.0,4000.0,3750.0,500.0,13.333333333333334,2026,7,28
Tamil Nadu,Thiruchirappalli,Manachanallur(Uzhavar Sandhai ),Coriander(Leaves),I Sort,Local,2026-07-28,4000.0,4000.0,4000.0,0.0,0.0,2026,7,28
Tamil Nadu,Thiruchirappalli,Manachanallur(Uzhavar Sandhai ),Tomato,Other,Local,2026-07-28,2400.0,2400.0,2400.0,0.0,0.0,2026,7,28
Tamil Nadu,Thiruchirappalli,Manachanallur(Uzhavar Sandhai ),Cluster beans,Cluster Beans,Local,2026-07-28,3800.0,4400.0,4100.0,600.0,14.634146341463413,2026,7,28
Tamil Nadu,Thiruchirappalli,Manachanallur(Uzhavar Sandhai ),Ashgourd,Gouard,Local,2026-07-28,2000.0,2400.0,2200.0,400.0,18.181818181818183,2026,7,28
Tamil Nadu,Thiruchirappalli,Manachanallur(Uzhavar Sandhai ),Cowpea(Veg),Cowpea (Veg),Local,2026-07-28,4500.0,4500.0,4500.0,0.0,0.0,2026,7,28
Tamil Nadu,Thiruchirappalli,Manachanallur(Uzhavar Sandhai ),Cabbage,Cabbage,Local,2026-07-28,4000.0,4500.0,4250.0,500.0,11.76470588235294,2026,7,28
Tamil Nadu,Thiruchirappalli,Manachanallur(Uzhavar Sandhai ),Chow Chow,Chow Chow,Local,2026-07-28,3500.0,4000.0,3750.0,500.0,13.333333333333334,2026,7,28
Tamil Nadu,Thiruchirappalli,Manapparai(Uzhavar Sandhai ),Papaya,Papaya,Local,2026-07-28,4000.0,4000.0,4000.0,0.0,0.0,2026,7,28
Tamil Nadu,Thiruchirappalli,Manapparai(Uzhavar Sandhai ),Potato,Other,Local,2026-07-28,3000.0,3000.0,3000.0,0.0,0.0,2026,7,28
Tamil Nadu,Thiruchirappalli,Manapparai(Uzhavar Sandhai ),Garlic,Garlic,Local,2026-07-28,20000.0,20000.0,20000.0,0.0,0.0,2026,7,28
Tamil Nadu,Thiruchirappalli,Manapparai(Uzhavar Sandhai ),Brinjal,Other,Local,2026-07-28,4000.0,4000.0,4000.0,0.0,0.0,2026,7,28
Tamil Nadu,Thiruchirappalli,Manapparai(Uzhavar Sandhai ),Amaranthus,Amaranthus,Local,2026-07-28,2000.0,2000.0,2000.0,0.0,0.0,2026,7,28
Tamil Nadu,Thiruchirappalli,Manapparai(Uzhavar Sandhai ),Beans,Beans (Whole),Local,2026-07-28,10000.0,10000.0,10000.0,0.0,0.0,2026,7,28
Tamil Nadu,Thiruchirappalli,Manapparai(Uzhavar Sandhai ),Green Avare(W),Other,Local,2026-07-28,7000.0,7000.0,7000.0,0.0,0.0,2026,7,28
Tamil Nadu,Thiruchirappalli,Manapparai(Uzhavar Sandhai ),Chow Chow,Chow Chow,Local,2026-07-28,4200.0,4200.0,4200.0,0.0,0.0,2026,7,28
Tamil Nadu,Thiruchirappalli,Manapparai(Uzhavar Sandhai ),Knool Khol,Knool Khol,Local,2026-07-28,4200.0,4200.0,4200.0,0.0,0.0,2026,7,28
Tamil Nadu,Thiruchirappalli,Musiri(Uzhavar Sandhai ),Onion,Bellary,Local,2026-07-28,4000.0,4500.0,4250.0,500.0,11.76470588235294,2026,7,28
Tamil Nadu,Thiruchirappalli,Musiri(Uzhavar Sandhai ),Coriander(Leaves),I Sort,Local,2026-07-28,3500.0,4000.0,3750.0,500.0,13.333333333333334,2026,7,28
Tamil Nadu,Thiruchirappalli,Musiri(Uzhavar Sandhai ),Bottle gourd,Bottle Gourd,Local,2026-07-28,2000.0,2500.0,2250.0,500.0,22.22222222222222,2026,7,28
Tamil Nadu,Thiruchirappalli,Musiri(Uzhavar Sandhai ),Bhindi(Ladies Finger),Bhindi,Local,2026-07-28,3500.0,4000.0,3750.0,500.0,13.333333333333334,2026,7,28
Tamil Nadu,Thiruchirappalli,Musiri(Uzhavar Sandhai ),Beans,Beans (Whole),Local,2026-07-28,9000.0,10000.0,9500.0,1000.0,10.526315789473683,2026,7,28
Tamil Nadu,Thiruchirappalli,Musiri(Uzhavar Sandhai ),Beetroot,Beetroot,Local,2026-07-28,5000.0,5500.0,5250.0,500.0,9.523809523809524,2026,7,28
Tamil Nadu,Thiruchirappalli,Musiri(Uzhavar Sandhai ),Ridgeguard(Tori),Ridgeguard(Tori),Local,2026-07-28,5000.0,6000.0,5500.0,1000.0,18.181818181818183,2026,7,28
Tamil Nadu,Thiruchirappalli,Musiri(Uzhavar Sandhai ),Raddish,Raddish,Local,2026-07-28,3000.0,3600.0,3300.0,600.0,18.181818181818183,2026,7,28
Tamil Nadu,Thiruchirappalli,Musiri(Uzhavar Sandhai ),Drumstick,Drumstick,Local,2026-07-28,4500.0,5000.0,4750.0,500.0,10.526315789473683,2026,7,28
Tamil Nadu,Thiruchirappalli,Musiri(Uzhavar Sandhai ),Elephant Yam(Suran)/Amorphophallus,Elephant Yam (Suran),Local,2026-07-28,4000.0,4600.0,4300.0,600.0,13.953488372093023,2026,7,28
Tamil Nadu,Thiruchirappalli,Musiri(Uzhavar Sandhai ),Lemon,Lemon,Local,2026-07-28,5000.0,6000.0,5500.0,1000.0,18.181818181818183,2026,7,28
Tamil Nadu,Thiruchirappalli,Thiruverumbur(Uzhavar Sandhai ),Banana,Karpura,Local,2026-07-28,4000.0,4000.0,4000.0,0.0,0.0,2026,7,28
Tamil Nadu,Thiruchirappalli,Thiruverumbur(Uzhavar Sandhai ),Onion,Bellary,Local,2026-07-28,3000.0,4200.0,3600.0,1200.0,33.33333333333333,2026,7,28
Tamil Nadu,Thiruchirappalli,Thiruverumbur(Uzhavar Sandhai ),Cauliflower,Ranchi,Local,2026-07-28,4000.0,5000.0,4500.0,1000.0,22.22222222222222,2026,7,28
Tamil Nadu,Thiruchirappalli,Thiruverumbur(Uzhavar Sandhai ),Brinjal,Other,Local,2026-07-28,7000.0,7000.0,7000.0,0.0,0.0,2026,7,28
Tamil Nadu,Thiruchirappalli,Thiruverumbur(Uzhavar Sandhai ),Bottle gourd,Bottle Gourd,Local,2026-07-28,3000.0,3000.0,3000.0,0.0,0.0,2026,7,28
Tamil Nadu,Thiruchirappalli,Thiruverumbur(Uzhavar Sandhai ),Ashgourd,Gouard,Local,2026-07-28,2400.0,2400.0,2400.0,0.0,0.0,2026,7,28
Tamil Nadu,Thiruchirappalli,Thiruverumbur(Uzhavar Sandhai ),Pumpkin,Pumpkin,Local,2026-07-28,2000.0,2000.0,2000.0,0.0,0.0,2026,7,28
Tamil Nadu,Thiruchirappalli,Thiruverumbur(Uzhavar Sandhai ),Banana - Green,Banana - Green,Local,2026-07-28,2500.0,2500.0,2500.0,0.0,0.0,2026,7,28
Tamil Nadu,Thiruchirappalli,Thiruverumbur(Uzhavar Sandhai ),Cabbage,Cabbage,Local,2026-07-28,4200.0,4200.0,4200.0,0.0,0.0,2026,7,28
Tamil Nadu,Thiruchirappalli,Thiruverumbur(Uzhavar Sandhai ),Ridgeguard(Tori),Ridgeguard(Tori),Local,2026-07-28,6000.0,6000.0,6000.0,0.0,0.0,2026,7,28
Tamil Nadu,Thiruchirappalli,Thiruverumbur(Uzhavar Sandhai ),Green Avare(W),Other,Local,2026-07-28,7000.0,7000.0,7000.0,0.0,0.0,2026,7,28
Tamil Nadu,Thiruchirappalli,Thiruverumbur(Uzhavar Sandhai ),Indian Beans(Seam),Indian Beans (Seam),Local,2026-07-28,7000.0,7000.0,7000.0,0.0,0.0,2026,7,28
Tamil Nadu,Thiruchirappalli,Thiruverumbur(Uzhavar Sandhai ),Lemon,Lemon,Local,2026-07-28,7000.0,8000.0,7500.0,1000.0,13.333333333333334,2026,7,28
Tamil Nadu,Virudhunagar,Rajapalayam(Uzhavar Sandhai ),Papaya,Papaya,Local,2026-07-28,3000.0,3500.0,3250.0,500.0,15.384615384615385,2026,7,28
Tamil Nadu,Virudhunagar,Rajapalayam(Uzhavar Sandhai ),Coriander(Leaves),I Sort,Local,2026-07-28,5000.0,6000.0,5500.0,1000.0,18.181818181818183,2026,7,28
Tamil Nadu,Virudhunagar,Rajapalayam(Uzhavar Sandhai ),Tomato,Deshi,Local,2026-07-28,1500.0,1800.0,1650.0,300.0,18.181818181818183,2026,7,28
Tamil Nadu,Virudhunagar,Rajapalayam(Uzhavar Sandhai ),Cluster beans,Cluster Beans,Local,2026-07-28,2500.0,3000.0,2750.0,500.0,18.181818181818183,2026,7,28
Tamil Nadu,Virudhunagar,Rajapalayam(Uzhavar Sandhai ),Amaranthus,Amaranthus,Local,2026-07-28,2500.0,3000.0,2750.0,500.0,18.181818181818183,2026,7,28
Tamil Nadu,Virudhunagar,Sathur(Uzhavar Sandhai ),Banana,Besrai,Local,2026-07-28,3500.0,4000.0,3750.0,500.0,13.333333333333334,2026,7,28
Tamil Nadu,Virudhunagar,Sathur(Uzhavar Sandhai ),Onion,Bellary,Local,2026-07-28,3500.0,4000.0,3750.0,500.0,13.333333333333334,2026,7,28
Tamil Nadu,Virudhunagar,Sathur(Uzhavar Sandhai ),Bottle gourd,Bottle Gourd,Local,2026-07-28,2500.0,3000.0,2750.0,500.0,18.181818181818183,2026,7,28
Tamil Nadu,Virudhunagar,Sathur(Uzhavar Sandhai ),Cabbage,Cabbage,Local,2026-07-28,4500.0,5000.0,4750.0,500.0,10.526315789473683,2026,7,28
Tamil Nadu,Virudhunagar,Sathur(Uzhavar Sandhai ),Ridgeguard(Tori),Ridgeguard(Tori),Local,2026-07-28,5500.0,6000.0,5750.0,500.0,8.695652173913043,2026,7,28
Tamil Nadu,Virudhunagar,Sathur(Uzhavar Sandhai ),Raddish,Raddish,Local,2026-07-28,3000.0,3500.0,3250.0,500.0,15.384615384615385,2026,7,28
Tamil Nadu,Virudhunagar,Sathur(Uzhavar Sandhai ),Lemon,Lemon,Local,2026-07-28,4500.0,5000.0,4750.0,500.0,10.526315789473683,2026,7,28
Tamil Nadu,Virudhunagar,Thalavaipuram(Uzhavar Sandhai ),Onion,Bellary,Local,2026-07-28,3500.0,4000.0,3750.0,500.0,13.333333333333334,2026,7,28
Tamil Nadu,Virudhunagar,Thalavaipuram(Uzhavar Sandhai ),Banana - Green,Banana - Green,Local,2026-07-28,3000.0,3500.0,3250.0,500.0,15.384615384615385,2026,7,28
Tamil Nadu,Virudhunagar,Thalavaipuram(Uzhavar Sandhai ),Coconut,Coconut,Local,2026-07-28,5000.0,5700.0,5350.0,700.0,13.084112149532709,2026,7,28
Tamil Nadu,Virudhunagar,Thalavaipuram(Uzhavar Sandhai ),Ridgeguard(Tori),Ridgeguard(Tori),Local,2026-07-28,5000.0,6000.0,5500.0,1000.0,18.181818181818183,2026,7,28
Tamil Nadu,Virudhunagar,Thalavaipuram(Uzhavar Sandhai ),Chow Chow,Chow Chow,Local,2026-07-28,3500.0,4000.0,3750.0,500.0,13.333333333333334,2026,7,28
Tamil Nadu,Chengalpattu,Nanganallur(Uzhavar Sandhai ),Papaya,Papaya,Local,2026-07-28,4500.0,5000.0,4750.0,500.0,10.526315789473683,2026,7,28
Tamil Nadu,Chengalpattu,Nanganallur(Uzhavar Sandhai ),Water Melon,Water Melon,Local,2026-07-28,2000.0,2000.0,2000.0,0.0,0.0,2026,7,28
Tamil Nadu,Chengalpattu,Nanganallur(Uzhavar Sandhai ),Apple,American,Local,2026-07-28,23000.0,24000.0,23500.0,1000.0,4.25531914893617,2026,7,28
Tamil Nadu,Chengalpattu,Nanganallur(Uzhavar Sandhai ),Grapes,Annabesahai,Local,2026-07-28,9000.0,10000.0,9500.0,1000.0,10.526315789473683,2026,7,28
Tamil Nadu,Chengalpattu,Nanganallur(Uzhavar Sandhai ),Cauliflower,Ranchi,Local,2026-07-28,3500.0,4000.0,3750.0,500.0,13.333333333333334,2026,7,28
Tamil Nadu,Chengalpattu,Nanganallur(Uzhavar Sandhai ),Tomato,Deshi,Local,2026-07-28,1800.0,2000.0,1900.0,200.0,10.526315789473683,2026,7,28
Tamil Nadu,Chengalpattu,Nanganallur(Uzhavar Sandhai ),Bitter gourd,Bitter Gourd,Local,2026-07-28,5500.0,6000.0,5750.0,500.0,8.695652173913043,2026,7,28
Tamil Nadu,Chengalpattu,Nanganallur(Uzhavar Sandhai ),Bottle gourd,Bottle Gourd,Local,2026-07-28,4500.0,5000.0,4750.0,500.0,10.526315789473683,2026,7,28
Tamil Nadu,Chengalpattu,Nanganallur(Uzhavar Sandhai ),Ashgourd,Gouard,Local,2026-07-28,2500.0,3000.0,2750.0,500.0,18.181818181818183,2026,7,28
Tamil Nadu,Chengalpattu,Nanganallur(Uzhavar Sandhai ),Cabbage,Cabbage,Local,2026-07-28,3500.0,4000.0,3750.0,500.0,13.333333333333334,2026,7,28
Tamil Nadu,Chengalpattu,Nanganallur(Uzhavar Sandhai ),Cucumbar(Kheera),Cucumbar,Local,2026-07-28,4500.0,5000.0,4750.0,500.0,10.526315789473683,2026,7,28
Tamil Nadu,Chengalpattu,Nanganallur(Uzhavar Sandhai ),Mango(Raw-Ripe),Mango - Raw-Ripe,Local,2026-07-28,2500.0,3000.0,2750.0,500.0,18.181818181818183,2026,7,28
Tamil Nadu,Chengalpattu,Nanganallur(Uzhavar Sandhai ),Karbuja(Musk Melon),Karbhuja,Local,2026-07-28,4500.0,5000.0,4750.0,500.0,10.526315789473683,2026,7,28
Tamil Nadu,Chengalpattu,Nanganallur(Uzhavar Sandhai ),Pomegranate,Pomogranate,Local,2026-07-28,11000.0,12000.0,11500.0,1000.0,8.695652173913043,2026,7,28
Tamil Nadu,Chengalpattu,Nanganallur(Uzhavar Sandhai ),Onion Green,Onion Green,Local,2026-07-28,7500.0,8000.0,7750.0,500.0,6.451612903225806,2026,7,28
Tamil Nadu,Chengalpattu,Pallavaram(Uzhavar Sandhai ),Potato,Other,Local,2026-07-28,2500.0,3000.0,2750.0,500.0,18.181818181818183,2026,7,28
Tamil Nadu,Chengalpattu,Pallavaram(Uzhavar Sandhai ),Coriander(Leaves),I Sort,Local,2026-07-28,4000.0,5000.0,4500.0,1000.0,22.22222222222222,2026,7,28
Tamil Nadu,Chengalpattu,Pallavaram(Uzhavar Sandhai ),Cluster beans,Cluster Beans,Local,2026-07-28,4000.0,5000.0,4500.0,1000.0,22.22222222222222,2026,7,28
Tamil Nadu,Chengalpattu,Pallavaram(Uzhavar Sandhai ),Bitter gourd,Other,Local,2026-07-28,6000.0,7000.0,6500.0,1000.0,15.384615384615385,2026,7,28
Tamil Nadu,Chengalpattu,Pallavaram(Uzhavar Sandhai ),Bhindi(Ladies Finger),Bhindi,Local,2026-07-28,3500.0,4000.0,3750.0,500.0,13.333333333333334,2026,7,28
Tamil Nadu,Chengalpattu,Pallavaram(Uzhavar Sandhai ),Snakeguard,Snakeguard,Local,2026-07-28,4000.0,5000.0,4500.0,1000.0,22.22222222222222,2026,7,28
Tamil Nadu,Chengalpattu,Pallavaram(Uzhavar Sandhai ),Onion Green,Onion Green,Local,2026-07-28,6000.0,7000.0,6500.0,1000.0,15.384615384615385,2026,7,28
Tamil Nadu,Chengalpattu,Pallavaram(Uzhavar Sandhai ),Mint(Pudina),Mint(Pudina),Local,2026-07-28,4000.0,5000.0,4500.0,1000.0,22.22222222222222,2026,7,28
Tamil Nadu,Nagercoil (Kannyiakumari),Myladi(Uzhavar Sandhai ),Pineapple,Pine Apple,Local,2026-07-28,4000.0,5000.0,4500.0,1000.0,22.22222222222222,2026,7,28
Tamil Nadu,Nagercoil (Kannyiakumari),Myladi(Uzhavar Sandhai ),Onion,Bellary,Local,2026-07-28,4000.0,4500.0,4250.0,500.0,11.76470588235294,2026,7,28
Tamil Nadu,Nagercoil (Kannyiakumari),Myladi(Uzhavar Sandhai ),Bhindi(Ladies Finger),Bhindi,Local,2026-07-28,4000.0,4500.0,4250.0,500.0,11.76470588235294,2026,7,28
Tamil Nadu,Nagercoil (Kannyiakumari),Myladi(Uzhavar Sandhai ),Tapioca,Tapioca,Local,2026-07-28,3500.0,4000.0,3750.0,500.0,13.333333333333334,2026,7,28
Tamil Nadu,Nagercoil (Kannyiakumari),Myladi(Uzhavar Sandhai ),Guava,Guava Allahabad,Local,2026-07-28,5500.0,6000.0,5750.0,500.0,8.695652173913043,2026,7,28
Tamil Nadu,Chengalpattu,Jameenrayapettai(Uzhavar Sandhai ),Garlic,Garlic,Local,2026-07-28,18000.0,22000.0,20000.0,4000.0,20.0,2026,7,28
Tamil Nadu,Chengalpattu,Jameenrayapettai(Uzhavar Sandhai ),Ashgourd,Gouard,Local,2026-07-28,2000.0,2500.0,2250.0,500.0,22.22222222222222,2026,7,28
Tamil Nadu,Chengalpattu,Jameenrayapettai(Uzhavar Sandhai ),Green Chilli,Green Chilly,Local,2026-07-28,5000.0,6000.0,5500.0,1000.0,18.181818181818183,2026,7,28
Tamil Nadu,Chengalpattu,Jameenrayapettai(Uzhavar Sandhai ),Ridgeguard(Tori),Ridgeguard(Tori),Local,2026-07-28,7000.0,8000.0,7500.0,1000.0,13.333333333333334,2026,7,28
Tamil Nadu,Chengalpattu,Jameenrayapettai(Uzhavar Sandhai ),Capsicum,Capsicum,Local,2026-07-28,6000.0,7000.0,6500.0,1000.0,15.384615384615385,2026,7,28
Tamil Nadu,Chengalpattu,Jameenrayapettai(Uzhavar Sandhai ),Green Avare(W),Other,Local,2026-07-28,7000.0,8000.0,7500.0,1000.0,13.333333333333334,2026,7,28
Tamil Nadu,Chengalpattu,Jameenrayapettai(Uzhavar Sandhai ),Drumstick,Drumstick,Local,2026-07-28,6000.0,7000.0,6500.0,1000.0,15.384615384615385,2026,7,28
Tamil Nadu,Chengalpattu,Jameenrayapettai(Uzhavar Sandhai ),Mango(Raw-Ripe),Mango - Raw-Ripe,Local,2026-07-28,4000.0,5000.0,4500.0,1000.0,22.22222222222222,2026,7,28
Tamil Nadu,Chengalpattu,Jameenrayapettai(Uzhavar Sandhai ),Colacasia,Colacasia,Local,2026-07-28,4000.0,5000.0,4500.0,1000.0,22.22222222222222,2026,7,28
Tamil Nadu,Chengalpattu,Jameenrayapettai(Uzhavar Sandhai ),Mint(Pudina),Mint(Pudina),Local,2026-07-28,4000.0,5000.0,4500.0,1000.0,22.22222222222222,2026,7,28
Tamil Nadu,Chengalpattu,Guduvancheri(Uzhavar Sandhai ),Garlic,Garlic,Local,2026-07-28,18000.0,22000.0,20000.0,4000.0,20.0,2026,7,28
Tamil Nadu,Chengalpattu,Guduvancheri(Uzhavar Sandhai ),Coriander(Leaves),I Sort,Local,2026-07-28,7000.0,8000.0,7500.0,1000.0,13.333333333333334,2026,7,28
Tamil Nadu,Chengalpattu,Guduvancheri(Uzhavar Sandhai ),Tomato,Other,Local,2026-07-28,2000.0,2500.0,2250.0,500.0,22.22222222222222,2026,7,28
Tamil Nadu,Chengalpattu,Guduvancheri(Uzhavar Sandhai ),Cluster beans,Cluster Beans,Local,2026-07-28,4000.0,5000.0,4500.0,1000.0,22.22222222222222,2026,7,28
Tamil Nadu,Chengalpattu,Guduvancheri(Uzhavar Sandhai ),Cabbage,Cabbage,Local,2026-07-28,3000.0,3500.0,3250.0,500.0,15.384615384615385,2026,7,28
Tamil Nadu,Chengalpattu,Guduvancheri(Uzhavar Sandhai ),Cucumbar(Kheera),Cucumbar,Local,2026-07-28,5000.0,6000.0,5500.0,1000.0,18.181818181818183,2026,7,28
Tamil Nadu,Chengalpattu,Guduvancheri(Uzhavar Sandhai ),Thondekai,Thondekai,Local,2026-07-28,5000.0,6000.0,5500.0,1000.0,18.181818181818183,2026,7,28
Tamil Nadu,Chengalpattu,Guduvancheri(Uzhavar Sandhai ),Mango(Raw-Ripe),Mango - Raw-Ripe,Local,2026-07-28,4000.0,5000.0,4500.0,1000.0,22.22222222222222,2026,7,28
Tamil Nadu,Chengalpattu,Guduvancheri(Uzhavar Sandhai ),Knool Khol,Knool Khol,Local,2026-07-28,6000.0,7000.0,6500.0,1000.0,15.384615384615385,2026,7,28
Tamil Nadu,Chengalpattu,Guduvancheri(Uzhavar Sandhai ),Marigold(Calcutta),Marigold(Calcutta),Local,2026-07-28,24000.0,25000.0,24500.0,1000.0,4.081632653061225,2026,7,28
Tamil Nadu,Chengalpattu,Guduvancheri(Uzhavar Sandhai ),Colacasia,Colacasia,Local,2026-07-28,4000.0,5000.0,4500.0,1000.0,22.22222222222222,2026,7,28
Tamil Nadu,Thirupur,Dharapuram(Uzhavar Sandhai ),Papaya,Papaya,Local,2026-07-28,2500.0,2500.0,2500.0,0.0,0.0,2026,7,28
Tamil Nadu,Thirupur,Dharapuram(Uzhavar Sandhai ),Potato,Red Nanital,Local,2026-07-28,4000.0,6700.0,5350.0,2700.0,50.467289719626166,2026,7,28
Tamil Nadu,Thirupur,Dharapuram(Uzhavar Sandhai ),Brinjal,Round,Local,2026-07-28,5500.0,5500.0,5500.0,0.0,0.0,2026,7,28
Tamil Nadu,Thirupur,Dharapuram(Uzhavar Sandhai ),Cowpea(Veg),Cowpea (Veg),Local,2026-07-28,4000.0,4000.0,4000.0,0.0,0.0,2026,7,28
Tamil Nadu,Thirupur,Dharapuram(Uzhavar Sandhai ),Cabbage,Cabbage,Local,2026-07-28,3500.0,3500.0,3500.0,0.0,0.0,2026,7,28
Tamil Nadu,Thirupur,Dharapuram(Uzhavar Sandhai ),Snakeguard,Snakeguard,Local,2026-07-28,4200.0,4200.0,4200.0,0.0,0.0,2026,7,28
Tamil Nadu,Thirupur,Dharapuram(Uzhavar Sandhai ),Cucumbar(Kheera),Cucumbar,Local,2026-07-28,5000.0,5000.0,5000.0,0.0,0.0,2026,7,28
Tamil Nadu,Thirupur,Dharapuram(Uzhavar Sandhai ),Elephant Yam(Suran)/Amorphophallus,Elephant Yam (Suran),Local,2026-07-28,4200.0,4200.0,4200.0,0.0,0.0,2026,7,28
Tamil Nadu,Thirupur,Palladam(Uzhavar Sandhai ),Bottle gourd,Bottle Gourd,Local,2026-07-28,1500.0,2000.0,1750.0,500.0,28.57142857142857,2026,7,28
Tamil Nadu,Thirupur,Palladam(Uzhavar Sandhai ),Bhindi(Ladies Finger),Bhindi,Local,2026-07-28,4000.0,5000.0,4500.0,1000.0,22.22222222222222,2026,7,28
Tamil Nadu,Thirupur,Palladam(Uzhavar Sandhai ),Raddish,Raddish,Local,2026-07-28,3000.0,3500.0,3250.0,500.0,15.384615384615385,2026,7,28
Tamil Nadu,Thirupur,Palladam(Uzhavar Sandhai ),Thondekai,Thondekai,Local,2026-07-28,3500.0,4000.0,3750.0,500.0,13.333333333333334,2026,7,28
Tamil Nadu,Thirupur,Palladam(Uzhavar Sandhai ),Drumstick,Drumstick,Local,2026-07-28,4000.0,5000.0,4500.0,1000.0,22.22222222222222,2026,7,28
Tamil Nadu,Thirupur,Palladam(Uzhavar Sandhai ),Onion Green,Onion Green,Local,2026-07-28,5000.0,6000.0,5500.0,1000.0,18.181818181818183,2026,7,28
Uttar Pradesh,Baghpat,Khekda APMC,Sponge gourd,Sponge gourd,FAQ,2026-07-28,1400.0,1650.0,1500.0,250.0,16.666666666666664,2026,7,28
Tamil Nadu,Kallakuruchi,Kallakurichi(Uzhavar Sandhai ),Mango,Neelam,Local,2026-07-28,4000.0,4000.0,4000.0,0.0,0.0,2026,7,28
Tamil Nadu,Kallakuruchi,Kallakurichi(Uzhavar Sandhai ),Bitter gourd,Bitter Gourd,Local,2026-07-28,6000.0,6000.0,6000.0,0.0,0.0,2026,7,28
Tamil Nadu,Kallakuruchi,Kallakurichi(Uzhavar Sandhai ),Banana - Green,Banana - Green,Local,2026-07-28,3000.0,3000.0,3000.0,0.0,0.0,2026,7,28
Tamil Nadu,Kallakuruchi,Kallakurichi(Uzhavar Sandhai ),Beetroot,Beetroot,Local,2026-07-28,6000.0,6000.0,6000.0,0.0,0.0,2026,7,28
Tamil Nadu,Kallakuruchi,Kallakurichi(Uzhavar Sandhai ),Chow Chow,Chow Chow,Local,2026-07-28,6000.0,6000.0,6000.0,0.0,0.0,2026,7,28
Tamil Nadu,Kallakuruchi,Kallakurichi(Uzhavar Sandhai ),Knool Khol,Knool Khol,Local,2026-07-28,7000.0,7000.0,7000.0,0.0,0.0,2026,7,28
Tamil Nadu,Kallakuruchi,Kallakurichi(Uzhavar Sandhai ),Marigold(Calcutta),Marigold(Calcutta),Local,2026-07-28,40000.0,40000.0,40000.0,0.0,0.0,2026,7,28
Andhra Pradesh,Sri Sathya Sai,Dharmavaram APMC,Paddy(Common),B P T,FAQ,2026-07-28,2000.0,2200.0,2100.0,200.0,9.523809523809524,2026,7,28
Punjab,Gurdaspur,Gurdaspur APMC,Pomegranate,Other,Grade A,2026-07-28,9500.0,9500.0,9500.0,0.0,0.0,2026,7,28
Punjab,Gurdaspur,Gurdaspur APMC,Mango,Other,Grade A,2026-07-28,4650.0,4650.0,4650.0,0.0,0.0,2026,7,28
Punjab,Gurdaspur,Gurdaspur APMC,Mousambi(Sweet Lime),Other,Grade A,2026-07-28,4200.0,4200.0,4200.0,0.0,0.0,2026,7,28
Punjab,Gurdaspur,Gurdaspur APMC,Banana - Green,Other,FAQ,2026-07-28,2500.0,2500.0,2500.0,0.0,0.0,2026,7,28
Punjab,Gurdaspur,Gurdaspur APMC,Papaya,Other,Grade B,2026-07-28,3700.0,3700.0,3700.0,0.0,0.0,2026,7,28
Punjab,Gurdaspur,Gurdaspur APMC,French Beans(Frasbean),Other,Grade A,2026-07-28,5500.0,5500.0,5500.0,0.0,0.0,2026,7,28
Andhra Pradesh,Palnadu,Gurazala APMC,Chili Red,Red,Grade Range-1,2026-07-28,17000.0,28500.0,25000.0,11500.0,46.0,2026,7,28
Tamil Nadu,Thirupathur,Natrampalli(Uzhavar Sandhai ),Mango,Safeda,Local,2026-07-28,2000.0,3000.0,2500.0,1000.0,40.0,2026,7,28
Tamil Nadu,Thirupathur,Natrampalli(Uzhavar Sandhai ),Onion,Bellary,Local,2026-07-28,3000.0,4000.0,3500.0,1000.0,28.57142857142857,2026,7,28
Tamil Nadu,Thirupathur,Natrampalli(Uzhavar Sandhai ),Brinjal,Round,Local,2026-07-28,4000.0,5000.0,4500.0,1000.0,22.22222222222222,2026,7,28
Tamil Nadu,Thirupathur,Natrampalli(Uzhavar Sandhai ),Bhindi(Ladies Finger),Bhindi,Local,2026-07-28,2500.0,3000.0,2750.0,500.0,18.181818181818183,2026,7,28
Tamil Nadu,Thirupathur,Natrampalli(Uzhavar Sandhai ),Green Chilli,Green Chilly,Local,2026-07-28,5000.0,6000.0,5500.0,1000.0,18.181818181818183,2026,7,28
Tamil Nadu,Thirupathur,Natrampalli(Uzhavar Sandhai ),Carrot,Pusakesar,Local,2026-07-28,5000.0,6000.0,5500.0,1000.0,18.181818181818183,2026,7,28
Tamil Nadu,Thirupathur,Natrampalli(Uzhavar Sandhai ),Cabbage,Cabbage,Local,2026-07-28,3000.0,3500.0,3250.0,500.0,15.384615384615385,2026,7,28
Tamil Nadu,Thirupathur,Natrampalli(Uzhavar Sandhai ),Cucumbar(Kheera),Cucumbar,Local,2026-07-28,2500.0,3000.0,2750.0,500.0,18.181818181818183,2026,7,28
Tamil Nadu,Thirupathur,Natrampalli(Uzhavar Sandhai ),Lemon,Lemon,Local,2026-07-28,4000.0,5000.0,4500.0,1000.0,22.22222222222222,2026,7,28
Tamil Nadu,Thirupathur,Natrampalli(Uzhavar Sandhai ),Mint(Pudina),Mint(Pudina),Local,2026-07-28,3000.0,4000.0,3500.0,1000.0,28.57142857142857,2026,7,28
Punjab,Bhatinda,Bathinda APMC,Papaya,Papaya,Grade B,2026-07-28,1700.0,1800.0,1750.0,100.0,5.714285714285714,2026,7,28
Andhra Pradesh,Srikakulam,Hiramandalam APMC,Maize,Medium,Local,2026-07-28,2200.0,2200.0,2200.0,0.0,0.0,2026,7,28
Andhra Pradesh,Palnadu,Ipur APMC,Paddy(Common),Paddy,FAQ,2026-07-28,2350.0,2600.0,2450.0,250.0,10.204081632653061,2026,7,28
Andhra Pradesh,Palnadu,Ipur APMC,Black Gram(Urd Beans)(Whole),Local,FAQ,2026-07-28,8200.0,9000.0,8500.0,800.0,9.411764705882353,2026,7,28
Andhra Pradesh,Palnadu,Ipur APMC,Green Gram(Moong)(Whole),Local,FAQ,2026-07-28,8500.0,9000.0,8850.0,500.0,5.649717514124294,2026,7,28
Andhra Pradesh,Anakapally,Madugula APMC,Cashewnuts,Local,Local,2026-07-28,8000.0,12000.0,10000.0,4000.0,40.0,2026,7,28
Andhra Pradesh,Vijayanagaram,Kothavalasa APMC,Paddy(Common),1001,Local,2026-07-28,2369.0,2369.0,2369.0,0.0,0.0,2026,7,28
Andhra Pradesh,Dr.B.R.A.Konaseema,Ravulapalem (Kothapeta APMC),Banana,Amruthapani,Local,2026-07-28,2600.0,3600.0,3400.0,1000.0,29.411764705882355,2026,7,28
Andhra Pradesh,Parvathipuram Manyam,Kurupam APMC,Maize,Local,Local,2026-07-28,2400.0,2400.0,2400.0,0.0,0.0,2026,7,28
Andhra Pradesh,Krishna,Pamarru APMC,Paddy(Common),B P T,Local,2026-07-28,2441.0,2481.0,2471.0,40.0,1.6187778227438283,2026,7,28
Andhra Pradesh,Ananthapuramu,RAYADURG APMC,Maize,Local,Grade Range-1,2026-07-28,2000.0,2500.0,2200.0,500.0,22.727272727272727,2026,7,28
Andhra Pradesh,Anakapally,Payakaraopeta APMC,Paddy(Common),1001,Local,2026-07-28,2349.0,2369.0,2359.0,20.0,0.8478168715557439,2026,7,28
Andhra Pradesh,Kakinada,Tuni APMC,Cashewnuts,Local(Raw),FAQ,2026-07-28,13000.0,13000.0,13000.0,0.0,0.0,2026,7,28
Andhra Pradesh,NTR,Tiruvuru APMC,Paddy(Common),Sona,Local,2026-07-28,2500.0,2500.0,2500.0,0.0,0.0,2026,7,28
Andhra Pradesh,West Godavari,Tadepalligudem APMC,Paddy(Common),1001,FAQ,2026-07-28,2445.0,2445.0,2445.0,0.0,0.0,2026,7,28
Andhra Pradesh,Sri Sathya Sai,Puttaparthi  APMC,Groundnut,F.A.Q,FAQ,2026-07-28,6400.0,6800.0,6600.0,400.0,6.0606060606060606,2026,7,28
Tamil Nadu,Salem,Athur(Uzhavar Sandhai ),Pineapple,Pine Apple,Local,2026-07-28,3500.0,4000.0,3750.0,500.0,13.333333333333334,2026,7,28
Tamil Nadu,Salem,Athur(Uzhavar Sandhai ),Coriander(Leaves),I Sort,Local,2026-07-28,3500.0,4000.0,3750.0,500.0,13.333333333333334,2026,7,28
Tamil Nadu,Salem,Athur(Uzhavar Sandhai ),Cluster beans,Cluster Beans,Local,2026-07-28,3500.0,4000.0,3750.0,500.0,13.333333333333334,2026,7,28
Tamil Nadu,Salem,Athur(Uzhavar Sandhai ),Bitter gourd,Bitter Gourd,Local,2026-07-28,4000.0,4500.0,4250.0,500.0,11.76470588235294,2026,7,28
Tamil Nadu,Salem,Athur(Uzhavar Sandhai ),Bottle gourd,Bottle Gourd,Local,2026-07-28,2000.0,2200.0,2100.0,200.0,9.523809523809524,2026,7,28
Tamil Nadu,Salem,Athur(Uzhavar Sandhai ),Banana - Green,Banana - Green,Local,2026-07-28,2000.0,2400.0,2200.0,400.0,18.181818181818183,2026,7,28
Tamil Nadu,Salem,Athur(Uzhavar Sandhai ),Ginger(Green),Green Ginger,Local,2026-07-28,18000.0,20000.0,19000.0,2000.0,10.526315789473683,2026,7,28
Tamil Nadu,Salem,Athur(Uzhavar Sandhai ),Carrot,Pusakesar,Local,2026-07-28,8500.0,9000.0,8750.0,500.0,5.714285714285714,2026,7,28
Tamil Nadu,Salem,Athur(Uzhavar Sandhai ),Raddish,Raddish,Local,2026-07-28,2500.0,3000.0,2750.0,500.0,18.181818181818183,2026,7,28
Tamil Nadu,Salem,Athur(Uzhavar Sandhai ),Kakada,Kakada,Local,2026-07-28,15000.0,20000.0,17500.0,5000.0,28.57142857142857,2026,7,28
Tamil Nadu,Salem,Athur(Uzhavar Sandhai ),Marigold(Calcutta),Marigold(Calcutta),Local,2026-07-28,28000.0,30000.0,29000.0,2000.0,6.896551724137931,2026,7,28
Tamil Nadu,Salem,Athur(Uzhavar Sandhai ),Mint(Pudina),Mint(Pudina),Local,2026-07-28,4000.0,5000.0,4500.0,1000.0,22.22222222222222,2026,7,28
Tamil Nadu,Salem,Athur(Uzhavar Sandhai ),Rose(Local),Rose (Local),Local,2026-07-28,16000.0,18000.0,17000.0,2000.0,11.76470588235294,2026,7,28
Tamil Nadu,Theni,Periyakulam(Uzhavar Sandhai ),Tomato,Other,Local,2026-07-28,1800.0,2000.0,1900.0,200.0,10.526315789473683,2026,7,28
Tamil Nadu,Theni,Periyakulam(Uzhavar Sandhai ),Pumpkin,Pumpkin,Local,2026-07-28,1600.0,1800.0,1700.0,200.0,11.76470588235294,2026,7,28
Tamil Nadu,Theni,Periyakulam(Uzhavar Sandhai ),Beans,Beans (Whole),Local,2026-07-28,8600.0,9000.0,8800.0,400.0,4.545454545454546,2026,7,28
Tamil Nadu,Theni,Periyakulam(Uzhavar Sandhai ),Beetroot,Beetroot,Local,2026-07-28,4200.0,4500.0,4350.0,300.0,6.896551724137931,2026,7,28
Tamil Nadu,Theni,Periyakulam(Uzhavar Sandhai ),Ridgeguard(Tori),Ridgeguard(Tori),Local,2026-07-28,4600.0,4800.0,4700.0,200.0,4.25531914893617,2026,7,28
Tamil Nadu,Theni,Periyakulam(Uzhavar Sandhai ),Thondekai,Thondekai,Local,2026-07-28,4800.0,5000.0,4900.0,200.0,4.081632653061225,2026,7,28
Tamil Nadu,Theni,Periyakulam(Uzhavar Sandhai ),Onion Green,Onion Green,Local,2026-07-28,6000.0,6400.0,6200.0,400.0,6.451612903225806,2026,7,28
Tamil Nadu,Virudhunagar,Srivilliputhur(Uzhavar Sandhai ),Cauliflower,Ranchi,Local,2026-07-28,2500.0,3000.0,2750.0,500.0,18.181818181818183,2026,7,28
Tamil Nadu,Virudhunagar,Srivilliputhur(Uzhavar Sandhai ),Beans,Beans (Whole),Local,2026-07-28,7000.0,8000.0,7500.0,1000.0,13.333333333333334,2026,7,28
Tamil Nadu,Virudhunagar,Srivilliputhur(Uzhavar Sandhai ),Coconut,Coconut,Local,2026-07-28,5000.0,6000.0,5500.0,1000.0,18.181818181818183,2026,7,28
Tamil Nadu,Virudhunagar,Srivilliputhur(Uzhavar Sandhai ),Snakeguard,Snakeguard,Local,2026-07-28,4500.0,5000.0,4750.0,500.0,10.526315789473683,2026,7,28
Tamil Nadu,Virudhunagar,Srivilliputhur(Uzhavar Sandhai ),Tender Coconut,Tender Coconut,Local,2026-07-28,2000.0,2500.0,2250.0,500.0,22.22222222222222,2026,7,28
Tamil Nadu,Virudhunagar,Srivilliputhur(Uzhavar Sandhai ),Yam(Ratalu),Yam (Ratalu),Local,2026-07-28,9000.0,10000.0,9500.0,1000.0,10.526315789473683,2026,7,28
Tamil Nadu,Virudhunagar,Srivilliputhur(Uzhavar Sandhai ),Lemon,Lemon,Local,2026-07-28,5000.0,6000.0,5500.0,1000.0,18.181818181818183,2026,7,28
Tamil Nadu,Virudhunagar,Srivilliputhur(Uzhavar Sandhai ),Colacasia,Colacasia,Local,2026-07-28,5000.0,6000.0,5500.0,1000.0,18.181818181818183,2026,7,28
Tamil Nadu,Virudhunagar,Srivilliputhur(Uzhavar Sandhai ),Onion Green,Onion Green,Local,2026-07-28,5000.0,6000.0,5500.0,1000.0,18.181818181818183,2026,7,28
Uttar Pradesh,Badaun,Shahaswan APMC,Apple,Apple,Medium,2026-07-28,8500.0,9500.0,9000.0,1000.0,11.11111111111111,2026,7,28
Punjab,Ludhiana,Sahnewal APMC,Round gourd,Round gourd,FAQ,2026-07-28,2800.0,2800.0,2800.0,0.0,0.0,2026,7,28
Punjab,Ludhiana,Sahnewal APMC,Onion,Onion,FAQ,2026-07-28,3000.0,3000.0,3000.0,0.0,0.0,2026,7,28
Punjab,Ludhiana,Sahnewal APMC,Pumpkin,Pumpkin,FAQ,2026-07-28,1800.0,1800.0,1800.0,0.0,0.0,2026,7,28
Punjab,Sangrur,Bhawanigarh APMC,Mango,Other,Medium,2026-07-28,5000.0,5500.0,5250.0,500.0,9.523809523809524,2026,7,28
Punjab,Sangrur,Bhawanigarh APMC,Plum,Other,Medium,2026-07-28,6500.0,7000.0,6750.0,500.0,7.4074074074074066,2026,7,28
Punjab,Sangrur,Bhawanigarh APMC,Coriander(Leaves),Coriander,Medium,2026-07-28,8000.0,8000.0,8000.0,0.0,0.0,2026,7,28
Punjab,Sangrur,Bhawanigarh APMC,Cucumbar(Kheera),Other,Medium,2026-07-28,1200.0,1200.0,1200.0,0.0,0.0,2026,7,28
Punjab,Sangrur,Bhawanigarh APMC,Ridgeguard(Tori),Other,Medium,2026-07-28,2800.0,3000.0,2900.0,200.0,6.896551724137931,2026,7,28
West Bengal,Paschim Bardhaman,Durgapur APMC,Rice,Fine,FAQ,2026-07-28,4675.0,4850.0,4765.0,175.0,3.6726128016789086,2026,7,28
Tamil Nadu,Coimbatore,Vadavalli(Uzhavar Sandhai ),Papaya,Papaya,Local,2026-07-28,3800.0,4200.0,4000.0,400.0,10.0,2026,7,28
Tamil Nadu,Coimbatore,Vadavalli(Uzhavar Sandhai ),Apple,American,Local,2026-07-28,24000.0,27000.0,25500.0,3000.0,11.76470588235294,2026,7,28
Tamil Nadu,Coimbatore,Vadavalli(Uzhavar Sandhai ),Banana,Besrai,Local,2026-07-28,6800.0,7800.0,7300.0,1000.0,13.698630136986301,2026,7,28
Tamil Nadu,Coimbatore,Vadavalli(Uzhavar Sandhai ),Water Melon,Water Melon,Local,2026-07-28,2200.0,2600.0,2400.0,400.0,16.666666666666664,2026,7,28
Tamil Nadu,Coimbatore,Vadavalli(Uzhavar Sandhai ),Garlic,Garlic,Local,2026-07-28,18000.0,22000.0,20000.0,4000.0,20.0,2026,7,28
Tamil Nadu,Coimbatore,Vadavalli(Uzhavar Sandhai ),Cluster beans,Cluster Beans,Local,2026-07-28,3600.0,4200.0,3900.0,600.0,15.384615384615385,2026,7,28
Tamil Nadu,Coimbatore,Vadavalli(Uzhavar Sandhai ),Pumpkin,Pumpkin,Local,2026-07-28,1400.0,2000.0,1700.0,600.0,35.294117647058826,2026,7,28
Tamil Nadu,Coimbatore,Vadavalli(Uzhavar Sandhai ),Ginger(Green),Green Ginger,Local,2026-07-28,11500.0,16500.0,14000.0,5000.0,35.714285714285715,2026,7,28
Tamil Nadu,Coimbatore,Vadavalli(Uzhavar Sandhai ),Sweet Potato,Hosur Red,Local,2026-07-28,3500.0,4000.0,3750.0,500.0,13.333333333333334,2026,7,28
Tamil Nadu,Coimbatore,Vadavalli(Uzhavar Sandhai ),Carrot,Pusakesar,Local,2026-07-28,7500.0,8500.0,8000.0,1000.0,12.5,2026,7,28
Tamil Nadu,Coimbatore,Vadavalli(Uzhavar Sandhai ),Cabbage,Cabbage,Local,2026-07-28,3200.0,3800.0,3500.0,600.0,17.142857142857142,2026,7,28
Tamil Nadu,Coimbatore,Vadavalli(Uzhavar Sandhai ),Beetroot,Beetroot,Local,2026-07-28,7000.0,7800.0,7400.0,800.0,10.81081081081081,2026,7,28
Tamil Nadu,Coimbatore,Vadavalli(Uzhavar Sandhai ),Raddish,Raddish,Local,2026-07-28,3800.0,4200.0,4000.0,400.0,10.0,2026,7,28
Tamil Nadu,Coimbatore,Vadavalli(Uzhavar Sandhai ),Pomegranate,Pomogranate,Local,2026-07-28,21500.0,23500.0,22500.0,2000.0,8.88888888888889,2026,7,28
Tamil Nadu,Coimbatore,Vadavalli(Uzhavar Sandhai ),Sweet Corn,Sweet Corn,Local,2026-07-28,3000.0,4000.0,3500.0,1000.0,28.57142857142857,2026,7,28
West Bengal,Darjeeling,Karsiyang(Matigara) APMC,Tomato,Other,FAQ,2026-07-28,3600.0,3800.0,3700.0,200.0,5.405405405405405,2026,7,28
West Bengal,Darjeeling,Darjeeling APMC,Cabbage,Other,FAQ,2026-07-28,2700.0,2900.0,2800.0,200.0,7.142857142857142,2026,7,28
West Bengal,Darjeeling,Darjeeling APMC,Potato,Red,FAQ,2026-07-28,1400.0,1600.0,1500.0,200.0,13.333333333333334,2026,7,28
West Bengal,Darjeeling,Darjeeling APMC,Squash(Chappal Kadoo),Other,FAQ,2026-07-28,2400.0,2600.0,2500.0,200.0,8.0,2026,7,28
West Bengal,Darjeeling,Darjeeling APMC,Tomato,Other,FAQ,2026-07-28,3600.0,3800.0,3700.0,200.0,5.405405405405405,2026,7,28
Haryana,Palwal,Hassanpur APMC,Potato,Potato,Local,2026-07-28,1000.0,1000.0,1000.0,0.0,0.0,2026,7,28
Haryana,Palwal,Hassanpur APMC,Cucumbar(Kheera),Cucumbar,Local,2026-07-28,1500.0,1500.0,1500.0,0.0,0.0,2026,7,28
Haryana,Palwal,Hassanpur APMC,Bitter gourd,Bitter Gourd,Local,2026-07-28,1900.0,1900.0,1900.0,0.0,0.0,2026,7,28
Uttar Pradesh,Bulandshahar,Gulavati APMC,Colacasia,Other,FAQ,2026-07-28,4100.0,4300.0,4200.0,200.0,4.761904761904762,2026,7,28
Haryana,Hissar,Barwala(Hisar) APMC,Mango,Other,Local,2026-07-28,8000.0,10000.0,9000.0,2000.0,22.22222222222222,2026,7,28
Haryana,Hissar,Barwala(Hisar) APMC,Capsicum,Capsicum,Local,2026-07-28,6000.0,7000.0,6500.0,1000.0,15.384615384615385,2026,7,28
Haryana,Hissar,Barwala(Hisar) APMC,Round gourd,Other,Local,2026-07-28,1000.0,1200.0,1100.0,200.0,18.181818181818183,2026,7,28
Haryana,Hissar,Barwala(Hisar) APMC,Bottle gourd,Bottle Gourd,Local,2026-07-28,2000.0,2800.0,2500.0,800.0,32.0,2026,7,28
Punjab,Fazilka,Jalalabad APMC,Mango,Other,Medium,2026-07-28,4700.0,5000.0,4800.0,300.0,6.25,2026,7,28
Punjab,Fazilka,Jalalabad APMC,Mousambi(Sweet Lime),Mousambi,Medium,2026-07-28,5000.0,5200.0,5000.0,200.0,4.0,2026,7,28
Punjab,Fazilka,Jalalabad APMC,Pineapple,Other,Medium,2026-07-28,4800.0,5200.0,5000.0,400.0,8.0,2026,7,28
Punjab,Fazilka,Jalalabad APMC,Green Chilli,Other,Medium,2026-07-28,2700.0,3000.0,2800.0,300.0,10.714285714285714,2026,7,28
Punjab,Fazilka,Jalalabad APMC,Potato,Potato,Medium,2026-07-28,1000.0,1200.0,1100.0,200.0,18.181818181818183,2026,7,28
Punjab,Fazilka,Jalalabad APMC,Tinda,Other,Medium,2026-07-28,3500.0,3800.0,3600.0,300.0,8.333333333333332,2026,7,28
Tamil Nadu,Coimbatore,Udumalpet APMC,Potato,Red Nanital,Local,2026-07-28,3000.0,3500.0,3250.0,500.0,15.384615384615385,2026,7,28
Tamil Nadu,Coimbatore,Udumalpet APMC,Coriander(Leaves),I Sort,Local,2026-07-28,6000.0,7500.0,6750.0,1500.0,22.22222222222222,2026,7,28
Tamil Nadu,Coimbatore,Udumalpet APMC,Beans,Beans (Whole),Local,2026-07-28,8000.0,10800.0,9400.0,2800.0,29.78723404255319,2026,7,28
Tamil Nadu,Coimbatore,Udumalpet APMC,Coconut,Coconut,Local,2026-07-28,5000.0,5800.0,5400.0,800.0,14.814814814814813,2026,7,28
Tamil Nadu,Coimbatore,Udumalpet APMC,Sweet Potato,Hosur Red,Local,2026-07-28,4000.0,5000.0,4500.0,1000.0,22.22222222222222,2026,7,28
Tamil Nadu,Coimbatore,Udumalpet APMC,Onion Green,Onion Green,Local,2026-07-28,5000.0,7000.0,6000.0,2000.0,33.33333333333333,2026,7,28
West Bengal,Darjeeling,Siliguri APMC,Banana,Banana - Ripe,Grade A,2026-07-28,2100.0,2300.0,2200.0,200.0,9.090909090909092,2026,7,28
Tamil Nadu,Erode,Gobichettipalayam(Uzhavar Sandhai ),Banana,Besrai,Local,2026-07-28,5000.0,5200.0,5100.0,200.0,3.9215686274509802,2026,7,28
Tamil Nadu,Erode,Gobichettipalayam(Uzhavar Sandhai ),Potato,Red Nanital,Local,2026-07-28,3400.0,3600.0,3500.0,200.0,5.714285714285714,2026,7,28
Tamil Nadu,Erode,Gobichettipalayam(Uzhavar Sandhai ),Cluster beans,Cluster Beans,Local,2026-07-28,3600.0,4000.0,3800.0,400.0,10.526315789473683,2026,7,28
Tamil Nadu,Erode,Gobichettipalayam(Uzhavar Sandhai ),Bitter gourd,Bitter Gourd,Local,2026-07-28,5000.0,5500.0,5250.0,500.0,9.523809523809524,2026,7,28
Tamil Nadu,Erode,Gobichettipalayam(Uzhavar Sandhai ),Amaranthus,Amaranthus,Local,2026-07-28,4200.0,4500.0,4350.0,300.0,6.896551724137931,2026,7,28
Tamil Nadu,Erode,Gobichettipalayam(Uzhavar Sandhai ),Coconut,Coconut,Local,2026-07-28,2500.0,3000.0,2750.0,500.0,18.181818181818183,2026,7,28
Tamil Nadu,Erode,Gobichettipalayam(Uzhavar Sandhai ),Cabbage,Cabbage,Local,2026-07-28,3600.0,4000.0,3800.0,400.0,10.526315789473683,2026,7,28
Tamil Nadu,Erode,Gobichettipalayam(Uzhavar Sandhai ),Raddish,Raddish,Local,2026-07-28,2500.0,3000.0,2750.0,500.0,18.181818181818183,2026,7,28
Tamil Nadu,Erode,Gobichettipalayam(Uzhavar Sandhai ),Mint(Pudina),Mint(Pudina),Local,2026-07-28,3600.0,3800.0,3700.0,200.0,5.405405405405405,2026,7,28
Himachal Pradesh,Shimla,SMY Rohroo,Bhindi(Ladies Finger),Bhindi,Grade B,2026-07-28,3500.0,4000.0,3800.0,500.0,13.157894736842104,2026,7,28
Himachal Pradesh,Shimla,SMY Rohroo,French Beans(Frasbean),Other,Grade B,2026-07-28,2800.0,3200.0,3000.0,400.0,13.333333333333334,2026,7,28
Himachal Pradesh,Shimla,SMY Rohroo,Raddish,Other,Grade B,2026-07-28,2000.0,2200.0,2100.0,200.0,9.523809523809524,2026,7,28
Tamil Nadu,Pudukkottai,Ponnamaravathi(Uzhavar Sandhai),Brinjal,Round,Local,2026-07-28,6500.0,7000.0,6750.0,500.0,7.4074074074074066,2026,7,28
Tamil Nadu,Pudukkottai,Ponnamaravathi(Uzhavar Sandhai),Ashgourd,Gouard,Local,2026-07-28,1000.0,1500.0,1250.0,500.0,40.0,2026,7,28
Tamil Nadu,Pudukkottai,Ponnamaravathi(Uzhavar Sandhai),Bhindi(Ladies Finger),Bhindi,Local,2026-07-28,3500.0,4000.0,3750.0,500.0,13.333333333333334,2026,7,28
Tamil Nadu,Pudukkottai,Ponnamaravathi(Uzhavar Sandhai),Amaranthus,Amaranthus,Local,2026-07-28,1500.0,2000.0,1750.0,500.0,28.57142857142857,2026,7,28
Tamil Nadu,Pudukkottai,Ponnamaravathi(Uzhavar Sandhai),Ridgeguard(Tori),Ridgeguard(Tori),Local,2026-07-28,6500.0,7000.0,6750.0,500.0,7.4074074074074066,2026,7,28
Tamil Nadu,Pudukkottai,Ponnamaravathi(Uzhavar Sandhai),Raddish,Raddish,Local,2026-07-28,3500.0,4000.0,3750.0,500.0,13.333333333333334,2026,7,28
Tamil Nadu,Pudukkottai,Ponnamaravathi(Uzhavar Sandhai),Mango(Raw-Ripe),Mango - Raw-Ripe,Local,2026-07-28,3000.0,3500.0,3250.0,500.0,15.384615384615385,2026,7,28
Tamil Nadu,Pudukkottai,Ponnamaravathi(Uzhavar Sandhai),Lemon,Lemon,Local,2026-07-28,4500.0,5000.0,4750.0,500.0,10.526315789473683,2026,7,28
Telangana,Karimnagar,Huzzurabad APMC,Paddy(Common),1001,FAQ,2026-07-28,2369.0,2389.0,2369.0,20.0,0.8442380751371887,2026,7,28
Tamil Nadu,Nagapattinam,Mayiladuthurai(Uzhavar Sandhai ),Bottle gourd,Bottle Gourd,Local,2026-07-28,2500.0,3000.0,2750.0,500.0,18.181818181818183,2026,7,28
Tamil Nadu,Nagapattinam,Mayiladuthurai(Uzhavar Sandhai ),Carrot,Pusakesar,Local,2026-07-28,8000.0,8000.0,8000.0,0.0,0.0,2026,7,28
Tamil Nadu,Nagapattinam,Mayiladuthurai(Uzhavar Sandhai ),Green Avare(W),Green Avare (W),Local,2026-07-28,6000.0,7000.0,6500.0,1000.0,15.384615384615385,2026,7,28
Tamil Nadu,Nagapattinam,Mayiladuthurai(Uzhavar Sandhai ),Mango(Raw-Ripe),Mango - Raw-Ripe,Local,2026-07-28,1500.0,2000.0,1750.0,500.0,28.57142857142857,2026,7,28
Tamil Nadu,Pudukkottai,Viralimalai(Uzhavar Sandhai ),Banana,Red Banana,Local,2026-07-28,7000.0,8000.0,7500.0,1000.0,13.333333333333334,2026,7,28
Tamil Nadu,Pudukkottai,Viralimalai(Uzhavar Sandhai ),Bottle gourd,Bottle Gourd,Local,2026-07-28,2500.0,3000.0,2750.0,500.0,18.181818181818183,2026,7,28
Tamil Nadu,Pudukkottai,Viralimalai(Uzhavar Sandhai ),Ashgourd,Gouard,Local,2026-07-28,1000.0,1500.0,1250.0,500.0,40.0,2026,7,28
Tamil Nadu,Pudukkottai,Viralimalai(Uzhavar Sandhai ),Bhindi(Ladies Finger),Bhindi,Local,2026-07-28,3500.0,4000.0,3750.0,500.0,13.333333333333334,2026,7,28
Tamil Nadu,Pudukkottai,Viralimalai(Uzhavar Sandhai ),Snakeguard,Snakeguard,Local,2026-07-28,3500.0,4000.0,3750.0,500.0,13.333333333333334,2026,7,28
Tamil Nadu,Pudukkottai,Viralimalai(Uzhavar Sandhai ),Mint(Pudina),Mint(Pudina),Local,2026-07-28,3500.0,4000.0,3750.0,500.0,13.333333333333334,2026,7,28
Tamil Nadu,Ramanathapuram,Kamuthi(Uzhavar Sandhai ),Coriander(Leaves),I Sort,Local,2026-07-28,8500.0,9000.0,8750.0,500.0,5.714285714285714,2026,7,28
Tamil Nadu,Ramanathapuram,Kamuthi(Uzhavar Sandhai ),Bhindi(Ladies Finger),Bhindi,Local,2026-07-28,6000.0,6200.0,6100.0,200.0,3.278688524590164,2026,7,28
Tamil Nadu,Ramanathapuram,Paramakudi(Uzhavar Sandhai ),Onion,Bellary,Local,2026-07-28,4500.0,4800.0,4650.0,300.0,6.451612903225806,2026,7,28
Tamil Nadu,Ramanathapuram,Paramakudi(Uzhavar Sandhai ),Potato,Red Nanital,Local,2026-07-28,4500.0,5000.0,4750.0,500.0,10.526315789473683,2026,7,28
Tamil Nadu,Ramanathapuram,Paramakudi(Uzhavar Sandhai ),Cauliflower,Ranchi,Local,2026-07-28,5000.0,5200.0,5100.0,200.0,3.9215686274509802,2026,7,28
Tamil Nadu,Ramanathapuram,Paramakudi(Uzhavar Sandhai ),Pumpkin,Pumpkin,Local,2026-07-28,1800.0,2000.0,1900.0,200.0,10.526315789473683,2026,7,28
Tamil Nadu,Ramanathapuram,Paramakudi(Uzhavar Sandhai ),Green Chilli,Green Chilly,Local,2026-07-28,7500.0,8000.0,7750.0,500.0,6.451612903225806,2026,7,28
Tamil Nadu,Ramanathapuram,Paramakudi(Uzhavar Sandhai ),Marigold(Calcutta),Marigold(Calcutta),Local,2026-07-28,9000.0,10000.0,9500.0,1000.0,10.526315789473683,2026,7,28
Tamil Nadu,Ramanathapuram,Paramakudi(Uzhavar Sandhai ),Mint(Pudina),Mint(Pudina),Local,2026-07-28,7000.0,7500.0,7250.0,500.0,6.896551724137931,2026,7,28
Tamil Nadu,Ramanathapuram,Ramanathapuram(Uzhavar Sandhai ),Onion,Bellary,Local,2026-07-28,4500.0,5000.0,4750.0,500.0,10.526315789473683,2026,7,28
Tamil Nadu,Ramanathapuram,Ramanathapuram(Uzhavar Sandhai ),Potato,Red Nanital,Local,2026-07-28,4800.0,5000.0,4900.0,200.0,4.081632653061225,2026,7,28
Tamil Nadu,Ramanathapuram,Ramanathapuram(Uzhavar Sandhai ),Cluster beans,Cluster Beans,Local,2026-07-28,3800.0,4000.0,3900.0,200.0,5.128205128205128,2026,7,28
Tamil Nadu,Ramanathapuram,Ramanathapuram(Uzhavar Sandhai ),Bottle gourd,Bottle Gourd,Local,2026-07-28,2400.0,2600.0,2500.0,200.0,8.0,2026,7,28
Tamil Nadu,Ramanathapuram,Ramanathapuram(Uzhavar Sandhai ),Amaranthus,Amaranthus,Local,2026-07-28,3500.0,3800.0,3650.0,300.0,8.21917808219178,2026,7,28
Tamil Nadu,Ramanathapuram,Ramanathapuram(Uzhavar Sandhai ),Ginger(Green),Green Ginger,Local,2026-07-28,16000.0,16500.0,16250.0,500.0,3.076923076923077,2026,7,28
Tamil Nadu,Ramanathapuram,Ramanathapuram(Uzhavar Sandhai ),Raddish,Raddish,Local,2026-07-28,4200.0,4500.0,4350.0,300.0,6.896551724137931,2026,7,28
Tamil Nadu,Ramanathapuram,Ramanathapuram(Uzhavar Sandhai ),Mango(Raw-Ripe),Mango - Raw-Ripe,Local,2026-07-28,4000.0,4500.0,4250.0,500.0,11.76470588235294,2026,7,28
Tamil Nadu,Ramanathapuram,Ramanathapuram(Uzhavar Sandhai ),Lemon,Lemon,Local,2026-07-28,9500.0,10000.0,9750.0,500.0,5.128205128205128,2026,7,28
Tamil Nadu,Ramanathapuram,Ramanathapuram(Uzhavar Sandhai ),Onion Green,Onion Green,Local,2026-07-28,6500.0,6800.0,6650.0,300.0,4.511278195488721,2026,7,28
Tamil Nadu,Pudukkottai,Alangudi(Uzhavar Sandhai ),Banana,Karpura,Local,2026-07-28,4500.0,5000.0,4750.0,500.0,10.526315789473683,2026,7,28
Tamil Nadu,Pudukkottai,Alangudi(Uzhavar Sandhai ),Cluster beans,Cluster Beans,Local,2026-07-28,4500.0,5000.0,4750.0,500.0,10.526315789473683,2026,7,28
Tamil Nadu,Pudukkottai,Alangudi(Uzhavar Sandhai ),Banana - Green,Banana - Green,Local,2026-07-28,2500.0,3000.0,2750.0,500.0,18.181818181818183,2026,7,28
Tamil Nadu,Pudukkottai,Alangudi(Uzhavar Sandhai ),Mango(Raw-Ripe),Mango - Raw-Ripe,Local,2026-07-28,2500.0,3000.0,2750.0,500.0,18.181818181818183,2026,7,28
Tamil Nadu,Thiruvannamalai,Arani(Uzhavar Sandhai ),Brinjal,Round,Local,2026-07-28,6000.0,7000.0,6500.0,1000.0,15.384615384615385,2026,7,28
Tamil Nadu,Thiruvannamalai,Arani(Uzhavar Sandhai ),Bottle gourd,Bottle Gourd,Local,2026-07-28,2000.0,2400.0,2200.0,400.0,18.181818181818183,2026,7,28
Tamil Nadu,Thiruvannamalai,Arani(Uzhavar Sandhai ),Amaranthus,Amaranthus,Local,2026-07-28,1500.0,2000.0,1750.0,500.0,28.57142857142857,2026,7,28
Tamil Nadu,Thiruvannamalai,Arani(Uzhavar Sandhai ),Beans,Beans (Whole),Local,2026-07-28,7200.0,8400.0,7800.0,1200.0,15.384615384615385,2026,7,28
Tamil Nadu,Thiruvannamalai,Arani(Uzhavar Sandhai ),Coconut,Coconut,Local,2026-07-28,3800.0,4500.0,4150.0,700.0,16.867469879518072,2026,7,28
Tamil Nadu,Thiruvannamalai,Arani(Uzhavar Sandhai ),Ridgeguard(Tori),Ridgeguard(Tori),Local,2026-07-28,3500.0,4200.0,3850.0,700.0,18.181818181818183,2026,7,28
Tamil Nadu,Thiruvannamalai,Arani(Uzhavar Sandhai ),Guava,Guava Allahabad,Local,2026-07-28,4000.0,5000.0,4500.0,1000.0,22.22222222222222,2026,7,28
Tamil Nadu,Thiruvannamalai,Polur(Uzhavar Sandhai ),Banana,Besrai,Local,2026-07-28,4200.0,5000.0,4600.0,800.0,17.391304347826086,2026,7,28
Tamil Nadu,Thiruvannamalai,Polur(Uzhavar Sandhai ),Potato,Red Nanital,Local,2026-07-28,3300.0,4000.0,3650.0,700.0,19.17808219178082,2026,7,28
Tamil Nadu,Thiruvannamalai,Polur(Uzhavar Sandhai ),Garlic,Garlic,Local,2026-07-28,20000.0,24000.0,22000.0,4000.0,18.181818181818183,2026,7,28
Tamil Nadu,Thiruvannamalai,Polur(Uzhavar Sandhai ),Bhindi(Ladies Finger),Bhindi,Local,2026-07-28,3300.0,4000.0,3650.0,700.0,19.17808219178082,2026,7,28
Tamil Nadu,Thiruvannamalai,Polur(Uzhavar Sandhai ),Amaranthus,Amaranthus,Local,2026-07-28,1600.0,2000.0,1800.0,400.0,22.22222222222222,2026,7,28
Tamil Nadu,Thiruvannamalai,Polur(Uzhavar Sandhai ),Coconut,Coconut,Local,2026-07-28,4000.0,4500.0,4250.0,500.0,11.76470588235294,2026,7,28
Tamil Nadu,Thiruvannamalai,Polur(Uzhavar Sandhai ),Sweet Potato,Hosur Red,Local,2026-07-28,3300.0,4000.0,3650.0,700.0,19.17808219178082,2026,7,28
Tamil Nadu,Thiruvannamalai,Polur(Uzhavar Sandhai ),Raddish,Raddish,Local,2026-07-28,2500.0,3000.0,2750.0,500.0,18.181818181818183,2026,7,28
Tamil Nadu,Thiruvannamalai,Polur(Uzhavar Sandhai ),Green Avare(W),Green Avare (W),Local,2026-07-28,5000.0,6000.0,5500.0,1000.0,18.181818181818183,2026,7,28
Tamil Nadu,Thiruvannamalai,Polur(Uzhavar Sandhai ),Drumstick,Drumstick,Local,2026-07-28,5000.0,6000.0,5500.0,1000.0,18.181818181818183,2026,7,28
Tamil Nadu,Thiruvannamalai,Polur(Uzhavar Sandhai ),Yam(Ratalu),Yam (Ratalu),Local,2026-07-28,5000.0,6000.0,5500.0,1000.0,18.181818181818183,2026,7,28
Tamil Nadu,Thiruvannamalai,Polur(Uzhavar Sandhai ),Mint(Pudina),Mint(Pudina),Local,2026-07-28,3300.0,4000.0,3650.0,700.0,19.17808219178082,2026,7,28
Tamil Nadu,Thiruvannamalai,Polur(Uzhavar Sandhai ),Rose(Local),Rose (Local),Local,2026-07-28,16000.0,20000.0,18000.0,4000.0,22.22222222222222,2026,7,28
Tamil Nadu,Thiruvannamalai,Tiruvannamalai(Uzhavar Sandhai ),Mango,Safeda,Local,2026-07-28,5000.0,6000.0,5500.0,1000.0,18.181818181818183,2026,7,28
Tamil Nadu,Thiruvannamalai,Tiruvannamalai(Uzhavar Sandhai ),Chikoos(Sapota),Sapota,Local,2026-07-28,4000.0,5000.0,4500.0,1000.0,22.22222222222222,2026,7,28
Tamil Nadu,Thiruvannamalai,Tiruvannamalai(Uzhavar Sandhai ),Cluster beans,Cluster Beans,Local,2026-07-28,4000.0,4800.0,4400.0,800.0,18.181818181818183,2026,7,28
Tamil Nadu,Thiruvannamalai,Tiruvannamalai(Uzhavar Sandhai ),Bitter gourd,Bitter Gourd,Local,2026-07-28,5000.0,6000.0,5500.0,1000.0,18.181818181818183,2026,7,28
Tamil Nadu,Thiruvannamalai,Tiruvannamalai(Uzhavar Sandhai ),Pumpkin,Pumpkin,Local,2026-07-28,2000.0,2500.0,2250.0,500.0,22.22222222222222,2026,7,28
Tamil Nadu,Thiruvannamalai,Tiruvannamalai(Uzhavar Sandhai ),Green Chilli,Green Chilly,Local,2026-07-28,5000.0,6000.0,5500.0,1000.0,18.181818181818183,2026,7,28
Tamil Nadu,Thiruvannamalai,Tiruvannamalai(Uzhavar Sandhai ),Cowpea(Veg),Cowpea (Veg),Local,2026-07-28,5000.0,6000.0,5500.0,1000.0,18.181818181818183,2026,7,28
Tamil Nadu,Thiruvannamalai,Tiruvannamalai(Uzhavar Sandhai ),Tapioca,Tapioca,Local,2026-07-28,2500.0,3000.0,2750.0,500.0,18.181818181818183,2026,7,28
Tamil Nadu,Thiruvannamalai,Tiruvannamalai(Uzhavar Sandhai ),Raddish,Raddish,Local,2026-07-28,2500.0,3000.0,2750.0,500.0,18.181818181818183,2026,7,28
Tamil Nadu,Thiruvannamalai,Tiruvannamalai(Uzhavar Sandhai ),Green Avare(W),Green Avare (W),Local,2026-07-28,4800.0,5600.0,5200.0,800.0,15.384615384615385,2026,7,28
Tamil Nadu,Thiruvannamalai,Tiruvannamalai(Uzhavar Sandhai ),Drumstick,Drumstick,Local,2026-07-28,5000.0,6000.0,5500.0,1000.0,18.181818181818183,2026,7,28
Tamil Nadu,Thiruvannamalai,Tiruvannamalai(Uzhavar Sandhai ),Jamun(Narale Hannu),Jamun,Local,2026-07-28,18000.0,20000.0,19000.0,2000.0,10.526315789473683,2026,7,28
Tamil Nadu,Thiruvannamalai,Tiruvannamalai(Uzhavar Sandhai ),Guava,Guava Allahabad,Local,2026-07-28,5000.0,6000.0,5500.0,1000.0,18.181818181818183,2026,7,28
Tamil Nadu,Thiruvannamalai,Tiruvannamalai(Uzhavar Sandhai ),Fig(Anjura/Anjeer),Anjura,Local,2026-07-28,7000.0,8000.0,7500.0,1000.0,13.333333333333334,2026,7,28
Tamil Nadu,Thiruvannamalai,Tiruvannamalai(Uzhavar Sandhai ),Onion Green,Onion Green,Local,2026-07-28,7000.0,8000.0,7500.0,1000.0,13.333333333333334,2026,7,28
Tamil Nadu,Thiruvannamalai,Tiruvannamalai(Uzhavar Sandhai ),Sweet Corn,Sweet Corn,Local,2026-07-28,3000.0,3500.0,3250.0,500.0,15.384615384615385,2026,7,28
Tamil Nadu,Thiruvellore,Ambattur(Uzhavar Sandhai ),Onion,Bellary,Local,2026-07-28,3000.0,3000.0,3000.0,0.0,0.0,2026,7,28
Tamil Nadu,Thiruvellore,Perambakkam(Uzhavar Sandhai ),Brinjal,Round,Local,2026-07-28,5000.0,5000.0,5000.0,0.0,0.0,2026,7,28
Tamil Nadu,Thiruvellore,Perambakkam(Uzhavar Sandhai ),Cluster beans,Cluster Beans,Local,2026-07-28,4500.0,4500.0,4500.0,0.0,0.0,2026,7,28
Tamil Nadu,Thiruvellore,Perambakkam(Uzhavar Sandhai ),Snakeguard,Snakeguard,Local,2026-07-28,4500.0,4500.0,4500.0,0.0,0.0,2026,7,28
Tamil Nadu,Tuticorin,Kovilpatti(Uzhavar Sandhai ),Papaya,Papaya,Local,2026-07-28,2500.0,3000.0,2750.0,500.0,18.181818181818183,2026,7,28
Tamil Nadu,Tuticorin,Kovilpatti(Uzhavar Sandhai ),Onion,Bellary,Local,2026-07-28,4000.0,4500.0,4250.0,500.0,11.76470588235294,2026,7,28
Tamil Nadu,Tuticorin,Kovilpatti(Uzhavar Sandhai ),Brinjal,Other,Local,2026-07-28,3000.0,3500.0,3250.0,500.0,15.384615384615385,2026,7,28
Tamil Nadu,Tuticorin,Kovilpatti(Uzhavar Sandhai ),Bitter gourd,Other,Local,2026-07-28,15000.0,16000.0,15500.0,1000.0,6.451612903225806,2026,7,28
Tamil Nadu,Tuticorin,Kovilpatti(Uzhavar Sandhai ),Pumpkin,Pumpkin,Local,2026-07-28,2500.0,3000.0,2750.0,500.0,18.181818181818183,2026,7,28
Tamil Nadu,Tuticorin,Kovilpatti(Uzhavar Sandhai ),Amaranthus,Amaranthus,Local,2026-07-28,1500.0,1800.0,1650.0,300.0,18.181818181818183,2026,7,28
Tamil Nadu,Tuticorin,Kovilpatti(Uzhavar Sandhai ),Coconut,Coconut,Local,2026-07-28,6500.0,7000.0,6750.0,500.0,7.4074074074074066,2026,7,28
Tamil Nadu,Tuticorin,Kovilpatti(Uzhavar Sandhai ),Capsicum,Capsicum,Local,2026-07-28,8000.0,8500.0,8250.0,500.0,6.0606060606060606,2026,7,28
Tamil Nadu,Tuticorin,Kovilpatti(Uzhavar Sandhai ),Green Avare(W),Other,Local,2026-07-28,6000.0,6500.0,6250.0,500.0,8.0,2026,7,28
Tamil Nadu,Tuticorin,Kovilpatti(Uzhavar Sandhai ),Lime,Lime,Local,2026-07-28,15000.0,16000.0,15500.0,1000.0,6.451612903225806,2026,7,28
Tamil Nadu,Tuticorin,Kovilpatti(Uzhavar Sandhai ),Guava,Guava Allahabad,Local,2026-07-28,5000.0,5500.0,5250.0,500.0,9.523809523809524,2026,7,28
Tamil Nadu,Tuticorin,Kovilpatti(Uzhavar Sandhai ),Lemon,Lemon,Local,2026-07-28,8000.0,8500.0,8250.0,500.0,6.0606060606060606,2026,7,28
Tamil Nadu,Vellore,Gudiyatham(Uzhavar Sandhai ),Banana,Red Banana,Local,2026-07-28,8000.0,8000.0,8000.0,0.0,0.0,2026,7,28
Tamil Nadu,Vellore,Gudiyatham(Uzhavar Sandhai ),Garlic,Garlic,Local,2026-07-28,23000.0,23000.0,23000.0,0.0,0.0,2026,7,28
Tamil Nadu,Vellore,Gudiyatham(Uzhavar Sandhai ),Amaranthus,Amaranthus,Local,2026-07-28,4000.0,4000.0,4000.0,0.0,0.0,2026,7,28
Tamil Nadu,Vellore,Gudiyatham(Uzhavar Sandhai ),Banana - Green,Banana - Green,Local,2026-07-28,3500.0,3500.0,3500.0,0.0,0.0,2026,7,28
Tamil Nadu,Vellore,Gudiyatham(Uzhavar Sandhai ),Ridgeguard(Tori),Ridgeguard(Tori),Local,2026-07-28,4000.0,4000.0,4000.0,0.0,0.0,2026,7,28
Tamil Nadu,Vellore,Gudiyatham(Uzhavar Sandhai ),Drumstick,Drumstick,Local,2026-07-28,5000.0,5000.0,5000.0,0.0,0.0,2026,7,28
Tamil Nadu,Vellore,Gudiyatham(Uzhavar Sandhai ),Tamarind Fruit,Tamarind Fruit,Local,2026-07-28,10000.0,10000.0,10000.0,0.0,0.0,2026,7,28
Tamil Nadu,Vellore,Gudiyatham(Uzhavar Sandhai ),Indian Beans(Seam),Indian Beans (Seam),Local,2026-07-28,6600.0,6600.0,6600.0,0.0,0.0,2026,7,28
Tamil Nadu,Vellore,Kahithapattarai(Uzhavar Sandhai ),Apple,American,Local,2026-07-28,28000.0,28000.0,28000.0,0.0,0.0,2026,7,28
Tamil Nadu,Vellore,Kahithapattarai(Uzhavar Sandhai ),Banana,Besrai,Local,2026-07-28,5000.0,5000.0,5000.0,0.0,0.0,2026,7,28
Tamil Nadu,Vellore,Kahithapattarai(Uzhavar Sandhai ),Mango,Neelam,Local,2026-07-28,4000.0,5000.0,4500.0,1000.0,22.22222222222222,2026,7,28
Tamil Nadu,Vellore,Kahithapattarai(Uzhavar Sandhai ),Onion,Bellary,Local,2026-07-28,3800.0,3800.0,3800.0,0.0,0.0,2026,7,28
Tamil Nadu,Vellore,Kahithapattarai(Uzhavar Sandhai ),Brinjal,Other,Local,2026-07-28,3500.0,3500.0,3500.0,0.0,0.0,2026,7,28
Tamil Nadu,Vellore,Kahithapattarai(Uzhavar Sandhai ),Bitter gourd,Other,Local,2026-07-28,6000.0,6000.0,6000.0,0.0,0.0,2026,7,28
Tamil Nadu,Vellore,Kahithapattarai(Uzhavar Sandhai ),Bottle gourd,Bottle Gourd,Local,2026-07-28,2000.0,3000.0,2500.0,1000.0,40.0,2026,7,28
Tamil Nadu,Vellore,Kahithapattarai(Uzhavar Sandhai ),Banana - Green,Banana - Green,Local,2026-07-28,5000.0,5000.0,5000.0,0.0,0.0,2026,7,28
Tamil Nadu,Vellore,Kahithapattarai(Uzhavar Sandhai ),Beans,Beans (Whole),Local,2026-07-28,8000.0,8000.0,8000.0,0.0,0.0,2026,7,28
Tamil Nadu,Vellore,Kahithapattarai(Uzhavar Sandhai ),Thondekai,Thondekai,Local,2026-07-28,4000.0,4000.0,4000.0,0.0,0.0,2026,7,28
Tamil Nadu,Vellore,Kahithapattarai(Uzhavar Sandhai ),Pomegranate,Pomogranate,Local,2026-07-28,22000.0,22000.0,22000.0,0.0,0.0,2026,7,28
Tamil Nadu,Vellore,Kahithapattarai(Uzhavar Sandhai ),Tamarind Fruit,Tamarind Fruit,Local,2026-07-28,16000.0,16000.0,16000.0,0.0,0.0,2026,7,28
Tamil Nadu,Vellore,Kahithapattarai(Uzhavar Sandhai ),Indian Beans(Seam),Indian Beans (Seam),Local,2026-07-28,4500.0,4500.0,4500.0,0.0,0.0,2026,7,28
Tamil Nadu,Vellore,Kahithapattarai(Uzhavar Sandhai ),Onion Green,Onion Green,Local,2026-07-28,4500.0,4500.0,4500.0,0.0,0.0,2026,7,28
Andhra Pradesh,Palnadu,Narasaraopet APMC,Paddy(Common),Paddy,FAQ,2026-07-28,3300.0,3300.0,3300.0,0.0,0.0,2026,7,28
Andhra Pradesh,Palnadu,Narasaraopet APMC,Rice,B P T,FAQ,2026-07-28,6000.0,6000.0,6000.0,0.0,0.0,2026,7,28
Andhra Pradesh,Palnadu,Narasaraopet APMC,Bengal Gram(Gram)(Whole),Desi (Whole),FAQ,2026-07-28,6200.0,6200.0,6200.0,0.0,0.0,2026,7,28
Andhra Pradesh,Palnadu,Narasaraopet APMC,Green Gram(Moong)(Whole),Local (Whole),FAQ,2026-07-28,7000.0,7000.0,7000.0,0.0,0.0,2026,7,28
Haryana,Rewari,Rewari APMC,Banana,Other,Medium,2026-07-28,1500.0,4000.0,2500.0,2500.0,100.0,2026,7,28
Punjab,Hoshiarpur,Mukerian APMC,Apple,Apple,Grade B,2026-07-28,13000.0,15000.0,14000.0,2000.0,14.285714285714285,2026,7,28
Punjab,Ludhiana,Ludhiana APMC,Onion,Other,FAQ,2026-07-28,1000.0,2600.0,1700.0,1600.0,94.11764705882352,2026,7,28
Punjab,Ludhiana,Ludhiana APMC,Ridgeguard(Tori),Other,FAQ,2026-07-28,1800.0,2800.0,2200.0,1000.0,45.45454545454545,2026,7,28
Punjab,Ludhiana,Ludhiana APMC,Raddish,Raddish,FAQ,2026-07-28,200.0,900.0,500.0,700.0,140.0,2026,7,28
Punjab,Ludhiana,Ludhiana APMC,Ashgourd,Other,FAQ,2026-07-28,1000.0,2000.0,1500.0,1000.0,66.66666666666666,2026,7,28
Punjab,Ludhiana,Ludhiana APMC,Brinjal,Other,FAQ,2026-07-28,700.0,2000.0,1200.0,1300.0,108.33333333333333,2026,7,28
Andaman and Nicobar,North and Middle Andaman,Diglipur Vegetable Market (Subhashgram),Bhindi(Ladies Finger),Other,FAQ,2026-07-28,4000.0,8000.0,6000.0,4000.0,66.66666666666666,2026,7,28
Andaman and Nicobar,North and Middle Andaman,Diglipur Vegetable Market (Subhashgram),Little gourd(Kundru),Other,FAQ,2026-07-28,3000.0,6000.0,4500.0,3000.0,66.66666666666666,2026,7,28
Andaman and Nicobar,North and Middle Andaman,Diglipur Vegetable Market (Subhashgram),Cowpea(Veg),Cowpea (Veg),FAQ,2026-07-28,3000.0,6000.0,4500.0,3000.0,66.66666666666666,2026,7,28
Andaman and Nicobar,North and Middle Andaman,Diglipur Vegetable Market (Subhashgram),Black Gram(Urd Beans)(Whole),Other,FAQ,2026-07-28,8000.0,12000.0,9500.0,4000.0,42.10526315789473,2026,7,28
Andaman and Nicobar,North and Middle Andaman,Diglipur Vegetable Market (Subhashgram),Banana,Banana - Ripe,Local,2026-07-28,3000.0,6000.0,4500.0,3000.0,66.66666666666666,2026,7,28
Andhra Pradesh,Dr.B.R.A.Konaseema,Ambajipeta APMC,Banana,Banana - Ripe,Medium,2026-07-28,1040.0,2240.0,1640.0,1200.0,73.17073170731707,2026,7,28
Keralam,Kottayam,Pampady Market,Beetroot,Beetroot,FAQ,2026-07-28,4500.0,6000.0,5500.0,1500.0,27.27272727272727,2026,7,28
Keralam,Kottayam,Pampady Market,Pumpkin,Pumpkin,FAQ,2026-07-28,2500.0,3500.0,3000.0,1000.0,33.33333333333333,2026,7,28
Keralam,Kottayam,Pampady Market,Elephant Yam(Suran)/Amorphophallus,Other,FAQ,2026-07-28,5000.0,6500.0,6000.0,1500.0,25.0,2026,7,28
Keralam,Kottayam,Pampady Market,Cowpea(Veg),Cowpea (Veg),FAQ,2026-07-28,6500.0,7500.0,7000.0,1000.0,14.285714285714285,2026,7,28
Keralam,Kottayam,Pampady Market,Cucumbar(Kheera),Cucumbar,FAQ,2026-07-28,2000.0,3500.0,3000.0,1500.0,50.0,2026,7,28
Keralam,Kottayam,Pampady Market,Drumstick,Drumstick,FAQ,2026-07-28,7500.0,8500.0,8000.0,1000.0,12.5,2026,7,28
Keralam,Kottayam,Pampady Market,Ginger(Green),Green Ginger,FAQ,2026-07-28,30000.0,35000.0,33000.0,5000.0,15.151515151515152,2026,7,28
Keralam,Kottayam,Pampady Market,Green Chilli,Green Chilly,FAQ,2026-07-28,5000.0,7000.0,6000.0,2000.0,33.33333333333333,2026,7,28
Tamil Nadu,Thiruvannamalai,Cheyyar(Uzhavar Sandhai ),Onion,Bellary,Local,2026-07-28,3200.0,4000.0,3600.0,800.0,22.22222222222222,2026,7,28
Tamil Nadu,Thiruvannamalai,Cheyyar(Uzhavar Sandhai ),Brinjal,Other,Local,2026-07-28,4800.0,6000.0,5400.0,1200.0,22.22222222222222,2026,7,28
Tamil Nadu,Thiruvannamalai,Cheyyar(Uzhavar Sandhai ),Bitter gourd,Other,Local,2026-07-28,3200.0,4000.0,3600.0,800.0,22.22222222222222,2026,7,28
Tamil Nadu,Thiruvannamalai,Cheyyar(Uzhavar Sandhai ),Bhindi(Ladies Finger),Bhindi,Local,2026-07-28,3200.0,4000.0,3600.0,800.0,22.22222222222222,2026,7,28
Tamil Nadu,Thiruvannamalai,Cheyyar(Uzhavar Sandhai ),Carrot,Pusakesar,Local,2026-07-28,6500.0,8000.0,7250.0,1500.0,20.689655172413794,2026,7,28
Tamil Nadu,Thiruvannamalai,Cheyyar(Uzhavar Sandhai ),Cucumbar(Kheera),Cucumbar,Local,2026-07-28,2500.0,3000.0,2750.0,500.0,18.181818181818183,2026,7,28
Tamil Nadu,Thiruvannamalai,Cheyyar(Uzhavar Sandhai ),Chow Chow,Chow Chow,Local,2026-07-28,3500.0,4200.0,3850.0,700.0,18.181818181818183,2026,7,28
Tamil Nadu,Thiruvannamalai,Cheyyar(Uzhavar Sandhai ),Tender Coconut,Tender Coconut,Local,2026-07-28,2000.0,2500.0,2250.0,500.0,22.22222222222222,2026,7,28
Tamil Nadu,Thiruvannamalai,Cheyyar(Uzhavar Sandhai ),Colacasia,Colacasia,Local,2026-07-28,3200.0,4000.0,3600.0,800.0,22.22222222222222,2026,7,28
Andhra Pradesh,Anakapally,Chodavaram APMC,Cashewnuts,Local(Raw),Local,2026-07-28,8000.0,12000.0,10000.0,4000.0,40.0,2026,7,28
Andhra Pradesh,Sri Sathya Sai,Madakasira APMC,Groundnut,Local,FAQ,2026-07-28,7300.0,7300.0,7300.0,0.0,0.0,2026,7,28
Andhra Pradesh,Dr.B.R.A.Konaseema,Mummidivaram APMC,Fish,Katla (Small),FAQ,2026-07-28,9900.0,10000.0,9900.0,100.0,1.0101010101010102,2026,7,28
Andhra Pradesh,Vijayanagaram,Pusapatirega APMC,Maize,Local,FAQ,2026-07-28,4800.0,4800.0,4800.0,0.0,0.0,2026,7,28
Odisha,Sundergarh,Panposh APMC,Brinjal,Brinjal,FAQ,2026-07-28,3000.0,4000.0,3500.0,1000.0,28.57142857142857,2026,7,28
Tamil Nadu,Ariyalur,Ariyalur(Uzhavar Sandhai),Amaranthus,Amaranthus,Local,2026-07-28,3000.0,3500.0,3250.0,500.0,15.384615384615385,2026,7,28
Tamil Nadu,Ariyalur,Ariyalur(Uzhavar Sandhai),Coconut,Coconut,Local,2026-07-28,5000.0,6000.0,5500.0,1000.0,18.181818181818183,2026,7,28
Haryana,Mahendragarh-Narnaul,Narnaul APMC,Bhindi(Ladies Finger),Bhindi,Medium,2026-07-28,1500.0,3000.0,2500.0,1500.0,60.0,2026,7,28
Haryana,Mahendragarh-Narnaul,Narnaul APMC,Tinda,Tinda,Medium,2026-07-28,2000.0,4000.0,3000.0,2000.0,66.66666666666666,2026,7,28
Haryana,Mahendragarh-Narnaul,Narnaul APMC,Tomato,Tomato,Medium,2026-07-28,2000.0,3800.0,3000.0,1800.0,60.0,2026,7,28
Haryana,Mahendragarh-Narnaul,Narnaul APMC,Capsicum,Capsicum,Medium,2026-07-28,5000.0,7000.0,6000.0,2000.0,33.33333333333333,2026,7,28
Haryana,Mahendragarh-Narnaul,Narnaul APMC,Onion,Onion,Medium,2026-07-28,2000.0,2800.0,2500.0,800.0,32.0,2026,7,28
Uttarakhand,Haridwar,Haridwar Union APMC,Mousambi(Sweet Lime),Mousambi,Grade B,2026-07-28,4500.0,5500.0,5000.0,1000.0,20.0,2026,7,28
Uttarakhand,Haridwar,Haridwar Union APMC,Onion,Nasik,FAQ,2026-07-28,1300.0,2000.0,1550.0,700.0,45.16129032258064,2026,7,28
Uttarakhand,Haridwar,Haridwar Union APMC,Bhindi(Ladies Finger),Bhindi,FAQ,2026-07-28,1200.0,2000.0,1500.0,800.0,53.333333333333336,2026,7,28
Uttarakhand,Haridwar,Haridwar Union APMC,Capsicum,Capsicum,FAQ,2026-07-28,1800.0,2600.0,2200.0,800.0,36.36363636363637,2026,7,28
Uttar Pradesh,Amroha,Hasanpur APMC,Banana - Green,Banana - Green,FAQ,2026-07-28,1450.0,1520.0,1500.0,70.0,4.666666666666667,2026,7,28
Uttar Pradesh,Amroha,Hasanpur APMC,Brinjal,Round/Long,FAQ,2026-07-28,1000.0,1020.0,1010.0,20.0,1.9801980198019802,2026,7,28
Uttar Pradesh,Amroha,Hasanpur APMC,Cabbage,Cabbage,FAQ,2026-07-28,1450.0,1520.0,1500.0,70.0,4.666666666666667,2026,7,28
Punjab,Ludhiana,Doraha APMC,Capsicum,Capsicum,Local,2026-07-28,4000.0,5000.0,4500.0,1000.0,22.22222222222222,2026,7,28
Punjab,Ludhiana,Doraha APMC,Squash(Chappal Kadoo),Other,Local,2026-07-28,800.0,1200.0,1000.0,400.0,40.0,2026,7,28
Punjab,Ludhiana,Doraha APMC,Cucumbar(Kheera),Cucumbar,Local,2026-07-28,2000.0,2000.0,2000.0,0.0,0.0,2026,7,28
Punjab,Ludhiana,Doraha APMC,Bitter gourd,Other,Local,2026-07-28,2000.0,3000.0,2500.0,1000.0,40.0,2026,7,28
Keralam,Idukki,Munnar Market,Green Avare(W),Green Avare (W),Medium,2026-07-28,7500.0,7500.0,7500.0,0.0,0.0,2026,7,28
Keralam,Idukki,Munnar Market,Indian Beans(Seam),Indian Beans (Seam),Medium,2026-07-28,6000.0,6000.0,6000.0,0.0,0.0,2026,7,28
Keralam,Idukki,Munnar Market,Mint(Pudina),Mint(Pudina),Medium,2026-07-28,9000.0,9000.0,9000.0,0.0,0.0,2026,7,28
Keralam,Idukki,Munnar Market,Onion,Big,Medium,2026-07-28,4500.0,4500.0,4500.0,0.0,0.0,2026,7,28
Keralam,Idukki,Munnar Market,Onion,Small,Medium,2026-07-28,6700.0,6700.0,6700.0,0.0,0.0,2026,7,28
Keralam,Alappuzha,Chengannur Market,Elephant Yam(Suran)/Amorphophallus,Amorphophallus,FAQ,2026-07-28,4900.0,5200.0,5000.0,300.0,6.0,2026,7,28
Keralam,Alappuzha,Chengannur Market,Cabbage,Other,FAQ,2026-07-28,3500.0,4200.0,4000.0,700.0,17.5,2026,7,28
Keralam,Alappuzha,Chengannur Market,Brinjal,Brinjal,FAQ,2026-07-28,3800.0,4100.0,4000.0,300.0,7.5,2026,7,28
Keralam,Alappuzha,Chengannur Market,Cowpea(Veg),Cowpea (Veg),FAQ,2026-07-28,4800.0,5200.0,5000.0,400.0,8.0,2026,7,28
Keralam,Alappuzha,Chengannur Market,Garlic,Garlic,FAQ,2026-07-28,19500.0,20000.0,20000.0,500.0,2.5,2026,7,28
Keralam,Alappuzha,Chengannur Market,Potato,Other,FAQ,2026-07-28,2900.0,3200.0,3000.0,300.0,10.0,2026,7,28
Keralam,Alappuzha,Chengannur Market,Ginger(Green),Green Ginger,FAQ,2026-07-28,15500.0,16200.0,16000.0,700.0,4.375,2026,7,28
Keralam,Alappuzha,Chengannur Market,Onion,Big,FAQ,2026-07-28,3000.0,3300.0,3200.0,300.0,9.375,2026,7,28
Keralam,Alappuzha,Chengannur Market,Tomato,Tomato,FAQ,2026-07-28,3800.0,4200.0,4000.0,400.0,10.0,2026,7,28
Andhra Pradesh,Kakinada,Jaggampet APMC,Paddy(Common),Common,FAQ,2026-07-28,2369.0,2380.0,2369.0,11.0,0.4643309413254538,2026,7,28
Andhra Pradesh,YSR Kadapa,Yerraguntla APMC,Onion,Local,FAQ,2026-07-28,2600.0,3000.0,2800.0,400.0,14.285714285714285,2026,7,28
Punjab,Gurdaspur,Kalanaur APMC,Bhindi(Ladies Finger),Other,Grade A,2026-07-28,4100.0,4100.0,4100.0,0.0,0.0,2026,7,28
Uttar Pradesh,Khiri (Lakhimpur),Maigalganj APMC,Cucumbar(Kheera),Cucumbar,FAQ,2026-07-28,920.0,970.0,945.0,50.0,5.291005291005291,2026,7,28
Uttar Pradesh,Khiri (Lakhimpur),Maigalganj APMC,Bottle gourd,Bottle Gourd,FAQ,2026-07-28,1120.0,1160.0,1140.0,40.0,3.508771929824561,2026,7,28
Himachal Pradesh,Kangra,SMY Baijnath,Pumpkin,Pumpkin,Grade A,2026-07-28,2700.0,2800.0,2800.0,100.0,3.571428571428571,2026,7,28
Himachal Pradesh,Kangra,SMY Baijnath,Capsicum,Capsicum,Grade A,2026-07-28,7000.0,7200.0,7200.0,200.0,2.7777777777777777,2026,7,28
Himachal Pradesh,Kangra,SMY Baijnath,Bitter gourd,Bitter Gourd,Grade A,2026-07-28,3200.0,3600.0,3500.0,400.0,11.428571428571429,2026,7,28
Himachal Pradesh,Kangra,SMY Baijnath,Bhindi(Ladies Finger),Bhindi,Grade A,2026-07-28,4000.0,4500.0,4200.0,500.0,11.904761904761903,2026,7,28
Himachal Pradesh,Kangra,SMY Jaisinghpur,Papaya,Other,Medium,2026-07-28,4600.0,4800.0,4700.0,200.0,4.25531914893617,2026,7,28
Himachal Pradesh,Kangra,SMY Jaisinghpur,Tomato,Tomato,FAQ,2026-07-28,2200.0,3200.0,2700.0,1000.0,37.03703703703704,2026,7,28
Andhra Pradesh,Visakhapatnam,Visakhapatnam APMC,Ghee,Other,Grade Range-1,2026-07-28,58250.0,58250.0,58250.0,0.0,0.0,2026,7,28
Andhra Pradesh,Visakhapatnam,Visakhapatnam APMC,Rice,B P T,Grade Range-1,2026-07-28,5800.0,5800.0,5800.0,0.0,0.0,2026,7,28
Keralam,Kozhikode(Calicut),Quilandy Market,Bottle gourd,Other,FAQ,2026-07-28,3500.0,4000.0,3700.0,500.0,13.513513513513514,2026,7,28
Keralam,Kozhikode(Calicut),Quilandy Market,Cauliflower,Other,FAQ,2026-07-28,3800.0,4000.0,4000.0,200.0,5.0,2026,7,28
Keralam,Kozhikode(Calicut),Quilandy Market,Elephant Yam(Suran)/Amorphophallus,Other,FAQ,2026-07-28,4500.0,4800.0,4600.0,300.0,6.521739130434782,2026,7,28
Keralam,Kozhikode(Calicut),Quilandy Market,Coriander(Leaves),Other,FAQ,2026-07-28,7800.0,8000.0,8000.0,200.0,2.5,2026,7,28
Tamil Nadu,Coimbatore,Mettupalayam(Uzhavar Sandhai ),Water Melon,Water Melon,Local,2026-07-28,2000.0,2500.0,2250.0,500.0,22.22222222222222,2026,7,28
Tamil Nadu,Coimbatore,Mettupalayam(Uzhavar Sandhai ),Mango,Safeda,Local,2026-07-28,7000.0,10000.0,8500.0,3000.0,35.294117647058826,2026,7,28
Tamil Nadu,Coimbatore,Mettupalayam(Uzhavar Sandhai ),Coriander(Leaves),I Sort,Local,2026-07-28,5000.0,6000.0,5500.0,1000.0,18.181818181818183,2026,7,28
Tamil Nadu,Coimbatore,Mettupalayam(Uzhavar Sandhai ),Cluster beans,Cluster Beans,Local,2026-07-28,3500.0,4000.0,3750.0,500.0,13.333333333333334,2026,7,28
Tamil Nadu,Coimbatore,Mettupalayam(Uzhavar Sandhai ),Pumpkin,Pumpkin,Local,2026-07-28,1500.0,2000.0,1750.0,500.0,28.57142857142857,2026,7,28
Tamil Nadu,Coimbatore,Mettupalayam(Uzhavar Sandhai ),Cucumbar(Kheera),Cucumbar,Local,2026-07-28,4000.0,4500.0,4250.0,500.0,11.76470588235294,2026,7,28
Tamil Nadu,Coimbatore,Mettupalayam(Uzhavar Sandhai ),Raddish,Raddish,Local,2026-07-28,3000.0,3800.0,3400.0,800.0,23.52941176470588,2026,7,28
Tamil Nadu,Coimbatore,Mettupalayam(Uzhavar Sandhai ),Lemon,Lemon,Local,2026-07-28,7000.0,7500.0,7250.0,500.0,6.896551724137931,2026,7,28
Tamil Nadu,Erode,Sathiyamagalam(Uzhavar Sandhai ),Tomato,Local,Local,2026-07-28,1400.0,1800.0,1600.0,400.0,25.0,2026,7,28
Tamil Nadu,Erode,Sathiyamagalam(Uzhavar Sandhai ),Coriander(Leaves),I Sort,Local,2026-07-28,4500.0,5000.0,4750.0,500.0,10.526315789473683,2026,7,28
Tamil Nadu,Erode,Sathiyamagalam(Uzhavar Sandhai ),Bottle gourd,Bottle Gourd,Local,2026-07-28,1500.0,2000.0,1750.0,500.0,28.57142857142857,2026,7,28
Tamil Nadu,Erode,Sathiyamagalam(Uzhavar Sandhai ),Amaranthus,Amaranthus,Local,2026-07-28,3500.0,4000.0,3750.0,500.0,13.333333333333334,2026,7,28
Tamil Nadu,Erode,Sathiyamagalam(Uzhavar Sandhai ),Cucumbar(Kheera),Cucumbar,Local,2026-07-28,3000.0,3600.0,3300.0,600.0,18.181818181818183,2026,7,28
Tamil Nadu,Erode,Sathiyamagalam(Uzhavar Sandhai ),Ridgeguard(Tori),Ridgeguard(Tori),Local,2026-07-28,5000.0,5300.0,5150.0,300.0,5.825242718446602,2026,7,28
Tamil Nadu,Erode,Sathiyamagalam(Uzhavar Sandhai ),Chow Chow,Chow Chow,Local,2026-07-28,2500.0,3000.0,2750.0,500.0,18.181818181818183,2026,7,28
Tamil Nadu,Erode,Sathiyamagalam(Uzhavar Sandhai ),Drumstick,Drumstick,Local,2026-07-28,6500.0,7000.0,6750.0,500.0,7.4074074074074066,2026,7,28
Tamil Nadu,Erode,Sathiyamagalam(Uzhavar Sandhai ),Onion Green,Onion Green,Local,2026-07-28,5500.0,6000.0,5750.0,500.0,8.695652173913043,2026,7,28
Tamil Nadu,Namakkal,Tiruchengode APMC,Papaya,Papaya,Local,2026-07-28,3000.0,3500.0,3250.0,500.0,15.384615384615385,2026,7,28
Tamil Nadu,Namakkal,Tiruchengode APMC,Onion,Bellary,Local,2026-07-28,4000.0,4500.0,4250.0,500.0,11.76470588235294,2026,7,28
Tamil Nadu,Namakkal,Tiruchengode APMC,Coriander(Leaves),I Sort,Local,2026-07-28,9000.0,10000.0,9500.0,1000.0,10.526315789473683,2026,7,28
Tamil Nadu,Namakkal,Tiruchengode APMC,Green Chilli,Green Chilly,Local,2026-07-28,4500.0,5000.0,4750.0,500.0,10.526315789473683,2026,7,28
Tamil Nadu,Namakkal,Tiruchengode APMC,Banana - Green,Banana - Green,Local,2026-07-28,3000.0,3500.0,3250.0,500.0,15.384615384615385,2026,7,28
Tamil Nadu,Namakkal,Tiruchengode APMC,Beetroot,Beetroot,Local,2026-07-28,7000.0,8000.0,7500.0,1000.0,13.333333333333334,2026,7,28
Tamil Nadu,Namakkal,Tiruchengode APMC,Raddish,Raddish,Local,2026-07-28,2600.0,3000.0,2800.0,400.0,14.285714285714285,2026,7,28
Tamil Nadu,Namakkal,Tiruchengode APMC,Lemon,Lemon,Local,2026-07-28,4500.0,5000.0,4750.0,500.0,10.526315789473683,2026,7,28
Tamil Nadu,Namakkal,Tiruchengode APMC,Sweet Corn,Sweet Corn,Local,2026-07-28,4500.0,5000.0,4750.0,500.0,10.526315789473683,2026,7,28
Tamil Nadu,Ariyalur,Jeyankondam (Uzhavar Sandhai ),Bottle gourd,Bottle Gourd,Local,2026-07-28,2500.0,3000.0,2750.0,500.0,18.181818181818183,2026,7,28
Tamil Nadu,Coimbatore,RSPuram(Uzhavar Sandhai ),Banana,Red Banana,Local,2026-07-28,7400.0,7800.0,7600.0,400.0,5.263157894736842,2026,7,28
Tamil Nadu,Coimbatore,RSPuram(Uzhavar Sandhai ),Green Peas,Green Peas,Local,2026-07-28,23000.0,24000.0,23500.0,1000.0,4.25531914893617,2026,7,28
Tamil Nadu,Coimbatore,RSPuram(Uzhavar Sandhai ),Bottle gourd,Bottle Gourd,Local,2026-07-28,2200.0,2800.0,2500.0,600.0,24.0,2026,7,28
Tamil Nadu,Coimbatore,RSPuram(Uzhavar Sandhai ),Cowpea(Veg),Cowpea (Veg),Local,2026-07-28,3000.0,3500.0,3250.0,500.0,15.384615384615385,2026,7,28
Tamil Nadu,Coimbatore,RSPuram(Uzhavar Sandhai ),Tapioca,Tapioca,Local,2026-07-28,3000.0,3400.0,3200.0,400.0,12.5,2026,7,28
Tamil Nadu,Coimbatore,RSPuram(Uzhavar Sandhai ),Sweet Potato,Hosur Red,Local,2026-07-28,3500.0,4000.0,3750.0,500.0,13.333333333333334,2026,7,28
Tamil Nadu,Coimbatore,RSPuram(Uzhavar Sandhai ),Snakeguard,Snakeguard,Local,2026-07-28,2800.0,3400.0,3100.0,600.0,19.35483870967742,2026,7,28
Tamil Nadu,Coimbatore,RSPuram(Uzhavar Sandhai ),Knool Khol,Knool Khol,Local,2026-07-28,5000.0,5500.0,5250.0,500.0,9.523809523809524,2026,7,28
Tamil Nadu,Coimbatore,RSPuram(Uzhavar Sandhai ),Custard Apple(Sharifa),Custard Apple(Sharifa),Local,2026-07-28,5000.0,6000.0,5500.0,1000.0,18.181818181818183,2026,7,28
Tamil Nadu,Coimbatore,RSPuram(Uzhavar Sandhai ),Onion Green,Onion Green,Local,2026-07-28,5000.0,5600.0,5300.0,600.0,11.320754716981133,2026,7,28
Tamil Nadu,Coimbatore,RSPuram(Uzhavar Sandhai ),Mint(Pudina),Mint(Pudina),Local,2026-07-28,6500.0,7000.0,6750.0,500.0,7.4074074074074066,2026,7,28
Tamil Nadu,Coimbatore,Singanallur(Uzhavar Sandhai ),Orange,Darjeeling,Local,2026-07-28,10000.0,12000.0,11000.0,2000.0,18.181818181818183,2026,7,28
Tamil Nadu,Coimbatore,Singanallur(Uzhavar Sandhai ),Onion,Bellary,Local,2026-07-28,3200.0,3600.0,3400.0,400.0,11.76470588235294,2026,7,28
Tamil Nadu,Coimbatore,Singanallur(Uzhavar Sandhai ),Potato,Other,Local,2026-07-28,6000.0,6600.0,6300.0,600.0,9.523809523809524,2026,7,28
Tamil Nadu,Coimbatore,Singanallur(Uzhavar Sandhai ),Cauliflower,Ranchi,Local,2026-07-28,4000.0,4500.0,4250.0,500.0,11.76470588235294,2026,7,28
Tamil Nadu,Coimbatore,Singanallur(Uzhavar Sandhai ),Brinjal,Other,Local,2026-07-28,4800.0,5400.0,5100.0,600.0,11.76470588235294,2026,7,28
Tamil Nadu,Coimbatore,Singanallur(Uzhavar Sandhai ),Coriander(Leaves),I Sort,Local,2026-07-28,6000.0,6500.0,6250.0,500.0,8.0,2026,7,28
Tamil Nadu,Coimbatore,Singanallur(Uzhavar Sandhai ),Cluster beans,Cluster Beans,Local,2026-07-28,3200.0,3600.0,3400.0,400.0,11.76470588235294,2026,7,28
Tamil Nadu,Coimbatore,Singanallur(Uzhavar Sandhai ),Ashgourd,Gouard,Local,2026-07-28,1500.0,2000.0,1750.0,500.0,28.57142857142857,2026,7,28
Tamil Nadu,Coimbatore,Singanallur(Uzhavar Sandhai ),Pumpkin,Pumpkin,Local,2026-07-28,1500.0,2000.0,1750.0,500.0,28.57142857142857,2026,7,28
Tamil Nadu,Coimbatore,Singanallur(Uzhavar Sandhai ),Bhindi(Ladies Finger),Bhindi,Local,2026-07-28,4500.0,5000.0,4750.0,500.0,10.526315789473683,2026,7,28
Tamil Nadu,Coimbatore,Singanallur(Uzhavar Sandhai ),Green Chilli,Green Chilly,Local,2026-07-28,4500.0,5000.0,4750.0,500.0,10.526315789473683,2026,7,28
Tamil Nadu,Coimbatore,Singanallur(Uzhavar Sandhai ),Banana - Green,Banana - Green,Local,2026-07-28,3500.0,4000.0,3750.0,500.0,13.333333333333334,2026,7,28
Tamil Nadu,Coimbatore,Singanallur(Uzhavar Sandhai ),Coconut,Coconut,Local,2026-07-28,5500.0,5800.0,5650.0,300.0,5.3097345132743365,2026,7,28
Tamil Nadu,Coimbatore,Singanallur(Uzhavar Sandhai ),Cabbage,Cabbage,Local,2026-07-28,3500.0,3800.0,3650.0,300.0,8.21917808219178,2026,7,28
Tamil Nadu,Coimbatore,Singanallur(Uzhavar Sandhai ),Cucumbar(Kheera),Cucumbar,Local,2026-07-28,4000.0,4500.0,4250.0,500.0,11.76470588235294,2026,7,28
Tamil Nadu,Coimbatore,Singanallur(Uzhavar Sandhai ),Green Avare(W),Other,Local,2026-07-28,6000.0,6800.0,6400.0,800.0,12.5,2026,7,28
Tamil Nadu,Coimbatore,Pollachi(Uzhavar Sandhai ),Potato,Red Nanital,Local,2026-07-28,4000.0,6500.0,5250.0,2500.0,47.61904761904761,2026,7,28
Tamil Nadu,Coimbatore,Pollachi(Uzhavar Sandhai ),Garlic,Garlic,Local,2026-07-28,18000.0,22000.0,20000.0,4000.0,20.0,2026,7,28
Tamil Nadu,Coimbatore,Pollachi(Uzhavar Sandhai ),Bottle gourd,Bottle Gourd,Local,2026-07-28,2500.0,3000.0,2750.0,500.0,18.181818181818183,2026,7,28
Tamil Nadu,Coimbatore,Pollachi(Uzhavar Sandhai ),Snakeguard,Snakeguard,Local,2026-07-28,3000.0,3500.0,3250.0,500.0,15.384615384615385,2026,7,28
Tamil Nadu,Coimbatore,Pollachi(Uzhavar Sandhai ),Beetroot,Beetroot,Local,2026-07-28,5000.0,9000.0,7000.0,4000.0,57.14285714285714,2026,7,28
Tamil Nadu,Coimbatore,Pollachi(Uzhavar Sandhai ),Raddish,Raddish,Local,2026-07-28,4000.0,4500.0,4250.0,500.0,11.76470588235294,2026,7,28
Tamil Nadu,Coimbatore,Pollachi(Uzhavar Sandhai ),Mint(Pudina),Mint(Pudina),Local,2026-07-28,6000.0,7000.0,6500.0,1000.0,15.384615384615385,2026,7,28
Telangana,Ranga Reddy,"Vanasthalipuram,RBZ",Bitter gourd,Bitter Gourd,Local,2026-07-28,3300.0,3300.0,3300.0,0.0,0.0,2026,7,28
Telangana,Ranga Reddy,"Vanasthalipuram,RBZ",Onion,Onion,Local,2026-07-28,3000.0,3000.0,3000.0,0.0,0.0,2026,7,28
Telangana,Ranga Reddy,"Vanasthalipuram,RBZ",Ridgeguard(Tori),Ridgeguard(Tori),Local,2026-07-28,3800.0,3800.0,3800.0,0.0,0.0,2026,7,28
Telangana,Ranga Reddy,"Vanasthalipuram,RBZ",French Beans(Frasbean),Other,Local,2026-07-28,7500.0,7500.0,7500.0,0.0,0.0,2026,7,28
Tamil Nadu,Karur,Karur(Uzhavar Sandhai ),Papaya,Papaya,Local,2026-07-28,3000.0,3500.0,3250.0,500.0,15.384615384615385,2026,7,28
Tamil Nadu,Karur,Karur(Uzhavar Sandhai ),Onion,Bellary,Local,2026-07-28,3500.0,4000.0,3750.0,500.0,13.333333333333334,2026,7,28
Tamil Nadu,Karur,Karur(Uzhavar Sandhai ),Ashgourd,Gouard,Local,2026-07-28,2300.0,2800.0,2550.0,500.0,19.607843137254903,2026,7,28
Tamil Nadu,Karur,Karur(Uzhavar Sandhai ),Banana - Green,Banana - Green,Local,2026-07-28,2500.0,3000.0,2750.0,500.0,18.181818181818183,2026,7,28
Tamil Nadu,Karur,Karur(Uzhavar Sandhai ),Snakeguard,Snakeguard,Local,2026-07-28,3500.0,4000.0,3750.0,500.0,13.333333333333334,2026,7,28
Tamil Nadu,Karur,Karur(Uzhavar Sandhai ),Green Avare(W),Other,Local,2026-07-28,7000.0,8000.0,7500.0,1000.0,13.333333333333334,2026,7,28
Tripura,South Tripura,Manubazar,Cucumbar(Kheera),Cucumbar,Grade A,2026-07-28,5300.0,5500.0,5400.0,200.0,3.7037037037037033,2026,7,28
Tamil Nadu,Coimbatore,Kurichi(Uzhavar Sandhai ),Banana,Red Banana,Local,2026-07-28,7400.0,7800.0,7600.0,400.0,5.263157894736842,2026,7,28
Tamil Nadu,Coimbatore,Kurichi(Uzhavar Sandhai ),Bitter gourd,Other,Local,2026-07-28,6000.0,6800.0,6400.0,800.0,12.5,2026,7,28
Tamil Nadu,Coimbatore,Kurichi(Uzhavar Sandhai ),Pumpkin,Pumpkin,Local,2026-07-28,1500.0,1800.0,1650.0,300.0,18.181818181818183,2026,7,28
Tamil Nadu,Coimbatore,Kurichi(Uzhavar Sandhai ),Coconut,Coconut,Local,2026-07-28,5400.0,5600.0,5500.0,200.0,3.6363636363636362,2026,7,28
Tamil Nadu,Coimbatore,Kurichi(Uzhavar Sandhai ),Snakeguard,Snakeguard,Local,2026-07-28,3000.0,3500.0,3250.0,500.0,15.384615384615385,2026,7,28
Tamil Nadu,Coimbatore,Kurichi(Uzhavar Sandhai ),Ridgeguard(Tori),Ridgeguard(Tori),Local,2026-07-28,5500.0,6000.0,5750.0,500.0,8.695652173913043,2026,7,28
Tamil Nadu,Coimbatore,Kurichi(Uzhavar Sandhai ),Raddish,Raddish,Local,2026-07-28,3800.0,4200.0,4000.0,400.0,10.0,2026,7,28
Tamil Nadu,Coimbatore,Kurichi(Uzhavar Sandhai ),Thondekai,Thondekai,Local,2026-07-28,4500.0,5000.0,4750.0,500.0,10.526315789473683,2026,7,28
Tamil Nadu,Coimbatore,Kurichi(Uzhavar Sandhai ),Guava,Guava Allahabad,Local,2026-07-28,5500.0,6000.0,5750.0,500.0,8.695652173913043,2026,7,28
Tamil Nadu,Coimbatore,Kurichi(Uzhavar Sandhai ),Onion Green,Onion Green,Local,2026-07-28,5400.0,5800.0,5600.0,400.0,7.142857142857142,2026,7,28
Tamil Nadu,Cuddalore,Chidambaram(Uzhavar Sandhai ),Potato,Red Nanital,Local,2026-07-28,4000.0,4000.0,4000.0,0.0,0.0,2026,7,28
Tamil Nadu,Cuddalore,Chidambaram(Uzhavar Sandhai ),Bottle gourd,Bottle Gourd,Local,2026-07-28,3000.0,3000.0,3000.0,0.0,0.0,2026,7,28
Tamil Nadu,Cuddalore,Chidambaram(Uzhavar Sandhai ),Bhindi(Ladies Finger),Bhindi,Local,2026-07-28,3500.0,3500.0,3500.0,0.0,0.0,2026,7,28
Tamil Nadu,Cuddalore,Chidambaram(Uzhavar Sandhai ),Coconut,Coconut,Local,2026-07-28,5000.0,6000.0,5500.0,1000.0,18.181818181818183,2026,7,28
Tamil Nadu,Cuddalore,Cuddalore(Uzhavar Sandhai ),Mango,Safeda,Local,2026-07-28,5000.0,7000.0,6000.0,2000.0,33.33333333333333,2026,7,28
Tamil Nadu,Cuddalore,Cuddalore(Uzhavar Sandhai ),Potato,Red Nanital,Local,2026-07-28,3000.0,3000.0,3000.0,0.0,0.0,2026,7,28
Tamil Nadu,Cuddalore,Cuddalore(Uzhavar Sandhai ),Tomato,Deshi,Local,2026-07-28,2000.0,2000.0,2000.0,0.0,0.0,2026,7,28
Tamil Nadu,Cuddalore,Cuddalore(Uzhavar Sandhai ),Cluster beans,Cluster Beans,Local,2026-07-28,5000.0,5000.0,5000.0,0.0,0.0,2026,7,28
Tamil Nadu,Cuddalore,Cuddalore(Uzhavar Sandhai ),Capsicum,Capsicum,Local,2026-07-28,8000.0,8000.0,8000.0,0.0,0.0,2026,7,28
Tamil Nadu,Cuddalore,Cuddalore(Uzhavar Sandhai ),Yam(Ratalu),Yam (Ratalu),Local,2026-07-28,6000.0,6000.0,6000.0,0.0,0.0,2026,7,28
Tamil Nadu,Cuddalore,Cuddalore(Uzhavar Sandhai ),Amla(Nelli Kai),Amla,Local,2026-07-28,9000.0,9000.0,9000.0,0.0,0.0,2026,7,28
Tamil Nadu,Chengalpattu,Thirukalukundram(Uzhavar Sandhai ),Papaya,Papaya,Local,2026-07-28,3500.0,4000.0,3750.0,500.0,13.333333333333334,2026,7,28
Tamil Nadu,Chengalpattu,Thirukalukundram(Uzhavar Sandhai ),Garlic,Garlic,Local,2026-07-28,18000.0,20000.0,19000.0,2000.0,10.526315789473683,2026,7,28
Tamil Nadu,Chengalpattu,Thirukalukundram(Uzhavar Sandhai ),Brinjal,Other,Local,2026-07-28,3700.0,4200.0,3950.0,500.0,12.658227848101266,2026,7,28
Tamil Nadu,Chengalpattu,Thirukalukundram(Uzhavar Sandhai ),Tomato,Local,Local,2026-07-28,2000.0,2200.0,2100.0,200.0,9.523809523809524,2026,7,28
Tamil Nadu,Chengalpattu,Thirukalukundram(Uzhavar Sandhai ),Bhindi(Ladies Finger),Bhindi,Local,2026-07-28,3300.0,3500.0,3400.0,200.0,5.88235294117647,2026,7,28
Tamil Nadu,Chengalpattu,Thirukalukundram(Uzhavar Sandhai ),Green Chilli,Green Chilly,Local,2026-07-28,6500.0,7000.0,6750.0,500.0,7.4074074074074066,2026,7,28
Tamil Nadu,Chengalpattu,Thirukalukundram(Uzhavar Sandhai ),Beans,Beans (Whole),Local,2026-07-28,8000.0,8500.0,8250.0,500.0,6.0606060606060606,2026,7,28
Tamil Nadu,Chengalpattu,Thirukalukundram(Uzhavar Sandhai ),Coconut,Coconut,Local,2026-07-28,5000.0,5200.0,5100.0,200.0,3.9215686274509802,2026,7,28
Tamil Nadu,Chengalpattu,Thirukalukundram(Uzhavar Sandhai ),Guava,Guava Allahabad,Local,2026-07-28,4500.0,5000.0,4750.0,500.0,10.526315789473683,2026,7,28
Tamil Nadu,Tuticorin,Tuticorin(Uzhavar Sandhai ),Orange,Darjeeling,Local,2026-07-28,9000.0,10000.0,9500.0,1000.0,10.526315789473683,2026,7,28
Tamil Nadu,Tuticorin,Tuticorin(Uzhavar Sandhai ),Mango,Safeda,Local,2026-07-28,4500.0,5000.0,4750.0,500.0,10.526315789473683,2026,7,28
Tamil Nadu,Tuticorin,Tuticorin(Uzhavar Sandhai ),Onion,Bellary,Local,2026-07-28,4000.0,4500.0,4250.0,500.0,11.76470588235294,2026,7,28
Tamil Nadu,Tuticorin,Tuticorin(Uzhavar Sandhai ),Garlic,Garlic,Local,2026-07-28,21000.0,22000.0,21500.0,1000.0,4.651162790697675,2026,7,28
Tamil Nadu,Tuticorin,Tuticorin(Uzhavar Sandhai ),Cauliflower,Ranchi,Local,2026-07-28,4500.0,5000.0,4750.0,500.0,10.526315789473683,2026,7,28
Tamil Nadu,Tuticorin,Tuticorin(Uzhavar Sandhai ),Coriander(Leaves),I Sort,Local,2026-07-28,8000.0,9000.0,8500.0,1000.0,11.76470588235294,2026,7,28
Tamil Nadu,Tuticorin,Tuticorin(Uzhavar Sandhai ),Chikoos(Sapota),Sapota,Local,2026-07-28,4000.0,5000.0,4500.0,1000.0,22.22222222222222,2026,7,28
Tamil Nadu,Tuticorin,Tuticorin(Uzhavar Sandhai ),Carrot,Pusakesar,Local,2026-07-28,10000.0,11000.0,10500.0,1000.0,9.523809523809524,2026,7,28
Tamil Nadu,Tuticorin,Tuticorin(Uzhavar Sandhai ),Cucumbar(Kheera),Cucumbar,Local,2026-07-28,4500.0,5000.0,4750.0,500.0,10.526315789473683,2026,7,28
Tamil Nadu,Tuticorin,Tuticorin(Uzhavar Sandhai ),Chow Chow,Chow Chow,Local,2026-07-28,4000.0,4500.0,4250.0,500.0,11.76470588235294,2026,7,28
Tamil Nadu,Tuticorin,Tuticorin(Uzhavar Sandhai ),Elephant Yam(Suran)/Amorphophallus,Elephant Yam (Suran),Local,2026-07-28,3500.0,4000.0,3750.0,500.0,13.333333333333334,2026,7,28
Tamil Nadu,Tuticorin,Tuticorin(Uzhavar Sandhai ),Amla(Nelli Kai),Amla,Local,2026-07-28,7500.0,8000.0,7750.0,500.0,6.451612903225806,2026,7,28
Tamil Nadu,Nagercoil (Kannyiakumari),Vadaseri APMC,Papaya,Papaya,Local,2026-07-28,3500.0,4000.0,3750.0,500.0,13.333333333333334,2026,7,28
Tamil Nadu,Nagercoil (Kannyiakumari),Vadaseri APMC,Pineapple,Pine Apple,Local,2026-07-28,4500.0,5000.0,4750.0,500.0,10.526315789473683,2026,7,28
Tamil Nadu,Nagercoil (Kannyiakumari),Vadaseri APMC,Potato,Red Nanital,Local,2026-07-28,3000.0,3500.0,3250.0,500.0,15.384615384615385,2026,7,28
Tamil Nadu,Nagercoil (Kannyiakumari),Vadaseri APMC,Brinjal,Round,Local,2026-07-28,5500.0,6000.0,5750.0,500.0,8.695652173913043,2026,7,28
Tamil Nadu,Nagercoil (Kannyiakumari),Vadaseri APMC,Banana - Green,Banana - Green,Local,2026-07-28,5500.0,6000.0,5750.0,500.0,8.695652173913043,2026,7,28
Tamil Nadu,Nagercoil (Kannyiakumari),Vadaseri APMC,Chow Chow,Chow Chow,Local,2026-07-28,4500.0,5000.0,4750.0,500.0,10.526315789473683,2026,7,28
Tamil Nadu,Nagercoil (Kannyiakumari),Vadaseri APMC,Jasmine,Jasmine,Local,2026-07-28,40000.0,50000.0,45000.0,10000.0,22.22222222222222,2026,7,28
Tamil Nadu,Pudukkottai,Karambakkudi(Uzhavar Sandhai ),Papaya,Papaya,Local,2026-07-28,2500.0,3000.0,2750.0,500.0,18.181818181818183,2026,7,28
Tamil Nadu,Pudukkottai,Karambakkudi(Uzhavar Sandhai ),Onion,Bellary,Local,2026-07-28,4000.0,4500.0,4250.0,500.0,11.76470588235294,2026,7,28
Tamil Nadu,Pudukkottai,Karambakkudi(Uzhavar Sandhai ),Coriander(Leaves),I Sort,Local,2026-07-28,4000.0,5000.0,4500.0,1000.0,22.22222222222222,2026,7,28
Tamil Nadu,Pudukkottai,Karambakkudi(Uzhavar Sandhai ),Tomato,Other,Local,2026-07-28,2000.0,2500.0,2250.0,500.0,22.22222222222222,2026,7,28
Tamil Nadu,Pudukkottai,Karambakkudi(Uzhavar Sandhai ),Banana - Green,Banana - Green,Local,2026-07-28,2500.0,3000.0,2750.0,500.0,18.181818181818183,2026,7,28
Madhya Pradesh,Morena,Kailaras APMC,Potato,Other,FAQ,2026-07-28,600.0,600.0,600.0,0.0,0.0,2026,7,28
Madhya Pradesh,Damoh,Javera APMC,Wheat,Wheat,FAQ,2026-07-28,2450.0,2450.0,2450.0,0.0,0.0,2026,7,28
Madhya Pradesh,Satna,Amarpatan APMC,Wheat,Mill Quality,FAQ,2026-07-28,2525.0,2525.0,2525.0,0.0,0.0,2026,7,28
Tamil Nadu,Vellore,Thirupathur APMC,Banana,Besrai,Local,2026-07-28,4000.0,4000.0,4000.0,0.0,0.0,2026,7,28
Tamil Nadu,Vellore,Thirupathur APMC,Bitter gourd,Bitter Gourd,Local,2026-07-28,5000.0,5000.0,5000.0,0.0,0.0,2026,7,28
Tamil Nadu,Vellore,Thirupathur APMC,Amaranthus,Amaranthus,Local,2026-07-28,2000.0,2000.0,2000.0,0.0,0.0,2026,7,28
Tamil Nadu,Vellore,Thirupathur APMC,Green Chilli,Green Chilly,Local,2026-07-28,6000.0,6000.0,6000.0,0.0,0.0,2026,7,28
Tamil Nadu,Vellore,Thirupathur APMC,Sweet Potato,Hosur Red,Local,2026-07-28,4000.0,4000.0,4000.0,0.0,0.0,2026,7,28
Tamil Nadu,Vellore,Thirupathur APMC,Carrot,Pusakesar,Local,2026-07-28,6400.0,6400.0,6400.0,0.0,0.0,2026,7,28
Tamil Nadu,Vellore,Thirupathur APMC,Beetroot,Beetroot,Local,2026-07-28,5000.0,5000.0,5000.0,0.0,0.0,2026,7,28
Tamil Nadu,Vellore,Thirupathur APMC,Ridgeguard(Tori),Ridgeguard(Tori),Local,2026-07-28,4000.0,4000.0,4000.0,0.0,0.0,2026,7,28
Tamil Nadu,Vellore,Thirupathur APMC,Jamun(Narale Hannu),Jamun,Local,2026-07-28,10000.0,10000.0,10000.0,0.0,0.0,2026,7,28
Tamil Nadu,Vellore,Vellore APMC,Onion,Bellary,Local,2026-07-28,3600.0,3600.0,3600.0,0.0,0.0,2026,7,28
Tamil Nadu,Vellore,Vellore APMC,Brinjal,Other,Local,2026-07-28,4500.0,4500.0,4500.0,0.0,0.0,2026,7,28
Tamil Nadu,Vellore,Vellore APMC,Cluster beans,Cluster Beans,Local,2026-07-28,3500.0,3500.0,3500.0,0.0,0.0,2026,7,28
Tamil Nadu,Vellore,Vellore APMC,Beans,Beans (Whole),Local,2026-07-28,9000.0,9000.0,9000.0,0.0,0.0,2026,7,28
Bihar,Sheikhpura,Shekhpura APMC,Wheat,147 Average,FAQ,2026-07-28,2500.0,2600.0,2550.0,100.0,3.9215686274509802,2026,7,28
Bihar,Supaul,Supaul APMC,Brinjal,Brinjal,Grade A,2026-07-28,2600.0,3000.0,2800.0,400.0,14.285714285714285,2026,7,28
Tamil Nadu,Dharmapuri,Harur(Uzhavar Sandhai ),Papaya,Papaya,Local,2026-07-28,2000.0,2500.0,2250.0,500.0,22.22222222222222,2026,7,28
Tamil Nadu,Dharmapuri,Harur(Uzhavar Sandhai ),Cluster beans,Cluster Beans,Local,2026-07-28,3500.0,4000.0,3750.0,500.0,13.333333333333334,2026,7,28
Tamil Nadu,Dharmapuri,Harur(Uzhavar Sandhai ),Bhindi(Ladies Finger),Bhindi,Local,2026-07-28,2000.0,2500.0,2250.0,500.0,22.22222222222222,2026,7,28
Tamil Nadu,Dharmapuri,Harur(Uzhavar Sandhai ),Green Chilli,Green Chilly,Local,2026-07-28,4500.0,5000.0,4750.0,500.0,10.526315789473683,2026,7,28
Tamil Nadu,Dharmapuri,Harur(Uzhavar Sandhai ),Beans,Beans (Whole),Local,2026-07-28,9000.0,10000.0,9500.0,1000.0,10.526315789473683,2026,7,28
Tamil Nadu,Dharmapuri,Harur(Uzhavar Sandhai ),Ginger(Green),Green Ginger,Local,2026-07-28,15000.0,20000.0,17500.0,5000.0,28.57142857142857,2026,7,28
Tamil Nadu,Dharmapuri,Harur(Uzhavar Sandhai ),Mint(Pudina),Mint(Pudina),Local,2026-07-28,4500.0,5000.0,4750.0,500.0,10.526315789473683,2026,7,28
Tamil Nadu,Krishnagiri,Kaveripattinam(Uzhavar Sandhai ),Potato,Red Nanital,Local,2026-07-28,4000.0,4000.0,4000.0,0.0,0.0,2026,7,28
Tamil Nadu,Krishnagiri,Kaveripattinam(Uzhavar Sandhai ),Pumpkin,Pumpkin,Local,2026-07-28,2500.0,2500.0,2500.0,0.0,0.0,2026,7,28
Tamil Nadu,Krishnagiri,Kaveripattinam(Uzhavar Sandhai ),Beans,Beans (Whole),Local,2026-07-28,9000.0,9000.0,9000.0,0.0,0.0,2026,7,28
Tamil Nadu,The Nilgiris,Coonoor(Uzhavar Sandhai ),Potato,Other,Local,2026-07-28,5500.0,6000.0,5750.0,500.0,8.695652173913043,2026,7,28
Tamil Nadu,The Nilgiris,Coonoor(Uzhavar Sandhai ),Garlic,Garlic,Local,2026-07-28,19000.0,20000.0,19500.0,1000.0,5.128205128205128,2026,7,28
Tamil Nadu,The Nilgiris,Coonoor(Uzhavar Sandhai ),Tapioca,Tapioca,Local,2026-07-28,3500.0,4000.0,3750.0,500.0,13.333333333333334,2026,7,28
Tamil Nadu,The Nilgiris,Coonoor(Uzhavar Sandhai ),Ginger(Green),Green Ginger,Local,2026-07-28,16000.0,17000.0,16500.0,1000.0,6.0606060606060606,2026,7,28
Tamil Nadu,The Nilgiris,Coonoor(Uzhavar Sandhai ),Cucumbar(Kheera),Cucumbar,Local,2026-07-28,4500.0,5000.0,4750.0,500.0,10.526315789473683,2026,7,28
Tamil Nadu,The Nilgiris,Coonoor(Uzhavar Sandhai ),Drumstick,Drumstick,Local,2026-07-28,5000.0,5400.0,5200.0,400.0,7.6923076923076925,2026,7,28
Tamil Nadu,The Nilgiris,Gudalur(Uzhavar Sandhai ),Garlic,Garlic,Local,2026-07-28,20000.0,22000.0,21000.0,2000.0,9.523809523809524,2026,7,28
Tamil Nadu,The Nilgiris,Gudalur(Uzhavar Sandhai ),Coriander(Leaves),I Sort,Local,2026-07-28,6500.0,7000.0,6750.0,500.0,7.4074074074074066,2026,7,28
Himachal Pradesh,Kangra,SMY Palampur,Mousambi(Sweet Lime),Mousambi,Medium,2026-07-28,6000.0,7000.0,6500.0,1000.0,15.384615384615385,2026,7,28
Himachal Pradesh,Kangra,SMY Palampur,Plum,Other,Medium,2026-07-28,4000.0,6000.0,5000.0,2000.0,40.0,2026,7,28
Himachal Pradesh,Kangra,SMY Palampur,Tinda,Tinda,FAQ,2026-07-28,5500.0,6000.0,5800.0,500.0,8.620689655172415,2026,7,28
Himachal Pradesh,Kangra,SMY Palampur,French Beans(Frasbean),Other,FAQ,2026-07-28,6000.0,6500.0,6200.0,500.0,8.064516129032258,2026,7,28
Himachal Pradesh,Kangra,SMY Palampur,Bitter gourd,Bitter Gourd,FAQ,2026-07-28,3500.0,4000.0,3800.0,500.0,13.157894736842104,2026,7,28
Himachal Pradesh,Kangra,SMY Palampur,Carrot,Carrot,FAQ,2026-07-28,3000.0,3500.0,3200.0,500.0,15.625,2026,7,28
Himachal Pradesh,Kangra,SMY Palampur,Mashrooms,Mashrooms,FAQ,2026-07-28,16000.0,18000.0,17000.0,2000.0,11.76470588235294,2026,7,28
West Bengal,Paschim Bardhaman,Asansol APMC,Tomato,Hybrid,FAQ,2026-07-28,2800.0,3050.0,2950.0,250.0,8.47457627118644,2026,7,28
Punjab,Tarntaran,Patti APMC,Brinjal,Other,Local,2026-07-28,1.0,1.0,1.0,0.0,0.0,2026,7,28
Punjab,Tarntaran,Patti APMC,Colacasia,Other,Local,2026-07-28,2.5,2.5,2.5,0.0,0.0,2026,7,28
Punjab,Tarntaran,Patti APMC,Tomato,Other,Local,2026-07-28,1.0,1.0,1.0,0.0,0.0,2026,7,28
Punjab,Tarntaran,Patti APMC,Capsicum,Other,Local,2026-07-28,3000.0,3000.0,3000.0,0.0,0.0,2026,7,28
Andhra Pradesh,NTR,Vijayawada APMC,Paddy(Common),1001,Local,2026-07-28,2369.0,2369.0,2369.0,0.0,0.0,2026,7,28
Uttarakhand,Dehradoon,Vikasnagar APMC,Cabbage,Cabbage,Medium,2026-07-28,600.0,800.0,800.0,200.0,25.0,2026,7,28
Punjab,Mohali,Lalru APMC,Peas Wet,Other,Local,2026-07-28,8500.0,8500.0,8500.0,0.0,0.0,2026,7,28
Haryana,Sonipat,Gohana APMC,Bhindi(Ladies Finger),Other,Medium,2026-07-28,2000.0,2600.0,2200.0,600.0,27.27272727272727,2026,7,28
Haryana,Sonipat,Gohana APMC,Pea Pod/Pea Cod/हरी मटर,Other,Medium,2026-07-28,8000.0,10000.0,9000.0,2000.0,22.22222222222222,2026,7,28
Haryana,Sonipat,Gohana APMC,Bitter gourd,Other,Medium,2026-07-28,2000.0,3000.0,2500.0,1000.0,40.0,2026,7,28
Haryana,Sonipat,Gohana APMC,Mango,Other,Medium,2026-07-28,4000.0,6000.0,5000.0,2000.0,40.0,2026,7,28
Haryana,Sonipat,Gohana APMC,Banana,Other,Medium,2026-07-28,2000.0,2500.0,2200.0,500.0,22.727272727272727,2026,7,28
Haryana,Hissar,Hansi APMC,Pineapple,Other,Grade B,2026-07-28,3000.0,4000.0,3500.0,1000.0,28.57142857142857,2026,7,28
Haryana,Hissar,Hansi APMC,Brinjal,Other,FAQ,2026-07-28,2500.0,3000.0,2750.0,500.0,18.181818181818183,2026,7,28
Haryana,Hissar,Hansi APMC,Bhindi(Ladies Finger),Other,FAQ,2026-07-28,2000.0,2500.0,2250.0,500.0,22.22222222222222,2026,7,28
Haryana,Hissar,Hansi APMC,Cucumbar(Kheera),Other,FAQ,2026-07-28,2000.0,3000.0,2500.0,1000.0,40.0,2026,7,28
Haryana,Hissar,Hansi APMC,Tomato,Other,FAQ,2026-07-28,2500.0,3500.0,3000.0,1000.0,33.33333333333333,2026,7,28
Punjab,Amritsar,Rayya APMC,Ridgeguard(Tori),Other,FAQ,2026-07-28,2105.0,2105.0,2105.0,0.0,0.0,2026,7,28
Gujarat,Amreli,Bagasara APMC,Red gram/Arhar/Tur(whole),777 New Ind,Local,2026-07-28,6750.0,6870.0,6810.0,120.0,1.762114537444934,2026,7,28
Andhra Pradesh,Bapatla,Kuchinapudi APMC,Maize,Local,Local,2026-07-28,2800.0,3000.0,2900.0,200.0,6.896551724137931,2026,7,28
Andhra Pradesh,Prakasam,Maddipadu APMC,Bengal Gram(Gram)(Whole),Gulabi,FAQ,2026-07-28,5900.0,5900.0,5900.0,0.0,0.0,2026,7,28
Keralam,Kozhikode(Calicut),Mukkom Market,Banana - Green,Banana - Green,FAQ,2026-07-28,3200.0,3600.0,3400.0,400.0,11.76470588235294,2026,7,28
Keralam,Kozhikode(Calicut),Mukkom Market,Coconut,Other,FAQ,2026-07-28,5000.0,5300.0,5100.0,300.0,5.88235294117647,2026,7,28
Keralam,Kozhikode(Calicut),Mukkom Market,Ashgourd,Other,FAQ,2026-07-28,1600.0,1900.0,1800.0,300.0,16.666666666666664,2026,7,28
Keralam,Kozhikode(Calicut),Mukkom Market,Grapes,Other,Large,2026-07-28,8000.0,9000.0,8500.0,1000.0,11.76470588235294,2026,7,28
Keralam,Kozhikode(Calicut),Mukkom Market,Bhindi(Ladies Finger),Bhindi,FAQ,2026-07-28,4000.0,4500.0,4200.0,500.0,11.904761904761903,2026,7,28
Keralam,Kozhikode(Calicut),Mukkom Market,Bitter gourd,Bitter Gourd,FAQ,2026-07-28,6000.0,6400.0,6200.0,400.0,6.451612903225806,2026,7,28
Keralam,Kozhikode(Calicut),Mukkom Market,Pineapple,Other,Large,2026-07-28,7000.0,8000.0,7400.0,1000.0,13.513513513513514,2026,7,28
Keralam,Kozhikode(Calicut),Mukkom Market,Potato,Potato,FAQ,2026-07-28,2800.0,3200.0,3000.0,400.0,13.333333333333334,2026,7,28
Keralam,Kozhikode(Calicut),Mukkom Market,Pumpkin,Pumpkin,FAQ,2026-07-28,1800.0,2200.0,2000.0,400.0,20.0,2026,7,28
Haryana,Sonipat,Ganaur APMC,Potato,Potato,FAQ,2026-07-28,1000.0,1500.0,1200.0,500.0,41.66666666666667,2026,7,28
Haryana,Sonipat,Ganaur APMC,Onion,Onion,FAQ,2026-07-28,3000.0,4000.0,3500.0,1000.0,28.57142857142857,2026,7,28
Haryana,Sonipat,Ganaur APMC,Cauliflower,Other,Medium,2026-07-28,4000.0,5000.0,4500.0,1000.0,22.22222222222222,2026,7,28
Haryana,Sonipat,Ganaur APMC,Banana,Banana - Ripe,Medium,2026-07-28,3000.0,4000.0,3500.0,1000.0,28.57142857142857,2026,7,28
Haryana,Sonipat,Ganaur APMC,Spinach,Spinach,Medium,2026-07-28,2000.0,3000.0,2500.0,1000.0,40.0,2026,7,28
Haryana,Sonipat,Ganaur APMC,Mousambi(Sweet Lime),Mousambi,Medium,2026-07-28,6000.0,7000.0,6500.0,1000.0,15.384615384615385,2026,7,28
Haryana,Kurukshetra,Shahabad APMC,Colacasia,Other,Medium,2026-07-28,1500.0,1800.0,1600.0,300.0,18.75,2026,7,28
Rajasthan,Hanumangarh,Sangriya APMC,Potato,Potato,Local,2026-07-28,800.0,1700.0,1100.0,900.0,81.81818181818183,2026,7,28
Rajasthan,Jhunjhunu,Nawalgarh APMC,Mustard,Mustard,Local,2026-07-28,7550.0,7550.0,7550.0,0.0,0.0,2026,7,28
Rajasthan,Jalore,Jalore APMC,Cluster beans,Other,Local,2026-07-28,3000.0,3500.0,3300.0,500.0,15.151515151515152,2026,7,28
Rajasthan,Jalore,Jalore APMC,Capsicum,Other,Local,2026-07-28,2800.0,3200.0,3000.0,400.0,13.333333333333334,2026,7,28
Keralam,Thiruvananthapuram,Vamanapuram Market,Banana - Green,Other,Local,2026-07-28,5500.0,6000.0,6000.0,500.0,8.333333333333332,2026,7,28
Keralam,Thiruvananthapuram,Vamanapuram Market,Cowpea(Veg),Other,Local,2026-07-28,5500.0,6000.0,5500.0,500.0,9.090909090909092,2026,7,28
Keralam,Thiruvananthapuram,Vamanapuram Market,Snakeguard,Other,Local,2026-07-28,3500.0,4000.0,3500.0,500.0,14.285714285714285,2026,7,28
Keralam,Ernakulam,Perumbavoor Market,Cabbage,Cabbage,Medium,2026-07-28,3500.0,4300.0,4000.0,800.0,20.0,2026,7,28
Keralam,Ernakulam,Perumbavoor Market,Colacasia,Other,Medium,2026-07-28,4500.0,5500.0,5000.0,1000.0,20.0,2026,7,28
Keralam,Ernakulam,Perumbavoor Market,Cucumbar(Kheera),Cucumbar,Medium,2026-07-28,2000.0,2800.0,2400.0,800.0,33.33333333333333,2026,7,28
Keralam,Ernakulam,Perumbavoor Market,Field Pea,Field Pea,Medium,2026-07-28,3500.0,4500.0,4000.0,1000.0,25.0,2026,7,28
Keralam,Ernakulam,Perumbavoor Market,Pumpkin,Pumpkin,Large,2026-07-28,1600.0,2200.0,2000.0,600.0,30.0,2026,7,28
Keralam,Ernakulam,Perumbavoor Market,Tapioca,Tapioca,Medium,2026-07-28,2000.0,3000.0,2500.0,1000.0,40.0,2026,7,28
Andhra Pradesh,Bapatla,Parchur APMC,Cotton,Cotton (Unginned),Local,2026-07-28,7300.0,7500.0,7300.0,200.0,2.73972602739726,2026,7,28
Andhra Pradesh,Bapatla,Parchur APMC,Paddy(Common),Paddy,Local,2026-07-28,2300.0,2500.0,2300.0,200.0,8.695652173913043,2026,7,28
Andhra Pradesh,Bapatla,Parchur APMC,Black Gram(Urd Beans)(Whole),Local,Local,2026-07-28,7500.0,8500.0,8000.0,1000.0,12.5,2026,7,28
Tamil Nadu,Kancheepuram,Thirukkalukundram APMC,Paddy(Common),ADT 37,Local,2026-07-28,1800.0,2000.0,1900.0,200.0,10.526315789473683,2026,7,28
Madhya Pradesh,Balaghat,Balaghat APMC,Wheat,Wheat,Non-FAQ,2026-07-28,2050.0,2200.0,2200.0,150.0,6.8181818181818175,2026,7,28
Tamil Nadu,Thanjavur,Tirukattupalli(Uzhavar Sandhai ),Onion,Bellary,Local,2026-07-28,4000.0,4000.0,4000.0,0.0,0.0,2026,7,28
Tamil Nadu,Thanjavur,Tirukattupalli(Uzhavar Sandhai ),Pumpkin,Pumpkin,Local,2026-07-28,2400.0,2400.0,2400.0,0.0,0.0,2026,7,28
Tamil Nadu,Thanjavur,Tirukattupalli(Uzhavar Sandhai ),Coconut,Coconut,Local,2026-07-28,6000.0,6000.0,6000.0,0.0,0.0,2026,7,28
Tamil Nadu,Thiruchirappalli,Thuraiyur APMC,Green Chilli,Green Chilly,Local,2026-07-28,5000.0,5000.0,5000.0,0.0,0.0,2026,7,28
Tamil Nadu,Thiruchirappalli,Thuraiyur APMC,Capsicum,Capsicum,Local,2026-07-28,6000.0,6000.0,6000.0,0.0,0.0,2026,7,28
Tamil Nadu,Thiruchirappalli,Thuraiyur APMC,Drumstick,Drumstick,Local,2026-07-28,4500.0,5500.0,5000.0,1000.0,20.0,2026,7,28
Tamil Nadu,Thiruchirappalli,Thuraiyur APMC,Guava,Guava Allahabad,Local,2026-07-28,8000.0,8000.0,8000.0,0.0,0.0,2026,7,28
Tamil Nadu,Thiruchirappalli,Thuraiyur APMC,Amla(Nelli Kai),Amla,Local,2026-07-28,8000.0,8000.0,8000.0,0.0,0.0,2026,7,28
Tamil Nadu,Villupuram,Tindivanam APMC,Mango,Safeda,Local,2026-07-28,5000.0,5000.0,5000.0,0.0,0.0,2026,7,28
Tamil Nadu,Villupuram,Tindivanam APMC,Onion,Bellary,Local,2026-07-28,3400.0,3400.0,3400.0,0.0,0.0,2026,7,28
Tamil Nadu,Villupuram,Tindivanam APMC,Tomato,Deshi,Local,2026-07-28,1600.0,1600.0,1600.0,0.0,0.0,2026,7,28
Tamil Nadu,Villupuram,Tindivanam APMC,Banana - Green,Banana - Green,Local,2026-07-28,5000.0,5000.0,5000.0,0.0,0.0,2026,7,28
Tamil Nadu,Villupuram,Tindivanam APMC,Tapioca,Tapioca,Local,2026-07-28,4500.0,4500.0,4500.0,0.0,0.0,2026,7,28
Tamil Nadu,Villupuram,Tindivanam APMC,Carrot,Pusakesar,Local,2026-07-28,7600.0,7600.0,7600.0,0.0,0.0,2026,7,28
Tamil Nadu,Villupuram,Tindivanam APMC,Snakeguard,Snakeguard,Local,2026-07-28,4000.0,4000.0,4000.0,0.0,0.0,2026,7,28
Tamil Nadu,Villupuram,Tindivanam APMC,Cucumbar(Kheera),Cucumbar,Local,2026-07-28,4000.0,4000.0,4000.0,0.0,0.0,2026,7,28
Tamil Nadu,Villupuram,Tindivanam APMC,Thondekai,Thondekai,Local,2026-07-28,3500.0,3500.0,3500.0,0.0,0.0,2026,7,28
Tamil Nadu,Villupuram,Tindivanam APMC,Chow Chow,Chow Chow,Local,2026-07-28,4600.0,4600.0,4600.0,0.0,0.0,2026,7,28
Tamil Nadu,Villupuram,Tindivanam APMC,Marigold(Calcutta),Marigold(Calcutta),Local,2026-07-28,40000.0,40000.0,40000.0,0.0,0.0,2026,7,28
Tamil Nadu,Villupuram,Tindivanam APMC,Yam(Ratalu),Yam (Ratalu),Local,2026-07-28,6000.0,6000.0,6000.0,0.0,0.0,2026,7,28
Tamil Nadu,Villupuram,Tindivanam APMC,Mint(Pudina),Mint(Pudina),Local,2026-07-28,4000.0,4000.0,4000.0,0.0,0.0,2026,7,28
Tamil Nadu,Villupuram,Tindivanam APMC,Rose(Local),Rose (Local),Local,2026-07-28,30000.0,30000.0,30000.0,0.0,0.0,2026,7,28
Tamil Nadu,Villupuram,Ulundurpettai APMC,Brinjal,Round,Local,2026-07-28,8000.0,8000.0,8000.0,0.0,0.0,2026,7,28
Tamil Nadu,Villupuram,Ulundurpettai APMC,Coriander(Leaves),I Sort,Local,2026-07-28,6000.0,6000.0,6000.0,0.0,0.0,2026,7,28
Tamil Nadu,Villupuram,Ulundurpettai APMC,Pumpkin,Pumpkin,Local,2026-07-28,2500.0,2500.0,2500.0,0.0,0.0,2026,7,28
Tamil Nadu,Villupuram,Ulundurpettai APMC,Green Chilli,Green Chilly,Local,2026-07-28,6000.0,6000.0,6000.0,0.0,0.0,2026,7,28
Tamil Nadu,Villupuram,Ulundurpettai APMC,Ridgeguard(Tori),Ridgeguard(Tori),Local,2026-07-28,6000.0,6000.0,6000.0,0.0,0.0,2026,7,28
Tamil Nadu,Villupuram,Ulundurpettai APMC,Tender Coconut,Tender Coconut,Local,2026-07-28,3000.0,3000.0,3000.0,0.0,0.0,2026,7,28
Maharashtra,Pune,Pune(Moshi) APMC,Cauliflower,Other,Local,2026-07-28,1500.0,2000.0,1750.0,500.0,28.57142857142857,2026,7,28
Maharashtra,Pune,Pune(Moshi) APMC,Bitter gourd,Other,Local,2026-07-28,2000.0,3000.0,2500.0,1000.0,40.0,2026,7,28
Maharashtra,Pune,Pune(Moshi) APMC,Cabbage,Other,Local,2026-07-28,1000.0,1500.0,1250.0,500.0,40.0,2026,7,28
Maharashtra,Pune,Pune(Moshi) APMC,Pointed gourd(Parval),Other,Local,2026-07-28,5000.0,7000.0,6000.0,2000.0,33.33333333333333,2026,7,28
Maharashtra,Pune,Pune(Moshi) APMC,Tomato,Local,Local,2026-07-28,1000.0,1500.0,1250.0,500.0,40.0,2026,7,28
Maharashtra,Pune,Pune(Moshi) APMC,Peas Wet,Other,Local,2026-07-28,12000.0,12000.0,12000.0,0.0,0.0,2026,7,28
Maharashtra,Pune,Pune(Moshi) APMC,Mango,Other,Local,2026-07-28,4000.0,10000.0,7000.0,6000.0,85.71428571428571,2026,7,28
Maharashtra,Pune,Pune(Moshi) APMC,Banana,Other,Local,2026-07-28,3000.0,9000.0,6000.0,6000.0,100.0,2026,7,28
Maharashtra,Ratnagiri,Ratnagiri (Nachane) APMC,Bhindi(Ladies Finger),Other,Local,2026-07-28,3000.0,4000.0,3500.0,1000.0,28.57142857142857,2026,7,28
Maharashtra,Ratnagiri,Ratnagiri (Nachane) APMC,French Beans(Frasbean),Other,Local,2026-07-28,4500.0,5500.0,5000.0,1000.0,20.0,2026,7,28
Telangana,Suryapet,Huzurnagar APMC,Paddy(Common),B P T,Local,2026-07-28,2389.0,2389.0,2389.0,0.0,0.0,2026,7,28
Madhya Pradesh,Tikamgarh,Niwadi APMC,Wheat,Mill Quality,Non-FAQ,2026-07-28,2500.0,2516.0,2516.0,16.0,0.6359300476947536,2026,7,28
Gujarat,Anand,Khambhat(Veg Yard Khambhat) APMC,Mango(Raw-Ripe),Mango - Raw-Ripe,Local,2026-07-28,3500.0,5500.0,4500.0,2000.0,44.44444444444444,2026,7,28
Gujarat,Anand,Khambhat(Veg Yard Khambhat) APMC,Brinjal,Other,Local,2026-07-28,800.0,1500.0,1000.0,700.0,70.0,2026,7,28
Gujarat,Anand,Khambhat(Veg Yard Khambhat) APMC,Guar,Other,Local,2026-07-28,6000.0,9000.0,7500.0,3000.0,40.0,2026,7,28
Gujarat,Anand,Khambhat(Veg Yard Khambhat) APMC,Cabbage,Other,Local,2026-07-28,2500.0,3000.0,2500.0,500.0,20.0,2026,7,28
Gujarat,Surat,Mahuva(Anaval) APMC,Pointed gourd(Parval),Other,Local,2026-07-28,2650.0,2750.0,2700.0,100.0,3.7037037037037033,2026,7,28
Gujarat,Rajkot,Dhoraji APMC,Castor Seed,Castor seed,Local,2026-07-28,6580.0,6805.0,6755.0,225.0,3.3308660251665434,2026,7,28
Gujarat,Rajkot,Dhoraji APMC,Ground Nut Seed,Ground Nut Seed,Local,2026-07-28,9005.0,10030.0,9505.0,1025.0,10.783798001052078,2026,7,28
Gujarat,Jamnagar,Kalawad APMC,Castor Seed,Other,Local,2026-07-28,4800.0,4800.0,4800.0,0.0,0.0,2026,7,28
Tamil Nadu,Madurai,Chokkikulam(Uzhavar Sandhai ),Tomato,Deshi,Local,2026-07-28,2000.0,2200.0,2100.0,200.0,9.523809523809524,2026,7,28
Tamil Nadu,Madurai,Chokkikulam(Uzhavar Sandhai ),Tapioca,Tapioca,Local,2026-07-28,3000.0,4000.0,3500.0,1000.0,28.57142857142857,2026,7,28
Tamil Nadu,Madurai,Chokkikulam(Uzhavar Sandhai ),Snakeguard,Snakeguard,Local,2026-07-28,4000.0,4500.0,4250.0,500.0,11.76470588235294,2026,7,28
Tamil Nadu,Madurai,Chokkikulam(Uzhavar Sandhai ),Knool Khol,Knool Khol,Local,2026-07-28,5500.0,6500.0,6000.0,1000.0,16.666666666666664,2026,7,28
Tamil Nadu,Madurai,Chokkikulam(Uzhavar Sandhai ),Pomegranate,Pomogranate,Local,2026-07-28,18000.0,20000.0,19000.0,2000.0,10.526315789473683,2026,7,28
Tamil Nadu,Madurai,Chokkikulam(Uzhavar Sandhai ),Yam(Ratalu),Yam (Ratalu),Local,2026-07-28,7000.0,8000.0,7500.0,1000.0,13.333333333333334,2026,7,28
Tamil Nadu,Madurai,Chokkikulam(Uzhavar Sandhai ),Onion Green,Onion Green,Local,2026-07-28,5500.0,6000.0,5750.0,500.0,8.695652173913043,2026,7,28
Tamil Nadu,Madurai,Chokkikulam(Uzhavar Sandhai ),Mint(Pudina),Mint(Pudina),Local,2026-07-28,4000.0,4500.0,4250.0,500.0,11.76470588235294,2026,7,28
Gujarat,Amreli,The Agricultural Produce Market Committee-Amreli,Cotton,Other,FAQ,2026-07-28,5250.0,9775.0,9250.0,4525.0,48.91891891891892,2026,7,28
Gujarat,Amreli,The Agricultural Produce Market Committee-Amreli,Castor Seed,Castor seed,FAQ,2026-07-28,5000.0,6700.0,6700.0,1700.0,25.37313432835821,2026,7,28
Gujarat,Amreli,The Agricultural Produce Market Committee-Amreli,"Sesamum(Sesame,Gingelly,Til)",White,FAQ,2026-07-28,6800.0,13350.0,11975.0,6550.0,54.69728601252609,2026,7,28
Gujarat,Amreli,The Agricultural Produce Market Committee-Amreli,Methi Seeds,Methiseeds,FAQ,2026-07-28,5000.0,6650.0,6125.0,1650.0,26.93877551020408,2026,7,28
Gujarat,Surat,Surat APMC,Bhindi(Ladies Finger),Bhindi,FAQ,2026-07-28,2000.0,6000.0,4000.0,4000.0,100.0,2026,7,28
Gujarat,Surat,Surat APMC,Carrot,Carrot,FAQ,2026-07-28,2000.0,2800.0,2400.0,800.0,33.33333333333333,2026,7,28
Gujarat,Surat,Surat APMC,Cucumbar(Kheera),Cucumbar,FAQ,2026-07-28,2000.0,6000.0,4000.0,4000.0,100.0,2026,7,28
Gujarat,Surat,Surat APMC,Indian Beans(Seam),Other,FAQ,2026-07-28,3500.0,6500.0,5000.0,3000.0,60.0,2026,7,28
Gujarat,Surat,Surat APMC,Papaya(Raw),Other,FAQ,2026-07-28,700.0,1400.0,1050.0,700.0,66.66666666666666,2026,7,28
Gujarat,Surat,Surat APMC,Pegeon Pea(Arhar Fali),Other,FAQ,2026-07-28,4000.0,12000.0,8000.0,8000.0,100.0,2026,7,28
Gujarat,Surat,Surat APMC,Turmeric(raw),Other,FAQ,2026-07-28,2500.0,7000.0,4750.0,4500.0,94.73684210526315,2026,7,28
Andhra Pradesh,NTR,Mylavaram APMC,Paddy(Common),1001,FAQ,2026-07-28,2369.0,2369.0,2369.0,0.0,0.0,2026,7,28
Andhra Pradesh,NTR,Mylavaram APMC,Cotton,Bunny,Grade Range-3,2026-07-28,7100.0,7100.0,7100.0,0.0,0.0,2026,7,28
Andhra Pradesh,Prakasam,Ongole APMC,Paddy(Common),B P T,Local,2026-07-28,2500.0,2500.0,2500.0,0.0,0.0,2026,7,28
Andhra Pradesh,Prakasam,Kandukur APMC,Paddy(Common),Other,Local,2026-07-28,2380.0,2450.0,2410.0,70.0,2.904564315352697,2026,7,28
Keralam,Kozhikode(Calicut),Vengeri(Kozhikode) Market,Bitter gourd,Bitter Gourd,FAQ,2026-07-28,6000.0,6300.0,6300.0,300.0,4.761904761904762,2026,7,28
Andhra Pradesh,Palnadu,Pidugurala APMC,Paddy(Common),Paddy,FAQ,2026-07-28,2400.0,2490.0,2450.0,90.0,3.6734693877551026,2026,7,28
Keralam,Thiruvananthapuram,Chala Market,Orange,Other,Grade Range-1,2026-07-28,14000.0,14000.0,14000.0,0.0,0.0,2026,7,28
Keralam,Thiruvananthapuram,Chala Market,Ashgourd,Other,FAQ,2026-07-28,1800.0,1900.0,1900.0,100.0,5.263157894736842,2026,7,28
Uttarakhand,Haridwar,Roorkee APMC,Cauliflower,Other,Local,2026-07-28,700.0,1000.0,800.0,300.0,37.5,2026,7,28
Uttarakhand,Haridwar,Roorkee APMC,Cucumbar(Kheera),Other,Local,2026-07-28,500.0,700.0,600.0,200.0,33.33333333333333,2026,7,28
Uttarakhand,Haridwar,Roorkee APMC,Onion,Other,Medium,2026-07-28,2000.0,4000.0,3000.0,2000.0,66.66666666666666,2026,7,28
Tamil Nadu,Cuddalore,Viruthachalam(Uzhavar Sandhai ),Banana,Besrai,Local,2026-07-28,4000.0,7000.0,5500.0,3000.0,54.54545454545454,2026,7,28
Tamil Nadu,Cuddalore,Viruthachalam(Uzhavar Sandhai ),Potato,Red Nanital,Local,2026-07-28,4000.0,4000.0,4000.0,0.0,0.0,2026,7,28
Tamil Nadu,Cuddalore,Viruthachalam(Uzhavar Sandhai ),Bitter gourd,Bitter Gourd,Local,2026-07-28,6000.0,6000.0,6000.0,0.0,0.0,2026,7,28
Tamil Nadu,Cuddalore,Viruthachalam(Uzhavar Sandhai ),Green Chilli,Green Chilly,Local,2026-07-28,4000.0,4000.0,4000.0,0.0,0.0,2026,7,28
Tamil Nadu,Cuddalore,Viruthachalam(Uzhavar Sandhai ),Banana - Green,Banana - Green,Local,2026-07-28,2500.0,2500.0,2500.0,0.0,0.0,2026,7,28
Tamil Nadu,Cuddalore,Viruthachalam(Uzhavar Sandhai ),Coconut,Coconut,Local,2026-07-28,5000.0,5000.0,5000.0,0.0,0.0,2026,7,28
Tamil Nadu,Cuddalore,Viruthachalam(Uzhavar Sandhai ),Carrot,Pusakesar,Local,2026-07-28,9000.0,9000.0,9000.0,0.0,0.0,2026,7,28
Tamil Nadu,Cuddalore,Viruthachalam(Uzhavar Sandhai ),Snakeguard,Snakeguard,Local,2026-07-28,3000.0,3000.0,3000.0,0.0,0.0,2026,7,28
Tamil Nadu,Cuddalore,Viruthachalam(Uzhavar Sandhai ),Drumstick,Drumstick,Local,2026-07-28,3000.0,3000.0,3000.0,0.0,0.0,2026,7,28
Tamil Nadu,Dharmapuri,Dharmapuri(Uzhavar Sandhai ),Mango,Safeda,Local,2026-07-28,4800.0,5000.0,4900.0,200.0,4.081632653061225,2026,7,28
Tamil Nadu,Dharmapuri,Dharmapuri(Uzhavar Sandhai ),Tomato,Deshi,Local,2026-07-28,1400.0,1600.0,1500.0,200.0,13.333333333333334,2026,7,28
Tamil Nadu,Dharmapuri,Dharmapuri(Uzhavar Sandhai ),Bhindi(Ladies Finger),Bhindi,Local,2026-07-28,1800.0,2000.0,1900.0,200.0,10.526315789473683,2026,7,28
Tamil Nadu,Dharmapuri,Dharmapuri(Uzhavar Sandhai ),Amaranthus,Amaranthus,Local,2026-07-28,4400.0,4600.0,4500.0,200.0,4.444444444444445,2026,7,28
Tamil Nadu,Dharmapuri,Dharmapuri(Uzhavar Sandhai ),Banana - Green,Banana - Green,Local,2026-07-28,2800.0,3000.0,2900.0,200.0,6.896551724137931,2026,7,28
Tamil Nadu,Dharmapuri,Dharmapuri(Uzhavar Sandhai ),Coconut,Coconut,Local,2026-07-28,6500.0,6800.0,6650.0,300.0,4.511278195488721,2026,7,28
Tamil Nadu,Dharmapuri,Dharmapuri(Uzhavar Sandhai ),Knool Khol,Knool Khol,Local,2026-07-28,5600.0,6000.0,5800.0,400.0,6.896551724137931,2026,7,28
Tamil Nadu,Dharmapuri,Dharmapuri(Uzhavar Sandhai ),Guava,Guava Allahabad,Local,2026-07-28,5600.0,6000.0,5800.0,400.0,6.896551724137931,2026,7,28
Tamil Nadu,Dharmapuri,Dharmapuri(Uzhavar Sandhai ),Elephant Yam(Suran)/Amorphophallus,Elephant Yam (Suran),Local,2026-07-28,5400.0,5600.0,5500.0,200.0,3.6363636363636362,2026,7,28
Tamil Nadu,Dharmapuri,Dharmapuri(Uzhavar Sandhai ),Amla(Nelli Kai),Amla,Local,2026-07-28,6200.0,6500.0,6350.0,300.0,4.724409448818897,2026,7,28
Tamil Nadu,Dharmapuri,Dharmapuri(Uzhavar Sandhai ),Mint(Pudina),Mint(Pudina),Local,2026-07-28,7600.0,8000.0,7800.0,400.0,5.128205128205128,2026,7,28
Tamil Nadu,Dharmapuri,Palacode(Uzhavar Sandhai ),Bitter gourd,Other,Local,2026-07-28,4600.0,4800.0,4700.0,200.0,4.25531914893617,2026,7,28
Tamil Nadu,Dharmapuri,Palacode(Uzhavar Sandhai ),Bottle gourd,Bottle Gourd,Local,2026-07-28,1400.0,1600.0,1500.0,200.0,13.333333333333334,2026,7,28
Tamil Nadu,Dharmapuri,Palacode(Uzhavar Sandhai ),Banana - Green,Banana - Green,Local,2026-07-28,2000.0,2500.0,2250.0,500.0,22.22222222222222,2026,7,28
Tamil Nadu,Dharmapuri,Palacode(Uzhavar Sandhai ),Snakeguard,Snakeguard,Local,2026-07-28,2600.0,2800.0,2700.0,200.0,7.4074074074074066,2026,7,28
Tamil Nadu,Dharmapuri,Palacode(Uzhavar Sandhai ),Thondekai,Thondekai,Local,2026-07-28,5800.0,6000.0,5900.0,200.0,3.389830508474576,2026,7,28
Tamil Nadu,Dharmapuri,Palacode(Uzhavar Sandhai ),Drumstick,Drumstick,Local,2026-07-28,5000.0,5500.0,5250.0,500.0,9.523809523809524,2026,7,28
Tamil Nadu,Dharmapuri,Palacode(Uzhavar Sandhai ),Guava,Guava Allahabad,Local,2026-07-28,5500.0,6000.0,5750.0,500.0,8.695652173913043,2026,7,28
Tamil Nadu,Erode,Periyar Nagar(Uzhavar Sandhai ),Brinjal,Other,Local,2026-07-28,4600.0,5000.0,4800.0,400.0,8.333333333333332,2026,7,28
Tamil Nadu,Erode,Periyar Nagar(Uzhavar Sandhai ),Coriander(Leaves),I Sort,Local,2026-07-28,4600.0,5000.0,4800.0,400.0,8.333333333333332,2026,7,28
Tamil Nadu,Erode,Periyar Nagar(Uzhavar Sandhai ),Bitter gourd,Other,Local,2026-07-28,5600.0,6000.0,5800.0,400.0,6.896551724137931,2026,7,28
Tamil Nadu,Erode,Periyar Nagar(Uzhavar Sandhai ),Green Chilli,Green Chilly,Local,2026-07-28,3600.0,4000.0,3800.0,400.0,10.526315789473683,2026,7,28
Tamil Nadu,Erode,Periyar Nagar(Uzhavar Sandhai ),Sweet Potato,Hosur Red,Local,2026-07-28,3600.0,4000.0,3800.0,400.0,10.526315789473683,2026,7,28
Tamil Nadu,Erode,Periyar Nagar(Uzhavar Sandhai ),Raddish,Raddish,Local,2026-07-28,2600.0,3000.0,2800.0,400.0,14.285714285714285,2026,7,28
Tamil Nadu,Erode,Periyar Nagar(Uzhavar Sandhai ),Tender Coconut,Tender Coconut,Local,2026-07-28,3500.0,4000.0,3750.0,500.0,13.333333333333334,2026,7,28
Tamil Nadu,Erode,Periyar Nagar(Uzhavar Sandhai ),Lemon,Lemon,Local,2026-07-28,10000.0,11000.0,10500.0,1000.0,9.523809523809524,2026,7,28
Tamil Nadu,Erode,Periyar Nagar(Uzhavar Sandhai ),Onion Green,Onion Green,Local,2026-07-28,4500.0,5000.0,4750.0,500.0,10.526315789473683,2026,7,28
Tamil Nadu,Erode,Perundurai(Uzhavar Sandhai ),Papaya,Papaya,Local,2026-07-28,2600.0,3000.0,2800.0,400.0,14.285714285714285,2026,7,28
Tamil Nadu,Erode,Perundurai(Uzhavar Sandhai ),Banana,Besrai,Local,2026-07-28,2500.0,2800.0,2650.0,300.0,11.320754716981133,2026,7,28
Tamil Nadu,Erode,Perundurai(Uzhavar Sandhai ),Brinjal,Round,Local,2026-07-28,3500.0,3800.0,3650.0,300.0,8.21917808219178,2026,7,28
Tamil Nadu,Erode,Perundurai(Uzhavar Sandhai ),Bottle gourd,Bottle Gourd,Local,2026-07-28,1800.0,2000.0,1900.0,200.0,10.526315789473683,2026,7,28
Tamil Nadu,Erode,Perundurai(Uzhavar Sandhai ),Pumpkin,Pumpkin,Local,2026-07-28,2000.0,2400.0,2200.0,400.0,18.181818181818183,2026,7,28
Tamil Nadu,Erode,Perundurai(Uzhavar Sandhai ),Beans,Beans (Whole),Local,2026-07-28,8500.0,8800.0,8650.0,300.0,3.4682080924855487,2026,7,28
Tamil Nadu,Erode,Perundurai(Uzhavar Sandhai ),Coconut,Coconut,Local,2026-07-28,4000.0,4400.0,4200.0,400.0,9.523809523809524,2026,7,28
Tamil Nadu,Erode,Perundurai(Uzhavar Sandhai ),Mint(Pudina),Mint(Pudina),Local,2026-07-28,3000.0,3400.0,3200.0,400.0,12.5,2026,7,28
Tamil Nadu,Erode,Thalavadi(Uzhavar Sandhai ),Papaya,Papaya,Local,2026-07-28,2000.0,2400.0,2200.0,400.0,18.181818181818183,2026,7,28
Tamil Nadu,Erode,Thalavadi(Uzhavar Sandhai ),Banana,Red Banana,Local,2026-07-28,5500.0,6000.0,5750.0,500.0,8.695652173913043,2026,7,28
Tamil Nadu,Erode,Thalavadi(Uzhavar Sandhai ),Coriander(Leaves),I Sort,Local,2026-07-28,4400.0,4800.0,4600.0,400.0,8.695652173913043,2026,7,28
Tamil Nadu,Erode,Thalavadi(Uzhavar Sandhai ),Bitter gourd,Other,Local,2026-07-28,5500.0,6000.0,5750.0,500.0,8.695652173913043,2026,7,28
Tamil Nadu,Erode,Thalavadi(Uzhavar Sandhai ),Pumpkin,Pumpkin,Local,2026-07-28,1000.0,1300.0,1150.0,300.0,26.08695652173913,2026,7,28
Tamil Nadu,Erode,Thalavadi(Uzhavar Sandhai ),Amaranthus,Amaranthus,Local,2026-07-28,3500.0,4000.0,3750.0,500.0,13.333333333333334,2026,7,28
Tamil Nadu,Erode,Thalavadi(Uzhavar Sandhai ),Beans,Beans (Whole),Local,2026-07-28,5500.0,6000.0,5750.0,500.0,8.695652173913043,2026,7,28
Tamil Nadu,Erode,Thalavadi(Uzhavar Sandhai ),Tapioca,Tapioca,Local,2026-07-28,2500.0,3000.0,2750.0,500.0,18.181818181818183,2026,7,28
Tamil Nadu,Erode,Thalavadi(Uzhavar Sandhai ),Green Avare(W),Other,Local,2026-07-28,5000.0,5500.0,5250.0,500.0,9.523809523809524,2026,7,28
Tamil Nadu,Erode,Thalavadi(Uzhavar Sandhai ),Drumstick,Drumstick,Local,2026-07-28,6000.0,6500.0,6250.0,500.0,8.0,2026,7,28
Tamil Nadu,Erode,Thalavadi(Uzhavar Sandhai ),Mint(Pudina),Mint(Pudina),Local,2026-07-28,4400.0,4800.0,4600.0,400.0,8.695652173913043,2026,7,28
Tamil Nadu,Kallakuruchi,Sankarapuram(Uzhavar Sandhai ),Banana,Besrai,Local,2026-07-28,4000.0,4000.0,4000.0,0.0,0.0,2026,7,28
Tamil Nadu,Kallakuruchi,Sankarapuram(Uzhavar Sandhai ),Mango,Neelam,Local,2026-07-28,5000.0,5000.0,5000.0,0.0,0.0,2026,7,28
Tamil Nadu,Kallakuruchi,Sankarapuram(Uzhavar Sandhai ),Onion,Bellary,Local,2026-07-28,4000.0,4000.0,4000.0,0.0,0.0,2026,7,28
Tamil Nadu,Kallakuruchi,Sankarapuram(Uzhavar Sandhai ),Bitter gourd,Bitter Gourd,Local,2026-07-28,7000.0,7000.0,7000.0,0.0,0.0,2026,7,28
Tamil Nadu,Kallakuruchi,Sankarapuram(Uzhavar Sandhai ),Bottle gourd,Bottle Gourd,Local,2026-07-28,2500.0,2500.0,2500.0,0.0,0.0,2026,7,28
Tamil Nadu,Kallakuruchi,Sankarapuram(Uzhavar Sandhai ),Banana - Green,Banana - Green,Local,2026-07-28,3000.0,3000.0,3000.0,0.0,0.0,2026,7,28
Tamil Nadu,Kallakuruchi,Sankarapuram(Uzhavar Sandhai ),Ridgeguard(Tori),Ridgeguard(Tori),Local,2026-07-28,6000.0,6000.0,6000.0,0.0,0.0,2026,7,28
Tamil Nadu,Kallakuruchi,Sankarapuram(Uzhavar Sandhai ),Raddish,Raddish,Local,2026-07-28,4000.0,4000.0,4000.0,0.0,0.0,2026,7,28
Tamil Nadu,Kallakuruchi,Sankarapuram(Uzhavar Sandhai ),Thondekai,Thondekai,Local,2026-07-28,5000.0,5000.0,5000.0,0.0,0.0,2026,7,28
Tamil Nadu,Kallakuruchi,Sankarapuram(Uzhavar Sandhai ),Green Avare(W),Green Avare (W),Local,2026-07-28,8000.0,8000.0,8000.0,0.0,0.0,2026,7,28
Tamil Nadu,Kallakuruchi,Sankarapuram(Uzhavar Sandhai ),Jack Fruit(Ripe),Jack Fruit,Local,2026-07-28,2000.0,2000.0,2000.0,0.0,0.0,2026,7,28
Tamil Nadu,Kancheepuram,Kundrathur(Uzhavar Sandhai ),Banana,Red Banana,Local,2026-07-28,7000.0,8000.0,7500.0,1000.0,13.333333333333334,2026,7,28
Tamil Nadu,Kancheepuram,Kundrathur(Uzhavar Sandhai ),Grapes,Annabesahai,Local,2026-07-28,8000.0,8000.0,8000.0,0.0,0.0,2026,7,28
Tamil Nadu,Kancheepuram,Kundrathur(Uzhavar Sandhai ),Cluster beans,Cluster Beans,Local,2026-07-28,4500.0,4500.0,4500.0,0.0,0.0,2026,7,28
Tamil Nadu,Kancheepuram,Kundrathur(Uzhavar Sandhai ),Bitter gourd,Bitter Gourd,Local,2026-07-28,4000.0,4000.0,4000.0,0.0,0.0,2026,7,28
Tamil Nadu,Kancheepuram,Kundrathur(Uzhavar Sandhai ),Banana - Green,Banana - Green,Local,2026-07-28,3000.0,3000.0,3000.0,0.0,0.0,2026,7,28
Tamil Nadu,Kancheepuram,Kundrathur(Uzhavar Sandhai ),Beans,Beans (Whole),Local,2026-07-28,6000.0,7000.0,6500.0,1000.0,15.384615384615385,2026,7,28
Tamil Nadu,Kancheepuram,Kundrathur(Uzhavar Sandhai ),Snakeguard,Snakeguard,Local,2026-07-28,4000.0,4000.0,4000.0,0.0,0.0,2026,7,28
Tamil Nadu,Kancheepuram,Kundrathur(Uzhavar Sandhai ),Beetroot,Beetroot,Local,2026-07-28,3500.0,4000.0,3750.0,500.0,13.333333333333334,2026,7,28
Tamil Nadu,Kancheepuram,Kundrathur(Uzhavar Sandhai ),Green Avare(W),Green Avare (W),Local,2026-07-28,4000.0,5000.0,4500.0,1000.0,22.22222222222222,2026,7,28
Tamil Nadu,Kancheepuram,Kundrathur(Uzhavar Sandhai ),Chow Chow,Chow Chow,Local,2026-07-28,3000.0,3500.0,3250.0,500.0,15.384615384615385,2026,7,28
Tamil Nadu,Kancheepuram,Kundrathur(Uzhavar Sandhai ),Onion Green,Onion Green,Local,2026-07-28,5000.0,5000.0,5000.0,0.0,0.0,2026,7,28
Tamil Nadu,Kancheepuram,Sunguvarchatram(Uzhavar Sandhai ),Brinjal,Other,Local,2026-07-28,3500.0,4000.0,3750.0,500.0,13.333333333333334,2026,7,28
Tamil Nadu,Kancheepuram,Sunguvarchatram(Uzhavar Sandhai ),Tomato,Other,Local,2026-07-28,2000.0,2200.0,2100.0,200.0,9.523809523809524,2026,7,28
Tamil Nadu,Kancheepuram,Sunguvarchatram(Uzhavar Sandhai ),Ashgourd,Gouard,Local,2026-07-28,2000.0,2000.0,2000.0,0.0,0.0,2026,7,28
Tamil Nadu,Kancheepuram,Sunguvarchatram(Uzhavar Sandhai ),Amaranthus,Amaranthus,Local,2026-07-28,3000.0,3000.0,3000.0,0.0,0.0,2026,7,28
Tamil Nadu,Kancheepuram,Sunguvarchatram(Uzhavar Sandhai ),Carrot,Pusakesar,Local,2026-07-28,5000.0,6000.0,5500.0,1000.0,18.181818181818183,2026,7,28
Tamil Nadu,Kancheepuram,Sunguvarchatram(Uzhavar Sandhai ),Cabbage,Cabbage,Local,2026-07-28,3000.0,3000.0,3000.0,0.0,0.0,2026,7,28
Tamil Nadu,Kancheepuram,Sunguvarchatram(Uzhavar Sandhai ),Snakeguard,Snakeguard,Local,2026-07-28,4000.0,4000.0,4000.0,0.0,0.0,2026,7,28
Tamil Nadu,Kancheepuram,Sunguvarchatram(Uzhavar Sandhai ),Raddish,Raddish,Local,2026-07-28,3000.0,3000.0,3000.0,0.0,0.0,2026,7,28
Tamil Nadu,Krishnagiri,Avallapalli(Uzhavar Sandhai ),Cluster beans,Cluster Beans,Local,2026-07-28,4500.0,5000.0,4750.0,500.0,10.526315789473683,2026,7,28
Tamil Nadu,Krishnagiri,Avallapalli(Uzhavar Sandhai ),Bitter gourd,Bitter Gourd,Local,2026-07-28,5000.0,5500.0,5250.0,500.0,9.523809523809524,2026,7,28
Tamil Nadu,Krishnagiri,Avallapalli(Uzhavar Sandhai ),Cucumbar(Kheera),Cucumbar,Local,2026-07-28,2500.0,3000.0,2750.0,500.0,18.181818181818183,2026,7,28
Tamil Nadu,Krishnagiri,Avallapalli(Uzhavar Sandhai ),Raddish,Raddish,Local,2026-07-28,2000.0,2500.0,2250.0,500.0,22.22222222222222,2026,7,28
Tamil Nadu,Krishnagiri,Avallapalli(Uzhavar Sandhai ),Tamarind Fruit,Tamarind Fruit,Local,2026-07-28,9000.0,10000.0,9500.0,1000.0,10.526315789473683,2026,7,28
Tamil Nadu,Krishnagiri,Avallapalli(Uzhavar Sandhai ),Indian Beans(Seam),Indian Beans (Seam),Local,2026-07-28,5500.0,6000.0,5750.0,500.0,8.695652173913043,2026,7,28
Tamil Nadu,Dharmapuri,Karimangalam(Uzhavar Sandhai),Banana,Karpura,Local,2026-07-28,4500.0,5000.0,4750.0,500.0,10.526315789473683,2026,7,28
Tamil Nadu,Dharmapuri,Karimangalam(Uzhavar Sandhai),Pumpkin,Pumpkin,Local,2026-07-28,1800.0,2000.0,1900.0,200.0,10.526315789473683,2026,7,28
Tamil Nadu,Dharmapuri,Karimangalam(Uzhavar Sandhai),Amaranthus,Amaranthus,Local,2026-07-28,2300.0,2500.0,2400.0,200.0,8.333333333333332,2026,7,28
Tamil Nadu,Dharmapuri,Karimangalam(Uzhavar Sandhai),Beans,Beans (Whole),Local,2026-07-28,10000.0,11000.0,10500.0,1000.0,9.523809523809524,2026,7,28
Tamil Nadu,Dharmapuri,Karimangalam(Uzhavar Sandhai),Tapioca,Tapioca,Local,2026-07-28,2800.0,3000.0,2900.0,200.0,6.896551724137931,2026,7,28
Tamil Nadu,Dharmapuri,Karimangalam(Uzhavar Sandhai),Green Avare(W),Other,Local,2026-07-28,4500.0,5000.0,4750.0,500.0,10.526315789473683,2026,7,28
Tamil Nadu,Dharmapuri,Karimangalam(Uzhavar Sandhai),Mint(Pudina),Mint(Pudina),Local,2026-07-28,6000.0,7000.0,6500.0,1000.0,15.384615384615385,2026,7,28
Tamil Nadu,Krishnagiri,Denkanikottai(Uzhavar Sandhai ),Banana,Besrai,Local,2026-07-28,5000.0,7000.0,6000.0,2000.0,33.33333333333333,2026,7,28
Tamil Nadu,Krishnagiri,Denkanikottai(Uzhavar Sandhai ),Potato,Red Nanital,Local,2026-07-28,2000.0,2500.0,2250.0,500.0,22.22222222222222,2026,7,28
Tamil Nadu,Krishnagiri,Denkanikottai(Uzhavar Sandhai ),Garlic,Garlic,Local,2026-07-28,22000.0,24000.0,23000.0,2000.0,8.695652173913043,2026,7,28
Tamil Nadu,Krishnagiri,Denkanikottai(Uzhavar Sandhai ),Bhindi(Ladies Finger),Bhindi,Local,2026-07-28,3000.0,3500.0,3250.0,500.0,15.384615384615385,2026,7,28
Tamil Nadu,Krishnagiri,Denkanikottai(Uzhavar Sandhai ),Cowpea(Veg),Cowpea (Veg),Local,2026-07-28,5000.0,5500.0,5250.0,500.0,9.523809523809524,2026,7,28
Tamil Nadu,Krishnagiri,Denkanikottai(Uzhavar Sandhai ),Sweet Potato,Hosur Red,Local,2026-07-28,4500.0,5000.0,4750.0,500.0,10.526315789473683,2026,7,28
Tamil Nadu,Krishnagiri,Denkanikottai(Uzhavar Sandhai ),Carrot,Pusakesar,Local,2026-07-28,6000.0,7000.0,6500.0,1000.0,15.384615384615385,2026,7,28
Tamil Nadu,Krishnagiri,Denkanikottai(Uzhavar Sandhai ),Snakeguard,Snakeguard,Local,2026-07-28,3000.0,3500.0,3250.0,500.0,15.384615384615385,2026,7,28
Tamil Nadu,Krishnagiri,Denkanikottai(Uzhavar Sandhai ),Ridgeguard(Tori),Ridgeguard(Tori),Local,2026-07-28,4000.0,4500.0,4250.0,500.0,11.76470588235294,2026,7,28
Tamil Nadu,Krishnagiri,Denkanikottai(Uzhavar Sandhai ),Drumstick,Drumstick,Local,2026-07-28,4000.0,5000.0,4500.0,1000.0,22.22222222222222,2026,7,28
Tamil Nadu,Krishnagiri,Denkanikottai(Uzhavar Sandhai ),Knool Khol,Knool Khol,Local,2026-07-28,3500.0,4000.0,3750.0,500.0,13.333333333333334,2026,7,28
Tamil Nadu,Krishnagiri,Hosur(Uzhavar Sandhai ),Papaya,Papaya,Local,2026-07-28,3500.0,4000.0,3750.0,500.0,13.333333333333334,2026,7,28
Tamil Nadu,Krishnagiri,Hosur(Uzhavar Sandhai ),Orange,Darjeeling,Local,2026-07-28,14000.0,16000.0,15000.0,2000.0,13.333333333333334,2026,7,28
Tamil Nadu,Krishnagiri,Hosur(Uzhavar Sandhai ),Banana,Red Banana,Local,2026-07-28,6500.0,7000.0,6750.0,500.0,7.4074074074074066,2026,7,28
Tamil Nadu,Krishnagiri,Hosur(Uzhavar Sandhai ),Coriander(Leaves),I Sort,Local,2026-07-28,6000.0,7000.0,6500.0,1000.0,15.384615384615385,2026,7,28
Tamil Nadu,Krishnagiri,Hosur(Uzhavar Sandhai ),Bitter gourd,Bitter Gourd,Local,2026-07-28,5000.0,5500.0,5250.0,500.0,9.523809523809524,2026,7,28
Tamil Nadu,Krishnagiri,Hosur(Uzhavar Sandhai ),Bottle gourd,Bottle Gourd,Local,2026-07-28,2500.0,3000.0,2750.0,500.0,18.181818181818183,2026,7,28
Tamil Nadu,Krishnagiri,Hosur(Uzhavar Sandhai ),Bhindi(Ladies Finger),Bhindi,Local,2026-07-28,3000.0,3500.0,3250.0,500.0,15.384615384615385,2026,7,28
Tamil Nadu,Krishnagiri,Hosur(Uzhavar Sandhai ),Beans,Beans (Whole),Local,2026-07-28,8000.0,10000.0,9000.0,2000.0,22.22222222222222,2026,7,28
Tamil Nadu,Krishnagiri,Hosur(Uzhavar Sandhai ),Coconut,Coconut,Local,2026-07-28,5000.0,5500.0,5250.0,500.0,9.523809523809524,2026,7,28
Tamil Nadu,Krishnagiri,Hosur(Uzhavar Sandhai ),Betal Leaves,Mysore,Local,2026-07-28,10000.0,12000.0,11000.0,2000.0,18.181818181818183,2026,7,28
Tamil Nadu,Krishnagiri,Hosur(Uzhavar Sandhai ),Carrot,Pusakesar,Local,2026-07-28,6000.0,7000.0,6500.0,1000.0,15.384615384615385,2026,7,28
Tamil Nadu,Krishnagiri,Hosur(Uzhavar Sandhai ),Snakeguard,Snakeguard,Local,2026-07-28,3000.0,3500.0,3250.0,500.0,15.384615384615385,2026,7,28
Tamil Nadu,Krishnagiri,Hosur(Uzhavar Sandhai ),Beetroot,Beetroot,Local,2026-07-28,3500.0,4000.0,3750.0,500.0,13.333333333333334,2026,7,28
Tamil Nadu,Krishnagiri,Hosur(Uzhavar Sandhai ),Cucumbar(Kheera),Cucumbar,Local,2026-07-28,2500.0,3000.0,2750.0,500.0,18.181818181818183,2026,7,28
Tamil Nadu,Krishnagiri,Hosur(Uzhavar Sandhai ),Chow Chow,Chow Chow,Local,2026-07-28,2500.0,3000.0,2750.0,500.0,18.181818181818183,2026,7,28
Tamil Nadu,Krishnagiri,Hosur(Uzhavar Sandhai ),Knool Khol,Knool Khol,Local,2026-07-28,4000.0,5000.0,4500.0,1000.0,22.22222222222222,2026,7,28
Tamil Nadu,Krishnagiri,Hosur(Uzhavar Sandhai ),Jack Fruit(Ripe),Jack Fruit,Local,2026-07-28,2000.0,2500.0,2250.0,500.0,22.22222222222222,2026,7,28
Tamil Nadu,Krishnagiri,Hosur(Uzhavar Sandhai ),Pomegranate,Pomogranate,Local,2026-07-28,16000.0,18000.0,17000.0,2000.0,11.76470588235294,2026,7,28
Tamil Nadu,Krishnagiri,Hosur(Uzhavar Sandhai ),Tender Coconut,Tender Coconut,Local,2026-07-28,2500.0,3000.0,2750.0,500.0,18.181818181818183,2026,7,28
Tamil Nadu,Krishnagiri,Hosur(Uzhavar Sandhai ),Tamarind Fruit,Tamarind Fruit,Local,2026-07-28,12000.0,15000.0,13500.0,3000.0,22.22222222222222,2026,7,28
Tamil Nadu,Krishnagiri,Hosur(Uzhavar Sandhai ),Yam(Ratalu),Yam (Ratalu),Local,2026-07-28,4000.0,5000.0,4500.0,1000.0,22.22222222222222,2026,7,28
Tamil Nadu,Krishnagiri,Hosur(Uzhavar Sandhai ),Onion Green,Onion Green,Local,2026-07-28,7000.0,8000.0,7500.0,1000.0,13.333333333333334,2026,7,28
Tamil Nadu,Krishnagiri,Krishnagiri(Uzhavar Sandhai ),Papaya,Papaya,Local,2026-07-28,2500.0,2800.0,2650.0,300.0,11.320754716981133,2026,7,28
Tamil Nadu,Krishnagiri,Krishnagiri(Uzhavar Sandhai ),Water Melon,Water Melon,Local,2026-07-28,1500.0,2000.0,1750.0,500.0,28.57142857142857,2026,7,28
Tamil Nadu,Krishnagiri,Krishnagiri(Uzhavar Sandhai ),Potato,Red Nanital,Local,2026-07-28,2000.0,2600.0,2300.0,600.0,26.08695652173913,2026,7,28
Tamil Nadu,Krishnagiri,Krishnagiri(Uzhavar Sandhai ),Beans,Beans (Whole),Local,2026-07-28,8000.0,9000.0,8500.0,1000.0,11.76470588235294,2026,7,28
Tamil Nadu,Krishnagiri,Krishnagiri(Uzhavar Sandhai ),Coconut,Coconut,Local,2026-07-28,4000.0,5000.0,4500.0,1000.0,22.22222222222222,2026,7,28
Tamil Nadu,Krishnagiri,Krishnagiri(Uzhavar Sandhai ),Mango(Raw-Ripe),Mango - Raw-Ripe,Local,2026-07-28,1500.0,2000.0,1750.0,500.0,28.57142857142857,2026,7,28
Tamil Nadu,Krishnagiri,Krishnagiri(Uzhavar Sandhai ),Guava,Guava Allahabad,Local,2026-07-28,4000.0,4500.0,4250.0,500.0,11.76470588235294,2026,7,28
Tamil Nadu,Krishnagiri,Krishnagiri(Uzhavar Sandhai ),Indian Beans(Seam),Indian Beans (Seam),Local,2026-07-28,5000.0,6000.0,5500.0,1000.0,18.181818181818183,2026,7,28
Tamil Nadu,Krishnagiri,Krishnagiri(Uzhavar Sandhai ),Mint(Pudina),Mint(Pudina),Local,2026-07-28,2500.0,3000.0,2750.0,500.0,18.181818181818183,2026,7,28
Tamil Nadu,Madurai,Anaiyur(Uzhavar Sandhai ),Mango,Safeda,Local,2026-07-28,4000.0,7000.0,5500.0,3000.0,54.54545454545454,2026,7,28
Tamil Nadu,Madurai,Anaiyur(Uzhavar Sandhai ),Garlic,Garlic,Local,2026-07-28,13000.0,26000.0,19500.0,13000.0,66.66666666666666,2026,7,28
Tamil Nadu,Madurai,Anaiyur(Uzhavar Sandhai ),Green Peas,Green Peas,Local,2026-07-28,14000.0,15000.0,14500.0,1000.0,6.896551724137931,2026,7,28
Tamil Nadu,Madurai,Anaiyur(Uzhavar Sandhai ),Chikoos(Sapota),Sapota,Local,2026-07-28,4000.0,6000.0,5000.0,2000.0,40.0,2026,7,28
Tamil Nadu,Madurai,Anaiyur(Uzhavar Sandhai ),Tomato,Deshi,Local,2026-07-28,2000.0,2200.0,2100.0,200.0,9.523809523809524,2026,7,28
Tamil Nadu,Madurai,Anaiyur(Uzhavar Sandhai ),Cluster beans,Cluster Beans,Local,2026-07-28,3000.0,3600.0,3300.0,600.0,18.181818181818183,2026,7,28
Tamil Nadu,Madurai,Anaiyur(Uzhavar Sandhai ),Tapioca,Tapioca,Local,2026-07-28,3000.0,4000.0,3500.0,1000.0,28.57142857142857,2026,7,28
Tamil Nadu,Madurai,Anaiyur(Uzhavar Sandhai ),Carrot,Pusakesar,Local,2026-07-28,8500.0,9000.0,8750.0,500.0,5.714285714285714,2026,7,28
Tamil Nadu,Madurai,Anaiyur(Uzhavar Sandhai ),Cucumbar(Kheera),Cucumbar,Local,2026-07-28,4000.0,5000.0,4500.0,1000.0,22.22222222222222,2026,7,28
Tamil Nadu,Madurai,Anaiyur(Uzhavar Sandhai ),Capsicum,Capsicum,Local,2026-07-28,9000.0,10000.0,9500.0,1000.0,10.526315789473683,2026,7,28
Tamil Nadu,Madurai,Anaiyur(Uzhavar Sandhai ),Indian Beans(Seam),Indian Beans (Seam),Local,2026-07-28,5000.0,5500.0,5250.0,500.0,9.523809523809524,2026,7,28
Tamil Nadu,Madurai,Anaiyur(Uzhavar Sandhai ),Mashrooms,Mashrooms,Local,2026-07-28,22500.0,25000.0,23750.0,2500.0,10.526315789473683,2026,7,28
Tamil Nadu,Madurai,Usilampatti(Uzhavar Sandhai ),Brinjal,Round,Local,2026-07-28,5000.0,5500.0,5250.0,500.0,9.523809523809524,2026,7,28
Tamil Nadu,Madurai,Usilampatti(Uzhavar Sandhai ),Tomato,Deshi,Local,2026-07-28,2000.0,2200.0,2100.0,200.0,9.523809523809524,2026,7,28
Tamil Nadu,Madurai,Usilampatti(Uzhavar Sandhai ),Bitter gourd,Bitter Gourd,Local,2026-07-28,5500.0,6000.0,5750.0,500.0,8.695652173913043,2026,7,28
Tamil Nadu,Madurai,Usilampatti(Uzhavar Sandhai ),Snakeguard,Snakeguard,Local,2026-07-28,4000.0,4500.0,4250.0,500.0,11.76470588235294,2026,7,28
Tamil Nadu,Madurai,Usilampatti(Uzhavar Sandhai ),Indian Beans(Seam),Indian Beans (Seam),Local,2026-07-28,5000.0,5500.0,5250.0,500.0,9.523809523809524,2026,7,28
Tamil Nadu,Madurai,Usilampatti(Uzhavar Sandhai ),Lemon,Lemon,Local,2026-07-28,6000.0,7000.0,6500.0,1000.0,15.384615384615385,2026,7,28
Tamil Nadu,Madurai,Usilampatti(Uzhavar Sandhai ),Onion Green,Onion Green,Local,2026-07-28,5500.0,6000.0,5750.0,500.0,8.695652173913043,2026,7,28
Tamil Nadu,Nagapattinam,Nagapattinam(Uzhavar Sandhai ),Garlic,Garlic,Local,2026-07-28,16700.0,18000.0,17350.0,1300.0,7.492795389048991,2026,7,28
Tamil Nadu,Nagapattinam,Nagapattinam(Uzhavar Sandhai ),Coriander(Leaves),I Sort,Local,2026-07-28,3700.0,3700.0,3700.0,0.0,0.0,2026,7,28
Tamil Nadu,Nagapattinam,Nagapattinam(Uzhavar Sandhai ),Bitter gourd,Other,Local,2026-07-28,3700.0,3700.0,3700.0,0.0,0.0,2026,7,28
Tamil Nadu,Nagapattinam,Nagapattinam(Uzhavar Sandhai ),Pumpkin,Pumpkin,Local,2026-07-28,3500.0,3500.0,3500.0,0.0,0.0,2026,7,28
Tamil Nadu,Nagapattinam,Nagapattinam(Uzhavar Sandhai ),Bhindi(Ladies Finger),Bhindi,Local,2026-07-28,5000.0,5500.0,5250.0,500.0,9.523809523809524,2026,7,28
Tamil Nadu,Nagapattinam,Nagapattinam(Uzhavar Sandhai ),Ginger(Green),Green Ginger,Local,2026-07-28,16200.0,17500.0,16850.0,1300.0,7.71513353115727,2026,7,28
Tamil Nadu,Nagapattinam,Nagapattinam(Uzhavar Sandhai ),Carrot,Pusakesar,Local,2026-07-28,7800.0,7800.0,7800.0,0.0,0.0,2026,7,28
Tamil Nadu,Nagapattinam,Nagapattinam(Uzhavar Sandhai ),Cabbage,Cabbage,Local,2026-07-28,3500.0,4000.0,3750.0,500.0,13.333333333333334,2026,7,28
Tamil Nadu,Nagapattinam,Nagapattinam(Uzhavar Sandhai ),Cucumbar(Kheera),Cucumbar,Local,2026-07-28,7200.0,7200.0,7200.0,0.0,0.0,2026,7,28
Tamil Nadu,Nagapattinam,Nagapattinam(Uzhavar Sandhai ),Green Avare(W),Other,Local,2026-07-28,8300.0,8300.0,8300.0,0.0,0.0,2026,7,28
Tamil Nadu,Nagapattinam,Nagapattinam(Uzhavar Sandhai ),Chow Chow,Chow Chow,Local,2026-07-28,2800.0,2800.0,2800.0,0.0,0.0,2026,7,28
Tamil Nadu,Nagapattinam,Nagapattinam(Uzhavar Sandhai ),Elephant Yam(Suran)/Amorphophallus,Elephant Yam (Suran),Local,2026-07-28,7400.0,7400.0,7400.0,0.0,0.0,2026,7,28
Tamil Nadu,Nagapattinam,Nagapattinam(Uzhavar Sandhai ),Yam(Ratalu),Yam (Ratalu),Local,2026-07-28,7100.0,8000.0,7550.0,900.0,11.920529801324504,2026,7,28
Tamil Nadu,Nagapattinam,Nagapattinam(Uzhavar Sandhai ),Onion Green,Onion Green,Local,2026-07-28,5600.0,6500.0,6050.0,900.0,14.87603305785124,2026,7,28
Tamil Nadu,Nagapattinam,Sirkali(Uzhavar Sandhai ),Bitter gourd,Bitter Gourd,Local,2026-07-28,5500.0,6000.0,5750.0,500.0,8.695652173913043,2026,7,28
Tamil Nadu,Nagapattinam,Sirkali(Uzhavar Sandhai ),Bottle gourd,Bottle Gourd,Local,2026-07-28,2500.0,3000.0,2750.0,500.0,18.181818181818183,2026,7,28
Tamil Nadu,Nagapattinam,Sirkali(Uzhavar Sandhai ),Green Chilli,Green Chilly,Local,2026-07-28,5500.0,6000.0,5750.0,500.0,8.695652173913043,2026,7,28
Tamil Nadu,Nagapattinam,Sirkali(Uzhavar Sandhai ),Beans,Beans (Whole),Local,2026-07-28,8500.0,9000.0,8750.0,500.0,5.714285714285714,2026,7,28
Tamil Nadu,Nagapattinam,Sirkali(Uzhavar Sandhai ),Ginger(Green),Green Ginger,Local,2026-07-28,15000.0,15000.0,15000.0,0.0,0.0,2026,7,28
Tamil Nadu,Nagapattinam,Sirkali(Uzhavar Sandhai ),Carrot,Pusakesar,Local,2026-07-28,7000.0,7000.0,7000.0,0.0,0.0,2026,7,28
Tamil Nadu,Nagapattinam,Sirkali(Uzhavar Sandhai ),Cabbage,Cabbage,Local,2026-07-28,2500.0,3000.0,2750.0,500.0,18.181818181818183,2026,7,28
Tamil Nadu,Nagapattinam,Sirkali(Uzhavar Sandhai ),Snakeguard,Snakeguard,Local,2026-07-28,4500.0,5000.0,4750.0,500.0,10.526315789473683,2026,7,28
Tamil Nadu,Nagapattinam,Sirkali(Uzhavar Sandhai ),Drumstick,Drumstick,Local,2026-07-28,5500.0,6000.0,5750.0,500.0,8.695652173913043,2026,7,28
Tamil Nadu,Nagapattinam,Sirkali(Uzhavar Sandhai ),Mango(Raw-Ripe),Mango - Raw-Ripe,Local,2026-07-28,4500.0,5000.0,4750.0,500.0,10.526315789473683,2026,7,28
Tamil Nadu,Nagapattinam,Sirkali(Uzhavar Sandhai ),Lime,Lime,Local,2026-07-28,3500.0,4000.0,3750.0,500.0,13.333333333333334,2026,7,28
Tamil Nadu,Nagapattinam,Sirkali(Uzhavar Sandhai ),Guava,Guava Allahabad,Local,2026-07-28,4000.0,5000.0,4500.0,1000.0,22.22222222222222,2026,7,28
Tamil Nadu,Nagapattinam,Sirkali(Uzhavar Sandhai ),Yam(Ratalu),Yam (Ratalu),Local,2026-07-28,5500.0,6000.0,5750.0,500.0,8.695652173913043,2026,7,28
Tamil Nadu,Namakkal,Kumarapalayam(Uzhavar Sandhai ),Banana,Besrai,Local,2026-07-28,3500.0,4000.0,3750.0,500.0,13.333333333333334,2026,7,28
Tamil Nadu,Namakkal,Kumarapalayam(Uzhavar Sandhai ),Cauliflower,Ranchi,Local,2026-07-28,3500.0,4000.0,3750.0,500.0,13.333333333333334,2026,7,28
Tamil Nadu,Namakkal,Kumarapalayam(Uzhavar Sandhai ),Chikoos(Sapota),Sapota,Local,2026-07-28,4000.0,4500.0,4250.0,500.0,11.76470588235294,2026,7,28
Tamil Nadu,Namakkal,Kumarapalayam(Uzhavar Sandhai ),Green Chilli,Green Chilly,Local,2026-07-28,5000.0,5500.0,5250.0,500.0,9.523809523809524,2026,7,28
Tamil Nadu,Namakkal,Kumarapalayam(Uzhavar Sandhai ),Raddish,Raddish,Local,2026-07-28,2500.0,3000.0,2750.0,500.0,18.181818181818183,2026,7,28
Tamil Nadu,Namakkal,Kumarapalayam(Uzhavar Sandhai ),Jasmine,Jasmine,Local,2026-07-28,30000.0,37000.0,33500.0,7000.0,20.8955223880597,2026,7,28
Tamil Nadu,Namakkal,Mohanur(Uzhavar Sandhai ),Potato,Other,Local,2026-07-28,3000.0,3500.0,3250.0,500.0,15.384615384615385,2026,7,28
Tamil Nadu,Namakkal,Mohanur(Uzhavar Sandhai ),Coriander(Leaves),I Sort,Local,2026-07-28,5400.0,6000.0,5700.0,600.0,10.526315789473683,2026,7,28
Tamil Nadu,Namakkal,Mohanur(Uzhavar Sandhai ),Tomato,Deshi,Local,2026-07-28,1400.0,2000.0,1700.0,600.0,35.294117647058826,2026,7,28
Tamil Nadu,Namakkal,Mohanur(Uzhavar Sandhai ),Amaranthus,Amaranthus,Local,2026-07-28,5500.0,6000.0,5750.0,500.0,8.695652173913043,2026,7,28
Tamil Nadu,Namakkal,Mohanur(Uzhavar Sandhai ),Banana - Green,Banana - Green,Local,2026-07-28,3200.0,4000.0,3600.0,800.0,22.22222222222222,2026,7,28
Tamil Nadu,Namakkal,Mohanur(Uzhavar Sandhai ),Ginger(Green),Green Ginger,Local,2026-07-28,22000.0,24000.0,23000.0,2000.0,8.695652173913043,2026,7,28
Tamil Nadu,Namakkal,Mohanur(Uzhavar Sandhai ),Snakeguard,Snakeguard,Local,2026-07-28,5400.0,6000.0,5700.0,600.0,10.526315789473683,2026,7,28
Tamil Nadu,Namakkal,Namakkal(Uzhavar Sandhai ),Mango,Neelam,Local,2026-07-28,6000.0,7000.0,6500.0,1000.0,15.384615384615385,2026,7,28
Tamil Nadu,Namakkal,Paramathivelur(Uzhavar Sandhai ),Potato,Red Nanital,Local,2026-07-28,3500.0,4000.0,3750.0,500.0,13.333333333333334,2026,7,28
Tamil Nadu,Namakkal,Paramathivelur(Uzhavar Sandhai ),Cluster beans,Cluster Beans,Local,2026-07-28,4000.0,4500.0,4250.0,500.0,11.76470588235294,2026,7,28
Tamil Nadu,Namakkal,Paramathivelur(Uzhavar Sandhai ),Ashgourd,Gouard,Local,2026-07-28,2000.0,2500.0,2250.0,500.0,22.22222222222222,2026,7,28
Tamil Nadu,Namakkal,Paramathivelur(Uzhavar Sandhai ),Carrot,Pusakesar,Local,2026-07-28,7000.0,8000.0,7500.0,1000.0,13.333333333333334,2026,7,28
Tamil Nadu,Namakkal,Paramathivelur(Uzhavar Sandhai ),Beetroot,Beetroot,Local,2026-07-28,8000.0,9000.0,8500.0,1000.0,11.76470588235294,2026,7,28
Tamil Nadu,Namakkal,Paramathivelur(Uzhavar Sandhai ),Drumstick,Drumstick,Local,2026-07-28,6000.0,6500.0,6250.0,500.0,8.0,2026,7,28
Tamil Nadu,Namakkal,Paramathivelur(Uzhavar Sandhai ),Lemon,Lemon,Local,2026-07-28,5500.0,6000.0,5750.0,500.0,8.695652173913043,2026,7,28
Tamil Nadu,Namakkal,Rasipuram(Uzhavar Sandhai ),Mousambi(Sweet Lime),Mousambi,Local,2026-07-28,3500.0,4000.0,3750.0,500.0,13.333333333333334,2026,7,28
Tamil Nadu,Namakkal,Rasipuram(Uzhavar Sandhai ),Coriander(Leaves),I Sort,Local,2026-07-28,8000.0,9000.0,8500.0,1000.0,11.76470588235294,2026,7,28
Tamil Nadu,Namakkal,Rasipuram(Uzhavar Sandhai ),Bottle gourd,Bottle Gourd,Local,2026-07-28,2000.0,2200.0,2100.0,200.0,9.523809523809524,2026,7,28
Tamil Nadu,Namakkal,Rasipuram(Uzhavar Sandhai ),Ashgourd,Gouard,Local,2026-07-28,2800.0,3000.0,2900.0,200.0,6.896551724137931,2026,7,28
Tamil Nadu,Namakkal,Rasipuram(Uzhavar Sandhai ),Bhindi(Ladies Finger),Bhindi,Local,2026-07-28,3600.0,4500.0,4050.0,900.0,22.22222222222222,2026,7,28
Tamil Nadu,Namakkal,Rasipuram(Uzhavar Sandhai ),Guava,Guava Allahabad,Local,2026-07-28,5500.0,6500.0,6000.0,1000.0,16.666666666666664,2026,7,28
Tamil Nadu,Namakkal,Rasipuram(Uzhavar Sandhai ),Tamarind Fruit,Tamarind Fruit,Local,2026-07-28,13000.0,15000.0,14000.0,2000.0,14.285714285714285,2026,7,28
Tamil Nadu,Namakkal,Rasipuram(Uzhavar Sandhai ),Elephant Yam(Suran)/Amorphophallus,Elephant Yam (Suran),Local,2026-07-28,3500.0,4000.0,3750.0,500.0,13.333333333333334,2026,7,28
Tamil Nadu,Namakkal,Rasipuram(Uzhavar Sandhai ),Amla(Nelli Kai),Amla,Local,2026-07-28,8500.0,9000.0,8750.0,500.0,5.714285714285714,2026,7,28
Tamil Nadu,Madurai,Palanganatham(Uzhavar Sandhai ),Apple,American,Local,2026-07-28,20000.0,27000.0,23500.0,7000.0,29.78723404255319,2026,7,28
Tamil Nadu,Madurai,Palanganatham(Uzhavar Sandhai ),Orange,Darjeeling,Local,2026-07-28,14000.0,16000.0,15000.0,2000.0,13.333333333333334,2026,7,28
Tamil Nadu,Madurai,Palanganatham(Uzhavar Sandhai ),Onion,Bellary,Local,2026-07-28,3000.0,4000.0,3500.0,1000.0,28.57142857142857,2026,7,28
Tamil Nadu,Madurai,Palanganatham(Uzhavar Sandhai ),Garlic,Garlic,Local,2026-07-28,26000.0,27000.0,26500.0,1000.0,3.7735849056603774,2026,7,28
Tamil Nadu,Madurai,Palanganatham(Uzhavar Sandhai ),Brinjal,Other,Local,2026-07-28,5000.0,5200.0,5100.0,200.0,3.9215686274509802,2026,7,28
Tamil Nadu,Madurai,Palanganatham(Uzhavar Sandhai ),Tomato,Deshi,Local,2026-07-28,2000.0,2200.0,2100.0,200.0,9.523809523809524,2026,7,28
Tamil Nadu,Madurai,Palanganatham(Uzhavar Sandhai ),Bottle gourd,Bottle Gourd,Local,2026-07-28,3200.0,3600.0,3400.0,400.0,11.76470588235294,2026,7,28
Tamil Nadu,Madurai,Palanganatham(Uzhavar Sandhai ),Pumpkin,Pumpkin,Local,2026-07-28,2000.0,2400.0,2200.0,400.0,18.181818181818183,2026,7,28
Tamil Nadu,Madurai,Palanganatham(Uzhavar Sandhai ),Amaranthus,Amaranthus,Local,2026-07-28,3000.0,3600.0,3300.0,600.0,18.181818181818183,2026,7,28
Tamil Nadu,Madurai,Palanganatham(Uzhavar Sandhai ),Ginger(Green),Green Ginger,Local,2026-07-28,15000.0,22000.0,18500.0,7000.0,37.83783783783784,2026,7,28
Tamil Nadu,Madurai,Palanganatham(Uzhavar Sandhai ),Coconut,Coconut,Local,2026-07-28,5800.0,6000.0,5900.0,200.0,3.389830508474576,2026,7,28
Tamil Nadu,Madurai,Palanganatham(Uzhavar Sandhai ),Ridgeguard(Tori),Ridgeguard(Tori),Local,2026-07-28,4000.0,6500.0,5250.0,2500.0,47.61904761904761,2026,7,28
Tamil Nadu,Madurai,Palanganatham(Uzhavar Sandhai ),Raddish,Raddish,Local,2026-07-28,3000.0,3500.0,3250.0,500.0,15.384615384615385,2026,7,28
Tamil Nadu,Madurai,Palanganatham(Uzhavar Sandhai ),Chow Chow,Chow Chow,Local,2026-07-28,3000.0,3500.0,3250.0,500.0,15.384615384615385,2026,7,28
Tamil Nadu,Madurai,Palanganatham(Uzhavar Sandhai ),Mango(Raw-Ripe),Mango - Raw-Ripe,Local,2026-07-28,2000.0,3500.0,2750.0,1500.0,54.54545454545454,2026,7,28
Tamil Nadu,Madurai,Palanganatham(Uzhavar Sandhai ),Elephant Yam(Suran)/Amorphophallus,Elephant Yam (Suran),Local,2026-07-28,4000.0,4500.0,4250.0,500.0,11.76470588235294,2026,7,28
Tamil Nadu,Madurai,Palanganatham(Uzhavar Sandhai ),Yam(Ratalu),Yam (Ratalu),Local,2026-07-28,7000.0,8000.0,7500.0,1000.0,13.333333333333334,2026,7,28
Tamil Nadu,Madurai,Palanganatham(Uzhavar Sandhai ),Colacasia,Colacasia,Local,2026-07-28,4000.0,5000.0,4500.0,1000.0,22.22222222222222,2026,7,28
Tamil Nadu,Madurai,Palanganatham(Uzhavar Sandhai ),Onion Green,Onion Green,Local,2026-07-28,5500.0,6000.0,5750.0,500.0,8.695652173913043,2026,7,28
Tamil Nadu,Madurai,Anna nagar(Uzhavar Sandhai ),Papaya,Papaya,Local,2026-07-28,4000.0,4000.0,4000.0,0.0,0.0,2026,7,28
Tamil Nadu,Madurai,Anna nagar(Uzhavar Sandhai ),Orange,Darjeeling,Local,2026-07-28,12000.0,12000.0,12000.0,0.0,0.0,2026,7,28
Tamil Nadu,Madurai,Anna nagar(Uzhavar Sandhai ),Chili Red,Bold,Local,2026-07-28,20000.0,20000.0,20000.0,0.0,0.0,2026,7,28
Tamil Nadu,Madurai,Anna nagar(Uzhavar Sandhai ),Brinjal,Other,Local,2026-07-28,4600.0,4600.0,4600.0,0.0,0.0,2026,7,28
Tamil Nadu,Madurai,Anna nagar(Uzhavar Sandhai ),Banana - Green,Banana - Green,Local,2026-07-28,2000.0,2500.0,2250.0,500.0,22.22222222222222,2026,7,28
Tamil Nadu,Madurai,Anna nagar(Uzhavar Sandhai ),Tapioca,Tapioca,Local,2026-07-28,4000.0,4000.0,4000.0,0.0,0.0,2026,7,28
Tamil Nadu,Madurai,Anna nagar(Uzhavar Sandhai ),Sweet Potato,Hosur Red,Local,2026-07-28,4600.0,5000.0,4800.0,400.0,8.333333333333332,2026,7,28
Tamil Nadu,Madurai,Anna nagar(Uzhavar Sandhai ),Carrot,Pusakesar,Local,2026-07-28,10000.0,10000.0,10000.0,0.0,0.0,2026,7,28
Tamil Nadu,Madurai,Anna nagar(Uzhavar Sandhai ),Capsicum,Capsicum,Local,2026-07-28,6000.0,6000.0,6000.0,0.0,0.0,2026,7,28
Tamil Nadu,Madurai,Anna nagar(Uzhavar Sandhai ),Colacasia,Colacasia,Local,2026-07-28,5000.0,5000.0,5000.0,0.0,0.0,2026,7,28
Tamil Nadu,Perambalur,Perambalur(Uzhavar Sandhai ),Papaya,Papaya,Local,2026-07-28,3500.0,4000.0,3750.0,500.0,13.333333333333334,2026,7,28
Tamil Nadu,Perambalur,Perambalur(Uzhavar Sandhai ),Onion,Bellary,Local,2026-07-28,4000.0,4200.0,4100.0,200.0,4.878048780487805,2026,7,28
Tamil Nadu,Perambalur,Perambalur(Uzhavar Sandhai ),Ashgourd,Gouard,Local,2026-07-28,2000.0,2400.0,2200.0,400.0,18.181818181818183,2026,7,28
Tamil Nadu,Perambalur,Perambalur(Uzhavar Sandhai ),Pumpkin,Pumpkin,Local,2026-07-28,1800.0,2000.0,1900.0,200.0,10.526315789473683,2026,7,28
Tamil Nadu,Perambalur,Perambalur(Uzhavar Sandhai ),Green Chilli,Green Chilly,Local,2026-07-28,4500.0,5000.0,4750.0,500.0,10.526315789473683,2026,7,28
Tamil Nadu,Perambalur,Perambalur(Uzhavar Sandhai ),Coconut,Coconut,Local,2026-07-28,5000.0,6000.0,5500.0,1000.0,18.181818181818183,2026,7,28
Tamil Nadu,Perambalur,Perambalur(Uzhavar Sandhai ),Cabbage,Cabbage,Local,2026-07-28,4000.0,4600.0,4300.0,600.0,13.953488372093023,2026,7,28
Tamil Nadu,Perambalur,Perambalur(Uzhavar Sandhai ),Ridgeguard(Tori),Ridgeguard(Tori),Local,2026-07-28,5600.0,6000.0,5800.0,400.0,6.896551724137931,2026,7,28
Tamil Nadu,Perambalur,Perambalur(Uzhavar Sandhai ),Chow Chow,Chow Chow,Local,2026-07-28,4400.0,4800.0,4600.0,400.0,8.695652173913043,2026,7,28
Tamil Nadu,Perambalur,Perambalur(Uzhavar Sandhai ),Guava,Guava Allahabad,Local,2026-07-28,6000.0,7000.0,6500.0,1000.0,15.384615384615385,2026,7,28
Tamil Nadu,Salem,Mecheri(Uzhavar Sandhai),Brinjal,Round,Local,2026-07-28,4500.0,5000.0,4750.0,500.0,10.526315789473683,2026,7,28
Tamil Nadu,Salem,Mecheri(Uzhavar Sandhai),Bhindi(Ladies Finger),Bhindi,Local,2026-07-28,3000.0,3500.0,3250.0,500.0,15.384615384615385,2026,7,28
Tamil Nadu,Ranipet,Ranipettai(Uzhavar Sandhai ),Banana,Red Banana,Local,2026-07-28,10000.0,10000.0,10000.0,0.0,0.0,2026,7,28
Tamil Nadu,Ranipet,Ranipettai(Uzhavar Sandhai ),Onion,Bellary,Local,2026-07-28,3500.0,3500.0,3500.0,0.0,0.0,2026,7,28
Tamil Nadu,Ranipet,Ranipettai(Uzhavar Sandhai ),Cluster beans,Cluster Beans,Local,2026-07-28,4400.0,4400.0,4400.0,0.0,0.0,2026,7,28
Tamil Nadu,Ranipet,Ranipettai(Uzhavar Sandhai ),Bitter gourd,Other,Local,2026-07-28,5000.0,5000.0,5000.0,0.0,0.0,2026,7,28
Tamil Nadu,Ranipet,Ranipettai(Uzhavar Sandhai ),Green Chilli,Green Chilly,Local,2026-07-28,6000.0,7000.0,6500.0,1000.0,15.384615384615385,2026,7,28
Tamil Nadu,Ranipet,Ranipettai(Uzhavar Sandhai ),Raddish,Raddish,Local,2026-07-28,3600.0,4000.0,3800.0,400.0,10.526315789473683,2026,7,28
Tamil Nadu,Ranipet,Ranipettai(Uzhavar Sandhai ),Chow Chow,Chow Chow,Local,2026-07-28,4000.0,4000.0,4000.0,0.0,0.0,2026,7,28
Tamil Nadu,Ranipet,Ranipettai(Uzhavar Sandhai ),Tender Coconut,Tender Coconut,Local,2026-07-28,2500.0,2500.0,2500.0,0.0,0.0,2026,7,28
Tamil Nadu,Ranipet,Ranipettai(Uzhavar Sandhai ),Jasmine,Jasmine,Local,2026-07-28,54000.0,54000.0,54000.0,0.0,0.0,2026,7,28
Tamil Nadu,Ranipet,Ranipettai(Uzhavar Sandhai ),Elephant Yam(Suran)/Amorphophallus,Elephant Yam (Suran),Local,2026-07-28,5000.0,6000.0,5500.0,1000.0,18.181818181818183,2026,7,28
Tamil Nadu,Ranipet,Ranipettai(Uzhavar Sandhai ),Colacasia,Colacasia,Local,2026-07-28,3600.0,4000.0,3800.0,400.0,10.526315789473683,2026,7,28
Tamil Nadu,Salem,Ammapet(Uzhavar Sandhai ),Orange,Darjeeling,Local,2026-07-28,8000.0,9000.0,8500.0,1000.0,11.76470588235294,2026,7,28
Tamil Nadu,Salem,Ammapet(Uzhavar Sandhai ),Cauliflower,Ranchi,Local,2026-07-28,2500.0,3000.0,2750.0,500.0,18.181818181818183,2026,7,28
Tamil Nadu,Salem,Ammapet(Uzhavar Sandhai ),Tomato,Local,Local,2026-07-28,1500.0,1800.0,1650.0,300.0,18.181818181818183,2026,7,28
Tamil Nadu,Salem,Ammapet(Uzhavar Sandhai ),Pumpkin,Pumpkin,Local,2026-07-28,2000.0,2400.0,2200.0,400.0,18.181818181818183,2026,7,28
Tamil Nadu,Salem,Ammapet(Uzhavar Sandhai ),Green Avare(W),Other,Local,2026-07-28,5000.0,5500.0,5250.0,500.0,9.523809523809524,2026,7,28
Tamil Nadu,Salem,Ammapet(Uzhavar Sandhai ),Drumstick,Drumstick,Local,2026-07-28,4000.0,5000.0,4500.0,1000.0,22.22222222222222,2026,7,28
Tamil Nadu,Salem,Ammapet(Uzhavar Sandhai ),Tender Coconut,Tender Coconut,Local,2026-07-28,3500.0,4000.0,3750.0,500.0,13.333333333333334,2026,7,28
Tamil Nadu,Salem,Ammapet(Uzhavar Sandhai ),Tamarind Fruit,Tamarind Fruit,Local,2026-07-28,14000.0,15000.0,14500.0,1000.0,6.896551724137931,2026,7,28
Tamil Nadu,Salem,Ammapet(Uzhavar Sandhai ),Yam(Ratalu),Yam (Ratalu),Local,2026-07-28,5500.0,6000.0,5750.0,500.0,8.695652173913043,2026,7,28
Tamil Nadu,Salem,Ammapet(Uzhavar Sandhai ),Mashrooms,Mashrooms,Local,2026-07-28,19000.0,20000.0,19500.0,1000.0,5.128205128205128,2026,7,28
Tamil Nadu,Salem,Ammapet(Uzhavar Sandhai ),Custard Apple(Sharifa),Custard Apple(Sharifa),Local,2026-07-28,5000.0,6000.0,5500.0,1000.0,18.181818181818183,2026,7,28
Tamil Nadu,Salem,Ammapet(Uzhavar Sandhai ),Baby Corn,Baby Corn,Grade A,2026-07-28,2500.0,3000.0,2750.0,500.0,18.181818181818183,2026,7,28
Tamil Nadu,Salem,Ammapet(Uzhavar Sandhai ),Sweet Corn,Sweet Corn,Local,2026-07-28,3500.0,4000.0,3750.0,500.0,13.333333333333334,2026,7,28
Tamil Nadu,Salem,Mettur(Uzhavar Sandhai ),Papaya,Papaya,Local,2026-07-28,2500.0,3000.0,2750.0,500.0,18.181818181818183,2026,7,28
Tamil Nadu,Salem,Mettur(Uzhavar Sandhai ),Banana,Red Banana,Local,2026-07-28,6500.0,7000.0,6750.0,500.0,7.4074074074074066,2026,7,28
Tamil Nadu,Salem,Mettur(Uzhavar Sandhai ),Mango,Neelam,Local,2026-07-28,4500.0,5000.0,4750.0,500.0,10.526315789473683,2026,7,28
Tamil Nadu,Salem,Mettur(Uzhavar Sandhai ),Cauliflower,Ranchi,Local,2026-07-28,3500.0,4000.0,3750.0,500.0,13.333333333333334,2026,7,28
Tamil Nadu,Salem,Mettur(Uzhavar Sandhai ),Amaranthus,Amaranthus,Local,2026-07-28,2000.0,2500.0,2250.0,500.0,22.22222222222222,2026,7,28
Tamil Nadu,Salem,Mettur(Uzhavar Sandhai ),Beans,Beans (Whole),Local,2026-07-28,8500.0,9000.0,8750.0,500.0,5.714285714285714,2026,7,28
Tamil Nadu,Salem,Mettur(Uzhavar Sandhai ),Ginger(Green),Green Ginger,Local,2026-07-28,18500.0,19000.0,18750.0,500.0,2.666666666666667,2026,7,28
Tamil Nadu,Salem,Mettur(Uzhavar Sandhai ),Snakeguard,Snakeguard,Local,2026-07-28,3500.0,4000.0,3750.0,500.0,13.333333333333334,2026,7,28
Tamil Nadu,Salem,Mettur(Uzhavar Sandhai ),Ridgeguard(Tori),Ridgeguard(Tori),Local,2026-07-28,4500.0,5000.0,4750.0,500.0,10.526315789473683,2026,7,28
Tamil Nadu,Salem,Mettur(Uzhavar Sandhai ),Raddish,Raddish,Local,2026-07-28,3000.0,3400.0,3200.0,400.0,12.5,2026,7,28
Tamil Nadu,Salem,Mettur(Uzhavar Sandhai ),Knool Khol,Knool Khol,Local,2026-07-28,5500.0,6000.0,5750.0,500.0,8.695652173913043,2026,7,28
Tamil Nadu,Salem,Mettur(Uzhavar Sandhai ),Marigold(Calcutta),Marigold(Calcutta),Local,2026-07-28,24000.0,26000.0,25000.0,2000.0,8.0,2026,7,28
Tamil Nadu,Salem,Mettur(Uzhavar Sandhai ),Amla(Nelli Kai),Amla,Local,2026-07-28,7000.0,7500.0,7250.0,500.0,6.896551724137931,2026,7,28
Tamil Nadu,Salem,Mettur(Uzhavar Sandhai ),Mint(Pudina),Mint(Pudina),Local,2026-07-28,2500.0,3000.0,2750.0,500.0,18.181818181818183,2026,7,28
Tamil Nadu,Salem,Sooramangalam(Uzhavar Sandhai ),Onion,Bellary,Local,2026-07-28,3500.0,3800.0,3650.0,300.0,8.21917808219178,2026,7,28
Tamil Nadu,Salem,Sooramangalam(Uzhavar Sandhai ),Potato,Other,Local,2026-07-28,6000.0,6800.0,6400.0,800.0,12.5,2026,7,28
Tamil Nadu,Salem,Sooramangalam(Uzhavar Sandhai ),Cluster beans,Cluster Beans,Local,2026-07-28,3000.0,3600.0,3300.0,600.0,18.181818181818183,2026,7,28
Tamil Nadu,Salem,Sooramangalam(Uzhavar Sandhai ),Tapioca,Tapioca,Local,2026-07-28,3000.0,3500.0,3250.0,500.0,15.384615384615385,2026,7,28
Tamil Nadu,Salem,Sooramangalam(Uzhavar Sandhai ),Cucumbar(Kheera),Cucumbar,Local,2026-07-28,4000.0,4500.0,4250.0,500.0,11.76470588235294,2026,7,28
Tamil Nadu,Salem,Sooramangalam(Uzhavar Sandhai ),Raddish,Raddish,Local,2026-07-28,3000.0,3400.0,3200.0,400.0,12.5,2026,7,28
Tamil Nadu,Salem,Sooramangalam(Uzhavar Sandhai ),Guava,Guava Allahabad,Local,2026-07-28,5000.0,6000.0,5500.0,1000.0,18.181818181818183,2026,7,28
Tamil Nadu,Salem,Sooramangalam(Uzhavar Sandhai ),Elephant Yam(Suran)/Amorphophallus,Elephant Yam (Suran),Local,2026-07-28,4500.0,5000.0,4750.0,500.0,10.526315789473683,2026,7,28
Tamil Nadu,Salem,Thammampatti (Uzhavar Sandhai ),Banana,Red Banana,Local,2026-07-28,6000.0,6500.0,6250.0,500.0,8.0,2026,7,28
Tamil Nadu,Salem,Thammampatti (Uzhavar Sandhai ),Water Melon,Water Melon,Local,2026-07-28,2000.0,2500.0,2250.0,500.0,22.22222222222222,2026,7,28
Tamil Nadu,Salem,Thammampatti (Uzhavar Sandhai ),Mango,Safeda,Local,2026-07-28,4000.0,5000.0,4500.0,1000.0,22.22222222222222,2026,7,28
Tamil Nadu,Salem,Thammampatti (Uzhavar Sandhai ),Bottle gourd,Bottle Gourd,Local,2026-07-28,2000.0,2500.0,2250.0,500.0,22.22222222222222,2026,7,28
Tamil Nadu,Salem,Thammampatti (Uzhavar Sandhai ),Amaranthus,Amaranthus,Local,2026-07-28,2000.0,2500.0,2250.0,500.0,22.22222222222222,2026,7,28
Tamil Nadu,Salem,Thammampatti (Uzhavar Sandhai ),Carrot,Pusakesar,Local,2026-07-28,8000.0,8200.0,8100.0,200.0,2.4691358024691357,2026,7,28
Tamil Nadu,Salem,Thammampatti (Uzhavar Sandhai ),Capsicum,Capsicum,Local,2026-07-28,8000.0,8000.0,8000.0,0.0,0.0,2026,7,28
Tamil Nadu,Salem,Thammampatti (Uzhavar Sandhai ),Chow Chow,Chow Chow,Local,2026-07-28,4000.0,4000.0,4000.0,0.0,0.0,2026,7,28
Tamil Nadu,Salem,Thathakapatti(Uzhavar Sandhai ),Water Melon,Water Melon,Local,2026-07-28,1500.0,2000.0,1750.0,500.0,28.57142857142857,2026,7,28
Tamil Nadu,Salem,Thathakapatti(Uzhavar Sandhai ),Groundnut,Big (With Shell),Local,2026-07-28,7000.0,8000.0,7500.0,1000.0,13.333333333333334,2026,7,28
Tamil Nadu,Salem,Thathakapatti(Uzhavar Sandhai ),Cauliflower,Ranchi,Local,2026-07-28,2000.0,2500.0,2250.0,500.0,22.22222222222222,2026,7,28
Tamil Nadu,Salem,Thathakapatti(Uzhavar Sandhai ),Chikoos(Sapota),Sapota,Local,2026-07-28,3000.0,4000.0,3500.0,1000.0,28.57142857142857,2026,7,28
Tamil Nadu,Salem,Thathakapatti(Uzhavar Sandhai ),Pumpkin,Pumpkin,Local,2026-07-28,2000.0,2400.0,2200.0,400.0,18.181818181818183,2026,7,28
Tamil Nadu,Salem,Thathakapatti(Uzhavar Sandhai ),Cowpea(Veg),Cowpea (Veg),Local,2026-07-28,3500.0,4000.0,3750.0,500.0,13.333333333333334,2026,7,28
Tamil Nadu,Salem,Thathakapatti(Uzhavar Sandhai ),Tapioca,Tapioca,Local,2026-07-28,3000.0,3000.0,3000.0,0.0,0.0,2026,7,28
Tamil Nadu,Salem,Thathakapatti(Uzhavar Sandhai ),Green Avare(W),Green Avare (W),Local,2026-07-28,6000.0,6500.0,6250.0,500.0,8.0,2026,7,28
Tamil Nadu,Salem,Thathakapatti(Uzhavar Sandhai ),Chow Chow,Chow Chow,Local,2026-07-28,3400.0,3600.0,3500.0,200.0,5.714285714285714,2026,7,28
Tamil Nadu,Salem,Thathakapatti(Uzhavar Sandhai ),Guava,Guava Allahabad,Local,2026-07-28,5000.0,6000.0,5500.0,1000.0,18.181818181818183,2026,7,28
Tamil Nadu,Salem,Thathakapatti(Uzhavar Sandhai ),Kakada,Kakada,Local,2026-07-28,18000.0,20000.0,19000.0,2000.0,10.526315789473683,2026,7,28
Tamil Nadu,Pudukkottai,Pudukottai(Uzhavar Sandhai ),Papaya,Papaya,Local,2026-07-28,2000.0,3000.0,2500.0,1000.0,40.0,2026,7,28
Tamil Nadu,Pudukkottai,Pudukottai(Uzhavar Sandhai ),Groundnut,Big (With Shell),Local,2026-07-28,6000.0,7000.0,6500.0,1000.0,15.384615384615385,2026,7,28
Tamil Nadu,Pudukkottai,Pudukottai(Uzhavar Sandhai ),Pineapple,Pine Apple,Local,2026-07-28,3500.0,4000.0,3750.0,500.0,13.333333333333334,2026,7,28
Tamil Nadu,Pudukkottai,Pudukottai(Uzhavar Sandhai ),Amaranthus,Amaranthus,Local,2026-07-28,1500.0,2000.0,1750.0,500.0,28.57142857142857,2026,7,28
Tamil Nadu,Pudukkottai,Pudukottai(Uzhavar Sandhai ),Ginger(Green),Green Ginger,Local,2026-07-28,21000.0,22000.0,21500.0,1000.0,4.651162790697675,2026,7,28
Tamil Nadu,Pudukkottai,Pudukottai(Uzhavar Sandhai ),Raddish,Raddish,Local,2026-07-28,3000.0,4000.0,3500.0,1000.0,28.57142857142857,2026,7,28
Tamil Nadu,Pudukkottai,Pudukottai(Uzhavar Sandhai ),Green Avare(W),Other,Local,2026-07-28,6000.0,7000.0,6500.0,1000.0,15.384615384615385,2026,7,28
Tamil Nadu,Pudukkottai,Pudukottai(Uzhavar Sandhai ),Lime,Lime,Local,2026-07-28,1500.0,2000.0,1750.0,500.0,28.57142857142857,2026,7,28
Tamil Nadu,Pudukkottai,Pudukottai(Uzhavar Sandhai ),Tender Coconut,Tender Coconut,Local,2026-07-28,5000.0,6000.0,5500.0,1000.0,18.181818181818183,2026,7,28
Tamil Nadu,Pudukkottai,Pudukottai(Uzhavar Sandhai ),Tamarind Fruit,Tamarind Fruit,Local,2026-07-28,6000.0,7000.0,6500.0,1000.0,15.384615384615385,2026,7,28
Tamil Nadu,Pudukkottai,Pudukottai(Uzhavar Sandhai ),Yam(Ratalu),Yam (Ratalu),Local,2026-07-28,8000.0,9000.0,8500.0,1000.0,11.76470588235294,2026,7,28
Tamil Nadu,Pudukkottai,Pudukottai(Uzhavar Sandhai ),Mashrooms,Mashrooms,Local,2026-07-28,23500.0,25000.0,24250.0,1500.0,6.185567010309279,2026,7,28
Tamil Nadu,Pudukkottai,Pudukottai(Uzhavar Sandhai ),Amla(Nelli Kai),Amla,Local,2026-07-28,6000.0,7000.0,6500.0,1000.0,15.384615384615385,2026,7,28
Tamil Nadu,Thanjavur,Kumbakonam (Uzhavar Sandhai ),Papaya,Papaya,Local,2026-07-28,4000.0,4000.0,4000.0,0.0,0.0,2026,7,28
Tamil Nadu,Thanjavur,Kumbakonam (Uzhavar Sandhai ),Banana,Besrai,Local,2026-07-28,4000.0,4000.0,4000.0,0.0,0.0,2026,7,28
Tamil Nadu,Thanjavur,Kumbakonam (Uzhavar Sandhai ),Garlic,Garlic,Local,2026-07-28,20000.0,20000.0,20000.0,0.0,0.0,2026,7,28
Tamil Nadu,Thanjavur,Kumbakonam (Uzhavar Sandhai ),Cluster beans,Cluster Beans,Local,2026-07-28,4800.0,4800.0,4800.0,0.0,0.0,2026,7,28
Tamil Nadu,Thanjavur,Kumbakonam (Uzhavar Sandhai ),Green Chilli,Green Chilly,Local,2026-07-28,6000.0,6000.0,6000.0,0.0,0.0,2026,7,28
Tamil Nadu,Thanjavur,Kumbakonam (Uzhavar Sandhai ),Beans,Beans (Whole),Local,2026-07-28,8400.0,10800.0,9600.0,2400.0,25.0,2026,7,28
Tamil Nadu,Thanjavur,Kumbakonam (Uzhavar Sandhai ),Sweet Potato,Hosur Red,Local,2026-07-28,5000.0,5000.0,5000.0,0.0,0.0,2026,7,28
Tamil Nadu,Thanjavur,Kumbakonam (Uzhavar Sandhai ),Cabbage,Cabbage,Local,2026-07-28,4200.0,4200.0,4200.0,0.0,0.0,2026,7,28
Tamil Nadu,Thanjavur,Kumbakonam (Uzhavar Sandhai ),Capsicum,Capsicum,Local,2026-07-28,9600.0,9600.0,9600.0,0.0,0.0,2026,7,28
Tamil Nadu,Thanjavur,Kumbakonam (Uzhavar Sandhai ),Guava,Guava Allahabad,Local,2026-07-28,8000.0,8000.0,8000.0,0.0,0.0,2026,7,28
Tamil Nadu,Thanjavur,Kumbakonam (Uzhavar Sandhai ),Amla(Nelli Kai),Amla,Local,2026-07-28,8000.0,8000.0,8000.0,0.0,0.0,2026,7,28
Tamil Nadu,The Nilgiris,Udhagamandalam(Uzhavar Sandhai ),Pineapple,Pine Apple,Local,2026-07-28,8000.0,9000.0,8500.0,1000.0,11.76470588235294,2026,7,28
Tamil Nadu,The Nilgiris,Udhagamandalam(Uzhavar Sandhai ),Cauliflower,Ranchi,Local,2026-07-28,4000.0,4500.0,4250.0,500.0,11.76470588235294,2026,7,28
Tamil Nadu,The Nilgiris,Udhagamandalam(Uzhavar Sandhai ),Green Chilli,Green Chilly,Local,2026-07-28,4500.0,5000.0,4750.0,500.0,10.526315789473683,2026,7,28
Tamil Nadu,The Nilgiris,Udhagamandalam(Uzhavar Sandhai ),Cucumbar(Kheera),Cucumbar,Local,2026-07-28,3000.0,3500.0,3250.0,500.0,15.384615384615385,2026,7,28
Tamil Nadu,The Nilgiris,Udhagamandalam(Uzhavar Sandhai ),Ridgeguard(Tori),Ridgeguard(Tori),Local,2026-07-28,5000.0,5400.0,5200.0,400.0,7.6923076923076925,2026,7,28
Tamil Nadu,The Nilgiris,Udhagamandalam(Uzhavar Sandhai ),Capsicum,Capsicum,Local,2026-07-28,7000.0,8000.0,7500.0,1000.0,13.333333333333334,2026,7,28
Tamil Nadu,The Nilgiris,Udhagamandalam(Uzhavar Sandhai ),Green Avare(W),Green Avare (W),Local,2026-07-28,8000.0,9000.0,8500.0,1000.0,11.76470588235294,2026,7,28
Tamil Nadu,The Nilgiris,Udhagamandalam(Uzhavar Sandhai ),Chow Chow,Chow Chow,Local,2026-07-28,2000.0,2500.0,2250.0,500.0,22.22222222222222,2026,7,28
Tamil Nadu,The Nilgiris,Udhagamandalam(Uzhavar Sandhai ),Lime,Lime,Local,2026-07-28,15000.0,17000.0,16000.0,2000.0,12.5,2026,7,28
Tamil Nadu,The Nilgiris,Udhagamandalam(Uzhavar Sandhai ),Pomegranate,Pomogranate,Local,2026-07-28,20000.0,21000.0,20500.0,1000.0,4.878048780487805,2026,7,28
Tamil Nadu,Theni,Andipatti(Uzhavar Sandhai ),Soyabean,Local,Local,2026-07-28,9000.0,10000.0,9500.0,1000.0,10.526315789473683,2026,7,28
Tamil Nadu,Theni,Andipatti(Uzhavar Sandhai ),Banana,Besrai,Local,2026-07-28,4500.0,5000.0,4750.0,500.0,10.526315789473683,2026,7,28
Tamil Nadu,Theni,Andipatti(Uzhavar Sandhai ),Garlic,Garlic,Local,2026-07-28,22000.0,24000.0,23000.0,2000.0,8.695652173913043,2026,7,28
Tamil Nadu,Theni,Andipatti(Uzhavar Sandhai ),Tomato,Deshi,Local,2026-07-28,1800.0,2000.0,1900.0,200.0,10.526315789473683,2026,7,28
Tamil Nadu,Theni,Andipatti(Uzhavar Sandhai ),Bhindi(Ladies Finger),Bhindi,Local,2026-07-28,3200.0,3500.0,3350.0,300.0,8.955223880597014,2026,7,28
Tamil Nadu,Theni,Andipatti(Uzhavar Sandhai ),Green Avare(W),Green Avare (W),Local,2026-07-28,7400.0,7800.0,7600.0,400.0,5.263157894736842,2026,7,28
Tamil Nadu,Theni,Andipatti(Uzhavar Sandhai ),Lemon,Lemon,Local,2026-07-28,4000.0,4500.0,4250.0,500.0,11.76470588235294,2026,7,28
Tamil Nadu,Theni,Andipatti(Uzhavar Sandhai ),Mint(Pudina),Mint(Pudina),Local,2026-07-28,5000.0,5500.0,5250.0,500.0,9.523809523809524,2026,7,28
Tamil Nadu,Theni,Bodinayakanur(Uzhavar Sandhai ),Potato,Red Nanital,Local,2026-07-28,2600.0,2600.0,2600.0,0.0,0.0,2026,7,28
Tamil Nadu,Theni,Bodinayakanur(Uzhavar Sandhai ),Cauliflower,Ranchi,Local,2026-07-28,2800.0,2800.0,2800.0,0.0,0.0,2026,7,28
Tamil Nadu,Theni,Bodinayakanur(Uzhavar Sandhai ),Coriander(Leaves),I Sort,Local,2026-07-28,4600.0,4600.0,4600.0,0.0,0.0,2026,7,28
Tamil Nadu,Theni,Bodinayakanur(Uzhavar Sandhai ),Ashgourd,Gouard,Local,2026-07-28,1500.0,1500.0,1500.0,0.0,0.0,2026,7,28
Tamil Nadu,Theni,Bodinayakanur(Uzhavar Sandhai ),Cabbage,Cabbage,Local,2026-07-28,4000.0,4000.0,4000.0,0.0,0.0,2026,7,28
Tamil Nadu,Theni,Bodinayakanur(Uzhavar Sandhai ),Mint(Pudina),Mint(Pudina),Local,2026-07-28,5500.0,5500.0,5500.0,0.0,0.0,2026,7,28
Tamil Nadu,Theni,Chinnamanur(Uzhavar Sandhai ),Onion,Bellary,Local,2026-07-28,3800.0,3800.0,3800.0,0.0,0.0,2026,7,28
Tamil Nadu,Theni,Chinnamanur(Uzhavar Sandhai ),Potato,Other,Local,2026-07-28,2500.0,2500.0,2500.0,0.0,0.0,2026,7,28
Tamil Nadu,Theni,Chinnamanur(Uzhavar Sandhai ),Cluster beans,Cluster Beans,Local,2026-07-28,3800.0,3800.0,3800.0,0.0,0.0,2026,7,28
Tamil Nadu,Theni,Chinnamanur(Uzhavar Sandhai ),Coconut,Coconut,Local,2026-07-28,5400.0,5400.0,5400.0,0.0,0.0,2026,7,28
Tamil Nadu,Theni,Chinnamanur(Uzhavar Sandhai ),Cabbage,Cabbage,Local,2026-07-28,4000.0,4000.0,4000.0,0.0,0.0,2026,7,28
Tamil Nadu,Theni,Chinnamanur(Uzhavar Sandhai ),Snakeguard,Snakeguard,Local,2026-07-28,4200.0,4200.0,4200.0,0.0,0.0,2026,7,28
Tamil Nadu,Theni,Chinnamanur(Uzhavar Sandhai ),Green Avare(W),Other,Local,2026-07-28,7000.0,7000.0,7000.0,0.0,0.0,2026,7,28
Tamil Nadu,Theni,Chinnamanur(Uzhavar Sandhai ),Lime,Lime,Local,2026-07-28,11500.0,14000.0,12750.0,2500.0,19.607843137254903,2026,7,28
Tamil Nadu,Theni,Chinnamanur(Uzhavar Sandhai ),Elephant Yam(Suran)/Amorphophallus,Elephant Yam (Suran),Local,2026-07-28,4400.0,4400.0,4400.0,0.0,0.0,2026,7,28
Tamil Nadu,Theni,Kambam(Uzhavar Sandhai ),Bitter gourd,Other,Local,2026-07-28,4500.0,5400.0,4950.0,900.0,18.181818181818183,2026,7,28
Tamil Nadu,Theni,Kambam(Uzhavar Sandhai ),Ashgourd,Gouard,Local,2026-07-28,1400.0,1400.0,1400.0,0.0,0.0,2026,7,28
Tamil Nadu,Theni,Kambam(Uzhavar Sandhai ),Green Chilli,Green Chilly,Local,2026-07-28,4000.0,4500.0,4250.0,500.0,11.76470588235294,2026,7,28
Tamil Nadu,Theni,Kambam(Uzhavar Sandhai ),Beans,Beans (Whole),Local,2026-07-28,8000.0,9000.0,8500.0,1000.0,11.76470588235294,2026,7,28
Tamil Nadu,Theni,Kambam(Uzhavar Sandhai ),Cabbage,Cabbage,Local,2026-07-28,4000.0,4000.0,4000.0,0.0,0.0,2026,7,28
Tamil Nadu,Theni,Kambam(Uzhavar Sandhai ),Cucumbar(Kheera),Cucumbar,Local,2026-07-28,1600.0,1600.0,1600.0,0.0,0.0,2026,7,28
Tamil Nadu,Theni,Kambam(Uzhavar Sandhai ),Raddish,Raddish,Local,2026-07-28,2800.0,2800.0,2800.0,0.0,0.0,2026,7,28
Tamil Nadu,Theni,Kambam(Uzhavar Sandhai ),Thondekai,Thondekai,Local,2026-07-28,5000.0,5000.0,5000.0,0.0,0.0,2026,7,28
Tamil Nadu,Theni,Theni(Uzhavar Sandhai ),Papaya,Papaya,Local,2026-07-28,3000.0,3500.0,3250.0,500.0,15.384615384615385,2026,7,28
Tamil Nadu,Theni,Theni(Uzhavar Sandhai ),Water Melon,Water Melon,Local,2026-07-28,2500.0,2500.0,2500.0,0.0,0.0,2026,7,28
Tamil Nadu,Theni,Theni(Uzhavar Sandhai ),Grapes,Annabesahai,Local,2026-07-28,10000.0,10000.0,10000.0,0.0,0.0,2026,7,28
Tamil Nadu,Theni,Theni(Uzhavar Sandhai ),Potato,Other,Local,2026-07-28,2600.0,2600.0,2600.0,0.0,0.0,2026,7,28
Tamil Nadu,Theni,Theni(Uzhavar Sandhai ),Cluster beans,Cluster Beans,Local,2026-07-28,3800.0,3800.0,3800.0,0.0,0.0,2026,7,28
Tamil Nadu,Theni,Theni(Uzhavar Sandhai ),Beans,Beans (Whole),Local,2026-07-28,9000.0,9500.0,9250.0,500.0,5.405405405405405,2026,7,28
Tamil Nadu,Theni,Theni(Uzhavar Sandhai ),Cabbage,Cabbage,Local,2026-07-28,4000.0,4000.0,4000.0,0.0,0.0,2026,7,28
Tamil Nadu,Theni,Theni(Uzhavar Sandhai ),Snakeguard,Snakeguard,Local,2026-07-28,3000.0,3000.0,3000.0,0.0,0.0,2026,7,28
Tamil Nadu,Theni,Theni(Uzhavar Sandhai ),Capsicum,Capsicum,Local,2026-07-28,6000.0,6000.0,6000.0,0.0,0.0,2026,7,28
Tamil Nadu,Theni,Theni(Uzhavar Sandhai ),Mango(Raw-Ripe),Mango - Raw-Ripe,Local,2026-07-28,2500.0,2500.0,2500.0,0.0,0.0,2026,7,28
Tamil Nadu,Theni,Theni(Uzhavar Sandhai ),Lemon,Lemon,Local,2026-07-28,3000.0,4500.0,3750.0,1500.0,40.0,2026,7,28
Tamil Nadu,Theni,Theni(Uzhavar Sandhai ),Custard Apple(Sharifa),Custard Apple(Sharifa),Local,2026-07-28,8000.0,8000.0,8000.0,0.0,0.0,2026,7,28
Tamil Nadu,Theni,Theni(Uzhavar Sandhai ),Onion Green,Onion Green,Local,2026-07-28,3000.0,6400.0,4700.0,3400.0,72.3404255319149,2026,7,28
Tamil Nadu,Theni,Theni(Uzhavar Sandhai ),Mint(Pudina),Mint(Pudina),Local,2026-07-28,5500.0,5500.0,5500.0,0.0,0.0,2026,7,28
Tamil Nadu,Theni,Theni(Uzhavar Sandhai ),Baby Corn,Baby Corn,Grade A,2026-07-28,5000.0,5000.0,5000.0,0.0,0.0,2026,7,28
Tamil Nadu,Thirunelveli,Kandiyaperi(Uzhavar Sandhai ),Brinjal,Other,Local,2026-07-28,3000.0,3500.0,3250.0,500.0,15.384615384615385,2026,7,28
Tamil Nadu,Thirunelveli,Kandiyaperi(Uzhavar Sandhai ),Ashgourd,Gouard,Local,2026-07-28,1600.0,1800.0,1700.0,200.0,11.76470588235294,2026,7,28
Tamil Nadu,Thirunelveli,Kandiyaperi(Uzhavar Sandhai ),Amaranthus,Amaranthus,Local,2026-07-28,1200.0,1500.0,1350.0,300.0,22.22222222222222,2026,7,28
Tamil Nadu,Thirunelveli,Melapalayam(Uzhavar Sandhai ),Brinjal,Other,Local,2026-07-28,3000.0,3500.0,3250.0,500.0,15.384615384615385,2026,7,28
Tamil Nadu,Thirunelveli,Melapalayam(Uzhavar Sandhai ),Beetroot,Beetroot,Local,2026-07-28,4800.0,7200.0,6000.0,2400.0,40.0,2026,7,28
Tamil Nadu,Thirunelveli,Palayamkottai(Uzhavar Sandhai ),Papaya,Papaya,Local,2026-07-28,3500.0,4000.0,3750.0,500.0,13.333333333333334,2026,7,28
Tamil Nadu,Thirunelveli,Palayamkottai(Uzhavar Sandhai ),Bhindi(Ladies Finger),Bhindi,Local,2026-07-28,3000.0,3400.0,3200.0,400.0,12.5,2026,7,28
Tamil Nadu,Thirunelveli,Palayamkottai(Uzhavar Sandhai ),Green Chilli,Green Chilly,Local,2026-07-28,3800.0,4200.0,4000.0,400.0,10.0,2026,7,28
Tamil Nadu,Thirunelveli,Palayamkottai(Uzhavar Sandhai ),Banana - Green,Banana - Green,Local,2026-07-28,2500.0,3000.0,2750.0,500.0,18.181818181818183,2026,7,28
Tamil Nadu,Thirunelveli,Palayamkottai(Uzhavar Sandhai ),Coconut,Coconut,Local,2026-07-28,5600.0,6000.0,5800.0,400.0,6.896551724137931,2026,7,28
Tamil Nadu,Thirunelveli,Palayamkottai(Uzhavar Sandhai ),Beetroot,Beetroot,Local,2026-07-28,4800.0,7200.0,6000.0,2400.0,40.0,2026,7,28
Tamil Nadu,Thirunelveli,Palayamkottai(Uzhavar Sandhai ),Green Avare(W),Other,Local,2026-07-28,8000.0,8500.0,8250.0,500.0,6.0606060606060606,2026,7,28
Tamil Nadu,Thirunelveli,Palayamkottai(Uzhavar Sandhai ),Pomegranate,Pomogranate,Local,2026-07-28,20000.0,24000.0,22000.0,4000.0,18.181818181818183,2026,7,28
Tamil Nadu,Thirunelveli,Palayamkottai(Uzhavar Sandhai ),Elephant Yam(Suran)/Amorphophallus,Elephant Yam (Suran),Local,2026-07-28,4000.0,4200.0,4100.0,200.0,4.878048780487805,2026,7,28
Tamil Nadu,Thirunelveli,Palayamkottai(Uzhavar Sandhai ),Colacasia,Colacasia,Local,2026-07-28,4000.0,5000.0,4500.0,1000.0,22.22222222222222,2026,7,28
Tamil Nadu,Thirupur,Kangayam(Uzhavar Sandhai ),Onion,Bellary,Local,2026-07-28,3500.0,3500.0,3500.0,0.0,0.0,2026,7,28
Tamil Nadu,Thirupur,Kangayam(Uzhavar Sandhai ),Cluster beans,Cluster Beans,Local,2026-07-28,4500.0,4500.0,4500.0,0.0,0.0,2026,7,28
Tamil Nadu,Thirupur,Kangayam(Uzhavar Sandhai ),Bitter gourd,Bitter Gourd,Local,2026-07-28,6500.0,6500.0,6500.0,0.0,0.0,2026,7,28
Tamil Nadu,Thirupur,Kangayam(Uzhavar Sandhai ),Bottle gourd,Bottle Gourd,Local,2026-07-28,1800.0,1800.0,1800.0,0.0,0.0,2026,7,28
Tamil Nadu,Thirupur,Kangayam(Uzhavar Sandhai ),Beetroot,Beetroot,Local,2026-07-28,3000.0,3000.0,3000.0,0.0,0.0,2026,7,28
Tamil Nadu,Thirupur,Kangayam(Uzhavar Sandhai ),Drumstick,Drumstick,Local,2026-07-28,7500.0,7500.0,7500.0,0.0,0.0,2026,7,28
Tamil Nadu,Thirupur,Tiruppur (North) (Uzhavar Sandhai ),Banana,Red Banana,Local,2026-07-28,6000.0,7000.0,6500.0,1000.0,15.384615384615385,2026,7,28
Tamil Nadu,Thirupur,Tiruppur (North) (Uzhavar Sandhai ),Beans,Beans (Whole),Local,2026-07-28,7000.0,8000.0,7500.0,1000.0,13.333333333333334,2026,7,28
Tamil Nadu,Thirupur,Tiruppur (North) (Uzhavar Sandhai ),Carrot,Pusakesar,Local,2026-07-28,8000.0,8500.0,8250.0,500.0,6.0606060606060606,2026,7,28
Tamil Nadu,Thirupur,Tiruppur (North) (Uzhavar Sandhai ),Elephant Yam(Suran)/Amorphophallus,Elephant Yam (Suran),Local,2026-07-28,3500.0,4000.0,3750.0,500.0,13.333333333333334,2026,7,28
Tamil Nadu,Thirupur,Tiruppur (South) (Uzhavar Sandhai ),Brinjal,Other,Local,2026-07-28,5000.0,7000.0,6000.0,2000.0,33.33333333333333,2026,7,28
Tamil Nadu,Thirupur,Tiruppur (South) (Uzhavar Sandhai ),Bottle gourd,Bottle Gourd,Local,2026-07-28,1500.0,2000.0,1750.0,500.0,28.57142857142857,2026,7,28
Tamil Nadu,Thirupur,Tiruppur (South) (Uzhavar Sandhai ),Coconut,Coconut,Local,2026-07-28,4500.0,5000.0,4750.0,500.0,10.526315789473683,2026,7,28
Tamil Nadu,Thirupur,Tiruppur (South) (Uzhavar Sandhai ),Cabbage,Cabbage,Local,2026-07-28,2500.0,3000.0,2750.0,500.0,18.181818181818183,2026,7,28
Tamil Nadu,Thirupur,Tiruppur (South) (Uzhavar Sandhai ),Beetroot,Beetroot,Local,2026-07-28,8000.0,10000.0,9000.0,2000.0,22.22222222222222,2026,7,28
Tamil Nadu,Thirupur,Tiruppur (South) (Uzhavar Sandhai ),Green Avare(W),Other,Local,2026-07-28,6000.0,7000.0,6500.0,1000.0,15.384615384615385,2026,7,28
Tamil Nadu,Thirupur,Tiruppur (South) (Uzhavar Sandhai ),Amla(Nelli Kai),Amla,Local,2026-07-28,4500.0,6800.0,5650.0,2300.0,40.707964601769916,2026,7,28
Tamil Nadu,Thirupur,Tiruppur (South) (Uzhavar Sandhai ),Mint(Pudina),Mint(Pudina),Local,2026-07-28,2500.0,3000.0,2750.0,500.0,18.181818181818183,2026,7,28
Tamil Nadu,Thiruvannamalai,Chengam(Uzhavar Sandhai ),Brinjal,Round,Local,2026-07-28,3500.0,4000.0,3750.0,500.0,13.333333333333334,2026,7,28
Tamil Nadu,Thiruvannamalai,Chengam(Uzhavar Sandhai ),Banana - Green,Banana - Green,Local,2026-07-28,1200.0,1500.0,1350.0,300.0,22.22222222222222,2026,7,28
Tamil Nadu,Thiruvannamalai,Chengam(Uzhavar Sandhai ),Coconut,Coconut,Local,2026-07-28,4000.0,5000.0,4500.0,1000.0,22.22222222222222,2026,7,28
Tamil Nadu,Thiruvannamalai,Chengam(Uzhavar Sandhai ),Sweet Potato,Hosur Red,Local,2026-07-28,3500.0,4000.0,3750.0,500.0,13.333333333333334,2026,7,28
Tamil Nadu,Thiruvannamalai,Chengam(Uzhavar Sandhai ),Chow Chow,Chow Chow,Local,2026-07-28,3500.0,4000.0,3750.0,500.0,13.333333333333334,2026,7,28
Tamil Nadu,Thiruvannamalai,Chengam(Uzhavar Sandhai ),Drumstick,Drumstick,Local,2026-07-28,5000.0,6000.0,5500.0,1000.0,18.181818181818183,2026,7,28
Tamil Nadu,Thiruvannamalai,Tamarainagar(Uzhavar Sandhai ),Bottle gourd,Bottle Gourd,Local,2026-07-28,2500.0,3000.0,2750.0,500.0,18.181818181818183,2026,7,28
Tamil Nadu,Thiruvannamalai,Tamarainagar(Uzhavar Sandhai ),Sweet Potato,Hosur Red,Local,2026-07-28,3500.0,4200.0,3850.0,700.0,18.181818181818183,2026,7,28
Tamil Nadu,Thiruvannamalai,Tamarainagar(Uzhavar Sandhai ),Ridgeguard(Tori),Ridgeguard(Tori),Local,2026-07-28,5000.0,6000.0,5500.0,1000.0,18.181818181818183,2026,7,28
Tamil Nadu,Thiruvannamalai,Tamarainagar(Uzhavar Sandhai ),Guava,Guava Allahabad,Local,2026-07-28,6000.0,7000.0,6500.0,1000.0,15.384615384615385,2026,7,28
Tamil Nadu,Thiruvannamalai,Tamarainagar(Uzhavar Sandhai ),Onion Green,Onion Green,Local,2026-07-28,5000.0,6000.0,5500.0,1000.0,18.181818181818183,2026,7,28
Tamil Nadu,Thiruvannamalai,Vandavasi(Uzhavar Sandhai ),Papaya,Papaya,Local,2026-07-28,3000.0,4000.0,3500.0,1000.0,28.57142857142857,2026,7,28
Tamil Nadu,Thiruvannamalai,Vandavasi(Uzhavar Sandhai ),Banana,Karpura,Local,2026-07-28,4000.0,5000.0,4500.0,1000.0,22.22222222222222,2026,7,28
Tamil Nadu,Thiruvannamalai,Vandavasi(Uzhavar Sandhai ),Onion,Bellary,Local,2026-07-28,3500.0,4000.0,3750.0,500.0,13.333333333333334,2026,7,28
Tamil Nadu,Thiruvannamalai,Vandavasi(Uzhavar Sandhai ),Cluster beans,Cluster Beans,Local,2026-07-28,4000.0,4800.0,4400.0,800.0,18.181818181818183,2026,7,28
Tamil Nadu,Thiruvannamalai,Vandavasi(Uzhavar Sandhai ),Banana - Green,Banana - Green,Local,2026-07-28,1600.0,2000.0,1800.0,400.0,22.22222222222222,2026,7,28
Tamil Nadu,Thiruvannamalai,Vandavasi(Uzhavar Sandhai ),Drumstick,Drumstick,Local,2026-07-28,5000.0,6000.0,5500.0,1000.0,18.181818181818183,2026,7,28
Tamil Nadu,Thiruvannamalai,Vandavasi(Uzhavar Sandhai ),Colacasia,Colacasia,Local,2026-07-28,3500.0,4000.0,3750.0,500.0,13.333333333333334,2026,7,28
Tamil Nadu,Thiruvarur,Muthupettai(Uzhavar Sandhai ),Onion,Bellary,Local,2026-07-28,3600.0,3600.0,3600.0,0.0,0.0,2026,7,28
Tamil Nadu,Thiruvarur,Muthupettai(Uzhavar Sandhai ),Coriander(Leaves),I Sort,Local,2026-07-28,5000.0,5000.0,5000.0,0.0,0.0,2026,7,28
Tamil Nadu,Thiruvarur,Muthupettai(Uzhavar Sandhai ),Banana - Green,Banana - Green,Local,2026-07-28,4000.0,4000.0,4000.0,0.0,0.0,2026,7,28
Tamil Nadu,Thiruvarur,Muthupettai(Uzhavar Sandhai ),Beetroot,Beetroot,Local,2026-07-28,5000.0,5000.0,5000.0,0.0,0.0,2026,7,28
Tamil Nadu,Thiruvarur,Muthupettai(Uzhavar Sandhai ),Lemon,Lemon,Local,2026-07-28,5000.0,5000.0,5000.0,0.0,0.0,2026,7,28
Punjab,Ropar (Rupnagar),Morinda APMC,Pineapple,Pine Apple,Medium,2026-07-28,6000.0,6000.0,6000.0,0.0,0.0,2026,7,28
Punjab,Ropar (Rupnagar),Morinda APMC,Mousambi(Sweet Lime),Mousambi,Medium,2026-07-28,4000.0,5000.0,4500.0,1000.0,22.22222222222222,2026,7,28
Punjab,Ropar (Rupnagar),Morinda APMC,Tomato,Tomato,Medium,2026-07-28,2500.0,3000.0,2750.0,500.0,18.181818181818183,2026,7,28
Bihar,East Champaran/ Motihari,Raxaul APMC,Potato,Red Nanital,Grade A,2026-07-28,1300.0,1500.0,1400.0,200.0,14.285714285714285,2026,7,28
Bihar,East Champaran/ Motihari,Raxaul APMC,Pointed gourd(Parval),Other,Grade A,2026-07-28,1800.0,2000.0,1900.0,200.0,10.526315789473683,2026,7,28
Tamil Nadu,Villupuram,Gingee(Uzhavar Sandhai ),Groundnut,Big (With Shell),Local,2026-07-28,7000.0,7000.0,7000.0,0.0,0.0,2026,7,28
Tamil Nadu,Villupuram,Gingee(Uzhavar Sandhai ),Onion,Bellary,Local,2026-07-28,4000.0,4000.0,4000.0,0.0,0.0,2026,7,28
Tamil Nadu,Villupuram,Gingee(Uzhavar Sandhai ),Coriander(Leaves),I Sort,Local,2026-07-28,5000.0,5000.0,5000.0,0.0,0.0,2026,7,28
Tamil Nadu,Villupuram,Gingee(Uzhavar Sandhai ),Green Chilli,Green Chilly,Local,2026-07-28,5000.0,5000.0,5000.0,0.0,0.0,2026,7,28
Tamil Nadu,Villupuram,Gingee(Uzhavar Sandhai ),Coconut,Coconut,Local,2026-07-28,6000.0,6000.0,6000.0,0.0,0.0,2026,7,28
Tamil Nadu,Villupuram,Gingee(Uzhavar Sandhai ),Beetroot,Beetroot,Local,2026-07-28,4000.0,4000.0,4000.0,0.0,0.0,2026,7,28
Tamil Nadu,Villupuram,Gingee(Uzhavar Sandhai ),Cucumbar(Kheera),Cucumbar,Local,2026-07-28,4000.0,4000.0,4000.0,0.0,0.0,2026,7,28
Tamil Nadu,Villupuram,Gingee(Uzhavar Sandhai ),Raddish,Raddish,Local,2026-07-28,4500.0,4500.0,4500.0,0.0,0.0,2026,7,28
Tamil Nadu,Villupuram,Gingee(Uzhavar Sandhai ),Lemon,Lemon,Local,2026-07-28,10000.0,10000.0,10000.0,0.0,0.0,2026,7,28
Tamil Nadu,Villupuram,Gingee(Uzhavar Sandhai ),Amla(Nelli Kai),Amla,Local,2026-07-28,8000.0,8000.0,8000.0,0.0,0.0,2026,7,28
Tamil Nadu,Villupuram,Gingee(Uzhavar Sandhai ),Mint(Pudina),Mint(Pudina),Local,2026-07-28,4000.0,4000.0,4000.0,0.0,0.0,2026,7,28
Tamil Nadu,Thiruvarur,Valangaiman APMC,Tomato,Deshi,Local,2026-07-28,2000.0,2000.0,2000.0,0.0,0.0,2026,7,28
Tamil Nadu,Thiruvarur,Valangaiman APMC,Bottle gourd,Bottle Gourd,Local,2026-07-28,3000.0,3000.0,3000.0,0.0,0.0,2026,7,28
Tamil Nadu,Thiruvarur,Valangaiman APMC,Ashgourd,Gouard,Local,2026-07-28,2400.0,2400.0,2400.0,0.0,0.0,2026,7,28
Tamil Nadu,Thiruvarur,Valangaiman APMC,Mango(Raw-Ripe),Mango - Raw-Ripe,Local,2026-07-28,2400.0,2400.0,2400.0,0.0,0.0,2026,7,28
Andhra Pradesh,Srikakulam,Ichapuram APMC,Paddy(Common),Sannalu,Local,2026-07-28,2369.0,2369.0,2369.0,0.0,0.0,2026,7,28
Tamil Nadu,Thiruvellore,Tiruthani(Uzhavar Sandhai ),Bottle gourd,Bottle Gourd,Local,2026-07-28,3000.0,3000.0,3000.0,0.0,0.0,2026,7,28
Tamil Nadu,Thiruvellore,Tiruthani(Uzhavar Sandhai ),Coconut,Coconut,Local,2026-07-28,6000.0,6000.0,6000.0,0.0,0.0,2026,7,28
Tamil Nadu,Thiruvellore,Tiruthani(Uzhavar Sandhai ),Cabbage,Cabbage,Local,2026-07-28,4000.0,4000.0,4000.0,0.0,0.0,2026,7,28
Andhra Pradesh,Srikakulam,Palasa APMC,Cashewnuts,320 Counts,Local,2026-07-28,14000.0,14000.0,14000.0,0.0,0.0,2026,7,28
Tamil Nadu,Madurai,Thirumangalam(Uzhavar Sandhai ),Banana,Besrai,Local,2026-07-28,3000.0,4000.0,3500.0,1000.0,28.57142857142857,2026,7,28
Tamil Nadu,Madurai,Thirumangalam(Uzhavar Sandhai ),Mango,Safeda,Local,2026-07-28,6000.0,7000.0,6500.0,1000.0,15.384615384615385,2026,7,28
Tamil Nadu,Madurai,Thirumangalam(Uzhavar Sandhai ),Pumpkin,Pumpkin,Local,2026-07-28,2000.0,2400.0,2200.0,400.0,18.181818181818183,2026,7,28
Tamil Nadu,Madurai,Thirumangalam(Uzhavar Sandhai ),Coconut,Coconut,Local,2026-07-28,5800.0,6000.0,5900.0,200.0,3.389830508474576,2026,7,28
Tamil Nadu,Madurai,Thirumangalam(Uzhavar Sandhai ),Elephant Yam(Suran)/Amorphophallus,Elephant Yam (Suran),Local,2026-07-28,4000.0,4500.0,4250.0,500.0,11.76470588235294,2026,7,28
Tamil Nadu,Madurai,Thirumangalam(Uzhavar Sandhai ),Onion Green,Onion Green,Local,2026-07-28,5500.0,6000.0,5750.0,500.0,8.695652173913043,2026,7,28
Punjab,Hoshiarpur,GarhShankar (Kotfatuhi) APMC,Cucumbar(Kheera),Other,FAQ,2026-07-28,2000.0,2000.0,2000.0,0.0,0.0,2026,7,28
Punjab,Hoshiarpur,GarhShankar (Kotfatuhi) APMC,Onion,Other,FAQ,2026-07-28,2300.0,2300.0,2300.0,0.0,0.0,2026,7,28
Tamil Nadu,Madurai,Melur(Uzhavar Sandhai ),Papaya,Papaya,Local,2026-07-28,4000.0,4500.0,4250.0,500.0,11.76470588235294,2026,7,28
Tamil Nadu,Madurai,Melur(Uzhavar Sandhai ),Groundnut,Big (With Shell),Local,2026-07-28,6000.0,7000.0,6500.0,1000.0,15.384615384615385,2026,7,28
Tamil Nadu,Madurai,Melur(Uzhavar Sandhai ),Brinjal,Round,Local,2026-07-28,5000.0,5200.0,5100.0,200.0,3.9215686274509802,2026,7,28
Tamil Nadu,Madurai,Melur(Uzhavar Sandhai ),Chikoos(Sapota),Sapota,Local,2026-07-28,4000.0,6000.0,5000.0,2000.0,40.0,2026,7,28
Tamil Nadu,Madurai,Melur(Uzhavar Sandhai ),Cowpea(Veg),Cowpea (Veg),Local,2026-07-28,3500.0,4000.0,3750.0,500.0,13.333333333333334,2026,7,28
Tamil Nadu,Madurai,Melur(Uzhavar Sandhai ),Snakeguard,Snakeguard,Local,2026-07-28,4000.0,4500.0,4250.0,500.0,11.76470588235294,2026,7,28
Tamil Nadu,Madurai,Melur(Uzhavar Sandhai ),Cucumbar(Kheera),Cucumbar,Local,2026-07-28,4000.0,5000.0,4500.0,1000.0,22.22222222222222,2026,7,28
Tamil Nadu,Madurai,Melur(Uzhavar Sandhai ),Thondekai,Thondekai,Local,2026-07-28,5500.0,6000.0,5750.0,500.0,8.695652173913043,2026,7,28
Tamil Nadu,Madurai,Melur(Uzhavar Sandhai ),Drumstick,Drumstick,Local,2026-07-28,6000.0,7000.0,6500.0,1000.0,15.384615384615385,2026,7,28
Tamil Nadu,Madurai,Melur(Uzhavar Sandhai ),Guava,Guava Allahabad,Local,2026-07-28,7000.0,8000.0,7500.0,1000.0,13.333333333333334,2026,7,28
Tamil Nadu,Madurai,Melur(Uzhavar Sandhai ),Amla(Nelli Kai),Amla,Local,2026-07-28,6000.0,6500.0,6250.0,500.0,8.0,2026,7,28
Tamil Nadu,Madurai,Melur(Uzhavar Sandhai ),Mint(Pudina),Mint(Pudina),Local,2026-07-28,4000.0,4500.0,4250.0,500.0,11.76470588235294,2026,7,28
Tamil Nadu,Salem,Vazhapadi(Uzhavar Sandhai),Onion,Bellary,Local,2026-07-28,3000.0,4000.0,3500.0,1000.0,28.57142857142857,2026,7,28
Tamil Nadu,Salem,Vazhapadi(Uzhavar Sandhai),Cauliflower,Ranchi,Local,2026-07-28,2500.0,3000.0,2750.0,500.0,18.181818181818183,2026,7,28
Tamil Nadu,Salem,Vazhapadi(Uzhavar Sandhai),Chikoos(Sapota),Sapota,Local,2026-07-28,4000.0,4000.0,4000.0,0.0,0.0,2026,7,28
Tamil Nadu,Salem,Vazhapadi(Uzhavar Sandhai),Cluster beans,Cluster Beans,Local,2026-07-28,3800.0,3800.0,3800.0,0.0,0.0,2026,7,28
Tamil Nadu,Salem,Vazhapadi(Uzhavar Sandhai),Bitter gourd,Bitter Gourd,Local,2026-07-28,6000.0,6500.0,6250.0,500.0,8.0,2026,7,28
Tamil Nadu,Salem,Vazhapadi(Uzhavar Sandhai),Ashgourd,Gouard,Local,2026-07-28,2400.0,2400.0,2400.0,0.0,0.0,2026,7,28
Tamil Nadu,Salem,Vazhapadi(Uzhavar Sandhai),Bhindi(Ladies Finger),Bhindi,Local,2026-07-28,3200.0,3200.0,3200.0,0.0,0.0,2026,7,28
Tamil Nadu,Salem,Vazhapadi(Uzhavar Sandhai),Ginger(Green),Green Ginger,Local,2026-07-28,10000.0,16000.0,13000.0,6000.0,46.15384615384615,2026,7,28
Tamil Nadu,Salem,Vazhapadi(Uzhavar Sandhai),Cabbage,Cabbage,Local,2026-07-28,4000.0,4400.0,4200.0,400.0,9.523809523809524,2026,7,28
Tamil Nadu,Salem,Vazhapadi(Uzhavar Sandhai),Cucumbar(Kheera),Cucumbar,Local,2026-07-28,6000.0,6000.0,6000.0,0.0,0.0,2026,7,28
Tamil Nadu,Salem,Vazhapadi(Uzhavar Sandhai),Ridgeguard(Tori),Ridgeguard(Tori),Local,2026-07-28,4000.0,5000.0,4500.0,1000.0,22.22222222222222,2026,7,28
Tamil Nadu,Salem,Vazhapadi(Uzhavar Sandhai),Drumstick,Drumstick,Local,2026-07-28,6000.0,6000.0,6000.0,0.0,0.0,2026,7,28
Tamil Nadu,Salem,Vazhapadi(Uzhavar Sandhai),Lemon,Lemon,Local,2026-07-28,5000.0,5000.0,5000.0,0.0,0.0,2026,7,28
Tamil Nadu,Karur,Gandhigramam(Uzhavar Sandhai),Cauliflower,Ranchi,Local,2026-07-28,3500.0,4000.0,3750.0,500.0,13.333333333333334,2026,7,28
Tamil Nadu,Karur,Gandhigramam(Uzhavar Sandhai),Chikoos(Sapota),Sapota,Local,2026-07-28,4500.0,5000.0,4750.0,500.0,10.526315789473683,2026,7,28
Tamil Nadu,Karur,Gandhigramam(Uzhavar Sandhai),Cluster beans,Cluster Beans,Local,2026-07-28,3500.0,4000.0,3750.0,500.0,13.333333333333334,2026,7,28
Tamil Nadu,Karur,Gandhigramam(Uzhavar Sandhai),Bottle gourd,Bottle Gourd,Local,2026-07-28,2000.0,2500.0,2250.0,500.0,22.22222222222222,2026,7,28
Tamil Nadu,Karur,Gandhigramam(Uzhavar Sandhai),Green Avare(W),Other,Local,2026-07-28,8000.0,10000.0,9000.0,2000.0,22.22222222222222,2026,7,28
Tamil Nadu,Karur,Gandhigramam(Uzhavar Sandhai),Drumstick,Drumstick,Local,2026-07-28,3000.0,3500.0,3250.0,500.0,15.384615384615385,2026,7,28
Tamil Nadu,Karur,Gandhigramam(Uzhavar Sandhai),Mango(Raw-Ripe),Mango - Raw-Ripe,Local,2026-07-28,3000.0,4000.0,3500.0,1000.0,28.57142857142857,2026,7,28
Tamil Nadu,Karur,Gandhigramam(Uzhavar Sandhai),Lemon,Lemon,Local,2026-07-28,6000.0,8000.0,7000.0,2000.0,28.57142857142857,2026,7,28
Tamil Nadu,Pudukkottai,Aranthangi(Uzhavar Sandhai ),Bhindi(Ladies Finger),Bhindi,Local,2026-07-28,3500.0,4000.0,3750.0,500.0,13.333333333333334,2026,7,28
Tamil Nadu,Pudukkottai,Aranthangi(Uzhavar Sandhai ),Coconut,Coconut,Local,2026-07-28,3500.0,4000.0,3750.0,500.0,13.333333333333334,2026,7,28
Tamil Nadu,Pudukkottai,Aranthangi(Uzhavar Sandhai ),Raddish,Raddish,Local,2026-07-28,3000.0,3500.0,3250.0,500.0,15.384615384615385,2026,7,28
Tamil Nadu,Pudukkottai,Aranthangi(Uzhavar Sandhai ),Mint(Pudina),Mint(Pudina),Local,2026-07-28,3500.0,4000.0,3750.0,500.0,13.333333333333334,2026,7,28
Tamil Nadu,Coimbatore,Sulur(Uzhavar Sandhai ),Bottle gourd,Bottle Gourd,Local,2026-07-28,2800.0,3200.0,3000.0,400.0,13.333333333333334,2026,7,28
Tamil Nadu,Coimbatore,Sulur(Uzhavar Sandhai ),Beans,Beans (Whole),Local,2026-07-28,8000.0,8500.0,8250.0,500.0,6.0606060606060606,2026,7,28
Tamil Nadu,Coimbatore,Sulur(Uzhavar Sandhai ),Coconut,Coconut,Local,2026-07-28,5400.0,5800.0,5600.0,400.0,7.142857142857142,2026,7,28
Tamil Nadu,Coimbatore,Sulur(Uzhavar Sandhai ),Carrot,Pusakesar,Local,2026-07-28,8000.0,8800.0,8400.0,800.0,9.523809523809524,2026,7,28
Tamil Nadu,Coimbatore,Sulur(Uzhavar Sandhai ),Cabbage,Cabbage,Local,2026-07-28,3400.0,3800.0,3600.0,400.0,11.11111111111111,2026,7,28
Tamil Nadu,Coimbatore,Sulur(Uzhavar Sandhai ),Chow Chow,Chow Chow,Local,2026-07-28,3000.0,3600.0,3300.0,600.0,18.181818181818183,2026,7,28
Tamil Nadu,Coimbatore,Sulur(Uzhavar Sandhai ),Mint(Pudina),Mint(Pudina),Local,2026-07-28,5400.0,6000.0,5700.0,600.0,10.526315789473683,2026,7,28
Tamil Nadu,Cuddalore,Panruti(Uzhavar Sandhai ),Papaya,Papaya,Local,2026-07-28,4000.0,4000.0,4000.0,0.0,0.0,2026,7,28
Tamil Nadu,Cuddalore,Panruti(Uzhavar Sandhai ),Onion,Bellary,Local,2026-07-28,3500.0,4000.0,3750.0,500.0,13.333333333333334,2026,7,28
Tamil Nadu,Cuddalore,Panruti(Uzhavar Sandhai ),Potato,Red Nanital,Local,2026-07-28,4000.0,4000.0,4000.0,0.0,0.0,2026,7,28
Tamil Nadu,Cuddalore,Panruti(Uzhavar Sandhai ),Tomato,Deshi,Local,2026-07-28,1500.0,1500.0,1500.0,0.0,0.0,2026,7,28
Tamil Nadu,Cuddalore,Panruti(Uzhavar Sandhai ),Ridgeguard(Tori),Ridgeguard(Tori),Local,2026-07-28,6000.0,6000.0,6000.0,0.0,0.0,2026,7,28
Tamil Nadu,Cuddalore,Panruti(Uzhavar Sandhai ),Green Avare(W),Green Avare (W),Local,2026-07-28,7000.0,13000.0,10000.0,6000.0,60.0,2026,7,28
Tamil Nadu,Cuddalore,Panruti(Uzhavar Sandhai ),Lemon,Lemon,Local,2026-07-28,6000.0,6000.0,6000.0,0.0,0.0,2026,7,28
Tamil Nadu,Cuddalore,Panruti(Uzhavar Sandhai ),Onion Green,Onion Green,Local,2026-07-28,7000.0,7000.0,7000.0,0.0,0.0,2026,7,28
Tamil Nadu,Cuddalore,Panruti(Uzhavar Sandhai ),Mint(Pudina),Mint(Pudina),Local,2026-07-28,5000.0,5000.0,5000.0,0.0,0.0,2026,7,28
Tamil Nadu,Cuddalore,Vadalur(Uzhavar Sandhai ),Bottle gourd,Bottle Gourd,Local,2026-07-28,3000.0,3000.0,3000.0,0.0,0.0,2026,7,28
Tamil Nadu,Cuddalore,Vadalur(Uzhavar Sandhai ),Green Avare(W),Other,Local,2026-07-28,8000.0,8000.0,8000.0,0.0,0.0,2026,7,28
Tamil Nadu,Cuddalore,Vadalur(Uzhavar Sandhai ),Mango(Raw-Ripe),Mango - Raw-Ripe,Local,2026-07-28,3000.0,3000.0,3000.0,0.0,0.0,2026,7,28
Tamil Nadu,Cuddalore,Vadalur(Uzhavar Sandhai ),Knool Khol,Knool Khol,Local,2026-07-28,5000.0,5000.0,5000.0,0.0,0.0,2026,7,28
Tamil Nadu,Dharmapuri,AJattihalli(Uzhavar Sandhai ),Brinjal,Other,Local,2026-07-28,3000.0,3000.0,3000.0,0.0,0.0,2026,7,28
Tamil Nadu,Dharmapuri,AJattihalli(Uzhavar Sandhai ),Tomato,Deshi,Local,2026-07-28,1200.0,1600.0,1400.0,400.0,28.57142857142857,2026,7,28
Tamil Nadu,Dharmapuri,AJattihalli(Uzhavar Sandhai ),Bitter gourd,Other,Local,2026-07-28,4800.0,4800.0,4800.0,0.0,0.0,2026,7,28
Tamil Nadu,Dharmapuri,AJattihalli(Uzhavar Sandhai ),Cowpea(Veg),Cowpea (Veg),Local,2026-07-28,7000.0,7000.0,7000.0,0.0,0.0,2026,7,28
Tamil Nadu,Dharmapuri,AJattihalli(Uzhavar Sandhai ),Banana - Green,Banana - Green,Local,2026-07-28,2500.0,2500.0,2500.0,0.0,0.0,2026,7,28
Tamil Nadu,Dharmapuri,AJattihalli(Uzhavar Sandhai ),Capsicum,Capsicum,Local,2026-07-28,8800.0,8800.0,8800.0,0.0,0.0,2026,7,28
Tamil Nadu,Dharmapuri,AJattihalli(Uzhavar Sandhai ),Knool Khol,Knool Khol,Local,2026-07-28,6000.0,6000.0,6000.0,0.0,0.0,2026,7,28
Tamil Nadu,Dharmapuri,AJattihalli(Uzhavar Sandhai ),Lemon,Lemon,Local,2026-07-28,6500.0,8000.0,7250.0,1500.0,20.689655172413794,2026,7,28
Tamil Nadu,Dharmapuri,AJattihalli(Uzhavar Sandhai ),Mint(Pudina),Mint(Pudina),Local,2026-07-28,7000.0,8000.0,7500.0,1000.0,13.333333333333334,2026,7,28
Tamil Nadu,Nagapattinam,Vedaranyam(Uzhavar Sandhai),Banana,Besrai,Local,2026-07-28,3800.0,4000.0,3900.0,200.0,5.128205128205128,2026,7,28
Tamil Nadu,Nagapattinam,Vedaranyam(Uzhavar Sandhai),Onion,Bellary,Local,2026-07-28,3200.0,3500.0,3350.0,300.0,8.955223880597014,2026,7,28
Tamil Nadu,Nagapattinam,Vedaranyam(Uzhavar Sandhai),Bitter gourd,Bitter Gourd,Local,2026-07-28,4000.0,4500.0,4250.0,500.0,11.76470588235294,2026,7,28
Tamil Nadu,Nagapattinam,Vedaranyam(Uzhavar Sandhai),Amaranthus,Amaranthus,Local,2026-07-28,2000.0,2200.0,2100.0,200.0,9.523809523809524,2026,7,28
Tamil Nadu,Nagapattinam,Vedaranyam(Uzhavar Sandhai),Ginger(Green),Green Ginger,Local,2026-07-28,11500.0,12000.0,11750.0,500.0,4.25531914893617,2026,7,28
Tamil Nadu,Nagapattinam,Vedaranyam(Uzhavar Sandhai),Cabbage,Cabbage,Local,2026-07-28,3200.0,3500.0,3350.0,300.0,8.955223880597014,2026,7,28
Tamil Nadu,Vellore,Perampet(Uzhavar Sandhai),Bitter gourd,Bitter Gourd,Local,2026-07-28,5000.0,5000.0,5000.0,0.0,0.0,2026,7,28
Tamil Nadu,Vellore,Perampet(Uzhavar Sandhai),Bottle gourd,Bottle Gourd,Local,2026-07-28,2400.0,2400.0,2400.0,0.0,0.0,2026,7,28
Tamil Nadu,Vellore,Perampet(Uzhavar Sandhai),Cabbage,Cabbage,Local,2026-07-28,4000.0,4000.0,4000.0,0.0,0.0,2026,7,28
Tamil Nadu,Vellore,Perampet(Uzhavar Sandhai),Green Avare(W),Green Avare (W),Local,2026-07-28,4500.0,5000.0,4750.0,500.0,10.526315789473683,2026,7,28
Tamil Nadu,Vellore,Perampet(Uzhavar Sandhai),Onion Green,Onion Green,Local,2026-07-28,6000.0,6000.0,6000.0,0.0,0.0,2026,7,28
Maharashtra,Pune,Pune(Pimpri) APMC,Beetroot,Other,Local,2026-07-28,2500.0,2500.0,2500.0,0.0,0.0,2026,7,28
Maharashtra,Pune,Pune(Pimpri) APMC,Cucumbar(Kheera),Other,Local,2026-07-28,1500.0,1700.0,1600.0,200.0,12.5,2026,7,28
Madhya Pradesh,Badwani,Sendhwa(F&V) APMC,Bottle gourd,Bottle Gourd,Medium,2026-07-28,700.0,1200.0,900.0,500.0,55.55555555555556,2026,7,28
Madhya Pradesh,Badwani,Sendhwa(F&V) APMC,Pumpkin,Pumpkin,Large,2026-07-28,700.0,1300.0,900.0,600.0,66.66666666666666,2026,7,28
Madhya Pradesh,Badwani,Sendhwa(F&V) APMC,Onion,Red,Medium,2026-07-28,700.0,1100.0,900.0,400.0,44.44444444444444,2026,7,28
Tamil Nadu,Karur,Kulithalai(Uzhavar Sandhai ),Mango,Neelam,Local,2026-07-28,5000.0,6000.0,5500.0,1000.0,18.181818181818183,2026,7,28
Tamil Nadu,Karur,Kulithalai(Uzhavar Sandhai ),Banana - Green,Banana - Green,Local,2026-07-28,3500.0,4000.0,3750.0,500.0,13.333333333333334,2026,7,28
Tamil Nadu,Karur,Kulithalai(Uzhavar Sandhai ),Ginger(Green),Green Ginger,Local,2026-07-28,19500.0,20000.0,19750.0,500.0,2.5316455696202533,2026,7,28
Tamil Nadu,Karur,Kulithalai(Uzhavar Sandhai ),Carrot,Pusakesar,Local,2026-07-28,9000.0,10000.0,9500.0,1000.0,10.526315789473683,2026,7,28
Tamil Nadu,Karur,Kulithalai(Uzhavar Sandhai ),Snakeguard,Snakeguard,Local,2026-07-28,3600.0,4000.0,3800.0,400.0,10.526315789473683,2026,7,28
Tamil Nadu,Karur,Kulithalai(Uzhavar Sandhai ),Raddish,Raddish,Local,2026-07-28,3600.0,4000.0,3800.0,400.0,10.526315789473683,2026,7,28
Tamil Nadu,Karur,Kulithalai(Uzhavar Sandhai ),Thondekai,Thondekai,Local,2026-07-28,4500.0,5000.0,4750.0,500.0,10.526315789473683,2026,7,28
Tamil Nadu,Karur,Kulithalai(Uzhavar Sandhai ),Green Avare(W),Other,Local,2026-07-28,7000.0,8000.0,7500.0,1000.0,13.333333333333334,2026,7,28
Tamil Nadu,Karur,Kulithalai(Uzhavar Sandhai ),Lemon,Lemon,Local,2026-07-28,5500.0,6000.0,5750.0,500.0,8.695652173913043,2026,7,28
Tamil Nadu,Karur,Kulithalai(Uzhavar Sandhai ),Onion Green,Onion Green,Local,2026-07-28,5500.0,6000.0,5750.0,500.0,8.695652173913043,2026,7,28
Tamil Nadu,Karur,Kulithalai(Uzhavar Sandhai ),Mint(Pudina),Mint(Pudina),Local,2026-07-28,6500.0,7000.0,6750.0,500.0,7.4074074074074066,2026,7,28
Tamil Nadu,Karur,Pallapatti (Uzhavar Sandhai ),Brinjal,Other,Local,2026-07-28,6500.0,7000.0,6750.0,500.0,7.4074074074074066,2026,7,28
Tamil Nadu,Karur,Pallapatti (Uzhavar Sandhai ),Bottle gourd,Bottle Gourd,Local,2026-07-28,2000.0,2500.0,2250.0,500.0,22.22222222222222,2026,7,28
Tamil Nadu,Karur,Pallapatti (Uzhavar Sandhai ),Ashgourd,Gouard,Local,2026-07-28,2000.0,2500.0,2250.0,500.0,22.22222222222222,2026,7,28
Tamil Nadu,Karur,Pallapatti (Uzhavar Sandhai ),Pumpkin,Pumpkin,Local,2026-07-28,2000.0,2500.0,2250.0,500.0,22.22222222222222,2026,7,28
Tamil Nadu,Karur,Pallapatti (Uzhavar Sandhai ),Green Chilli,Green Chilly,Local,2026-07-28,5500.0,6000.0,5750.0,500.0,8.695652173913043,2026,7,28
Tamil Nadu,Karur,Pallapatti (Uzhavar Sandhai ),Raddish,Raddish,Local,2026-07-28,3600.0,4000.0,3800.0,400.0,10.526315789473683,2026,7,28
Tamil Nadu,Karur,Velayuthampalayam(Uzhavar Sandhai ),Bitter gourd,Bitter Gourd,Local,2026-07-28,5200.0,6000.0,5600.0,800.0,14.285714285714285,2026,7,28
Tamil Nadu,Karur,Velayuthampalayam(Uzhavar Sandhai ),Ashgourd,Gouard,Local,2026-07-28,2400.0,2800.0,2600.0,400.0,15.384615384615385,2026,7,28
Tamil Nadu,Karur,Vengamedu(Uzhavar Sandhai ),Bitter gourd,Other,Local,2026-07-28,5500.0,6000.0,5750.0,500.0,8.695652173913043,2026,7,28
Tamil Nadu,Karur,Vengamedu(Uzhavar Sandhai ),Bhindi(Ladies Finger),Bhindi,Local,2026-07-28,3500.0,4000.0,3750.0,500.0,13.333333333333334,2026,7,28
Tamil Nadu,Karur,Vengamedu(Uzhavar Sandhai ),Raddish,Raddish,Local,2026-07-28,3500.0,4000.0,3750.0,500.0,13.333333333333334,2026,7,28
Tamil Nadu,Karur,Vengamedu(Uzhavar Sandhai ),Green Avare(W),Other,Local,2026-07-28,7000.0,8000.0,7500.0,1000.0,13.333333333333334,2026,7,28
Tamil Nadu,Karur,Vengamedu(Uzhavar Sandhai ),Lemon,Lemon,Local,2026-07-28,7500.0,8000.0,7750.0,500.0,6.451612903225806,2026,7,28
Tamil Nadu,Theni,Devaram(Uzhavar Sandhai ),Cowpea(Veg),Cowpea (Veg),Local,2026-07-28,4000.0,4000.0,4000.0,0.0,0.0,2026,7,28
Tamil Nadu,Theni,Devaram(Uzhavar Sandhai ),Sweet Potato,Hosur Red,Local,2026-07-28,3000.0,3200.0,3100.0,200.0,6.451612903225806,2026,7,28
Tamil Nadu,Theni,Devaram(Uzhavar Sandhai ),Chow Chow,Chow Chow,Local,2026-07-28,3400.0,3400.0,3400.0,0.0,0.0,2026,7,28
Tamil Nadu,Theni,Devaram(Uzhavar Sandhai ),Drumstick,Drumstick,Local,2026-07-28,3500.0,4500.0,4000.0,1000.0,25.0,2026,7,28
Tamil Nadu,Salem,Attayampatti(Uzhavar Sandhai ),Brinjal,Round,Local,2026-07-28,4000.0,4600.0,4300.0,600.0,13.953488372093023,2026,7,28
Tamil Nadu,Salem,Attayampatti(Uzhavar Sandhai ),Bitter gourd,Bitter Gourd,Local,2026-07-28,5000.0,5500.0,5250.0,500.0,9.523809523809524,2026,7,28
Tamil Nadu,Salem,Attayampatti(Uzhavar Sandhai ),Raddish,Raddish,Local,2026-07-28,3000.0,3400.0,3200.0,400.0,12.5,2026,7,28
Tamil Nadu,Sivaganga,Sivagangai (Uzhavar Sandhai ),Onion,Bellary,Local,2026-07-28,4000.0,4200.0,4100.0,200.0,4.878048780487805,2026,7,28
Tamil Nadu,Sivaganga,Sivagangai (Uzhavar Sandhai ),Bitter gourd,Other,Local,2026-07-28,5600.0,6200.0,5900.0,600.0,10.16949152542373,2026,7,28
Tamil Nadu,Sivaganga,Sivagangai (Uzhavar Sandhai ),Ashgourd,Gouard,Local,2026-07-28,2600.0,2800.0,2700.0,200.0,7.4074074074074066,2026,7,28
Tamil Nadu,Sivaganga,Sivagangai (Uzhavar Sandhai ),Snakeguard,Snakeguard,Local,2026-07-28,4200.0,4600.0,4400.0,400.0,9.090909090909092,2026,7,28
Tamil Nadu,Sivaganga,Sivagangai (Uzhavar Sandhai ),Mango(Raw-Ripe),Mango - Raw-Ripe,Local,2026-07-28,2200.0,3600.0,2900.0,1400.0,48.275862068965516,2026,7,28
Tamil Nadu,Sivaganga,Sivagangai (Uzhavar Sandhai ),Elephant Yam(Suran)/Amorphophallus,Elephant Yam (Suran),Local,2026-07-28,4200.0,4600.0,4400.0,400.0,9.090909090909092,2026,7,28
Tamil Nadu,Sivaganga,Sivagangai (Uzhavar Sandhai ),Yam(Ratalu),Yam (Ratalu),Local,2026-07-28,7200.0,8200.0,7700.0,1000.0,12.987012987012985,2026,7,28
Tamil Nadu,Sivaganga,Sivagangai (Uzhavar Sandhai ),Colacasia,Colacasia,Local,2026-07-28,4200.0,5200.0,4700.0,1000.0,21.27659574468085,2026,7,28
Tamil Nadu,Sivaganga,Sivagangai (Uzhavar Sandhai ),Mint(Pudina),Mint(Pudina),Local,2026-07-28,4200.0,4600.0,4400.0,400.0,9.090909090909092,2026,7,28
Tamil Nadu,Sivaganga,Devakottai (Uzhavar Sandhai ),Onion,Bellary,Local,2026-07-28,3200.0,4400.0,3800.0,1200.0,31.57894736842105,2026,7,28
Tamil Nadu,Sivaganga,Devakottai (Uzhavar Sandhai ),Brinjal,Other,Local,2026-07-28,5400.0,5800.0,5600.0,400.0,7.142857142857142,2026,7,28
Tamil Nadu,Sivaganga,Devakottai (Uzhavar Sandhai ),Bitter gourd,Other,Local,2026-07-28,6000.0,6400.0,6200.0,400.0,6.451612903225806,2026,7,28
Tamil Nadu,Sivaganga,Devakottai (Uzhavar Sandhai ),Bottle gourd,Bottle Gourd,Local,2026-07-28,3200.0,3800.0,3500.0,600.0,17.142857142857142,2026,7,28
Tamil Nadu,Sivaganga,Devakottai (Uzhavar Sandhai ),Ashgourd,Gouard,Local,2026-07-28,2200.0,2800.0,2500.0,600.0,24.0,2026,7,28
Tamil Nadu,Sivaganga,Devakottai (Uzhavar Sandhai ),Coconut,Coconut,Local,2026-07-28,5800.0,6500.0,6150.0,700.0,11.38211382113821,2026,7,28
Tamil Nadu,Sivaganga,Devakottai (Uzhavar Sandhai ),Raddish,Raddish,Local,2026-07-28,3200.0,3800.0,3500.0,600.0,17.142857142857142,2026,7,28
Tamil Nadu,Sivaganga,Devakottai (Uzhavar Sandhai ),Green Avare(W),Other,Local,2026-07-28,6000.0,7200.0,6600.0,1200.0,18.181818181818183,2026,7,28
Tamil Nadu,Sivaganga,Devakottai (Uzhavar Sandhai ),Elephant Yam(Suran)/Amorphophallus,Elephant Yam (Suran),Local,2026-07-28,4400.0,4800.0,4600.0,400.0,8.695652173913043,2026,7,28
Tamil Nadu,Salem,Edapadi (Uzhavar Sandhai ),Potato,Other,Local,2026-07-28,2800.0,3000.0,2900.0,200.0,6.896551724137931,2026,7,28
Tamil Nadu,Salem,Edapadi (Uzhavar Sandhai ),Knool Khol,Knool Khol,Local,2026-07-28,5000.0,5500.0,5250.0,500.0,9.523809523809524,2026,7,28
Tamil Nadu,Salem,Elampillai(Uzhavar Sandhai ),Cauliflower,Ranchi,Local,2026-07-28,2000.0,3000.0,2500.0,1000.0,40.0,2026,7,28
Tamil Nadu,Salem,Elampillai(Uzhavar Sandhai ),Cluster beans,Cluster Beans,Local,2026-07-28,2500.0,3000.0,2750.0,500.0,18.181818181818183,2026,7,28
Tamil Nadu,Salem,Elampillai(Uzhavar Sandhai ),Pumpkin,Pumpkin,Local,2026-07-28,2000.0,2400.0,2200.0,400.0,18.181818181818183,2026,7,28
Tamil Nadu,Salem,Elampillai(Uzhavar Sandhai ),Amaranthus,Amaranthus,Local,2026-07-28,2000.0,2500.0,2250.0,500.0,22.22222222222222,2026,7,28
Tamil Nadu,Salem,Elampillai(Uzhavar Sandhai ),Coconut,Coconut,Local,2026-07-28,4500.0,5500.0,5000.0,1000.0,20.0,2026,7,28
Tamil Nadu,Salem,Elampillai(Uzhavar Sandhai ),Snakeguard,Snakeguard,Local,2026-07-28,3600.0,4000.0,3800.0,400.0,10.526315789473683,2026,7,28
Tamil Nadu,Salem,Elampillai(Uzhavar Sandhai ),Beetroot,Beetroot,Local,2026-07-28,5500.0,6400.0,5950.0,900.0,15.126050420168067,2026,7,28
Tamil Nadu,Salem,Elampillai(Uzhavar Sandhai ),Capsicum,Capsicum,Local,2026-07-28,7000.0,7500.0,7250.0,500.0,6.896551724137931,2026,7,28
Tamil Nadu,Salem,Elampillai(Uzhavar Sandhai ),Mint(Pudina),Mint(Pudina),Local,2026-07-28,4000.0,4500.0,4250.0,500.0,11.76470588235294,2026,7,28
Tamil Nadu,Salem,Hasthampatti(Uzhavar Sandhai ),Potato,Other,Local,2026-07-28,4500.0,5000.0,4750.0,500.0,10.526315789473683,2026,7,28
Tamil Nadu,Salem,Hasthampatti(Uzhavar Sandhai ),Ashgourd,Gouard,Local,2026-07-28,2000.0,2400.0,2200.0,400.0,18.181818181818183,2026,7,28
Tamil Nadu,Salem,Hasthampatti(Uzhavar Sandhai ),Bhindi(Ladies Finger),Bhindi,Local,2026-07-28,3000.0,3500.0,3250.0,500.0,15.384615384615385,2026,7,28
Tamil Nadu,Salem,Hasthampatti(Uzhavar Sandhai ),Banana - Green,Banana - Green,Local,2026-07-28,1500.0,2000.0,1750.0,500.0,28.57142857142857,2026,7,28
Tamil Nadu,Salem,Hasthampatti(Uzhavar Sandhai ),Beans,Beans (Whole),Local,2026-07-28,11500.0,12200.0,11850.0,700.0,5.9071729957805905,2026,7,28
Tamil Nadu,Salem,Hasthampatti(Uzhavar Sandhai ),Beetroot,Beetroot,Local,2026-07-28,6000.0,6400.0,6200.0,400.0,6.451612903225806,2026,7,28
Tamil Nadu,Salem,Hasthampatti(Uzhavar Sandhai ),Drumstick,Drumstick,Local,2026-07-28,4500.0,5000.0,4750.0,500.0,10.526315789473683,2026,7,28
Tamil Nadu,Salem,Hasthampatti(Uzhavar Sandhai ),Mango(Raw-Ripe),Mango - Raw-Ripe,Local,2026-07-28,3500.0,4000.0,3750.0,500.0,13.333333333333334,2026,7,28
Tamil Nadu,Salem,Hasthampatti(Uzhavar Sandhai ),Guava,Guava Allahabad,Local,2026-07-28,5000.0,6000.0,5500.0,1000.0,18.181818181818183,2026,7,28
Tamil Nadu,Salem,Hasthampatti(Uzhavar Sandhai ),Onion Green,Onion Green,Local,2026-07-28,4500.0,5000.0,4750.0,500.0,10.526315789473683,2026,7,28
Tamil Nadu,Salem,Hasthampatti(Uzhavar Sandhai ),Baby Corn,Baby Corn,Grade A,2026-07-28,2000.0,2500.0,2250.0,500.0,22.22222222222222,2026,7,28
Tamil Nadu,Salem,Hasthampatti(Uzhavar Sandhai ),Sweet Corn,Sweet Corn,Local,2026-07-28,3000.0,3500.0,3250.0,500.0,15.384615384615385,2026,7,28
Tamil Nadu,Salem,Jalagandapuram(Uzhavar Sandhai ),Groundnut,Big (With Shell),Local,2026-07-28,6000.0,6500.0,6250.0,500.0,8.0,2026,7,28
Tamil Nadu,Salem,Jalagandapuram(Uzhavar Sandhai ),Tomato,Other,Local,2026-07-28,1500.0,1800.0,1650.0,300.0,18.181818181818183,2026,7,28
Tamil Nadu,Salem,Jalagandapuram(Uzhavar Sandhai ),Bitter gourd,Other,Local,2026-07-28,5000.0,5500.0,5250.0,500.0,9.523809523809524,2026,7,28
Tamil Nadu,Salem,Jalagandapuram(Uzhavar Sandhai ),Cowpea(Veg),Cowpea (Veg),Local,2026-07-28,4500.0,5000.0,4750.0,500.0,10.526315789473683,2026,7,28
Tamil Nadu,Salem,Jalagandapuram(Uzhavar Sandhai ),Ginger(Green),Green Ginger,Local,2026-07-28,18000.0,19500.0,18750.0,1500.0,8.0,2026,7,28
Tamil Nadu,Salem,Jalagandapuram(Uzhavar Sandhai ),Beetroot,Beetroot,Local,2026-07-28,5000.0,6000.0,5500.0,1000.0,18.181818181818183,2026,7,28
Tamil Nadu,Salem,Jalagandapuram(Uzhavar Sandhai ),Raddish,Raddish,Local,2026-07-28,2600.0,3000.0,2800.0,400.0,14.285714285714285,2026,7,28
Tamil Nadu,Salem,Jalagandapuram(Uzhavar Sandhai ),Capsicum,Capsicum,Local,2026-07-28,7000.0,8000.0,7500.0,1000.0,13.333333333333334,2026,7,28
Tamil Nadu,Salem,Jalagandapuram(Uzhavar Sandhai ),Drumstick,Drumstick,Local,2026-07-28,4500.0,5000.0,4750.0,500.0,10.526315789473683,2026,7,28
Tamil Nadu,Salem,Jalagandapuram(Uzhavar Sandhai ),Lime,Lime,Local,2026-07-28,3000.0,3500.0,3250.0,500.0,15.384615384615385,2026,7,28
Tamil Nadu,Salem,Jalagandapuram(Uzhavar Sandhai ),Guava,Guava Allahabad,Local,2026-07-28,5000.0,6000.0,5500.0,1000.0,18.181818181818183,2026,7,28
Tamil Nadu,Salem,Jalagandapuram(Uzhavar Sandhai ),Amla(Nelli Kai),Amla,Local,2026-07-28,6500.0,7000.0,6750.0,500.0,7.4074074074074066,2026,7,28
Tamil Nadu,Sivaganga,Singampunari(Uzhavar Sandhai ),Onion,Bellary,Local,2026-07-28,3200.0,4200.0,3700.0,1000.0,27.027027027027028,2026,7,28
Tamil Nadu,Sivaganga,Singampunari(Uzhavar Sandhai ),Potato,Other,Local,2026-07-28,5600.0,6000.0,5800.0,400.0,6.896551724137931,2026,7,28
Tamil Nadu,Sivaganga,Singampunari(Uzhavar Sandhai ),Coconut,Coconut,Local,2026-07-28,5400.0,5800.0,5600.0,400.0,7.142857142857142,2026,7,28
Tamil Nadu,Sivaganga,Singampunari(Uzhavar Sandhai ),Green Avare(W),Other,Local,2026-07-28,6400.0,7200.0,6800.0,800.0,11.76470588235294,2026,7,28
Tamil Nadu,Sivaganga,Singampunari(Uzhavar Sandhai ),Knool Khol,Knool Khol,Local,2026-07-28,5600.0,6600.0,6100.0,1000.0,16.39344262295082,2026,7,28
Tamil Nadu,Sivaganga,Karaikudi(Uzhavar Sandhai ),Onion,Bellary,Local,2026-07-28,4200.0,4500.0,4350.0,300.0,6.896551724137931,2026,7,28
Tamil Nadu,Sivaganga,Karaikudi(Uzhavar Sandhai ),Cauliflower,Ranchi,Local,2026-07-28,3000.0,3200.0,3100.0,200.0,6.451612903225806,2026,7,28
Tamil Nadu,Sivaganga,Karaikudi(Uzhavar Sandhai ),Pumpkin,Pumpkin,Local,2026-07-28,2400.0,2800.0,2600.0,400.0,15.384615384615385,2026,7,28
Tamil Nadu,Sivaganga,Karaikudi(Uzhavar Sandhai ),Green Chilli,Green Chilly,Local,2026-07-28,2800.0,3000.0,2900.0,200.0,6.896551724137931,2026,7,28
Tamil Nadu,Sivaganga,Karaikudi(Uzhavar Sandhai ),Ginger(Green),Green Ginger,Local,2026-07-28,15500.0,22500.0,19000.0,7000.0,36.84210526315789,2026,7,28
Tamil Nadu,Sivaganga,Karaikudi(Uzhavar Sandhai ),Beetroot,Beetroot,Local,2026-07-28,5500.0,6000.0,5750.0,500.0,8.695652173913043,2026,7,28
Tamil Nadu,Sivaganga,Karaikudi(Uzhavar Sandhai ),Raddish,Raddish,Local,2026-07-28,3500.0,4000.0,3750.0,500.0,13.333333333333334,2026,7,28
Tamil Nadu,Sivaganga,Karaikudi(Uzhavar Sandhai ),Guava,Guava Allahabad,Local,2026-07-28,7500.0,8500.0,8000.0,1000.0,12.5,2026,7,28
Tamil Nadu,Sivaganga,Karaikudi(Uzhavar Sandhai ),Yam(Ratalu),Yam (Ratalu),Local,2026-07-28,7500.0,8500.0,8000.0,1000.0,12.5,2026,7,28
Tamil Nadu,Thanjavur,Pattukottai(Uzhavar Sandhai ),Bitter gourd,Bitter Gourd,Local,2026-07-28,6000.0,6000.0,6000.0,0.0,0.0,2026,7,28
Tamil Nadu,Thanjavur,Pattukottai(Uzhavar Sandhai ),Amaranthus,Amaranthus,Local,2026-07-28,2000.0,2000.0,2000.0,0.0,0.0,2026,7,28
Tamil Nadu,Thanjavur,Pattukottai(Uzhavar Sandhai ),Ginger(Green),Green Ginger,Local,2026-07-28,14000.0,18000.0,16000.0,4000.0,25.0,2026,7,28
Tamil Nadu,Thanjavur,Pattukottai(Uzhavar Sandhai ),Lemon,Lemon,Local,2026-07-28,5400.0,5400.0,5400.0,0.0,0.0,2026,7,28
Tamil Nadu,Thiruchirappalli,KKNagar(Uzhavar Sandhai ),Banana,Karpura,Local,2026-07-28,6000.0,6000.0,6000.0,0.0,0.0,2026,7,28
Tamil Nadu,Thiruchirappalli,KKNagar(Uzhavar Sandhai ),Garlic,Garlic,Local,2026-07-28,26000.0,26000.0,26000.0,0.0,0.0,2026,7,28
Tamil Nadu,Thiruchirappalli,KKNagar(Uzhavar Sandhai ),Chili Red,Bold,Local,2026-07-28,28000.0,28000.0,28000.0,0.0,0.0,2026,7,28
Tamil Nadu,Thiruchirappalli,KKNagar(Uzhavar Sandhai ),Cauliflower,Ranchi,Local,2026-07-28,5000.0,5000.0,5000.0,0.0,0.0,2026,7,28
Tamil Nadu,Thiruchirappalli,KKNagar(Uzhavar Sandhai ),Brinjal,Other,Local,2026-07-28,6600.0,6600.0,6600.0,0.0,0.0,2026,7,28
Tamil Nadu,Thiruchirappalli,KKNagar(Uzhavar Sandhai ),Bitter gourd,Bitter Gourd,Local,2026-07-28,7000.0,7000.0,7000.0,0.0,0.0,2026,7,28
Tamil Nadu,Thiruchirappalli,KKNagar(Uzhavar Sandhai ),Bhindi(Ladies Finger),Bhindi,Local,2026-07-28,3600.0,3600.0,3600.0,0.0,0.0,2026,7,28
Tamil Nadu,Thiruchirappalli,KKNagar(Uzhavar Sandhai ),Betal Leaves,Mysore,Local,2026-07-28,12000.0,12000.0,12000.0,0.0,0.0,2026,7,28
Tamil Nadu,Thiruchirappalli,KKNagar(Uzhavar Sandhai ),Sweet Potato,Hosur Red,Local,2026-07-28,5600.0,5600.0,5600.0,0.0,0.0,2026,7,28
Tamil Nadu,Thiruchirappalli,KKNagar(Uzhavar Sandhai ),Carrot,Pusakesar,Local,2026-07-28,10000.0,10000.0,10000.0,0.0,0.0,2026,7,28
Tamil Nadu,Thiruchirappalli,KKNagar(Uzhavar Sandhai ),Raddish,Raddish,Local,2026-07-28,3600.0,3600.0,3600.0,0.0,0.0,2026,7,28
Tamil Nadu,Thiruchirappalli,KKNagar(Uzhavar Sandhai ),Green Avare(W),Green Avare (W),Local,2026-07-28,7000.0,7000.0,7000.0,0.0,0.0,2026,7,28
Tamil Nadu,Thiruchirappalli,KKNagar(Uzhavar Sandhai ),Lime,Lime,Local,2026-07-28,4000.0,4000.0,4000.0,0.0,0.0,2026,7,28
Tamil Nadu,Thiruchirappalli,KKNagar(Uzhavar Sandhai ),Yam(Ratalu),Yam (Ratalu),Local,2026-07-28,10000.0,10000.0,10000.0,0.0,0.0,2026,7,28
Tamil Nadu,Thiruchirappalli,KKNagar(Uzhavar Sandhai ),Onion Green,Onion Green,Local,2026-07-28,7400.0,7400.0,7400.0,0.0,0.0,2026,7,28
Tamil Nadu,Thiruchirappalli,KKNagar(Uzhavar Sandhai ),Mint(Pudina),Mint(Pudina),Local,2026-07-28,6400.0,6400.0,6400.0,0.0,0.0,2026,7,28
Tamil Nadu,Thiruchirappalli,Lalgudi(Uzhavar Sandhai ),Brinjal,Other,Local,2026-07-28,7000.0,7000.0,7000.0,0.0,0.0,2026,7,28
Tamil Nadu,Thiruchirappalli,Lalgudi(Uzhavar Sandhai ),Ashgourd,Gouard,Local,2026-07-28,2400.0,2400.0,2400.0,0.0,0.0,2026,7,28
Tamil Nadu,Thiruchirappalli,Lalgudi(Uzhavar Sandhai ),Pumpkin,Pumpkin,Local,2026-07-28,2000.0,2000.0,2000.0,0.0,0.0,2026,7,28
Tamil Nadu,Thiruchirappalli,Lalgudi(Uzhavar Sandhai ),Cowpea(Veg),Cowpea (Veg),Local,2026-07-28,4600.0,4600.0,4600.0,0.0,0.0,2026,7,28
Tamil Nadu,Thiruchirappalli,Lalgudi(Uzhavar Sandhai ),Cucumbar(Kheera),Cucumbar,Local,2026-07-28,4600.0,4600.0,4600.0,0.0,0.0,2026,7,28
Tamil Nadu,Thiruchirappalli,Lalgudi(Uzhavar Sandhai ),Drumstick,Drumstick,Local,2026-07-28,5600.0,5600.0,5600.0,0.0,0.0,2026,7,28
Tamil Nadu,Thiruchirappalli,Lalgudi(Uzhavar Sandhai ),Colacasia,Colacasia,Local,2026-07-28,4600.0,4600.0,4600.0,0.0,0.0,2026,7,28
Tamil Nadu,Thiruchirappalli,Lalgudi(Uzhavar Sandhai ),Amla(Nelli Kai),Amla,Local,2026-07-28,9000.0,9000.0,9000.0,0.0,0.0,2026,7,28
Tamil Nadu,Thiruchirappalli,Manachanallur(Uzhavar Sandhai ),Papaya,Papaya,Local,2026-07-28,4000.0,4000.0,4000.0,0.0,0.0,2026,7,28
Tamil Nadu,Thiruchirappalli,Manachanallur(Uzhavar Sandhai ),Banana,Karpura,Local,2026-07-28,3000.0,4000.0,3500.0,1000.0,28.57142857142857,2026,7,28
Tamil Nadu,Thiruchirappalli,Manachanallur(Uzhavar Sandhai ),Garlic,Garlic,Local,2026-07-28,16000.0,18000.0,17000.0,2000.0,11.76470588235294,2026,7,28
Tamil Nadu,Thiruchirappalli,Manachanallur(Uzhavar Sandhai ),Cauliflower,Ranchi,Local,2026-07-28,4000.0,4000.0,4000.0,0.0,0.0,2026,7,28
Tamil Nadu,Thiruchirappalli,Manachanallur(Uzhavar Sandhai ),Bitter gourd,Other,Local,2026-07-28,6000.0,6600.0,6300.0,600.0,9.523809523809524,2026,7,28
Tamil Nadu,Thiruchirappalli,Manachanallur(Uzhavar Sandhai ),Bottle gourd,Bottle Gourd,Local,2026-07-28,2500.0,3000.0,2750.0,500.0,18.181818181818183,2026,7,28
Tamil Nadu,Thiruchirappalli,Manachanallur(Uzhavar Sandhai ),Amaranthus,Amaranthus,Local,2026-07-28,1500.0,2000.0,1750.0,500.0,28.57142857142857,2026,7,28
Tamil Nadu,Thiruchirappalli,Manachanallur(Uzhavar Sandhai ),Carrot,Pusakesar,Local,2026-07-28,9000.0,10000.0,9500.0,1000.0,10.526315789473683,2026,7,28
Tamil Nadu,Thiruchirappalli,Manachanallur(Uzhavar Sandhai ),Snakeguard,Snakeguard,Local,2026-07-28,4000.0,4000.0,4000.0,0.0,0.0,2026,7,28
Tamil Nadu,Thiruchirappalli,Manachanallur(Uzhavar Sandhai ),Ridgeguard(Tori),Ridgeguard(Tori),Local,2026-07-28,6000.0,6000.0,6000.0,0.0,0.0,2026,7,28
Tamil Nadu,Thiruchirappalli,Manachanallur(Uzhavar Sandhai ),Thondekai,Thondekai,Local,2026-07-28,5000.0,5600.0,5300.0,600.0,11.320754716981133,2026,7,28
Tamil Nadu,Thiruchirappalli,Manachanallur(Uzhavar Sandhai ),Onion Green,Onion Green,Local,2026-07-28,6000.0,7000.0,6500.0,1000.0,15.384615384615385,2026,7,28
Tamil Nadu,Thiruchirappalli,Manapparai(Uzhavar Sandhai ),Cauliflower,Ranchi,Local,2026-07-28,5000.0,5000.0,5000.0,0.0,0.0,2026,7,28
Tamil Nadu,Thiruchirappalli,Manapparai(Uzhavar Sandhai ),Coriander(Leaves),I Sort,Local,2026-07-28,4000.0,4000.0,4000.0,0.0,0.0,2026,7,28
Tamil Nadu,Thiruchirappalli,Manapparai(Uzhavar Sandhai ),Bottle gourd,Bottle Gourd,Local,2026-07-28,2500.0,3000.0,2750.0,500.0,18.181818181818183,2026,7,28
Tamil Nadu,Thiruchirappalli,Manapparai(Uzhavar Sandhai ),Cowpea(Veg),Cowpea (Veg),Local,2026-07-28,4600.0,4600.0,4600.0,0.0,0.0,2026,7,28
Tamil Nadu,Thiruchirappalli,Manapparai(Uzhavar Sandhai ),Cabbage,Cabbage,Local,2026-07-28,4600.0,4600.0,4600.0,0.0,0.0,2026,7,28
Tamil Nadu,Thiruchirappalli,Manapparai(Uzhavar Sandhai ),Drumstick,Drumstick,Local,2026-07-28,5000.0,6000.0,5500.0,1000.0,18.181818181818183,2026,7,28
Tamil Nadu,Thiruchirappalli,Manapparai(Uzhavar Sandhai ),Lemon,Lemon,Local,2026-07-28,5000.0,6000.0,5500.0,1000.0,18.181818181818183,2026,7,28
Tamil Nadu,Thiruchirappalli,Musiri(Uzhavar Sandhai ),Mango,Safeda,Local,2026-07-28,2500.0,3000.0,2750.0,500.0,18.181818181818183,2026,7,28
Tamil Nadu,Thiruchirappalli,Musiri(Uzhavar Sandhai ),Cauliflower,Ranchi,Local,2026-07-28,3000.0,3500.0,3250.0,500.0,15.384615384615385,2026,7,28
Tamil Nadu,Thiruchirappalli,Musiri(Uzhavar Sandhai ),Cowpea(Veg),Cowpea (Veg),Local,2026-07-28,3500.0,4000.0,3750.0,500.0,13.333333333333334,2026,7,28
Tamil Nadu,Thiruchirappalli,Musiri(Uzhavar Sandhai ),Banana - Green,Banana - Green,Local,2026-07-28,2000.0,2500.0,2250.0,500.0,22.22222222222222,2026,7,28
Tamil Nadu,Thiruchirappalli,Musiri(Uzhavar Sandhai ),Tapioca,Tapioca,Local,2026-07-28,3000.0,3600.0,3300.0,600.0,18.181818181818183,2026,7,28
Tamil Nadu,Thiruchirappalli,Musiri(Uzhavar Sandhai ),Coconut,Coconut,Local,2026-07-28,5000.0,5600.0,5300.0,600.0,11.320754716981133,2026,7,28
Tamil Nadu,Thiruchirappalli,Musiri(Uzhavar Sandhai ),Snakeguard,Snakeguard,Local,2026-07-28,4000.0,4600.0,4300.0,600.0,13.953488372093023,2026,7,28
Tamil Nadu,Thiruchirappalli,Musiri(Uzhavar Sandhai ),Thondekai,Thondekai,Local,2026-07-28,5000.0,5600.0,5300.0,600.0,11.320754716981133,2026,7,28
Tamil Nadu,Thiruchirappalli,Musiri(Uzhavar Sandhai ),Lime,Lime,Local,2026-07-28,3500.0,4000.0,3750.0,500.0,13.333333333333334,2026,7,28
Tamil Nadu,Thiruchirappalli,Musiri(Uzhavar Sandhai ),Tender Coconut,Tender Coconut,Local,2026-07-28,3500.0,4000.0,3750.0,500.0,13.333333333333334,2026,7,28
Tamil Nadu,Thiruchirappalli,Musiri(Uzhavar Sandhai ),Indian Beans(Seam),Indian Beans (Seam),Local,2026-07-28,6000.0,7000.0,6500.0,1000.0,15.384615384615385,2026,7,28
Tamil Nadu,Thiruchirappalli,Musiri(Uzhavar Sandhai ),Onion Green,Onion Green,Local,2026-07-28,5000.0,6000.0,5500.0,1000.0,18.181818181818183,2026,7,28
Tamil Nadu,Thiruchirappalli,Thiruverumbur(Uzhavar Sandhai ),Bitter gourd,Other,Local,2026-07-28,7000.0,7000.0,7000.0,0.0,0.0,2026,7,28
Tamil Nadu,Thiruchirappalli,Thiruverumbur(Uzhavar Sandhai ),Amaranthus,Amaranthus,Local,2026-07-28,2000.0,2000.0,2000.0,0.0,0.0,2026,7,28
Tamil Nadu,Thiruchirappalli,Thiruverumbur(Uzhavar Sandhai ),Coconut,Coconut,Local,2026-07-28,6600.0,6600.0,6600.0,0.0,0.0,2026,7,28
Tamil Nadu,Thiruchirappalli,Thiruverumbur(Uzhavar Sandhai ),Thondekai,Thondekai,Local,2026-07-28,6000.0,6000.0,6000.0,0.0,0.0,2026,7,28
Tamil Nadu,Thiruchirappalli,Thiruverumbur(Uzhavar Sandhai ),Drumstick,Drumstick,Local,2026-07-28,5000.0,5000.0,5000.0,0.0,0.0,2026,7,28
Tamil Nadu,Virudhunagar,Rajapalayam(Uzhavar Sandhai ),Onion,Bellary,Local,2026-07-28,3500.0,4000.0,3750.0,500.0,13.333333333333334,2026,7,28
Tamil Nadu,Virudhunagar,Rajapalayam(Uzhavar Sandhai ),Potato,Red Nanital,Local,2026-07-28,2500.0,3000.0,2750.0,500.0,18.181818181818183,2026,7,28
Tamil Nadu,Virudhunagar,Rajapalayam(Uzhavar Sandhai ),Bottle gourd,Bottle Gourd,Local,2026-07-28,1500.0,2000.0,1750.0,500.0,28.57142857142857,2026,7,28
Tamil Nadu,Virudhunagar,Rajapalayam(Uzhavar Sandhai ),Cabbage,Cabbage,Local,2026-07-28,4000.0,4500.0,4250.0,500.0,11.76470588235294,2026,7,28
Tamil Nadu,Virudhunagar,Rajapalayam(Uzhavar Sandhai ),Snakeguard,Snakeguard,Local,2026-07-28,4500.0,5000.0,4750.0,500.0,10.526315789473683,2026,7,28
Tamil Nadu,Virudhunagar,Rajapalayam(Uzhavar Sandhai ),Drumstick,Drumstick,Local,2026-07-28,5000.0,6000.0,5500.0,1000.0,18.181818181818183,2026,7,28
Tamil Nadu,Virudhunagar,Rajapalayam(Uzhavar Sandhai ),Lemon,Lemon,Local,2026-07-28,9000.0,10000.0,9500.0,1000.0,10.526315789473683,2026,7,28
Tamil Nadu,Virudhunagar,Sathur(Uzhavar Sandhai ),Potato,Red Nanital,Local,2026-07-28,3500.0,4000.0,3750.0,500.0,13.333333333333334,2026,7,28
Tamil Nadu,Virudhunagar,Sathur(Uzhavar Sandhai ),Chikoos(Sapota),Sapota,Local,2026-07-28,2500.0,3000.0,2750.0,500.0,18.181818181818183,2026,7,28
Tamil Nadu,Virudhunagar,Sathur(Uzhavar Sandhai ),Ashgourd,Gouard,Local,2026-07-28,2000.0,2500.0,2250.0,500.0,22.22222222222222,2026,7,28
Tamil Nadu,Virudhunagar,Sathur(Uzhavar Sandhai ),Pumpkin,Pumpkin,Local,2026-07-28,2200.0,2500.0,2350.0,300.0,12.76595744680851,2026,7,28
Tamil Nadu,Virudhunagar,Sathur(Uzhavar Sandhai ),Green Chilli,Green Chilly,Local,2026-07-28,5500.0,6000.0,5750.0,500.0,8.695652173913043,2026,7,28
Tamil Nadu,Virudhunagar,Sathur(Uzhavar Sandhai ),Snakeguard,Snakeguard,Local,2026-07-28,3500.0,4000.0,3750.0,500.0,13.333333333333334,2026,7,28
Tamil Nadu,Virudhunagar,Sathur(Uzhavar Sandhai ),Guava,Guava Allahabad,Local,2026-07-28,4500.0,5000.0,4750.0,500.0,10.526315789473683,2026,7,28
Tamil Nadu,Virudhunagar,Thalavaipuram(Uzhavar Sandhai ),Banana,Besrai,Local,2026-07-28,3500.0,4000.0,3750.0,500.0,13.333333333333334,2026,7,28
Tamil Nadu,Virudhunagar,Thalavaipuram(Uzhavar Sandhai ),Potato,Red Nanital,Local,2026-07-28,4000.0,4500.0,4250.0,500.0,11.76470588235294,2026,7,28
Tamil Nadu,Virudhunagar,Thalavaipuram(Uzhavar Sandhai ),Bitter gourd,Bitter Gourd,Local,2026-07-28,8000.0,9000.0,8500.0,1000.0,11.76470588235294,2026,7,28
Tamil Nadu,Virudhunagar,Thalavaipuram(Uzhavar Sandhai ),Bottle gourd,Bottle Gourd,Local,2026-07-28,1500.0,2000.0,1750.0,500.0,28.57142857142857,2026,7,28
Tamil Nadu,Virudhunagar,Thalavaipuram(Uzhavar Sandhai ),Bhindi(Ladies Finger),Bhindi,Local,2026-07-28,2500.0,3000.0,2750.0,500.0,18.181818181818183,2026,7,28
Tamil Nadu,Chengalpattu,Nanganallur(Uzhavar Sandhai ),Banana,Red Banana,Local,2026-07-28,7000.0,8000.0,7500.0,1000.0,13.333333333333334,2026,7,28
Tamil Nadu,Chengalpattu,Nanganallur(Uzhavar Sandhai ),Mango,Neelam,Local,2026-07-28,6500.0,7000.0,6750.0,500.0,7.4074074074074066,2026,7,28
Tamil Nadu,Chengalpattu,Nanganallur(Uzhavar Sandhai ),Onion,Bellary,Local,2026-07-28,3000.0,3500.0,3250.0,500.0,15.384615384615385,2026,7,28
Tamil Nadu,Chengalpattu,Nanganallur(Uzhavar Sandhai ),Brinjal,Round,Local,2026-07-28,4500.0,5000.0,4750.0,500.0,10.526315789473683,2026,7,28
Tamil Nadu,Chengalpattu,Nanganallur(Uzhavar Sandhai ),Cluster beans,Cluster Beans,Local,2026-07-28,4500.0,5000.0,4750.0,500.0,10.526315789473683,2026,7,28
Tamil Nadu,Chengalpattu,Nanganallur(Uzhavar Sandhai ),Pumpkin,Pumpkin,Local,2026-07-28,3500.0,4000.0,3750.0,500.0,13.333333333333334,2026,7,28
Tamil Nadu,Chengalpattu,Nanganallur(Uzhavar Sandhai ),Banana - Green,Banana - Green,Local,2026-07-28,3500.0,4000.0,3750.0,500.0,13.333333333333334,2026,7,28
Tamil Nadu,Chengalpattu,Nanganallur(Uzhavar Sandhai ),Beetroot,Beetroot,Local,2026-07-28,5500.0,6000.0,5750.0,500.0,8.695652173913043,2026,7,28
Tamil Nadu,Chengalpattu,Nanganallur(Uzhavar Sandhai ),Tender Coconut,Tender Coconut,Local,2026-07-28,5500.0,6000.0,5750.0,500.0,8.695652173913043,2026,7,28
Tamil Nadu,Chengalpattu,Nanganallur(Uzhavar Sandhai ),Lemon,Lemon,Local,2026-07-28,6500.0,7000.0,6750.0,500.0,7.4074074074074066,2026,7,28
Tamil Nadu,Chengalpattu,Nanganallur(Uzhavar Sandhai ),Pear(Marasebu),Pears,Local,2026-07-28,9000.0,10000.0,9500.0,1000.0,10.526315789473683,2026,7,28
Tamil Nadu,Chengalpattu,Nanganallur(Uzhavar Sandhai ),Amla(Nelli Kai),Amla,Local,2026-07-28,9000.0,10000.0,9500.0,1000.0,10.526315789473683,2026,7,28
Tamil Nadu,Chengalpattu,Pallavaram(Uzhavar Sandhai ),Groundnut,Big (With Shell),Local,2026-07-28,9000.0,10000.0,9500.0,1000.0,10.526315789473683,2026,7,28
Tamil Nadu,Chengalpattu,Pallavaram(Uzhavar Sandhai ),Onion,Bellary,Local,2026-07-28,3500.0,4000.0,3750.0,500.0,13.333333333333334,2026,7,28
Tamil Nadu,Chengalpattu,Pallavaram(Uzhavar Sandhai ),Pumpkin,Pumpkin,Local,2026-07-28,2500.0,3000.0,2750.0,500.0,18.181818181818183,2026,7,28
Tamil Nadu,Chengalpattu,Pallavaram(Uzhavar Sandhai ),Tapioca,Tapioca,Local,2026-07-28,3500.0,4000.0,3750.0,500.0,13.333333333333334,2026,7,28
Tamil Nadu,Chengalpattu,Pallavaram(Uzhavar Sandhai ),Beetroot,Beetroot,Local,2026-07-28,4000.0,5000.0,4500.0,1000.0,22.22222222222222,2026,7,28
Tamil Nadu,Chengalpattu,Pallavaram(Uzhavar Sandhai ),Cucumbar(Kheera),Cucumbar,Local,2026-07-28,5000.0,6000.0,5500.0,1000.0,18.181818181818183,2026,7,28
Tamil Nadu,Chengalpattu,Pallavaram(Uzhavar Sandhai ),Raddish,Raddish,Local,2026-07-28,4000.0,5000.0,4500.0,1000.0,22.22222222222222,2026,7,28
Tamil Nadu,Chengalpattu,Pallavaram(Uzhavar Sandhai ),Capsicum,Capsicum,Local,2026-07-28,6000.0,7000.0,6500.0,1000.0,15.384615384615385,2026,7,28
Tamil Nadu,Chengalpattu,Pallavaram(Uzhavar Sandhai ),Chow Chow,Chow Chow,Local,2026-07-28,4000.0,5000.0,4500.0,1000.0,22.22222222222222,2026,7,28
Tamil Nadu,Chengalpattu,Pallavaram(Uzhavar Sandhai ),Mango(Raw-Ripe),Mango - Raw-Ripe,Local,2026-07-28,4000.0,5000.0,4500.0,1000.0,22.22222222222222,2026,7,28
Tamil Nadu,Chengalpattu,Pallavaram(Uzhavar Sandhai ),Knool Khol,Knool Khol,Local,2026-07-28,6000.0,7000.0,6500.0,1000.0,15.384615384615385,2026,7,28
Tamil Nadu,Chengalpattu,Pallavaram(Uzhavar Sandhai ),Tender Coconut,Tender Coconut,Local,2026-07-28,2000.0,2500.0,2250.0,500.0,22.22222222222222,2026,7,28
Tamil Nadu,Nagercoil (Kannyiakumari),Myladi(Uzhavar Sandhai ),Papaya,Papaya,Local,2026-07-28,3500.0,4000.0,3750.0,500.0,13.333333333333334,2026,7,28
Tamil Nadu,Nagercoil (Kannyiakumari),Myladi(Uzhavar Sandhai ),Banana,Besrai,Local,2026-07-28,4000.0,4500.0,4250.0,500.0,11.76470588235294,2026,7,28
Tamil Nadu,Nagercoil (Kannyiakumari),Myladi(Uzhavar Sandhai ),Potato,Red Nanital,Local,2026-07-28,3000.0,3500.0,3250.0,500.0,15.384615384615385,2026,7,28
Tamil Nadu,Nagercoil (Kannyiakumari),Myladi(Uzhavar Sandhai ),Banana - Green,Banana - Green,Local,2026-07-28,5500.0,6000.0,5750.0,500.0,8.695652173913043,2026,7,28
Tamil Nadu,Nagercoil (Kannyiakumari),Myladi(Uzhavar Sandhai ),Cucumbar(Kheera),Cucumbar,Local,2026-07-28,2500.0,3000.0,2750.0,500.0,18.181818181818183,2026,7,28
Tamil Nadu,Chengalpattu,Jameenrayapettai(Uzhavar Sandhai ),Orange,Darjeeling,Local,2026-07-28,11000.0,13000.0,12000.0,2000.0,16.666666666666664,2026,7,28
Tamil Nadu,Chengalpattu,Jameenrayapettai(Uzhavar Sandhai ),Coriander(Leaves),I Sort,Local,2026-07-28,7000.0,8000.0,7500.0,1000.0,13.333333333333334,2026,7,28
Tamil Nadu,Chengalpattu,Jameenrayapettai(Uzhavar Sandhai ),Cluster beans,Cluster Beans,Local,2026-07-28,4000.0,5000.0,4500.0,1000.0,22.22222222222222,2026,7,28
Tamil Nadu,Chengalpattu,Jameenrayapettai(Uzhavar Sandhai ),Amaranthus,Amaranthus,Local,2026-07-28,2500.0,3000.0,2750.0,500.0,18.181818181818183,2026,7,28
Tamil Nadu,Chengalpattu,Jameenrayapettai(Uzhavar Sandhai ),Banana - Green,Banana - Green,Local,2026-07-28,3500.0,4000.0,3750.0,500.0,13.333333333333334,2026,7,28
Tamil Nadu,Chengalpattu,Jameenrayapettai(Uzhavar Sandhai ),Ginger(Green),Green Ginger,Local,2026-07-28,20000.0,22000.0,21000.0,2000.0,9.523809523809524,2026,7,28
Tamil Nadu,Chengalpattu,Jameenrayapettai(Uzhavar Sandhai ),Carrot,Pusakesar,Local,2026-07-28,11000.0,12000.0,11500.0,1000.0,8.695652173913043,2026,7,28
Tamil Nadu,Chengalpattu,Jameenrayapettai(Uzhavar Sandhai ),Cabbage,Cabbage,Local,2026-07-28,3000.0,3500.0,3250.0,500.0,15.384615384615385,2026,7,28
Tamil Nadu,Chengalpattu,Jameenrayapettai(Uzhavar Sandhai ),Chow Chow,Chow Chow,Local,2026-07-28,4000.0,5000.0,4500.0,1000.0,22.22222222222222,2026,7,28
Tamil Nadu,Chengalpattu,Jameenrayapettai(Uzhavar Sandhai ),Knool Khol,Knool Khol,Local,2026-07-28,6000.0,7000.0,6500.0,1000.0,15.384615384615385,2026,7,28
Tamil Nadu,Chengalpattu,Jameenrayapettai(Uzhavar Sandhai ),Marigold(Calcutta),Marigold(Calcutta),Local,2026-07-28,24000.0,25000.0,24500.0,1000.0,4.081632653061225,2026,7,28
Tamil Nadu,Chengalpattu,Jameenrayapettai(Uzhavar Sandhai ),Rose(Local),Rose (Local),Local,2026-07-28,10000.0,12000.0,11000.0,2000.0,18.181818181818183,2026,7,28
Tamil Nadu,Chengalpattu,Guduvancheri(Uzhavar Sandhai ),Bhindi(Ladies Finger),Bhindi,Local,2026-07-28,3500.0,4000.0,3750.0,500.0,13.333333333333334,2026,7,28
Tamil Nadu,Chengalpattu,Guduvancheri(Uzhavar Sandhai ),Green Chilli,Green Chilly,Local,2026-07-28,5000.0,6000.0,5500.0,1000.0,18.181818181818183,2026,7,28
Tamil Nadu,Chengalpattu,Guduvancheri(Uzhavar Sandhai ),Tube Rose(Loose),Tube Rose (Loose),Local,2026-07-28,18000.0,20000.0,19000.0,2000.0,10.526315789473683,2026,7,28
Tamil Nadu,Chengalpattu,Guduvancheri(Uzhavar Sandhai ),Sweet Corn,Sweet Corn,Local,2026-07-28,4000.0,5000.0,4500.0,1000.0,22.22222222222222,2026,7,28
Tamil Nadu,Thirupur,Dharapuram(Uzhavar Sandhai ),Beans,Beans (Whole),Local,2026-07-28,8000.0,8000.0,8000.0,0.0,0.0,2026,7,28
Tamil Nadu,Thirupur,Dharapuram(Uzhavar Sandhai ),Ridgeguard(Tori),Ridgeguard(Tori),Local,2026-07-28,6500.0,6500.0,6500.0,0.0,0.0,2026,7,28
Tamil Nadu,Thirupur,Dharapuram(Uzhavar Sandhai ),Raddish,Raddish,Local,2026-07-28,3500.0,3500.0,3500.0,0.0,0.0,2026,7,28
Tamil Nadu,Thirupur,Dharapuram(Uzhavar Sandhai ),Chow Chow,Chow Chow,Local,2026-07-28,2500.0,2500.0,2500.0,0.0,0.0,2026,7,28
Tamil Nadu,Thirupur,Dharapuram(Uzhavar Sandhai ),Drumstick,Drumstick,Local,2026-07-28,5200.0,5200.0,5200.0,0.0,0.0,2026,7,28
Tamil Nadu,Thirupur,Dharapuram(Uzhavar Sandhai ),Mango(Raw-Ripe),Mango - Raw-Ripe,Local,2026-07-28,3000.0,3000.0,3000.0,0.0,0.0,2026,7,28
Tamil Nadu,Thirupur,Dharapuram(Uzhavar Sandhai ),Lemon,Lemon,Local,2026-07-28,8000.0,8000.0,8000.0,0.0,0.0,2026,7,28
Tamil Nadu,Thirupur,Dharapuram(Uzhavar Sandhai ),Mint(Pudina),Mint(Pudina),Local,2026-07-28,3000.0,3000.0,3000.0,0.0,0.0,2026,7,28
Tamil Nadu,Thirupur,Palladam(Uzhavar Sandhai ),Chikoos(Sapota),Sapota,Local,2026-07-28,3000.0,4000.0,3500.0,1000.0,28.57142857142857,2026,7,28
Tamil Nadu,Thirupur,Palladam(Uzhavar Sandhai ),Cluster beans,Cluster Beans,Local,2026-07-28,3500.0,4000.0,3750.0,500.0,13.333333333333334,2026,7,28
Tamil Nadu,Thirupur,Palladam(Uzhavar Sandhai ),Bitter gourd,Other,Local,2026-07-28,4000.0,5000.0,4500.0,1000.0,22.22222222222222,2026,7,28
Tamil Nadu,Thirupur,Palladam(Uzhavar Sandhai ),Green Chilli,Green Chilly,Local,2026-07-28,4000.0,5000.0,4500.0,1000.0,22.22222222222222,2026,7,28
Tamil Nadu,Thirupur,Palladam(Uzhavar Sandhai ),Ginger(Green),Green Ginger,Local,2026-07-28,17000.0,18000.0,17500.0,1000.0,5.714285714285714,2026,7,28
Tamil Nadu,Thirupur,Palladam(Uzhavar Sandhai ),Green Avare(W),Other,Local,2026-07-28,6000.0,7000.0,6500.0,1000.0,15.384615384615385,2026,7,28
Tamil Nadu,Thirupur,Palladam(Uzhavar Sandhai ),Mango(Raw-Ripe),Mango - Raw-Ripe,Local,2026-07-28,2500.0,3000.0,2750.0,500.0,18.181818181818183,2026,7,28
Tamil Nadu,Kallakuruchi,Kallakurichi(Uzhavar Sandhai ),Garlic,Garlic,Local,2026-07-28,31000.0,31000.0,31000.0,0.0,0.0,2026,7,28
Tamil Nadu,Kallakuruchi,Kallakurichi(Uzhavar Sandhai ),Ashgourd,Gouard,Local,2026-07-28,3000.0,3000.0,3000.0,0.0,0.0,2026,7,28
Tamil Nadu,Kallakuruchi,Kallakurichi(Uzhavar Sandhai ),Pumpkin,Pumpkin,Local,2026-07-28,2500.0,2500.0,2500.0,0.0,0.0,2026,7,28
Tamil Nadu,Kallakuruchi,Kallakurichi(Uzhavar Sandhai ),Amaranthus,Amaranthus,Local,2026-07-28,3000.0,3000.0,3000.0,0.0,0.0,2026,7,28
Tamil Nadu,Kallakuruchi,Kallakurichi(Uzhavar Sandhai ),Tapioca,Tapioca,Local,2026-07-28,3000.0,3000.0,3000.0,0.0,0.0,2026,7,28
Tamil Nadu,Kallakuruchi,Kallakurichi(Uzhavar Sandhai ),Drumstick,Drumstick,Local,2026-07-28,7000.0,7000.0,7000.0,0.0,0.0,2026,7,28
Tamil Nadu,Kallakuruchi,Kallakurichi(Uzhavar Sandhai ),Colacasia,Colacasia,Local,2026-07-28,4000.0,4000.0,4000.0,0.0,0.0,2026,7,28
Tamil Nadu,Kallakuruchi,Kallakurichi(Uzhavar Sandhai ),Amla(Nelli Kai),Amla,Local,2026-07-28,7000.0,7000.0,7000.0,0.0,0.0,2026,7,28
Tamil Nadu,Kallakuruchi,Kallakurichi(Uzhavar Sandhai ),Onion Green,Onion Green,Local,2026-07-28,6000.0,6000.0,6000.0,0.0,0.0,2026,7,28
Tamil Nadu,Kallakuruchi,Kallakurichi(Uzhavar Sandhai ),Rose(Local),Rose (Local),Local,2026-07-28,40000.0,40000.0,40000.0,0.0,0.0,2026,7,28
Punjab,Gurdaspur,Gurdaspur APMC,Plum,Other,Grade B,2026-07-28,7200.0,7200.0,7200.0,0.0,0.0,2026,7,28
Punjab,Gurdaspur,Gurdaspur APMC,Bitter gourd,Other,Grade A,2026-07-28,2600.0,2600.0,2600.0,0.0,0.0,2026,7,28
Punjab,Gurdaspur,Gurdaspur APMC,Potato,Other,Grade A,2026-07-28,700.0,700.0,700.0,0.0,0.0,2026,7,28
Punjab,Gurdaspur,Gurdaspur APMC,Ginger(Green),Other,Grade A,2026-07-28,10000.0,10000.0,10000.0,0.0,0.0,2026,7,28
Punjab,Gurdaspur,Gurdaspur APMC,Tomato,Other,Grade A,2026-07-28,2500.0,2500.0,2500.0,0.0,0.0,2026,7,28
Punjab,Gurdaspur,Gurdaspur APMC,Onion,Other,Grade A,2026-07-28,2500.0,2500.0,2500.0,0.0,0.0,2026,7,28
Andhra Pradesh,Srikakulam,Jalumuru APMC,Paddy(Common),1121,FAQ,2026-07-28,2369.0,2369.0,2369.0,0.0,0.0,2026,7,28
Andhra Pradesh,Palnadu,Gurazala APMC,Chili Red,Red,Local,2026-07-28,15000.0,22500.0,19500.0,7500.0,38.46153846153847,2026,7,28
Tamil Nadu,Thirupathur,Natrampalli(Uzhavar Sandhai ),Banana,Besrai,Local,2026-07-28,4000.0,6000.0,5000.0,2000.0,40.0,2026,7,28
Tamil Nadu,Thirupathur,Natrampalli(Uzhavar Sandhai ),Bitter gourd,Bitter Gourd,Local,2026-07-28,4000.0,5000.0,4500.0,1000.0,22.22222222222222,2026,7,28
Tamil Nadu,Thirupathur,Natrampalli(Uzhavar Sandhai ),Beans,Beans (Whole),Local,2026-07-28,8000.0,10000.0,9000.0,2000.0,22.22222222222222,2026,7,28
Tamil Nadu,Thirupathur,Natrampalli(Uzhavar Sandhai ),Drumstick,Drumstick,Local,2026-07-28,5000.0,6000.0,5500.0,1000.0,18.181818181818183,2026,7,28
Punjab,Bhatinda,Bathinda APMC,Mango,Other,Grade B,2026-07-28,4000.0,6000.0,5000.0,2000.0,40.0,2026,7,28
Andhra Pradesh,Vijayanagaram,Chipurupalli APMC,Maize,Local,FAQ,2026-07-28,4800.0,4800.0,4800.0,0.0,0.0,2026,7,28
Andhra Pradesh,Vijayanagaram,Merakamudidam APMC,Maize,Local,Local,2026-07-28,1800.0,2000.0,1950.0,200.0,10.256410256410255,2026,7,28
Andhra Pradesh,Anakapally,Madugula APMC,Paddy(Common),Paddy,Local,2026-07-28,2200.0,2400.0,2300.0,200.0,8.695652173913043,2026,7,28
Andhra Pradesh,Srikakulam,Kothabommali APMC,Paddy(Common),Paddy,Local,2026-07-28,2500.0,2500.0,2500.0,0.0,0.0,2026,7,28
Andhra Pradesh,Dr.B.R.A.Konaseema,Ravulapalem (Kothapeta APMC),Banana,Chakkarakeli(White),Local,2026-07-28,2600.0,3800.0,3600.0,1200.0,33.33333333333333,2026,7,28
Andhra Pradesh,Dr.B.R.A.Konaseema,Ravulapalem (Kothapeta APMC),Banana,Desi(Bontha),Local,2026-07-28,1700.0,2400.0,2200.0,700.0,31.818181818181817,2026,7,28
Andhra Pradesh,Krishna,Machilipatnam APMC,Paddy(Common),B P T,Local,2026-07-28,2933.3326,3066.6659,2999.99925,133.33329999999978,4.4444444444444375,2026,7,28
Andhra Pradesh,Palnadu,Macharla APMC,Paddy(Common),B P T,Grade Range-1,2026-07-28,2400.0,2400.0,2400.0,0.0,0.0,2026,7,28
Andhra Pradesh,Parvathipuram Manyam,Parvathipuram APMC,Maize,Local,Local,2026-07-28,2400.0,2400.0,2400.0,0.0,0.0,2026,7,28
Andhra Pradesh,NTR,Tiruvuru APMC,Rice,Sona,Local,2026-07-28,4700.0,4700.0,4700.0,0.0,0.0,2026,7,28
Andhra Pradesh,Krishna,Vuyyur APMC,Black Gram Dal(Urd Dal),Local,FAQ,2026-07-28,9300.0,9500.0,9400.0,200.0,2.127659574468085,2026,7,28
Andhra Pradesh,Guntur,Tadikonda APMC,Cotton,Cotton (Unginned),Grade Range-1,2026-07-28,5800.0,5800.0,5800.0,0.0,0.0,2026,7,28
Tamil Nadu,Salem,Athur(Uzhavar Sandhai ),Amaranthus,Amaranthus,Local,2026-07-28,2000.0,2500.0,2250.0,500.0,22.22222222222222,2026,7,28
Tamil Nadu,Salem,Athur(Uzhavar Sandhai ),Cucumbar(Kheera),Cucumbar,Local,2026-07-28,6000.0,8000.0,7000.0,2000.0,28.57142857142857,2026,7,28
Tamil Nadu,Salem,Athur(Uzhavar Sandhai ),Chow Chow,Chow Chow,Local,2026-07-28,3500.0,4000.0,3750.0,500.0,13.333333333333334,2026,7,28
Tamil Nadu,Salem,Athur(Uzhavar Sandhai ),Mango(Raw-Ripe),Mango - Raw-Ripe,Local,2026-07-28,2500.0,3000.0,2750.0,500.0,18.181818181818183,2026,7,28
Tamil Nadu,Salem,Athur(Uzhavar Sandhai ),Knool Khol,Knool Khol,Local,2026-07-28,5500.0,6000.0,5750.0,500.0,8.695652173913043,2026,7,28
Tamil Nadu,Salem,Athur(Uzhavar Sandhai ),Tamarind Fruit,Tamarind Fruit,Local,2026-07-28,12000.0,13000.0,12500.0,1000.0,8.0,2026,7,28
Tamil Nadu,Theni,Periyakulam(Uzhavar Sandhai ),Onion,Bellary,Local,2026-07-28,3600.0,3800.0,3700.0,200.0,5.405405405405405,2026,7,28
Tamil Nadu,Theni,Periyakulam(Uzhavar Sandhai ),Potato,Other,Local,2026-07-28,2400.0,2600.0,2500.0,200.0,8.0,2026,7,28
Tamil Nadu,Theni,Periyakulam(Uzhavar Sandhai ),Cauliflower,Ranchi,Local,2026-07-28,2000.0,2500.0,2250.0,500.0,22.22222222222222,2026,7,28
Tamil Nadu,Theni,Periyakulam(Uzhavar Sandhai ),Bottle gourd,Bottle Gourd,Local,2026-07-28,1600.0,1800.0,1700.0,200.0,11.76470588235294,2026,7,28
Tamil Nadu,Theni,Periyakulam(Uzhavar Sandhai ),Banana - Green,Banana - Green,Local,2026-07-28,3000.0,3500.0,3250.0,500.0,15.384615384615385,2026,7,28
Tamil Nadu,Theni,Periyakulam(Uzhavar Sandhai ),Carrot,Pusakesar,Local,2026-07-28,8000.0,8400.0,8200.0,400.0,4.878048780487805,2026,7,28
Tamil Nadu,Theni,Periyakulam(Uzhavar Sandhai ),Snakeguard,Snakeguard,Local,2026-07-28,2500.0,3000.0,2750.0,500.0,18.181818181818183,2026,7,28
Tamil Nadu,Theni,Periyakulam(Uzhavar Sandhai ),Mango(Raw-Ripe),Mango - Raw-Ripe,Local,2026-07-28,3000.0,3500.0,3250.0,500.0,15.384615384615385,2026,7,28
Tamil Nadu,Theni,Periyakulam(Uzhavar Sandhai ),Yam(Ratalu),Yam (Ratalu),Local,2026-07-28,7200.0,7500.0,7350.0,300.0,4.081632653061225,2026,7,28
Tamil Nadu,Theni,Periyakulam(Uzhavar Sandhai ),Indian Beans(Seam),Indian Beans (Seam),Local,2026-07-28,5000.0,5500.0,5250.0,500.0,9.523809523809524,2026,7,28
Tamil Nadu,Virudhunagar,Srivilliputhur(Uzhavar Sandhai ),Papaya,Papaya,Local,2026-07-28,2500.0,3000.0,2750.0,500.0,18.181818181818183,2026,7,28
Tamil Nadu,Virudhunagar,Srivilliputhur(Uzhavar Sandhai ),Cluster beans,Cluster Beans,Local,2026-07-28,2500.0,3000.0,2750.0,500.0,18.181818181818183,2026,7,28
Tamil Nadu,Virudhunagar,Srivilliputhur(Uzhavar Sandhai ),Bottle gourd,Bottle Gourd,Local,2026-07-28,1700.0,2000.0,1850.0,300.0,16.216216216216218,2026,7,28
Tamil Nadu,Virudhunagar,Srivilliputhur(Uzhavar Sandhai ),Amaranthus,Amaranthus,Local,2026-07-28,2500.0,3000.0,2750.0,500.0,18.181818181818183,2026,7,28
Tamil Nadu,Virudhunagar,Srivilliputhur(Uzhavar Sandhai ),Beetroot,Beetroot,Local,2026-07-28,4500.0,5500.0,5000.0,1000.0,20.0,2026,7,28
Tamil Nadu,Virudhunagar,Srivilliputhur(Uzhavar Sandhai ),Chow Chow,Chow Chow,Local,2026-07-28,3500.0,4000.0,3750.0,500.0,13.333333333333334,2026,7,28
Uttar Pradesh,Hathras,Shadabad APMC,Brinjal,Brinjal,Small,2026-07-28,700.0,800.0,750.0,100.0,13.333333333333334,2026,7,28
Uttar Pradesh,Hathras,Shadabad APMC,Pumpkin,Pumpkin,Small,2026-07-28,900.0,1000.0,950.0,100.0,10.526315789473683,2026,7,28
Punjab,Ludhiana,Sahnewal APMC,Cucumbar(Kheera),Cucumbar,FAQ,2026-07-28,2000.0,2000.0,2000.0,0.0,0.0,2026,7,28
Punjab,Sangrur,Bhawanigarh APMC,Papaya,Other,Medium,2026-07-28,2500.0,3000.0,2750.0,500.0,18.181818181818183,2026,7,28
Punjab,Sangrur,Bhawanigarh APMC,Pomegranate,Other,Medium,2026-07-28,13000.0,13000.0,13000.0,0.0,0.0,2026,7,28
Punjab,Sangrur,Bhawanigarh APMC,Carrot,Other,Medium,2026-07-28,2500.0,2700.0,2600.0,200.0,7.6923076923076925,2026,7,28
Punjab,Sangrur,Bhawanigarh APMC,Brinjal,Other,Medium,2026-07-28,2600.0,3000.0,2800.0,400.0,14.285714285714285,2026,7,28
Punjab,Jalandhar,Noor Mehal APMC,Tomato,Other,Local,2026-07-28,2200.0,2200.0,2200.0,0.0,0.0,2026,7,28
West Bengal,Paschim Bardhaman,Durgapur APMC,Wheat,Kalyan,FAQ,2026-07-28,2500.0,2750.0,2600.0,250.0,9.615384615384617,2026,7,28
West Bengal,Paschim Bardhaman,Durgapur APMC,Cabbage,Other,FAQ,2026-07-28,1750.0,2000.0,1865.0,250.0,13.404825737265416,2026,7,28
Nagaland,Kohima,Kohima APMC,Cabbage,Cabbage,Local,2026-07-28,2000.0,2000.0,2000.0,0.0,0.0,2026,7,28
Tamil Nadu,Coimbatore,Vadavalli(Uzhavar Sandhai ),Grapes,Annabesahai,Local,2026-07-28,7800.0,8500.0,8150.0,700.0,8.588957055214724,2026,7,28
Tamil Nadu,Coimbatore,Vadavalli(Uzhavar Sandhai ),Bhindi(Ladies Finger),Bhindi,Local,2026-07-28,4800.0,5500.0,5150.0,700.0,13.592233009708737,2026,7,28
Tamil Nadu,Coimbatore,Vadavalli(Uzhavar Sandhai ),Amaranthus,Amaranthus,Local,2026-07-28,3500.0,4500.0,4000.0,1000.0,25.0,2026,7,28
Tamil Nadu,Coimbatore,Vadavalli(Uzhavar Sandhai ),Tapioca,Tapioca,Local,2026-07-28,3000.0,3400.0,3200.0,400.0,12.5,2026,7,28
Tamil Nadu,Coimbatore,Vadavalli(Uzhavar Sandhai ),Coconut,Coconut,Local,2026-07-28,5200.0,5800.0,5500.0,600.0,10.909090909090908,2026,7,28
Tamil Nadu,Coimbatore,Vadavalli(Uzhavar Sandhai ),Cucumbar(Kheera),Cucumbar,Local,2026-07-28,3600.0,4200.0,3900.0,600.0,15.384615384615385,2026,7,28
Tamil Nadu,Coimbatore,Vadavalli(Uzhavar Sandhai ),Guava,Guava Allahabad,Local,2026-07-28,5000.0,5500.0,5250.0,500.0,9.523809523809524,2026,7,28
West Bengal,Darjeeling,Darjeeling APMC,Ginger(Green),Other,FAQ,2026-07-28,9000.0,9500.0,9200.0,500.0,5.434782608695652,2026,7,28
Haryana,Palwal,Hassanpur APMC,Bottle gourd,Bottle Gourd,Local,2026-07-28,1000.0,1000.0,1000.0,0.0,0.0,2026,7,28
Haryana,Palwal,Hassanpur APMC,Brinjal,Brinjal,Local,2026-07-28,1900.0,1900.0,1900.0,0.0,0.0,2026,7,28
Uttar Pradesh,Bulandshahar,Gulavati APMC,Cucumbar(Kheera),Cucumbar,FAQ,2026-07-28,1500.0,17000.0,1600.0,15500.0,968.75,2026,7,28
Uttar Pradesh,Bulandshahar,Gulavati APMC,Lemon,Other,FAQ,2026-07-28,9100.0,9300.0,9200.0,200.0,2.1739130434782608,2026,7,28
Uttar Pradesh,Bulandshahar,Gulavati APMC,Bhindi(Ladies Finger),Bhindi,FAQ,2026-07-28,3000.0,3200.0,3100.0,200.0,6.451612903225806,2026,7,28
Haryana,Hissar,Barwala(Hisar) APMC,Bhindi(Ladies Finger),Bhindi,Local,2026-07-28,3000.0,3500.0,3250.0,500.0,15.384615384615385,2026,7,28
Haryana,Hissar,Barwala(Hisar) APMC,Potato,Potato,Local,2026-07-28,700.0,800.0,800.0,100.0,12.5,2026,7,28
Haryana,Hissar,Barwala(Hisar) APMC,Leafy Vegetable,Leafy Vegetables,Local,2026-07-28,1500.0,2000.0,1800.0,500.0,27.77777777777778,2026,7,28
Haryana,Hissar,Barwala(Hisar) APMC,Pomegranate,Pomogranate,Local,2026-07-28,15000.0,20000.0,18000.0,5000.0,27.77777777777778,2026,7,28
Punjab,Fazilka,Jalalabad APMC,Apple,Other,Medium,2026-07-28,17000.0,17000.0,17000.0,0.0,0.0,2026,7,28
Punjab,Fazilka,Jalalabad APMC,Plum,Other,Medium,2026-07-28,6200.0,6500.0,6300.0,300.0,4.761904761904762,2026,7,28
Punjab,Fazilka,Jalalabad APMC,Cabbage,Other,Medium,2026-07-28,2000.0,2100.0,2000.0,100.0,5.0,2026,7,28
Punjab,Fazilka,Jalalabad APMC,Capsicum,Capsicum,Medium,2026-07-28,6500.0,7000.0,6700.0,500.0,7.462686567164178,2026,7,28
Punjab,Fazilka,Jalalabad APMC,Garlic,Garlic,Local,2026-07-28,11500.0,11500.0,11500.0,0.0,0.0,2026,7,28
Punjab,Fazilka,Jalalabad APMC,Onion,Other,Medium,2026-07-28,2700.0,3000.0,2800.0,300.0,10.714285714285714,2026,7,28
Punjab,Fazilka,Jalalabad APMC,Sweet Pumpkin,Other,Medium,2026-07-28,1200.0,1400.0,1300.0,200.0,15.384615384615385,2026,7,28
Tripura,South Tripura,Barpathari APMC,Pointed gourd(Parval),Pointed gourd (Parval),Local,2026-07-28,5900.0,6100.0,6000.0,200.0,3.3333333333333335,2026,7,28
Tamil Nadu,Coimbatore,Udumalpet APMC,Water Melon,Water Melon,Local,2026-07-28,800.0,1000.0,900.0,200.0,22.22222222222222,2026,7,28
Tamil Nadu,Coimbatore,Udumalpet APMC,Bitter gourd,Bitter Gourd,Local,2026-07-28,5000.0,6500.0,5750.0,1500.0,26.08695652173913,2026,7,28
Tamil Nadu,Coimbatore,Udumalpet APMC,Bhindi(Ladies Finger),Bhindi,Local,2026-07-28,4000.0,5000.0,4500.0,1000.0,22.22222222222222,2026,7,28
Tamil Nadu,Coimbatore,Udumalpet APMC,Green Chilli,Green Chilly,Local,2026-07-28,4000.0,5200.0,4600.0,1200.0,26.08695652173913,2026,7,28
Tamil Nadu,Coimbatore,Udumalpet APMC,Cowpea(Veg),Cowpea (Veg),Local,2026-07-28,3500.0,4000.0,3750.0,500.0,13.333333333333334,2026,7,28
Tamil Nadu,Coimbatore,Udumalpet APMC,Carrot,Pusakesar,Local,2026-07-28,9000.0,9500.0,9250.0,500.0,5.405405405405405,2026,7,28
Tamil Nadu,Coimbatore,Udumalpet APMC,Ridgeguard(Tori),Ridgeguard(Tori),Local,2026-07-28,5000.0,5500.0,5250.0,500.0,9.523809523809524,2026,7,28
Tamil Nadu,Coimbatore,Udumalpet APMC,Raddish,Raddish,Local,2026-07-28,2500.0,3000.0,2750.0,500.0,18.181818181818183,2026,7,28
Tamil Nadu,Coimbatore,Udumalpet APMC,Thondekai,Thondekai,Local,2026-07-28,4000.0,4800.0,4400.0,800.0,18.181818181818183,2026,7,28
Tamil Nadu,Coimbatore,Udumalpet APMC,Chow Chow,Chow Chow,Local,2026-07-28,3500.0,4000.0,3750.0,500.0,13.333333333333334,2026,7,28
Tamil Nadu,Coimbatore,Udumalpet APMC,Yam(Ratalu),Yam (Ratalu),Local,2026-07-28,10000.0,11000.0,10500.0,1000.0,9.523809523809524,2026,7,28
Tamil Nadu,Coimbatore,Udumalpet APMC,Indian Beans(Seam),Indian Beans (Seam),Local,2026-07-28,6500.0,7500.0,7000.0,1000.0,14.285714285714285,2026,7,28
Madhya Pradesh,Indore,Sanwer APMC,Wheat,Wheat,FAQ,2026-07-28,2500.0,2500.0,2500.0,0.0,0.0,2026,7,28
West Bengal,Darjeeling,Siliguri APMC,Masur Dal,Masur Dal,FAQ,2026-07-28,12500.0,13000.0,12800.0,500.0,3.90625,2026,7,28
West Bengal,Darjeeling,Siliguri APMC,Green Gram Dal(Moong Dal),Green Gram Dal,FAQ,2026-07-28,9600.0,9800.0,9700.0,200.0,2.0618556701030926,2026,7,28
West Bengal,Darjeeling,Siliguri APMC,Green Chilli,Green Chilly,FAQ,2026-07-28,8000.0,9000.0,8500.0,1000.0,11.76470588235294,2026,7,28
West Bengal,Darjeeling,Siliguri APMC,Onion,Onion,FAQ,2026-07-28,2900.0,3100.0,3000.0,200.0,6.666666666666667,2026,7,28
West Bengal,Darjeeling,Siliguri APMC,Tomato,Tomato,FAQ,2026-07-28,2600.0,2800.0,2700.0,200.0,7.4074074074074066,2026,7,28
Punjab,Tarntaran,Bhikhiwind APMC,Brinjal,Brinjal,Local,2026-07-28,800.0,800.0,800.0,0.0,0.0,2026,7,28
Tamil Nadu,Erode,Gobichettipalayam(Uzhavar Sandhai ),Brinjal,Round,Local,2026-07-28,4500.0,4800.0,4650.0,300.0,6.451612903225806,2026,7,28
Tamil Nadu,Erode,Gobichettipalayam(Uzhavar Sandhai ),Green Chilli,Green Chilly,Local,2026-07-28,4000.0,4200.0,4100.0,200.0,4.878048780487805,2026,7,28
Tamil Nadu,Erode,Gobichettipalayam(Uzhavar Sandhai ),Banana - Green,Banana - Green,Local,2026-07-28,2500.0,3000.0,2750.0,500.0,18.181818181818183,2026,7,28
Tamil Nadu,Erode,Gobichettipalayam(Uzhavar Sandhai ),Beans,Beans (Whole),Local,2026-07-28,8500.0,9000.0,8750.0,500.0,5.714285714285714,2026,7,28
Tamil Nadu,Erode,Gobichettipalayam(Uzhavar Sandhai ),Drumstick,Drumstick,Local,2026-07-28,6000.0,6500.0,6250.0,500.0,8.0,2026,7,28
Tamil Nadu,Erode,Gobichettipalayam(Uzhavar Sandhai ),Lemon,Lemon,Local,2026-07-28,4500.0,5000.0,4750.0,500.0,10.526315789473683,2026,7,28
Himachal Pradesh,Shimla,SMY Rohroo,Mango,Other,Grade B,2026-07-28,6000.0,8000.0,7000.0,2000.0,28.57142857142857,2026,7,28
Himachal Pradesh,Shimla,SMY Rohroo,Capsicum,Other,Grade B,2026-07-28,3500.0,4000.0,3800.0,500.0,13.157894736842104,2026,7,28
Himachal Pradesh,Shimla,SMY Rohroo,Pumpkin,Other,Grade B,2026-07-28,1800.0,2000.0,1900.0,200.0,10.526315789473683,2026,7,28
Tamil Nadu,Pudukkottai,Ponnamaravathi(Uzhavar Sandhai),Papaya,Papaya,Local,2026-07-28,2500.0,3000.0,2750.0,500.0,18.181818181818183,2026,7,28
Tamil Nadu,Pudukkottai,Ponnamaravathi(Uzhavar Sandhai),Banana,Besrai,Local,2026-07-28,5500.0,6000.0,5750.0,500.0,8.695652173913043,2026,7,28
Tamil Nadu,Pudukkottai,Ponnamaravathi(Uzhavar Sandhai),Cluster beans,Cluster Beans,Local,2026-07-28,4500.0,5000.0,4750.0,500.0,10.526315789473683,2026,7,28
Tamil Nadu,Pudukkottai,Ponnamaravathi(Uzhavar Sandhai),Green Chilli,Green Chilly,Local,2026-07-28,4500.0,5000.0,4750.0,500.0,10.526315789473683,2026,7,28
Tamil Nadu,Pudukkottai,Ponnamaravathi(Uzhavar Sandhai),Green Avare(W),Green Avare (W),Local,2026-07-28,5500.0,6000.0,5750.0,500.0,8.695652173913043,2026,7,28
Tamil Nadu,Pudukkottai,Ponnamaravathi(Uzhavar Sandhai),Onion Green,Onion Green,Local,2026-07-28,6500.0,7000.0,6750.0,500.0,7.4074074074074066,2026,7,28
Tamil Nadu,Nagapattinam,Mayiladuthurai(Uzhavar Sandhai ),Onion,Bellary,Local,2026-07-28,2500.0,3000.0,2750.0,500.0,18.181818181818183,2026,7,28
Tamil Nadu,Nagapattinam,Mayiladuthurai(Uzhavar Sandhai ),Cauliflower,Ranchi,Local,2026-07-28,5000.0,5000.0,5000.0,0.0,0.0,2026,7,28
Tamil Nadu,Nagapattinam,Mayiladuthurai(Uzhavar Sandhai ),Brinjal,Round,Local,2026-07-28,4500.0,5000.0,4750.0,500.0,10.526315789473683,2026,7,28
Tamil Nadu,Nagapattinam,Mayiladuthurai(Uzhavar Sandhai ),Coriander(Leaves),I Sort,Local,2026-07-28,3500.0,4000.0,3750.0,500.0,13.333333333333334,2026,7,28
Tamil Nadu,Nagapattinam,Mayiladuthurai(Uzhavar Sandhai ),Coconut,Coconut,Local,2026-07-28,3000.0,4000.0,3500.0,1000.0,28.57142857142857,2026,7,28
Tamil Nadu,Nagapattinam,Mayiladuthurai(Uzhavar Sandhai ),Mint(Pudina),Mint(Pudina),Local,2026-07-28,4000.0,4500.0,4250.0,500.0,11.76470588235294,2026,7,28
Tamil Nadu,Pudukkottai,Viralimalai(Uzhavar Sandhai ),Papaya,Papaya,Local,2026-07-28,2500.0,3000.0,2750.0,500.0,18.181818181818183,2026,7,28
Tamil Nadu,Pudukkottai,Viralimalai(Uzhavar Sandhai ),Banana - Green,Banana - Green,Local,2026-07-28,2500.0,3000.0,2750.0,500.0,18.181818181818183,2026,7,28
Tamil Nadu,Ramanathapuram,Kamuthi(Uzhavar Sandhai ),Brinjal,Round,Local,2026-07-28,5500.0,6000.0,5750.0,500.0,8.695652173913043,2026,7,28
Tamil Nadu,Ramanathapuram,Kamuthi(Uzhavar Sandhai ),Green Chilli,Green Chilly,Local,2026-07-28,6000.0,6500.0,6250.0,500.0,8.0,2026,7,28
Rajasthan,Jodhpur,Osiyan Mathania APMC,Mustard,Other,Local,2026-07-28,7200.0,7300.0,7250.0,100.0,1.3793103448275863,2026,7,28
Tamil Nadu,Ramanathapuram,Paramakudi(Uzhavar Sandhai ),Cluster beans,Cluster Beans,Local,2026-07-28,3500.0,4000.0,3750.0,500.0,13.333333333333334,2026,7,28
Tamil Nadu,Ramanathapuram,Paramakudi(Uzhavar Sandhai ),Amaranthus,Amaranthus,Local,2026-07-28,3800.0,4000.0,3900.0,200.0,5.128205128205128,2026,7,28
Tamil Nadu,Ramanathapuram,Paramakudi(Uzhavar Sandhai ),Coconut,Coconut,Local,2026-07-28,6000.0,6500.0,6250.0,500.0,8.0,2026,7,28
Tamil Nadu,Ramanathapuram,Paramakudi(Uzhavar Sandhai ),Carrot,Pusakesar,Local,2026-07-28,5500.0,6000.0,5750.0,500.0,8.695652173913043,2026,7,28
Tamil Nadu,Ramanathapuram,Paramakudi(Uzhavar Sandhai ),Beetroot,Beetroot,Local,2026-07-28,4000.0,4500.0,4250.0,500.0,11.76470588235294,2026,7,28
Tamil Nadu,Ramanathapuram,Paramakudi(Uzhavar Sandhai ),Ridgeguard(Tori),Ridgeguard(Tori),Local,2026-07-28,5500.0,6000.0,5750.0,500.0,8.695652173913043,2026,7,28
Tamil Nadu,Ramanathapuram,Paramakudi(Uzhavar Sandhai ),Elephant Yam(Suran)/Amorphophallus,Elephant Yam (Suran),Local,2026-07-28,6000.0,7000.0,6500.0,1000.0,15.384615384615385,2026,7,28
Tamil Nadu,Ramanathapuram,Paramakudi(Uzhavar Sandhai ),Onion Green,Onion Green,Local,2026-07-28,5500.0,6000.0,5750.0,500.0,8.695652173913043,2026,7,28
Tamil Nadu,Ramanathapuram,Ramanathapuram(Uzhavar Sandhai ),Soyabean,Local,Local,2026-07-28,9000.0,9500.0,9250.0,500.0,5.405405405405405,2026,7,28
Tamil Nadu,Ramanathapuram,Ramanathapuram(Uzhavar Sandhai ),Pumpkin,Pumpkin,Local,2026-07-28,2400.0,2600.0,2500.0,200.0,8.0,2026,7,28
Tamil Nadu,Ramanathapuram,Ramanathapuram(Uzhavar Sandhai ),Ridgeguard(Tori),Ridgeguard(Tori),Local,2026-07-28,6000.0,6500.0,6250.0,500.0,8.0,2026,7,28
Tamil Nadu,Ramanathapuram,Ramanathapuram(Uzhavar Sandhai ),Yam(Ratalu),Yam (Ratalu),Local,2026-07-28,6800.0,7000.0,6900.0,200.0,2.898550724637681,2026,7,28
Tamil Nadu,Pudukkottai,Alangudi(Uzhavar Sandhai ),Brinjal,Other,Local,2026-07-28,5500.0,6000.0,5750.0,500.0,8.695652173913043,2026,7,28
Tamil Nadu,Pudukkottai,Alangudi(Uzhavar Sandhai ),Pumpkin,Pumpkin,Local,2026-07-28,800.0,1000.0,900.0,200.0,22.22222222222222,2026,7,28
Tamil Nadu,Pudukkottai,Alangudi(Uzhavar Sandhai ),Coconut,Coconut,Local,2026-07-28,3500.0,4000.0,3750.0,500.0,13.333333333333334,2026,7,28
Tamil Nadu,Pudukkottai,Alangudi(Uzhavar Sandhai ),Ridgeguard(Tori),Ridgeguard(Tori),Local,2026-07-28,6000.0,7000.0,6500.0,1000.0,15.384615384615385,2026,7,28
Tamil Nadu,Pudukkottai,Alangudi(Uzhavar Sandhai ),Drumstick,Drumstick,Local,2026-07-28,5500.0,6000.0,5750.0,500.0,8.695652173913043,2026,7,28
Tamil Nadu,Pudukkottai,Alangudi(Uzhavar Sandhai ),Onion Green,Onion Green,Local,2026-07-28,6000.0,7000.0,6500.0,1000.0,15.384615384615385,2026,7,28
Tamil Nadu,Thiruvannamalai,Arani(Uzhavar Sandhai ),Tomato,Deshi,Local,2026-07-28,1500.0,2000.0,1750.0,500.0,28.57142857142857,2026,7,28
Tamil Nadu,Thiruvannamalai,Arani(Uzhavar Sandhai ),Coriander(Leaves),I Sort,Local,2026-07-28,4000.0,5000.0,4500.0,1000.0,22.22222222222222,2026,7,28
Tamil Nadu,Thiruvannamalai,Arani(Uzhavar Sandhai ),Bitter gourd,Bitter Gourd,Local,2026-07-28,4000.0,4800.0,4400.0,800.0,18.181818181818183,2026,7,28
Tamil Nadu,Thiruvannamalai,Arani(Uzhavar Sandhai ),Ashgourd,Gouard,Local,2026-07-28,2000.0,2500.0,2250.0,500.0,22.22222222222222,2026,7,28
Tamil Nadu,Thiruvannamalai,Arani(Uzhavar Sandhai ),Bhindi(Ladies Finger),Bhindi,Local,2026-07-28,3500.0,4000.0,3750.0,500.0,13.333333333333334,2026,7,28
Tamil Nadu,Thiruvannamalai,Arani(Uzhavar Sandhai ),Knool Khol,Knool Khol,Local,2026-07-28,5000.0,6000.0,5500.0,1000.0,18.181818181818183,2026,7,28
Tamil Nadu,Thiruvannamalai,Arani(Uzhavar Sandhai ),Tender Coconut,Tender Coconut,Local,2026-07-28,1500.0,2000.0,1750.0,500.0,28.57142857142857,2026,7,28
Tamil Nadu,Thiruvannamalai,Polur(Uzhavar Sandhai ),Onion,Bellary,Local,2026-07-28,3300.0,4000.0,3650.0,700.0,19.17808219178082,2026,7,28
Tamil Nadu,Thiruvannamalai,Polur(Uzhavar Sandhai ),Brinjal,Round,Local,2026-07-28,6000.0,7200.0,6600.0,1200.0,18.181818181818183,2026,7,28
Tamil Nadu,Thiruvannamalai,Polur(Uzhavar Sandhai ),Tomato,Local,Local,2026-07-28,1500.0,2000.0,1750.0,500.0,28.57142857142857,2026,7,28
Tamil Nadu,Thiruvannamalai,Polur(Uzhavar Sandhai ),Ashgourd,Gouard,Local,2026-07-28,1600.0,2000.0,1800.0,400.0,22.22222222222222,2026,7,28
Tamil Nadu,Thiruvannamalai,Polur(Uzhavar Sandhai ),Banana - Green,Banana - Green,Local,2026-07-28,1600.0,2000.0,1800.0,400.0,22.22222222222222,2026,7,28
Tamil Nadu,Thiruvannamalai,Polur(Uzhavar Sandhai ),Carrot,Pusakesar,Local,2026-07-28,6000.0,7200.0,6600.0,1200.0,18.181818181818183,2026,7,28
Tamil Nadu,Thiruvannamalai,Polur(Uzhavar Sandhai ),Cabbage,Cabbage,Local,2026-07-28,3300.0,4000.0,3650.0,700.0,19.17808219178082,2026,7,28
Tamil Nadu,Thiruvannamalai,Polur(Uzhavar Sandhai ),Beetroot,Beetroot,Local,2026-07-28,4000.0,4800.0,4400.0,800.0,18.181818181818183,2026,7,28
Tamil Nadu,Thiruvannamalai,Polur(Uzhavar Sandhai ),Amla(Nelli Kai),Amla,Local,2026-07-28,8000.0,10000.0,9000.0,2000.0,22.22222222222222,2026,7,28
Tamil Nadu,Thiruvannamalai,Polur(Uzhavar Sandhai ),Onion Green,Onion Green,Local,2026-07-28,5000.0,6000.0,5500.0,1000.0,18.181818181818183,2026,7,28
Tamil Nadu,Thiruvannamalai,Tiruvannamalai(Uzhavar Sandhai ),Water Melon,Water Melon,Local,2026-07-28,2000.0,2500.0,2250.0,500.0,22.22222222222222,2026,7,28
Tamil Nadu,Thiruvannamalai,Tiruvannamalai(Uzhavar Sandhai ),Orange,Darjeeling,Local,2026-07-28,14000.0,16000.0,15000.0,2000.0,13.333333333333334,2026,7,28
Tamil Nadu,Thiruvannamalai,Tiruvannamalai(Uzhavar Sandhai ),Onion,Bellary,Local,2026-07-28,3600.0,4000.0,3800.0,400.0,10.526315789473683,2026,7,28
Tamil Nadu,Thiruvannamalai,Tiruvannamalai(Uzhavar Sandhai ),Potato,Red Nanital,Local,2026-07-28,2500.0,3000.0,2750.0,500.0,18.181818181818183,2026,7,28
Tamil Nadu,Thiruvannamalai,Tiruvannamalai(Uzhavar Sandhai ),Tomato,Deshi,Local,2026-07-28,1600.0,2000.0,1800.0,400.0,22.22222222222222,2026,7,28
Tamil Nadu,Thiruvannamalai,Tiruvannamalai(Uzhavar Sandhai ),Ashgourd,Gouard,Local,2026-07-28,2500.0,3000.0,2750.0,500.0,18.181818181818183,2026,7,28
Tamil Nadu,Thiruvannamalai,Tiruvannamalai(Uzhavar Sandhai ),Amaranthus,Amaranthus,Local,2026-07-28,3500.0,4000.0,3750.0,500.0,13.333333333333334,2026,7,28
Tamil Nadu,Thiruvannamalai,Tiruvannamalai(Uzhavar Sandhai ),Ginger(Green),Green Ginger,Local,2026-07-28,20000.0,22000.0,21000.0,2000.0,9.523809523809524,2026,7,28
Tamil Nadu,Thiruvannamalai,Tiruvannamalai(Uzhavar Sandhai ),Coconut,Coconut,Local,2026-07-28,4000.0,5000.0,4500.0,1000.0,22.22222222222222,2026,7,28
Tamil Nadu,Thiruvannamalai,Tiruvannamalai(Uzhavar Sandhai ),Snakeguard,Snakeguard,Local,2026-07-28,3600.0,4000.0,3800.0,400.0,10.526315789473683,2026,7,28
Tamil Nadu,Thiruvannamalai,Tiruvannamalai(Uzhavar Sandhai ),Thondekai,Thondekai,Local,2026-07-28,3600.0,4000.0,3800.0,400.0,10.526315789473683,2026,7,28
Tamil Nadu,Thiruvannamalai,Tiruvannamalai(Uzhavar Sandhai ),Capsicum,Capsicum,Local,2026-07-28,7000.0,8000.0,7500.0,1000.0,13.333333333333334,2026,7,28
Tamil Nadu,Thiruvannamalai,Tiruvannamalai(Uzhavar Sandhai ),Tamarind Fruit,Tamarind Fruit,Local,2026-07-28,12000.0,14000.0,13000.0,2000.0,15.384615384615385,2026,7,28
Tamil Nadu,Thiruvannamalai,Tiruvannamalai(Uzhavar Sandhai ),Lemon,Lemon,Local,2026-07-28,8000.0,10000.0,9000.0,2000.0,22.22222222222222,2026,7,28
Tamil Nadu,Thiruvannamalai,Tiruvannamalai(Uzhavar Sandhai ),Rose(Local),Rose (Local),Local,2026-07-28,18000.0,20000.0,19000.0,2000.0,10.526315789473683,2026,7,28
Tamil Nadu,Tuticorin,Kovilpatti(Uzhavar Sandhai ),Cauliflower,Ranchi,Local,2026-07-28,4000.0,4500.0,4250.0,500.0,11.76470588235294,2026,7,28
Tamil Nadu,Tuticorin,Kovilpatti(Uzhavar Sandhai ),Coriander(Leaves),I Sort,Local,2026-07-28,6000.0,6500.0,6250.0,500.0,8.0,2026,7,28
Tamil Nadu,Tuticorin,Kovilpatti(Uzhavar Sandhai ),Tomato,Local,Local,2026-07-28,2000.0,2500.0,2250.0,500.0,22.22222222222222,2026,7,28
Tamil Nadu,Tuticorin,Kovilpatti(Uzhavar Sandhai ),Ginger(Green),Green Ginger,Local,2026-07-28,20000.0,22000.0,21000.0,2000.0,9.523809523809524,2026,7,28
Tamil Nadu,Tuticorin,Kovilpatti(Uzhavar Sandhai ),Beetroot,Beetroot,Local,2026-07-28,5000.0,5500.0,5250.0,500.0,9.523809523809524,2026,7,28
Tamil Nadu,Vellore,Gudiyatham(Uzhavar Sandhai ),Onion,Bellary,Local,2026-07-28,3500.0,3500.0,3500.0,0.0,0.0,2026,7,28
Tamil Nadu,Vellore,Gudiyatham(Uzhavar Sandhai ),Potato,Red Nanital,Local,2026-07-28,3000.0,3000.0,3000.0,0.0,0.0,2026,7,28
Tamil Nadu,Vellore,Gudiyatham(Uzhavar Sandhai ),Bitter gourd,Bitter Gourd,Local,2026-07-28,5000.0,5000.0,5000.0,0.0,0.0,2026,7,28
Tamil Nadu,Vellore,Gudiyatham(Uzhavar Sandhai ),Green Chilli,Green Chilly,Local,2026-07-28,6600.0,6600.0,6600.0,0.0,0.0,2026,7,28
Tamil Nadu,Vellore,Gudiyatham(Uzhavar Sandhai ),Beans,Beans (Whole),Local,2026-07-28,6600.0,6600.0,6600.0,0.0,0.0,2026,7,28
Tamil Nadu,Vellore,Gudiyatham(Uzhavar Sandhai ),Coconut,Coconut,Local,2026-07-28,3500.0,3500.0,3500.0,0.0,0.0,2026,7,28
Tamil Nadu,Vellore,Gudiyatham(Uzhavar Sandhai ),Carrot,Pusakesar,Local,2026-07-28,7000.0,7600.0,7300.0,600.0,8.21917808219178,2026,7,28
Tamil Nadu,Vellore,Gudiyatham(Uzhavar Sandhai ),Raddish,Raddish,Local,2026-07-28,3000.0,3000.0,3000.0,0.0,0.0,2026,7,28
Tamil Nadu,Vellore,Gudiyatham(Uzhavar Sandhai ),Thondekai,Thondekai,Local,2026-07-28,4000.0,4000.0,4000.0,0.0,0.0,2026,7,28
Tamil Nadu,Vellore,Gudiyatham(Uzhavar Sandhai ),Tender Coconut,Tender Coconut,Local,2026-07-28,2500.0,2500.0,2500.0,0.0,0.0,2026,7,28
Tamil Nadu,Vellore,Gudiyatham(Uzhavar Sandhai ),Mint(Pudina),Mint(Pudina),Local,2026-07-28,4000.0,4000.0,4000.0,0.0,0.0,2026,7,28
Tamil Nadu,Vellore,Kahithapattarai(Uzhavar Sandhai ),Papaya,Papaya,Local,2026-07-28,3500.0,3500.0,3500.0,0.0,0.0,2026,7,28
Tamil Nadu,Vellore,Kahithapattarai(Uzhavar Sandhai ),Tomato,Deshi,Local,2026-07-28,1800.0,1800.0,1800.0,0.0,0.0,2026,7,28
Tamil Nadu,Vellore,Kahithapattarai(Uzhavar Sandhai ),Bhindi(Ladies Finger),Bhindi,Local,2026-07-28,3500.0,3500.0,3500.0,0.0,0.0,2026,7,28
Tamil Nadu,Vellore,Kahithapattarai(Uzhavar Sandhai ),Green Chilli,Green Chilly,Local,2026-07-28,4000.0,4600.0,4300.0,600.0,13.953488372093023,2026,7,28
Tamil Nadu,Vellore,Kahithapattarai(Uzhavar Sandhai ),Sweet Potato,Hosur Red,Local,2026-07-28,3000.0,3000.0,3000.0,0.0,0.0,2026,7,28
Tamil Nadu,Vellore,Kahithapattarai(Uzhavar Sandhai ),Cucumbar(Kheera),Cucumbar,Local,2026-07-28,5500.0,5500.0,5500.0,0.0,0.0,2026,7,28
Tamil Nadu,Vellore,Kahithapattarai(Uzhavar Sandhai ),Drumstick,Drumstick,Local,2026-07-28,3500.0,3500.0,3500.0,0.0,0.0,2026,7,28
Tamil Nadu,Vellore,Kahithapattarai(Uzhavar Sandhai ),Marigold(Calcutta),Marigold(Calcutta),Local,2026-07-28,35000.0,35000.0,35000.0,0.0,0.0,2026,7,28
Tamil Nadu,Vellore,Kahithapattarai(Uzhavar Sandhai ),Lemon,Lemon,Local,2026-07-28,3000.0,3000.0,3000.0,0.0,0.0,2026,7,28
Tamil Nadu,Vellore,Kahithapattarai(Uzhavar Sandhai ),Colacasia,Colacasia,Local,2026-07-28,4000.0,4000.0,4000.0,0.0,0.0,2026,7,28
Punjab,Hoshiarpur,Mukerian APMC,Pomegranate,Pomogranate,Grade B,2026-07-28,13000.0,15000.0,14000.0,2000.0,14.285714285714285,2026,7,28
Rajasthan,Churu,Churu APMC,Onion,1st Sort,FAQ,2026-07-28,2000.0,2400.0,2200.0,400.0,18.181818181818183,2026,7,28
Punjab,Ludhiana,Ludhiana APMC,Pomegranate,Other,Medium,2026-07-28,3000.0,7000.0,5000.0,4000.0,80.0,2026,7,28
Punjab,Ludhiana,Ludhiana APMC,Apple,Other,Medium,2026-07-28,3000.0,10000.0,6000.0,7000.0,116.66666666666667,2026,7,28
Punjab,Ludhiana,Ludhiana APMC,Jamun(Narale Hannu),Other,Medium,2026-07-28,3000.0,9000.0,5000.0,6000.0,120.0,2026,7,28
Punjab,Ludhiana,Ludhiana APMC,Tomato,Other,FAQ,2026-07-28,500.0,2000.0,1500.0,1500.0,100.0,2026,7,28
Punjab,Ludhiana,Ludhiana APMC,Cabbage,Other,FAQ,2026-07-28,500.0,1700.0,700.0,1200.0,171.42857142857142,2026,7,28
Punjab,Ludhiana,Ludhiana APMC,Carrot,Other,FAQ,2026-07-28,800.0,1500.0,1200.0,700.0,58.333333333333336,2026,7,28
Punjab,Ludhiana,Ludhiana APMC,Cauliflower,Other,FAQ,2026-07-28,1000.0,2500.0,1700.0,1500.0,88.23529411764706,2026,7,28
Punjab,Ludhiana,Ludhiana APMC,Cucumbar(Kheera),Other,FAQ,2026-07-28,500.0,1800.0,1200.0,1300.0,108.33333333333333,2026,7,28
Punjab,Ludhiana,Ludhiana APMC,Garlic,Other,FAQ,2026-07-28,4000.0,8000.0,6500.0,4000.0,61.53846153846154,2026,7,28
Odisha,Dhenkanal,Hindol APMC,Onion,Other,Grade B,2026-07-28,2700.0,3000.0,2800.0,300.0,10.714285714285714,2026,7,28
Andhra Pradesh,Srikakulam,Amadalavalasa APMC,Paddy(Common),Paddy,FAQ,2026-07-28,2369.0,2369.0,2369.0,0.0,0.0,2026,7,28
Andaman and Nicobar,North and Middle Andaman,Diglipur Vegetable Market (Subhashgram),Ginger(Green),Other,FAQ,2026-07-28,20000.0,30000.0,25000.0,10000.0,40.0,2026,7,28
Andaman and Nicobar,North and Middle Andaman,Diglipur Vegetable Market (Subhashgram),Banana - Green,Other,FAQ,2026-07-28,2000.0,4000.0,3000.0,2000.0,66.66666666666666,2026,7,28
Andaman and Nicobar,North and Middle Andaman,Diglipur Vegetable Market (Subhashgram),Papaya(Raw),Other,FAQ,2026-07-28,3000.0,6000.0,4500.0,3000.0,66.66666666666666,2026,7,28
Andaman and Nicobar,North and Middle Andaman,Diglipur Vegetable Market (Subhashgram),Lemon,Other,FAQ,2026-07-28,3.0,7.0,5.0,4.0,80.0,2026,7,28
Andaman and Nicobar,North and Middle Andaman,Diglipur Vegetable Market (Subhashgram),Turmeric,Other,FAQ,2026-07-28,20000.0,30000.0,25000.0,10000.0,40.0,2026,7,28
Andaman and Nicobar,North and Middle Andaman,Diglipur Vegetable Market (Subhashgram),Coconut,Coconut,FAQ,2026-07-28,20.0,40.0,30.0,20.0,66.66666666666666,2026,7,28
Keralam,Kottayam,Pampady Market,Banana - Green,Banana - Green,FAQ,2026-07-28,6000.0,7000.0,6500.0,1000.0,15.384615384615385,2026,7,28
Keralam,Kottayam,Pampady Market,Colacasia,Other,FAQ,2026-07-28,4000.0,5000.0,4500.0,1000.0,22.22222222222222,2026,7,28
Keralam,Kottayam,Pampady Market,Tapioca,Tapioca,Grade A,2026-07-28,2500.0,3500.0,3000.0,1000.0,33.33333333333333,2026,7,28
Andhra Pradesh,Dr.B.R.A.Konaseema,Alamuru APMC,Paddy(Common),Paddy,FAQ,2026-07-28,2369.0,2389.0,2369.0,20.0,0.8442380751371887,2026,7,28
Andhra Pradesh,Alluri Sitharama Raju,Chintapally APMC,Groundnut,Local,FAQ,2026-07-28,6500.0,7500.0,7000.0,1000.0,14.285714285714285,2026,7,28
Tamil Nadu,Thiruvannamalai,Cheyyar(Uzhavar Sandhai ),Potato,Other,Local,2026-07-28,3500.0,4200.0,3850.0,700.0,18.181818181818183,2026,7,28
Tamil Nadu,Thiruvannamalai,Cheyyar(Uzhavar Sandhai ),Beans,Beans (Whole),Local,2026-07-28,7000.0,8400.0,7700.0,1400.0,18.181818181818183,2026,7,28
Tamil Nadu,Thiruvannamalai,Cheyyar(Uzhavar Sandhai ),Cabbage,Cabbage,Local,2026-07-28,3700.0,4500.0,4100.0,800.0,19.51219512195122,2026,7,28
Tamil Nadu,Thiruvannamalai,Cheyyar(Uzhavar Sandhai ),Snakeguard,Snakeguard,Local,2026-07-28,3000.0,3600.0,3300.0,600.0,18.181818181818183,2026,7,28
Tamil Nadu,Thiruvannamalai,Cheyyar(Uzhavar Sandhai ),Raddish,Raddish,Local,2026-07-28,2500.0,3000.0,2750.0,500.0,18.181818181818183,2026,7,28
Tamil Nadu,Thiruvannamalai,Cheyyar(Uzhavar Sandhai ),Thondekai,Thondekai,Local,2026-07-28,3200.0,4000.0,3600.0,800.0,22.22222222222222,2026,7,28
Tamil Nadu,Thiruvannamalai,Cheyyar(Uzhavar Sandhai ),Yam(Ratalu),Yam (Ratalu),Local,2026-07-28,4800.0,6000.0,5400.0,1200.0,22.22222222222222,2026,7,28
Tamil Nadu,Thiruvannamalai,Cheyyar(Uzhavar Sandhai ),Onion Green,Onion Green,Local,2026-07-28,4800.0,6000.0,5400.0,1200.0,22.22222222222222,2026,7,28
Tamil Nadu,Thiruvannamalai,Cheyyar(Uzhavar Sandhai ),Mint(Pudina),Mint(Pudina),Local,2026-07-28,3200.0,4000.0,3600.0,800.0,22.22222222222222,2026,7,28
Andhra Pradesh,Kakinada,Kakinada (Urban) APMC,Paddy(Common),B P T,FAQ,2026-07-28,2389.0,2600.0,2550.0,211.0,8.27450980392157,2026,7,28
Andhra Pradesh,Sri Sathya Sai,Madakasira APMC,Ragi(Finger Millet),Local,FAQ,2026-07-28,4900.0,4900.0,4900.0,0.0,0.0,2026,7,28
Andhra Pradesh,Dr.B.R.A.Konaseema,Mummidivaram APMC,Coconut,Medium,FAQ,2026-07-28,15400.0,15500.0,15400.0,100.0,0.6493506493506493,2026,7,28
Andhra Pradesh,Srikakulam,Pathapatnam APMC,Paddy(Common),Paddy,FAQ,2026-07-28,2369.0,2500.0,2369.0,131.0,5.529759392148586,2026,7,28
Odisha,Sundergarh,Panposh APMC,Bhindi(Ladies Finger),Other,FAQ,2026-07-28,3000.0,3500.0,3200.0,500.0,15.625,2026,7,28
Odisha,Sundergarh,Panposh APMC,Bottle gourd,Bottle Gourd,FAQ,2026-07-28,1500.0,2400.0,2000.0,900.0,45.0,2026,7,28
Odisha,Sundergarh,Panposh APMC,Pumpkin,Other,FAQ,2026-07-28,1000.0,1400.0,1200.0,400.0,33.33333333333333,2026,7,28
Tamil Nadu,Ariyalur,Ariyalur(Uzhavar Sandhai),Onion,Bellary,Local,2026-07-28,3500.0,4000.0,3750.0,500.0,13.333333333333334,2026,7,28
Tamil Nadu,Ariyalur,Ariyalur(Uzhavar Sandhai),Coriander(Leaves),I Sort,Local,2026-07-28,5000.0,6000.0,5500.0,1000.0,18.181818181818183,2026,7,28
Andhra Pradesh,Chittor,S.R.Puram APMC,Gur(Jaggery),NO 3,Local,2026-07-28,2090.0,2400.0,2200.0,310.0,14.09090909090909,2026,7,28
Haryana,Mahendragarh-Narnaul,Narnaul APMC,Spinach,Spinach,Medium,2026-07-28,1500.0,2500.0,2000.0,1000.0,50.0,2026,7,28
Haryana,Mahendragarh-Narnaul,Narnaul APMC,Brinjal,Brinjal,Medium,2026-07-28,1500.0,3000.0,2000.0,1500.0,75.0,2026,7,28
Haryana,Mahendragarh-Narnaul,Narnaul APMC,Cucumbar(Kheera),Cucumbar,Medium,2026-07-28,1500.0,3500.0,2500.0,2000.0,80.0,2026,7,28
Haryana,Mahendragarh-Narnaul,Narnaul APMC,Ginger(Green),Green Ginger,Medium,2026-07-28,13500.0,15000.0,15000.0,1500.0,10.0,2026,7,28
Andhra Pradesh,Tirupathi,Thiruchanur APMC,Banana,Banana - Ripe,Grade A,2026-07-28,1000.0,2000.0,1600.0,1000.0,62.5,2026,7,28
Uttarakhand,Haridwar,Haridwar Union APMC,Cucumbar(Kheera),Cucumbar,FAQ,2026-07-28,1200.0,2000.0,1500.0,800.0,53.333333333333336,2026,7,28
Uttarakhand,Haridwar,Haridwar Union APMC,Bitter gourd,Bitter Gourd,FAQ,2026-07-28,800.0,1200.0,1000.0,400.0,40.0,2026,7,28
Uttarakhand,Haridwar,Haridwar Union APMC,Ridgeguard(Tori),Other,FAQ,2026-07-28,1500.0,2200.0,1800.0,700.0,38.88888888888889,2026,7,28
Uttar Pradesh,Amroha,Hasanpur APMC,Lemon,Lemon,FAQ,2026-07-28,4000.0,4020.0,4010.0,20.0,0.4987531172069825,2026,7,28
Punjab,Ludhiana,Doraha APMC,Apple,Apple,Local,2026-07-28,8000.0,8000.0,8000.0,0.0,0.0,2026,7,28
Punjab,Ludhiana,Doraha APMC,Tomato,Deshi,Local,2026-07-28,2200.0,3000.0,2800.0,800.0,28.57142857142857,2026,7,28
Punjab,Ludhiana,Doraha APMC,Onion,Medium,Local,2026-07-28,2700.0,3000.0,2950.0,300.0,10.16949152542373,2026,7,28
Punjab,Ludhiana,Doraha APMC,Peas Wet,Other,Local,2026-07-28,7000.0,8000.0,7500.0,1000.0,13.333333333333334,2026,7,28
Punjab,Ludhiana,Doraha APMC,Green Chilli,Other,Local,2026-07-28,2500.0,3000.0,2800.0,500.0,17.857142857142858,2026,7,28
Punjab,Ludhiana,Doraha APMC,French Beans(Frasbean),French Beans (Frasbean),Local,2026-07-28,3500.0,5000.0,4500.0,1500.0,33.33333333333333,2026,7,28
Odisha,Sambalpur,Rairakhol APMC,Onion,Onion,Grade C,2026-07-28,2500.0,3500.0,3000.0,1000.0,33.33333333333333,2026,7,28
Keralam,Idukki,Munnar Market,Garlic,Other,Local,2026-07-28,15000.0,15000.0,15000.0,0.0,0.0,2026,7,28
Keralam,Idukki,Munnar Market,Ginger(Green),Other,Medium,2026-07-28,12000.0,12000.0,12000.0,0.0,0.0,2026,7,28
Keralam,Idukki,Munnar Market,Leafy Vegetable,Leafy Vegetables,Medium,2026-07-28,4500.0,4500.0,4500.0,0.0,0.0,2026,7,28
Keralam,Idukki,Munnar Market,Lemon,Other,Medium,2026-07-28,6000.0,6000.0,6000.0,0.0,0.0,2026,7,28
Keralam,Idukki,Munnar Market,Long Melon(Kakri),Other,Medium,2026-07-28,4500.0,4500.0,4500.0,0.0,0.0,2026,7,28
Keralam,Idukki,Munnar Market,Mango(Raw-Ripe),Mango - Raw-Ripe,Medium,2026-07-28,6500.0,6500.0,6500.0,0.0,0.0,2026,7,28
Keralam,Alappuzha,Chengannur Market,Bhindi(Ladies Finger),Other,FAQ,2026-07-28,3800.0,4100.0,4000.0,300.0,7.5,2026,7,28
Keralam,Alappuzha,Chengannur Market,Capsicum,Other,FAQ,2026-07-28,6000.0,6500.0,6200.0,500.0,8.064516129032258,2026,7,28
Keralam,Alappuzha,Chengannur Market,Carrot,Other,FAQ,2026-07-28,6900.0,7200.0,7000.0,300.0,4.285714285714286,2026,7,28
Andhra Pradesh,West Godavari,Undi APMC,Paddy(Common),MTU-1001,Local,2026-07-28,2369.0,2369.0,2369.0,0.0,0.0,2026,7,28
Andhra Pradesh,YSR Kadapa,Kamalapuram APMC,Groundnut,Other,Local,2026-07-28,7500.0,7500.0,7500.0,0.0,0.0,2026,7,28
Uttar Pradesh,Khiri (Lakhimpur),Maigalganj APMC,Raddish,Raddish,FAQ,2026-07-28,1360.0,1400.0,1380.0,40.0,2.898550724637681,2026,7,28
Uttar Pradesh,Khiri (Lakhimpur),Maigalganj APMC,Cabbage,Cabbage,FAQ,2026-07-28,1050.0,1090.0,1070.0,40.0,3.7383177570093453,2026,7,28
Himachal Pradesh,Kangra,SMY Baijnath,Banana,Banana - Ripe,Grade B,2026-07-28,4000.0,4200.0,4200.0,200.0,4.761904761904762,2026,7,28
Himachal Pradesh,Kangra,SMY Baijnath,Papaya,Papaya,Grade B,2026-07-28,4000.0,4200.0,4200.0,200.0,4.761904761904762,2026,7,28
Himachal Pradesh,Kangra,SMY Baijnath,Onion,Onion,Grade A,2026-07-28,3200.0,3400.0,3200.0,200.0,6.25,2026,7,28
Himachal Pradesh,Kangra,SMY Baijnath,Cabbage,Cabbage,Grade B,2026-07-28,2500.0,3500.0,2800.0,1000.0,35.714285714285715,2026,7,28
Himachal Pradesh,Kangra,SMY Jaisinghpur,Jack Fruit(Ripe),Jack Fruit,Medium,2026-07-28,4500.0,5500.0,5000.0,1000.0,20.0,2026,7,28
Himachal Pradesh,Kangra,SMY Jaisinghpur,Bitter gourd,Bitter Gourd,FAQ,2026-07-28,3800.0,4500.0,4200.0,700.0,16.666666666666664,2026,7,28
Himachal Pradesh,Kangra,SMY Jaisinghpur,Pear(Marasebu),Pears,Medium,2026-07-28,8000.0,15000.0,11000.0,7000.0,63.63636363636363,2026,7,28
Himachal Pradesh,Kangra,SMY Jaisinghpur,Cabbage,Cabbage,FAQ,2026-07-28,3200.0,3800.0,3500.0,600.0,17.142857142857142,2026,7,28
Himachal Pradesh,Kangra,SMY Jaisinghpur,Pumpkin,Pumpkin,FAQ,2026-07-28,2200.0,2300.0,2250.0,100.0,4.444444444444445,2026,7,28
Keralam,Kozhikode(Calicut),Quilandy Market,Brinjal,Other,FAQ,2026-07-28,3500.0,4000.0,3800.0,500.0,13.157894736842104,2026,7,28
Keralam,Kozhikode(Calicut),Quilandy Market,French Beans(Frasbean),Other,FAQ,2026-07-28,5800.0,6000.0,6000.0,200.0,3.3333333333333335,2026,7,28
Keralam,Kozhikode(Calicut),Quilandy Market,Tomato,Other,FAQ,2026-07-28,1700.0,1800.0,1800.0,100.0,5.555555555555555,2026,7,28
Tamil Nadu,Coimbatore,Mettupalayam(Uzhavar Sandhai ),Groundnut,Big (With Shell),Local,2026-07-28,7000.0,8000.0,7500.0,1000.0,13.333333333333334,2026,7,28
Tamil Nadu,Coimbatore,Mettupalayam(Uzhavar Sandhai ),Banana,Besrai,Local,2026-07-28,4000.0,8000.0,6000.0,4000.0,66.66666666666666,2026,7,28
Tamil Nadu,Coimbatore,Mettupalayam(Uzhavar Sandhai ),Pineapple,Pine Apple,Local,2026-07-28,3500.0,4000.0,3750.0,500.0,13.333333333333334,2026,7,28
Tamil Nadu,Coimbatore,Mettupalayam(Uzhavar Sandhai ),Bottle gourd,Bottle Gourd,Local,2026-07-28,2000.0,2400.0,2200.0,400.0,18.181818181818183,2026,7,28
Tamil Nadu,Coimbatore,Mettupalayam(Uzhavar Sandhai ),Bhindi(Ladies Finger),Bhindi,Local,2026-07-28,3000.0,3500.0,3250.0,500.0,15.384615384615385,2026,7,28
Tamil Nadu,Coimbatore,Mettupalayam(Uzhavar Sandhai ),Green Chilli,Green Chilly,Local,2026-07-28,4000.0,4400.0,4200.0,400.0,9.523809523809524,2026,7,28
Tamil Nadu,Coimbatore,Mettupalayam(Uzhavar Sandhai ),Beans,Beans (Whole),Local,2026-07-28,8000.0,10000.0,9000.0,2000.0,22.22222222222222,2026,7,28
Tamil Nadu,Coimbatore,Mettupalayam(Uzhavar Sandhai ),Ginger(Green),Green Ginger,Local,2026-07-28,11000.0,18500.0,14750.0,7500.0,50.847457627118644,2026,7,28
Tamil Nadu,Coimbatore,Mettupalayam(Uzhavar Sandhai ),Carrot,Pusakesar,Local,2026-07-28,6000.0,8500.0,7250.0,2500.0,34.48275862068966,2026,7,28
Tamil Nadu,Coimbatore,Mettupalayam(Uzhavar Sandhai ),Cabbage,Cabbage,Local,2026-07-28,3000.0,3500.0,3250.0,500.0,15.384615384615385,2026,7,28
Tamil Nadu,Coimbatore,Mettupalayam(Uzhavar Sandhai ),Snakeguard,Snakeguard,Local,2026-07-28,2500.0,3000.0,2750.0,500.0,18.181818181818183,2026,7,28
Tamil Nadu,Coimbatore,Mettupalayam(Uzhavar Sandhai ),Ridgeguard(Tori),Ridgeguard(Tori),Local,2026-07-28,4000.0,4800.0,4400.0,800.0,18.181818181818183,2026,7,28
Tamil Nadu,Coimbatore,Mettupalayam(Uzhavar Sandhai ),Capsicum,Capsicum,Local,2026-07-28,8000.0,9000.0,8500.0,1000.0,11.76470588235294,2026,7,28
Tamil Nadu,Coimbatore,Mettupalayam(Uzhavar Sandhai ),Green Avare(W),Green Avare (W),Local,2026-07-28,6500.0,7000.0,6750.0,500.0,7.4074074074074066,2026,7,28
Tamil Nadu,Coimbatore,Mettupalayam(Uzhavar Sandhai ),Guava,Guava Allahabad,Local,2026-07-28,6000.0,7000.0,6500.0,1000.0,15.384615384615385,2026,7,28
Tamil Nadu,Coimbatore,Mettupalayam(Uzhavar Sandhai ),Onion Green,Onion Green,Local,2026-07-28,5000.0,5800.0,5400.0,800.0,14.814814814814813,2026,7,28
Tamil Nadu,Erode,Sathiyamagalam(Uzhavar Sandhai ),Papaya,Papaya,Local,2026-07-28,2000.0,2300.0,2150.0,300.0,13.953488372093023,2026,7,28
Tamil Nadu,Erode,Sathiyamagalam(Uzhavar Sandhai ),Banana,Red Banana,Local,2026-07-28,5400.0,5800.0,5600.0,400.0,7.142857142857142,2026,7,28
Tamil Nadu,Erode,Sathiyamagalam(Uzhavar Sandhai ),Brinjal,Other,Local,2026-07-28,4000.0,4400.0,4200.0,400.0,9.523809523809524,2026,7,28
Tamil Nadu,Erode,Sathiyamagalam(Uzhavar Sandhai ),Chikoos(Sapota),Sapota,Local,2026-07-28,3500.0,4000.0,3750.0,500.0,13.333333333333334,2026,7,28
Tamil Nadu,Erode,Sathiyamagalam(Uzhavar Sandhai ),Bitter gourd,Other,Local,2026-07-28,6000.0,6400.0,6200.0,400.0,6.451612903225806,2026,7,28
Tamil Nadu,Erode,Sathiyamagalam(Uzhavar Sandhai ),Pumpkin,Pumpkin,Local,2026-07-28,2000.0,2500.0,2250.0,500.0,22.22222222222222,2026,7,28
Tamil Nadu,Erode,Sathiyamagalam(Uzhavar Sandhai ),Banana - Green,Banana - Green,Local,2026-07-28,3000.0,3500.0,3250.0,500.0,15.384615384615385,2026,7,28
Tamil Nadu,Erode,Sathiyamagalam(Uzhavar Sandhai ),Carrot,Pusakesar,Local,2026-07-28,8500.0,9000.0,8750.0,500.0,5.714285714285714,2026,7,28
Tamil Nadu,Erode,Sathiyamagalam(Uzhavar Sandhai ),Cabbage,Cabbage,Local,2026-07-28,3500.0,4000.0,3750.0,500.0,13.333333333333334,2026,7,28
Tamil Nadu,Erode,Sathiyamagalam(Uzhavar Sandhai ),Raddish,Raddish,Local,2026-07-28,2500.0,3000.0,2750.0,500.0,18.181818181818183,2026,7,28
Tamil Nadu,Erode,Sathiyamagalam(Uzhavar Sandhai ),Guava,Guava Allahabad,Local,2026-07-28,5000.0,5500.0,5250.0,500.0,9.523809523809524,2026,7,28
Tamil Nadu,Namakkal,Tiruchengode APMC,Banana,Red Banana,Local,2026-07-28,6200.0,7000.0,6600.0,800.0,12.121212121212121,2026,7,28
Tamil Nadu,Namakkal,Tiruchengode APMC,Chikoos(Sapota),Sapota,Local,2026-07-28,4000.0,4500.0,4250.0,500.0,11.76470588235294,2026,7,28
Tamil Nadu,Namakkal,Tiruchengode APMC,Bitter gourd,Other,Local,2026-07-28,6200.0,7000.0,6600.0,800.0,12.121212121212121,2026,7,28
Tamil Nadu,Namakkal,Tiruchengode APMC,Bottle gourd,Bottle Gourd,Local,2026-07-28,1200.0,1500.0,1350.0,300.0,22.22222222222222,2026,7,28
Tamil Nadu,Namakkal,Tiruchengode APMC,Ashgourd,Gouard,Local,2026-07-28,2600.0,3000.0,2800.0,400.0,14.285714285714285,2026,7,28
Tamil Nadu,Namakkal,Tiruchengode APMC,Coconut,Coconut,Local,2026-07-28,5400.0,6000.0,5700.0,600.0,10.526315789473683,2026,7,28
Tamil Nadu,Namakkal,Tiruchengode APMC,Jamun(Narale Hannu),Jamun,Local,2026-07-28,14000.0,16000.0,15000.0,2000.0,13.333333333333334,2026,7,28
Tamil Nadu,Namakkal,Tiruchengode APMC,Guava,Guava Allahabad,Local,2026-07-28,6200.0,7000.0,6600.0,800.0,12.121212121212121,2026,7,28
Tamil Nadu,Ariyalur,Jeyankondam (Uzhavar Sandhai ),Coriander(Leaves),I Sort,Local,2026-07-28,6000.0,6000.0,6000.0,0.0,0.0,2026,7,28
Tamil Nadu,Coimbatore,RSPuram(Uzhavar Sandhai ),Groundnut,Big (With Shell),Local,2026-07-28,6500.0,7000.0,6750.0,500.0,7.4074074074074066,2026,7,28
Tamil Nadu,Coimbatore,RSPuram(Uzhavar Sandhai ),Orange,Darjeeling,Local,2026-07-28,8000.0,14000.0,11000.0,6000.0,54.54545454545454,2026,7,28
Tamil Nadu,Coimbatore,RSPuram(Uzhavar Sandhai ),Potato,Other,Local,2026-07-28,6200.0,6800.0,6500.0,600.0,9.230769230769232,2026,7,28
Tamil Nadu,Coimbatore,RSPuram(Uzhavar Sandhai ),Cauliflower,Ranchi,Local,2026-07-28,4000.0,4400.0,4200.0,400.0,9.523809523809524,2026,7,28
Tamil Nadu,Coimbatore,RSPuram(Uzhavar Sandhai ),Bitter gourd,Other,Local,2026-07-28,5500.0,6000.0,5750.0,500.0,8.695652173913043,2026,7,28
Tamil Nadu,Coimbatore,RSPuram(Uzhavar Sandhai ),Ashgourd,Gouard,Local,2026-07-28,1600.0,1800.0,1700.0,200.0,11.76470588235294,2026,7,28
Tamil Nadu,Coimbatore,RSPuram(Uzhavar Sandhai ),Green Chilli,Green Chilly,Local,2026-07-28,4200.0,4800.0,4500.0,600.0,13.333333333333334,2026,7,28
Tamil Nadu,Coimbatore,RSPuram(Uzhavar Sandhai ),Chow Chow,Chow Chow,Local,2026-07-28,2800.0,3200.0,3000.0,400.0,13.333333333333334,2026,7,28
Tamil Nadu,Coimbatore,RSPuram(Uzhavar Sandhai ),Indian Beans(Seam),Indian Beans (Seam),Local,2026-07-28,5000.0,5600.0,5300.0,600.0,11.320754716981133,2026,7,28
Tamil Nadu,Coimbatore,RSPuram(Uzhavar Sandhai ),Pear(Marasebu),Pears,Local,2026-07-28,14000.0,15000.0,14500.0,1000.0,6.896551724137931,2026,7,28
Tamil Nadu,Coimbatore,RSPuram(Uzhavar Sandhai ),Mashrooms,Mashrooms,Local,2026-07-28,21500.0,25000.0,23250.0,3500.0,15.053763440860216,2026,7,28
Tamil Nadu,Coimbatore,Singanallur(Uzhavar Sandhai ),Banana,Red Banana,Local,2026-07-28,7000.0,7800.0,7400.0,800.0,10.81081081081081,2026,7,28
Tamil Nadu,Coimbatore,Singanallur(Uzhavar Sandhai ),Mango,Safeda,Local,2026-07-28,7500.0,8000.0,7750.0,500.0,6.451612903225806,2026,7,28
Tamil Nadu,Coimbatore,Singanallur(Uzhavar Sandhai ),Grapes,Annabesahai,Local,2026-07-28,8500.0,9000.0,8750.0,500.0,5.714285714285714,2026,7,28
Tamil Nadu,Coimbatore,Singanallur(Uzhavar Sandhai ),Garlic,Garlic,Local,2026-07-28,20000.0,22000.0,21000.0,2000.0,9.523809523809524,2026,7,28
Tamil Nadu,Coimbatore,Singanallur(Uzhavar Sandhai ),Bottle gourd,Bottle Gourd,Local,2026-07-28,2800.0,3200.0,3000.0,400.0,13.333333333333334,2026,7,28
Tamil Nadu,Coimbatore,Singanallur(Uzhavar Sandhai ),Amaranthus,Amaranthus,Local,2026-07-28,4500.0,5000.0,4750.0,500.0,10.526315789473683,2026,7,28
Tamil Nadu,Coimbatore,Singanallur(Uzhavar Sandhai ),Tapioca,Tapioca,Local,2026-07-28,3000.0,3500.0,3250.0,500.0,15.384615384615385,2026,7,28
Tamil Nadu,Coimbatore,Singanallur(Uzhavar Sandhai ),Ginger(Green),Green Ginger,Local,2026-07-28,15000.0,18000.0,16500.0,3000.0,18.181818181818183,2026,7,28
Tamil Nadu,Coimbatore,Singanallur(Uzhavar Sandhai ),Mango(Raw-Ripe),Mango - Raw-Ripe,Local,2026-07-28,2500.0,3000.0,2750.0,500.0,18.181818181818183,2026,7,28
Tamil Nadu,Coimbatore,Singanallur(Uzhavar Sandhai ),Lime,Lime,Local,2026-07-28,15000.0,17000.0,16000.0,2000.0,12.5,2026,7,28
Tamil Nadu,Coimbatore,Singanallur(Uzhavar Sandhai ),Elephant Yam(Suran)/Amorphophallus,Elephant Yam (Suran),Local,2026-07-28,3500.0,4000.0,3750.0,500.0,13.333333333333334,2026,7,28
Tamil Nadu,Coimbatore,Singanallur(Uzhavar Sandhai ),Lemon,Lemon,Local,2026-07-28,7500.0,8000.0,7750.0,500.0,6.451612903225806,2026,7,28
Tamil Nadu,Coimbatore,Singanallur(Uzhavar Sandhai ),Mint(Pudina),Mint(Pudina),Local,2026-07-28,5500.0,6000.0,5750.0,500.0,8.695652173913043,2026,7,28
Tamil Nadu,Coimbatore,Pollachi(Uzhavar Sandhai ),Papaya,Papaya,Local,2026-07-28,3000.0,3500.0,3250.0,500.0,15.384615384615385,2026,7,28
Tamil Nadu,Coimbatore,Pollachi(Uzhavar Sandhai ),Banana,Red Banana,Local,2026-07-28,7000.0,8000.0,7500.0,1000.0,13.333333333333334,2026,7,28
Tamil Nadu,Coimbatore,Pollachi(Uzhavar Sandhai ),Onion,Bellary,Local,2026-07-28,3400.0,3800.0,3600.0,400.0,11.11111111111111,2026,7,28
Tamil Nadu,Coimbatore,Pollachi(Uzhavar Sandhai ),Bitter gourd,Bitter Gourd,Local,2026-07-28,6000.0,6500.0,6250.0,500.0,8.0,2026,7,28
Tamil Nadu,Coimbatore,Pollachi(Uzhavar Sandhai ),Ashgourd,Gouard,Local,2026-07-28,1800.0,2200.0,2000.0,400.0,20.0,2026,7,28
Tamil Nadu,Coimbatore,Pollachi(Uzhavar Sandhai ),Carrot,Pusakesar,Local,2026-07-28,8000.0,9000.0,8500.0,1000.0,11.76470588235294,2026,7,28
Tamil Nadu,Coimbatore,Pollachi(Uzhavar Sandhai ),Cabbage,Cabbage,Local,2026-07-28,3500.0,4200.0,3850.0,700.0,18.181818181818183,2026,7,28
Tamil Nadu,Coimbatore,Pollachi(Uzhavar Sandhai ),Chow Chow,Chow Chow,Local,2026-07-28,3000.0,3500.0,3250.0,500.0,15.384615384615385,2026,7,28
Tamil Nadu,Coimbatore,Pollachi(Uzhavar Sandhai ),Tender Coconut,Tender Coconut,Local,2026-07-28,3500.0,4000.0,3750.0,500.0,13.333333333333334,2026,7,28
Tamil Nadu,Coimbatore,Pollachi(Uzhavar Sandhai ),Amla(Nelli Kai),Amla,Local,2026-07-28,7000.0,8000.0,7500.0,1000.0,13.333333333333334,2026,7,28
Andhra Pradesh,Vijayanagaram,Vijayanagaram APMC,Maize,Local,Local,2026-07-28,2400.0,2400.0,2400.0,0.0,0.0,2026,7,28
Telangana,Ranga Reddy,"Vanasthalipuram,RBZ",Green Chilli,Green Chilly,Local,2026-07-28,3500.0,3500.0,3500.0,0.0,0.0,2026,7,28
Telangana,Ranga Reddy,"Vanasthalipuram,RBZ",Bottle gourd,Bottle Gourd,Local,2026-07-28,900.0,900.0,900.0,0.0,0.0,2026,7,28
Telangana,Ranga Reddy,"Vanasthalipuram,RBZ",Cucumbar(Kheera),Other,Local,2026-07-28,2000.0,2000.0,2000.0,0.0,0.0,2026,7,28
Telangana,Ranga Reddy,"Vanasthalipuram,RBZ",Other green and fresh vegetables,Other,Local,2026-07-28,2000.0,2000.0,2000.0,0.0,0.0,2026,7,28
Telangana,Ranga Reddy,"Vanasthalipuram,RBZ",Colacasia,Colacasia,Local,2026-07-28,3300.0,3300.0,3300.0,0.0,0.0,2026,7,28
Tamil Nadu,Karur,Karur(Uzhavar Sandhai ),Mango,Neelam,Local,2026-07-28,7500.0,8000.0,7750.0,500.0,6.451612903225806,2026,7,28
Tamil Nadu,Karur,Karur(Uzhavar Sandhai ),Tomato,Deshi,Local,2026-07-28,1500.0,2000.0,1750.0,500.0,28.57142857142857,2026,7,28
Tamil Nadu,Karur,Karur(Uzhavar Sandhai ),Cluster beans,Cluster Beans,Local,2026-07-28,3500.0,4000.0,3750.0,500.0,13.333333333333334,2026,7,28
Tamil Nadu,Karur,Karur(Uzhavar Sandhai ),Bhindi(Ladies Finger),Bhindi,Local,2026-07-28,3500.0,4000.0,3750.0,500.0,13.333333333333334,2026,7,28
Tamil Nadu,Karur,Karur(Uzhavar Sandhai ),Coconut,Coconut,Local,2026-07-28,5500.0,6000.0,5750.0,500.0,8.695652173913043,2026,7,28
Tripura,South Tripura,Manubazar,Pointed gourd(Parval),Pointed gourd (Parval),Grade A,2026-07-28,5800.0,6000.0,5900.0,200.0,3.389830508474576,2026,7,28
Tripura,South Tripura,Manubazar,Bhindi(Ladies Finger),Bhindi,Grade A,2026-07-28,3800.0,4000.0,3900.0,200.0,5.128205128205128,2026,7,28
Tripura,South Tripura,Manubazar,Potato,Jyoti,Grade A,2026-07-28,1800.0,2000.0,1900.0,200.0,10.526315789473683,2026,7,28
Tripura,South Tripura,Manubazar,Sponge gourd,Other,FAQ,2026-07-28,4200.0,4500.0,4300.0,300.0,6.976744186046512,2026,7,28
Tripura,South Tripura,Manubazar,Fish,Katla(Big),Grade Range-1,2026-07-28,35000.0,38000.0,36000.0,3000.0,8.333333333333332,2026,7,28
Tamil Nadu,Coimbatore,Kurichi(Uzhavar Sandhai ),Onion,Bellary,Local,2026-07-28,3000.0,3500.0,3250.0,500.0,15.384615384615385,2026,7,28
Tamil Nadu,Coimbatore,Kurichi(Uzhavar Sandhai ),Coriander(Leaves),I Sort,Local,2026-07-28,6000.0,7000.0,6500.0,1000.0,15.384615384615385,2026,7,28
Tamil Nadu,Coimbatore,Kurichi(Uzhavar Sandhai ),Amaranthus,Amaranthus,Local,2026-07-28,3000.0,4000.0,3500.0,1000.0,28.57142857142857,2026,7,28
Tamil Nadu,Coimbatore,Kurichi(Uzhavar Sandhai ),Elephant Yam(Suran)/Amorphophallus,Elephant Yam (Suran),Local,2026-07-28,3800.0,4200.0,4000.0,400.0,10.0,2026,7,28
Tamil Nadu,Cuddalore,Chidambaram(Uzhavar Sandhai ),Onion,Bellary,Local,2026-07-28,3500.0,4000.0,3750.0,500.0,13.333333333333334,2026,7,28
Tamil Nadu,Cuddalore,Chidambaram(Uzhavar Sandhai ),Banana - Green,Banana - Green,Local,2026-07-28,2500.0,3000.0,2750.0,500.0,18.181818181818183,2026,7,28
Tamil Nadu,Cuddalore,Chidambaram(Uzhavar Sandhai ),Onion Green,Onion Green,Local,2026-07-28,6000.0,7000.0,6500.0,1000.0,15.384615384615385,2026,7,28
Tamil Nadu,Cuddalore,Cuddalore(Uzhavar Sandhai ),Banana,Besrai,Local,2026-07-28,4000.0,8000.0,6000.0,4000.0,66.66666666666666,2026,7,28
Tamil Nadu,Cuddalore,Cuddalore(Uzhavar Sandhai ),Onion,Bellary,Local,2026-07-28,4000.0,4000.0,4000.0,0.0,0.0,2026,7,28
Tamil Nadu,Cuddalore,Cuddalore(Uzhavar Sandhai ),Brinjal,Round,Local,2026-07-28,5000.0,8000.0,6500.0,3000.0,46.15384615384615,2026,7,28
Tamil Nadu,Cuddalore,Cuddalore(Uzhavar Sandhai ),Coriander(Leaves),I Sort,Local,2026-07-28,6000.0,6000.0,6000.0,0.0,0.0,2026,7,28
Tamil Nadu,Cuddalore,Cuddalore(Uzhavar Sandhai ),Bottle gourd,Bottle Gourd,Local,2026-07-28,2000.0,2500.0,2250.0,500.0,22.22222222222222,2026,7,28
Tamil Nadu,Cuddalore,Cuddalore(Uzhavar Sandhai ),Ashgourd,Gouard,Local,2026-07-28,4000.0,4000.0,4000.0,0.0,0.0,2026,7,28
Tamil Nadu,Cuddalore,Cuddalore(Uzhavar Sandhai ),Tapioca,Tapioca,Local,2026-07-28,4000.0,5000.0,4500.0,1000.0,22.22222222222222,2026,7,28
Tamil Nadu,Cuddalore,Cuddalore(Uzhavar Sandhai ),Beetroot,Beetroot,Local,2026-07-28,4000.0,4000.0,4000.0,0.0,0.0,2026,7,28
Tamil Nadu,Cuddalore,Cuddalore(Uzhavar Sandhai ),Green Avare(W),Green Avare (W),Local,2026-07-28,6000.0,6000.0,6000.0,0.0,0.0,2026,7,28
Tamil Nadu,Cuddalore,Cuddalore(Uzhavar Sandhai ),Colacasia,Colacasia,Local,2026-07-28,6000.0,6000.0,6000.0,0.0,0.0,2026,7,28
Tamil Nadu,Chengalpattu,Thirukalukundram(Uzhavar Sandhai ),Banana,Poovan,Local,2026-07-28,5500.0,6500.0,6000.0,1000.0,16.666666666666664,2026,7,28
Tamil Nadu,Chengalpattu,Thirukalukundram(Uzhavar Sandhai ),Onion,Bellary,Local,2026-07-28,3000.0,3300.0,3150.0,300.0,9.523809523809524,2026,7,28
Tamil Nadu,Chengalpattu,Thirukalukundram(Uzhavar Sandhai ),Cluster beans,Cluster Beans,Local,2026-07-28,5000.0,5500.0,5250.0,500.0,9.523809523809524,2026,7,28
Tamil Nadu,Chengalpattu,Thirukalukundram(Uzhavar Sandhai ),Bottle gourd,Bottle Gourd,Local,2026-07-28,3000.0,3500.0,3250.0,500.0,15.384615384615385,2026,7,28
Tamil Nadu,Chengalpattu,Thirukalukundram(Uzhavar Sandhai ),Carrot,Pusakesar,Local,2026-07-28,6000.0,6500.0,6250.0,500.0,8.0,2026,7,28
Tamil Nadu,Tuticorin,Tuticorin(Uzhavar Sandhai ),Banana,Besrai,Local,2026-07-28,2500.0,3000.0,2750.0,500.0,18.181818181818183,2026,7,28
Tamil Nadu,Tuticorin,Tuticorin(Uzhavar Sandhai ),Amaranthus,Amaranthus,Local,2026-07-28,800.0,1000.0,900.0,200.0,22.22222222222222,2026,7,28
Tamil Nadu,Tuticorin,Tuticorin(Uzhavar Sandhai ),Green Chilli,Green Chilly,Local,2026-07-28,6000.0,7000.0,6500.0,1000.0,15.384615384615385,2026,7,28
Tamil Nadu,Tuticorin,Tuticorin(Uzhavar Sandhai ),Beans,Beans (Whole),Local,2026-07-28,14000.0,15000.0,14500.0,1000.0,6.896551724137931,2026,7,28
Tamil Nadu,Tuticorin,Tuticorin(Uzhavar Sandhai ),Snakeguard,Snakeguard,Local,2026-07-28,4000.0,5000.0,4500.0,1000.0,22.22222222222222,2026,7,28
Tamil Nadu,Tuticorin,Tuticorin(Uzhavar Sandhai ),Ridgeguard(Tori),Ridgeguard(Tori),Local,2026-07-28,4500.0,5000.0,4750.0,500.0,10.526315789473683,2026,7,28
Tamil Nadu,Tuticorin,Tuticorin(Uzhavar Sandhai ),Drumstick,Drumstick,Local,2026-07-28,5000.0,6000.0,5500.0,1000.0,18.181818181818183,2026,7,28
Tamil Nadu,Tuticorin,Tuticorin(Uzhavar Sandhai ),Mango(Raw-Ripe),Mango - Raw-Ripe,Local,2026-07-28,2500.0,3000.0,2750.0,500.0,18.181818181818183,2026,7,28
Tamil Nadu,Tuticorin,Tuticorin(Uzhavar Sandhai ),Guava,Guava Allahabad,Local,2026-07-28,5000.0,6000.0,5500.0,1000.0,18.181818181818183,2026,7,28
Tamil Nadu,Tuticorin,Tuticorin(Uzhavar Sandhai ),Sweet Corn,Sweet Corn,Local,2026-07-28,5000.0,6000.0,5500.0,1000.0,18.181818181818183,2026,7,28
Tamil Nadu,Nagercoil (Kannyiakumari),Vadaseri APMC,Banana,Besrai,Local,2026-07-28,4500.0,5000.0,4750.0,500.0,10.526315789473683,2026,7,28
Tamil Nadu,Nagercoil (Kannyiakumari),Vadaseri APMC,Mango,Safeda,Local,2026-07-28,6500.0,7000.0,6750.0,500.0,7.4074074074074066,2026,7,28
Tamil Nadu,Nagercoil (Kannyiakumari),Vadaseri APMC,Coriander(Leaves),I Sort,Local,2026-07-28,6000.0,6500.0,6250.0,500.0,8.0,2026,7,28
Tamil Nadu,Nagercoil (Kannyiakumari),Vadaseri APMC,Bitter gourd,Bitter Gourd,Local,2026-07-28,7500.0,8000.0,7750.0,500.0,6.451612903225806,2026,7,28
Tamil Nadu,Nagercoil (Kannyiakumari),Vadaseri APMC,Ashgourd,Gouard,Local,2026-07-28,2200.0,2500.0,2350.0,300.0,12.76595744680851,2026,7,28
Tamil Nadu,Nagercoil (Kannyiakumari),Vadaseri APMC,Tapioca,Tapioca,Local,2026-07-28,3500.0,4000.0,3750.0,500.0,13.333333333333334,2026,7,28
Tamil Nadu,Nagercoil (Kannyiakumari),Vadaseri APMC,Cabbage,Cabbage,Local,2026-07-28,5000.0,5500.0,5250.0,500.0,9.523809523809524,2026,7,28
Tamil Nadu,Nagercoil (Kannyiakumari),Vadaseri APMC,Snakeguard,Snakeguard,Local,2026-07-28,3500.0,4000.0,3750.0,500.0,13.333333333333334,2026,7,28
Tamil Nadu,Nagercoil (Kannyiakumari),Vadaseri APMC,Beetroot,Beetroot,Local,2026-07-28,5000.0,5500.0,5250.0,500.0,9.523809523809524,2026,7,28
Tamil Nadu,Nagercoil (Kannyiakumari),Vadaseri APMC,Jack Fruit(Ripe),Jack Fruit,Local,2026-07-28,2200.0,2500.0,2350.0,300.0,12.76595744680851,2026,7,28
Tamil Nadu,Nagercoil (Kannyiakumari),Vadaseri APMC,Tender Coconut,Tender Coconut,Local,2026-07-28,4500.0,5000.0,4750.0,500.0,10.526315789473683,2026,7,28
Tamil Nadu,Nagercoil (Kannyiakumari),Vadaseri APMC,Elephant Yam(Suran)/Amorphophallus,Elephant Yam (Suran),Local,2026-07-28,4500.0,5000.0,4750.0,500.0,10.526315789473683,2026,7,28
Tamil Nadu,Nagercoil (Kannyiakumari),Vadaseri APMC,Onion Green,Onion Green,Local,2026-07-28,8000.0,8500.0,8250.0,500.0,6.0606060606060606,2026,7,28
Tamil Nadu,Nagercoil (Kannyiakumari),Vadaseri APMC,Mint(Pudina),Mint(Pudina),Local,2026-07-28,6500.0,7000.0,6750.0,500.0,7.4074074074074066,2026,7,28
Tamil Nadu,Pudukkottai,Karambakkudi(Uzhavar Sandhai ),Bitter gourd,Other,Local,2026-07-28,7000.0,8000.0,7500.0,1000.0,13.333333333333334,2026,7,28
Tamil Nadu,Pudukkottai,Karambakkudi(Uzhavar Sandhai ),Bottle gourd,Bottle Gourd,Local,2026-07-28,2000.0,2500.0,2250.0,500.0,22.22222222222222,2026,7,28
Tamil Nadu,Pudukkottai,Karambakkudi(Uzhavar Sandhai ),Ashgourd,Gouard,Local,2026-07-28,1000.0,1500.0,1250.0,500.0,40.0,2026,7,28
Tamil Nadu,Pudukkottai,Karambakkudi(Uzhavar Sandhai ),Bhindi(Ladies Finger),Bhindi,Local,2026-07-28,3500.0,4000.0,3750.0,500.0,13.333333333333334,2026,7,28
Madhya Pradesh,Morena,Kailaras APMC,Bottle gourd,Other,FAQ,2026-07-28,1000.0,1000.0,1000.0,0.0,0.0,2026,7,28
Tamil Nadu,Vellore,Thirupathur APMC,Garlic,Garlic,Local,2026-07-28,24000.0,24000.0,24000.0,0.0,0.0,2026,7,28
Tamil Nadu,Vellore,Thirupathur APMC,Bottle gourd,Bottle Gourd,Local,2026-07-28,2000.0,2000.0,2000.0,0.0,0.0,2026,7,28
Tamil Nadu,Vellore,Thirupathur APMC,Ashgourd,Gouard,Local,2026-07-28,2000.0,2000.0,2000.0,0.0,0.0,2026,7,28
Tamil Nadu,Vellore,Thirupathur APMC,Bhindi(Ladies Finger),Bhindi,Local,2026-07-28,3000.0,3000.0,3000.0,0.0,0.0,2026,7,28
Tamil Nadu,Vellore,Thirupathur APMC,Cowpea(Veg),Cowpea (Veg),Local,2026-07-28,6000.0,6000.0,6000.0,0.0,0.0,2026,7,28
Tamil Nadu,Vellore,Thirupathur APMC,Thondekai,Thondekai,Local,2026-07-28,4000.0,4000.0,4000.0,0.0,0.0,2026,7,28
Tamil Nadu,Vellore,Thirupathur APMC,Capsicum,Capsicum,Local,2026-07-28,5000.0,5000.0,5000.0,0.0,0.0,2026,7,28
Tamil Nadu,Vellore,Thirupathur APMC,Guava,Guava Allahabad,Local,2026-07-28,5000.0,5000.0,5000.0,0.0,0.0,2026,7,28
Tamil Nadu,Vellore,Thirupathur APMC,Custard Apple(Sharifa),Custard Apple(Sharifa),Local,2026-07-28,4000.0,4000.0,4000.0,0.0,0.0,2026,7,28
Tamil Nadu,Vellore,Thirupathur APMC,Sweet Corn,Sweet Corn,Local,2026-07-28,3000.0,3000.0,3000.0,0.0,0.0,2026,7,28
Tamil Nadu,Vellore,Vellore APMC,Coriander(Leaves),I Sort,Local,2026-07-28,4500.0,4500.0,4500.0,0.0,0.0,2026,7,28
Tamil Nadu,Vellore,Vellore APMC,Bitter gourd,Bitter Gourd,Local,2026-07-28,4500.0,4500.0,4500.0,0.0,0.0,2026,7,28
Tamil Nadu,Vellore,Vellore APMC,Carrot,Pusakesar,Local,2026-07-28,6500.0,6500.0,6500.0,0.0,0.0,2026,7,28
Tamil Nadu,Vellore,Vellore APMC,Capsicum,Capsicum,Local,2026-07-28,6000.0,6000.0,6000.0,0.0,0.0,2026,7,28
Tamil Nadu,Vellore,Vellore APMC,Paddy(Common),Other,Local,2026-07-28,3224.0,3972.0,3598.0,748.0,20.789327404113397,2026,7,28
Bihar,Sheikhpura,Shekhpura APMC,Bitter gourd,Bitter Gourd,FAQ,2026-07-28,3045.0,3185.0,3110.0,140.0,4.501607717041801,2026,7,28
Bihar,Supaul,Supaul APMC,Potato,Potato,Grade A,2026-07-28,1300.0,1500.0,1400.0,200.0,14.285714285714285,2026,7,28
Tamil Nadu,Dharmapuri,Harur(Uzhavar Sandhai ),Onion,Bellary,Local,2026-07-28,3000.0,3500.0,3250.0,500.0,15.384615384615385,2026,7,28
Tamil Nadu,Dharmapuri,Harur(Uzhavar Sandhai ),Cauliflower,Ranchi,Local,2026-07-28,3500.0,4000.0,3750.0,500.0,13.333333333333334,2026,7,28
Tamil Nadu,Dharmapuri,Harur(Uzhavar Sandhai ),Banana - Green,Banana - Green,Local,2026-07-28,2000.0,2500.0,2250.0,500.0,22.22222222222222,2026,7,28
Tamil Nadu,Dharmapuri,Harur(Uzhavar Sandhai ),Coconut,Coconut,Local,2026-07-28,5000.0,6000.0,5500.0,1000.0,18.181818181818183,2026,7,28
Tamil Nadu,Dharmapuri,Harur(Uzhavar Sandhai ),Ridgeguard(Tori),Ridgeguard(Tori),Local,2026-07-28,4500.0,5000.0,4750.0,500.0,10.526315789473683,2026,7,28
Tamil Nadu,Dharmapuri,Harur(Uzhavar Sandhai ),Lemon,Lemon,Local,2026-07-28,7000.0,8000.0,7500.0,1000.0,13.333333333333334,2026,7,28
Tamil Nadu,Krishnagiri,Kaveripattinam(Uzhavar Sandhai ),Banana,Besrai,Local,2026-07-28,4000.0,7000.0,5500.0,3000.0,54.54545454545454,2026,7,28
Tamil Nadu,Krishnagiri,Kaveripattinam(Uzhavar Sandhai ),Brinjal,Round,Local,2026-07-28,5000.0,6000.0,5500.0,1000.0,18.181818181818183,2026,7,28
Tamil Nadu,Krishnagiri,Kaveripattinam(Uzhavar Sandhai ),Drumstick,Drumstick,Local,2026-07-28,3000.0,3000.0,3000.0,0.0,0.0,2026,7,28
Tamil Nadu,The Nilgiris,Coonoor(Uzhavar Sandhai ),Bitter gourd,Other,Local,2026-07-28,5500.0,6000.0,5750.0,500.0,8.695652173913043,2026,7,28
Tamil Nadu,The Nilgiris,Coonoor(Uzhavar Sandhai ),Bottle gourd,Bottle Gourd,Local,2026-07-28,2000.0,2400.0,2200.0,400.0,18.181818181818183,2026,7,28
Tamil Nadu,The Nilgiris,Coonoor(Uzhavar Sandhai ),Bhindi(Ladies Finger),Bhindi,Local,2026-07-28,4000.0,4500.0,4250.0,500.0,11.76470588235294,2026,7,28
Tamil Nadu,The Nilgiris,Coonoor(Uzhavar Sandhai ),Capsicum,Capsicum,Local,2026-07-28,7500.0,8000.0,7750.0,500.0,6.451612903225806,2026,7,28
Tamil Nadu,The Nilgiris,Coonoor(Uzhavar Sandhai ),Chow Chow,Chow Chow,Local,2026-07-28,2200.0,2500.0,2350.0,300.0,12.76595744680851,2026,7,28
Tamil Nadu,The Nilgiris,Coonoor(Uzhavar Sandhai ),Lime,Lime,Local,2026-07-28,13000.0,14000.0,13500.0,1000.0,7.4074074074074066,2026,7,28
Tamil Nadu,The Nilgiris,Coonoor(Uzhavar Sandhai ),Lemon,Lemon,Local,2026-07-28,7500.0,8000.0,7750.0,500.0,6.451612903225806,2026,7,28
Tamil Nadu,The Nilgiris,Gudalur(Uzhavar Sandhai ),Potato,Other,Local,2026-07-28,5500.0,6000.0,5750.0,500.0,8.695652173913043,2026,7,28
Tamil Nadu,The Nilgiris,Gudalur(Uzhavar Sandhai ),Tomato,Deshi,Local,2026-07-28,2000.0,2500.0,2250.0,500.0,22.22222222222222,2026,7,28
Tamil Nadu,The Nilgiris,Gudalur(Uzhavar Sandhai ),Bitter gourd,Bitter Gourd,Local,2026-07-28,4500.0,5000.0,4750.0,500.0,10.526315789473683,2026,7,28
Tamil Nadu,The Nilgiris,Gudalur(Uzhavar Sandhai ),Banana - Green,Banana - Green,Local,2026-07-28,4000.0,4500.0,4250.0,500.0,11.76470588235294,2026,7,28
Himachal Pradesh,Kangra,SMY Jwalaji,Cucumbar(Kheera),Cucumbar,FAQ,2026-07-28,2500.0,3000.0,2750.0,500.0,18.181818181818183,2026,7,28
Himachal Pradesh,Kangra,SMY Palampur,Pomegranate,Pomogranate,Medium,2026-07-28,14000.0,15000.0,14500.0,1000.0,6.896551724137931,2026,7,28
Himachal Pradesh,Kangra,SMY Palampur,Mango,Other,Medium,2026-07-28,4000.0,9000.0,6000.0,5000.0,83.33333333333334,2026,7,28
Himachal Pradesh,Kangra,SMY Palampur,Cauliflower,Cauliflower,FAQ,2026-07-28,4000.0,4500.0,4200.0,500.0,11.904761904761903,2026,7,28
Himachal Pradesh,Kangra,SMY Palampur,Pumpkin,Pumpkin,FAQ,2026-07-28,1800.0,2000.0,1900.0,200.0,10.526315789473683,2026,7,28
Haryana,Karnal,Tarori APMC,Potato,Desi,Grade A,2026-07-28,1000.0,1500.0,1200.0,500.0,41.66666666666667,2026,7,28
West Bengal,Paschim Bardhaman,Asansol APMC,Peas(Dry),Other,FAQ,2026-07-28,6800.0,7000.0,6900.0,200.0,2.898550724637681,2026,7,28
West Bengal,Paschim Bardhaman,Asansol APMC,Green Gram Dal(Moong Dal),Green Gram Dal,FAQ,2026-07-28,12450.0,12600.0,12500.0,150.0,1.2,2026,7,28
West Bengal,Paschim Bardhaman,Asansol APMC,Ginger(Green),Other,FAQ,2026-07-28,9650.0,10500.0,9850.0,850.0,8.629441624365482,2026,7,28
West Bengal,Paschim Bardhaman,Asansol APMC,Onion,Nasik,FAQ,2026-07-28,2600.0,2850.0,2750.0,250.0,9.090909090909092,2026,7,28
Punjab,Tarntaran,Patti APMC,Onion,Other,Non-FAQ,2026-07-28,2.5,2.5,2.5,0.0,0.0,2026,7,28
Uttarakhand,Dehradoon,Vikasnagar APMC,Cucumbar(Kheera),Other,Medium,2026-07-28,600.0,800.0,800.0,200.0,25.0,2026,7,28
Uttarakhand,Dehradoon,Vikasnagar APMC,Bhindi(Ladies Finger),Other,Medium,2026-07-28,700.0,900.0,900.0,200.0,22.22222222222222,2026,7,28
Uttarakhand,Dehradoon,Vikasnagar APMC,French Beans(Frasbean),Other,Medium,2026-07-28,1500.0,2000.0,2000.0,500.0,25.0,2026,7,28
Punjab,Mohali,Lalru APMC,Onion,Other,Local,2026-07-28,2600.0,2600.0,2600.0,0.0,0.0,2026,7,28
Punjab,Mohali,Lalru APMC,Bitter gourd,Other,Local,2026-07-28,900.0,900.0,900.0,0.0,0.0,2026,7,28
Punjab,Mohali,Lalru APMC,Green Chilli,Other,Local,2026-07-28,2600.0,2600.0,2600.0,0.0,0.0,2026,7,28
Punjab,Mohali,Lalru APMC,Potato,Other,Local,2026-07-28,950.0,950.0,950.0,0.0,0.0,2026,7,28
Punjab,Mohali,Lalru APMC,Garlic,Average,Local,2026-07-28,11000.0,11000.0,11000.0,0.0,0.0,2026,7,28
Punjab,Mohali,Lalru APMC,Tomato,Other,Local,2026-07-28,1200.0,1200.0,1200.0,0.0,0.0,2026,7,28
Haryana,Sonipat,Gohana APMC,Cucumbar(Kheera),Other,Medium,2026-07-28,1500.0,3000.0,2000.0,1500.0,75.0,2026,7,28
Odisha,Jagatsinghpur,Jagatsinghpur APMC,Brinjal,Other,Local,2026-07-28,5100.0,5300.0,5200.0,200.0,3.8461538461538463,2026,7,28
Uttar Pradesh,Mau(Maunathbhanjan),Kopaganj APMC,Brinjal,Brinjal,FAQ,2026-07-28,1388.0,1400.0,1390.0,12.0,0.8633093525179856,2026,7,28
Uttar Pradesh,Mau(Maunathbhanjan),Kopaganj APMC,Apple,Apple,Grade B,2026-07-28,8890.0,8910.0,8900.0,20.0,0.22471910112359553,2026,7,28
Haryana,Hissar,Hansi APMC,Pear(Marasebu),Other,Grade B,2026-07-28,2000.0,8000.0,6000.0,6000.0,100.0,2026,7,28
Haryana,Hissar,Hansi APMC,Colacasia,Other,FAQ,2026-07-28,2500.0,3000.0,2750.0,500.0,18.181818181818183,2026,7,28
Haryana,Hissar,Hansi APMC,Garlic,Other,FAQ,2026-07-28,10000.0,15000.0,12500.0,5000.0,40.0,2026,7,28
Haryana,Hissar,Hansi APMC,Tinda,Other,FAQ,2026-07-28,2000.0,2000.0,2000.0,0.0,0.0,2026,7,28
Punjab,Amritsar,Rayya APMC,Green Chilli,Green Chilly,FAQ,2026-07-28,1120.0,1120.0,1120.0,0.0,0.0,2026,7,28
Punjab,Amritsar,Rayya APMC,Potato,Potato,FAQ,2026-07-28,725.0,725.0,725.0,0.0,0.0,2026,7,28
Uttarakhand,Dehradoon,Chakrata APMC,Tomato,Local,FAQ,2026-07-28,1400.0,1600.0,1500.0,200.0,13.333333333333334,2026,7,28
Andhra Pradesh,Bapatla,Kuchinapudi APMC,Black Gram(Urd Beans)(Whole),Black Gram (Whole),Local,2026-07-28,10800.0,11000.0,10900.0,200.0,1.834862385321101,2026,7,28
Telangana,Khammam,"Pavilion Ground,Khammam,RBZ",Tomato,Deshi,FAQ,2026-07-28,2400.0,2400.0,2400.0,0.0,0.0,2026,7,28
Andhra Pradesh,Prakasam,Santhamaguluru APMC,Paddy(Common),B P T,FAQ,2026-07-28,2400.0,2400.0,2400.0,0.0,0.0,2026,7,28
Andhra Pradesh,Prakasam,Santhamaguluru APMC,Maize,Hybrid,FAQ,2026-07-28,2400.0,2400.0,2400.0,0.0,0.0,2026,7,28
Keralam,Kozhikode(Calicut),Mukkom Market,Beetroot,Beetroot,FAQ,2026-07-28,3400.0,3800.0,3600.0,400.0,11.11111111111111,2026,7,28
Keralam,Kozhikode(Calicut),Mukkom Market,Apple,Other,Large,2026-07-28,26000.0,27500.0,27000.0,1500.0,5.555555555555555,2026,7,28
Keralam,Kozhikode(Calicut),Mukkom Market,Cowpea(Veg),Cowpea (Veg),FAQ,2026-07-28,5600.0,6000.0,5800.0,400.0,6.896551724137931,2026,7,28
Keralam,Kozhikode(Calicut),Mukkom Market,Bottle gourd,Bottle Gourd,FAQ,2026-07-28,2400.0,2600.0,2500.0,200.0,8.0,2026,7,28
Keralam,Kozhikode(Calicut),Mukkom Market,Drumstick,Drumstick,FAQ,2026-07-28,7000.0,7400.0,7200.0,400.0,5.555555555555555,2026,7,28
Keralam,Kozhikode(Calicut),Mukkom Market,Cabbage,Cabbage,FAQ,2026-07-28,3200.0,3600.0,3400.0,400.0,11.76470588235294,2026,7,28
Keralam,Kozhikode(Calicut),Mukkom Market,Carrot,Carrot,FAQ,2026-07-28,6000.0,6400.0,6200.0,400.0,6.451612903225806,2026,7,28
Andhra Pradesh,Annamayya,Somala APMC,Tomato,Tomato,FAQ,2026-07-28,1000.0,1400.0,1200.0,400.0,33.33333333333333,2026,7,28
Haryana,Sonipat,Ganaur APMC,Ridgeguard(Tori),Ridgeguard(Tori),Medium,2026-07-28,3000.0,4000.0,3500.0,1000.0,28.57142857142857,2026,7,28
Haryana,Sonipat,Ganaur APMC,Raddish,Raddish,Medium,2026-07-28,2500.0,3000.0,2800.0,500.0,17.857142857142858,2026,7,28
Haryana,Sonipat,Ganaur APMC,Yam(Ratalu),Yam (Ratalu),Medium,2026-07-28,2500.0,3000.0,2800.0,500.0,17.857142857142858,2026,7,28
Haryana,Sonipat,Ganaur APMC,Garlic,Average,Local,2026-07-28,12000.0,15000.0,14000.0,3000.0,21.428571428571427,2026,7,28
Haryana,Sonipat,Ganaur APMC,Brinjal,Brinjal,Medium,2026-07-28,3000.0,4000.0,3500.0,1000.0,28.57142857142857,2026,7,28
Haryana,Kurukshetra,Shahabad APMC,Banana,Medium,Medium,2026-07-28,2700.0,3500.0,3000.0,800.0,26.666666666666668,2026,7,28
Haryana,Kurukshetra,Shahabad APMC,Bitter gourd,Bitter Gourd,Medium,2026-07-28,1500.0,1700.0,1600.0,200.0,12.5,2026,7,28
Haryana,Kurukshetra,Shahabad APMC,Green Chilli,Green Chilly,Medium,2026-07-28,2000.0,3000.0,2500.0,1000.0,40.0,2026,7,28
Rajasthan,Hanumangarh,Sangriya APMC,Onion,Onion,Local,2026-07-28,1300.0,2500.0,2100.0,1200.0,57.14285714285714,2026,7,28
Rajasthan,Ganganagar,Jaitsar APMC,Wheat,Other,FAQ,2026-07-28,2521.0,2600.0,2575.0,79.0,3.0679611650485437,2026,7,28
Rajasthan,Bikaner,Sridungargarh APMC,Wheat,Other,Local,2026-07-28,2550.0,2550.0,2550.0,0.0,0.0,2026,7,28
Rajasthan,Chittorgarh,Kapasan APMC,Wheat,Lokwan,FAQ,2026-07-28,2400.0,2600.0,2500.0,200.0,8.0,2026,7,28
Rajasthan,Jalore,Jalore APMC,Green Chilli,Green Chilly,Local,2026-07-28,1500.0,1800.0,1600.0,300.0,18.75,2026,7,28
Rajasthan,Jalore,Jalore APMC,Tomato,Tomato,Local,2026-07-28,2000.0,2500.0,2300.0,500.0,21.73913043478261,2026,7,28
Rajasthan,Jalore,Jalore APMC,Onion Green,Onion Green,Local,2026-07-28,4000.0,4500.0,4300.0,500.0,11.627906976744185,2026,7,28
Jammu and Kashmir,Baramulla,Sopore (Nowpora) (F&V),Apple,Hazratbali/Benoni,Grade A,2026-07-28,1350.0,1350.0,1350.0,0.0,0.0,2026,7,28
Andhra Pradesh,Tirupathi,Vakadu APMC,Paddy(Common),B P T,FAQ,2026-07-28,2400.0,2400.0,2400.0,0.0,0.0,2026,7,28
Keralam,Kozhikode(Calicut),Kallachi Market,Ashgourd,Ashgourd,FAQ,2026-07-28,2200.0,2600.0,2400.0,400.0,16.666666666666664,2026,7,28
Keralam,Alappuzha,Harippad Market,Capsicum,Capsicum,FAQ,2026-07-28,10000.0,10500.0,10000.0,500.0,5.0,2026,7,28
Andhra Pradesh,Nandyal,Atmakur (Nandyal District) APMC,Paddy(Common),Sona,FAQ,2026-07-28,2400.0,2400.0,2400.0,0.0,0.0,2026,7,28
Keralam,Thiruvananthapuram,Vamanapuram Market,Beetroot,Other,FAQ,2026-07-28,3500.0,4000.0,3500.0,500.0,14.285714285714285,2026,7,28
Keralam,Thiruvananthapuram,Vamanapuram Market,Tapioca,Other,Local,2026-07-28,4000.0,4500.0,4500.0,500.0,11.11111111111111,2026,7,28
Keralam,Thiruvananthapuram,Vamanapuram Market,Bitter gourd,Other,Local,2026-07-28,4500.0,5000.0,4500.0,500.0,11.11111111111111,2026,7,28
Keralam,Thiruvananthapuram,Vamanapuram Market,Tomato,Other,FAQ,2026-07-28,4000.0,4500.0,4000.0,500.0,12.5,2026,7,28
Keralam,Ernakulam,Perumbavoor Market,Tomato,Tomato,Medium,2026-07-28,3600.0,4600.0,4100.0,1000.0,24.390243902439025,2026,7,28
Keralam,Ernakulam,Perumbavoor Market,Bhindi(Ladies Finger),Bhindi,Medium,2026-07-28,3000.0,4000.0,3500.0,1000.0,28.57142857142857,2026,7,28
Keralam,Ernakulam,Perumbavoor Market,Brinjal,Brinjal,Medium,2026-07-28,3000.0,3800.0,3400.0,800.0,23.52941176470588,2026,7,28
Keralam,Ernakulam,Perumbavoor Market,Little gourd(Kundru),Other,Medium,2026-07-28,3500.0,4500.0,4000.0,1000.0,25.0,2026,7,28
Keralam,Ernakulam,Perumbavoor Market,Onion,Onion,Medium,2026-07-28,2000.0,2600.0,2300.0,600.0,26.08695652173913,2026,7,28
Keralam,Ernakulam,Perumbavoor Market,Potato,Potato,Medium,2026-07-28,3200.0,4000.0,3600.0,800.0,22.22222222222222,2026,7,28
Andhra Pradesh,Bapatla,Parchur APMC,Chili Red,Dry,Local,2026-07-28,15000.0,18000.0,18000.0,3000.0,16.666666666666664,2026,7,28
Tamil Nadu,Thanjavur,Tirukattupalli(Uzhavar Sandhai ),Bitter gourd,Bitter Gourd,Local,2026-07-28,3200.0,3200.0,3200.0,0.0,0.0,2026,7,28
Tamil Nadu,Thanjavur,Tirukattupalli(Uzhavar Sandhai ),Ashgourd,Gouard,Local,2026-07-28,2400.0,2400.0,2400.0,0.0,0.0,2026,7,28
Tamil Nadu,Thanjavur,Tirukattupalli(Uzhavar Sandhai ),Snakeguard,Snakeguard,Local,2026-07-28,4000.0,5000.0,4500.0,1000.0,22.22222222222222,2026,7,28
Tamil Nadu,Thanjavur,Tirukattupalli(Uzhavar Sandhai ),Mango(Raw-Ripe),Mango - Raw-Ripe,Local,2026-07-28,3400.0,3500.0,3450.0,100.0,2.898550724637681,2026,7,28
Tamil Nadu,Thiruchirappalli,Thuraiyur APMC,Onion,Bellary,Local,2026-07-28,3000.0,4000.0,3500.0,1000.0,28.57142857142857,2026,7,28
Tamil Nadu,Thiruchirappalli,Thuraiyur APMC,Brinjal,Other,Local,2026-07-28,4000.0,4000.0,4000.0,0.0,0.0,2026,7,28
Tamil Nadu,Thiruchirappalli,Thuraiyur APMC,Cluster beans,Cluster Beans,Local,2026-07-28,4000.0,4000.0,4000.0,0.0,0.0,2026,7,28
Tamil Nadu,Thiruchirappalli,Thuraiyur APMC,Bottle gourd,Bottle Gourd,Local,2026-07-28,2500.0,3000.0,2750.0,500.0,18.181818181818183,2026,7,28
Tamil Nadu,Thiruchirappalli,Thuraiyur APMC,Cowpea(Veg),Cowpea (Veg),Local,2026-07-28,4500.0,4500.0,4500.0,0.0,0.0,2026,7,28
Tamil Nadu,Thiruchirappalli,Thuraiyur APMC,Betal Leaves,Mysore,Local,2026-07-28,9000.0,9000.0,9000.0,0.0,0.0,2026,7,28
Tamil Nadu,Thiruchirappalli,Thuraiyur APMC,Carrot,Pusakesar,Local,2026-07-28,10000.0,10000.0,10000.0,0.0,0.0,2026,7,28
Tamil Nadu,Thiruchirappalli,Thuraiyur APMC,Snakeguard,Snakeguard,Local,2026-07-28,3500.0,4500.0,4000.0,1000.0,25.0,2026,7,28
Tamil Nadu,Thiruchirappalli,Thuraiyur APMC,Ridgeguard(Tori),Ridgeguard(Tori),Local,2026-07-28,6500.0,6500.0,6500.0,0.0,0.0,2026,7,28
Tamil Nadu,Thiruchirappalli,Thuraiyur APMC,Raddish,Raddish,Local,2026-07-28,3500.0,3500.0,3500.0,0.0,0.0,2026,7,28
Tamil Nadu,Thiruchirappalli,Thuraiyur APMC,Elephant Yam(Suran)/Amorphophallus,Elephant Yam (Suran),Local,2026-07-28,4000.0,4000.0,4000.0,0.0,0.0,2026,7,28
Tamil Nadu,Thiruchirappalli,Thuraiyur APMC,Yam(Ratalu),Yam (Ratalu),Local,2026-07-28,8000.0,8000.0,8000.0,0.0,0.0,2026,7,28
Tamil Nadu,Thiruchirappalli,Thuraiyur APMC,Mint(Pudina),Mint(Pudina),Local,2026-07-28,6000.0,6000.0,6000.0,0.0,0.0,2026,7,28
Tamil Nadu,Villupuram,Avalurpet APMC,Paddy(Common),Other,Local,2026-07-28,2067.0,3617.0,2842.0,1550.0,54.53905700211119,2026,7,28
Tamil Nadu,Villupuram,Tindivanam APMC,Bottle gourd,Bottle Gourd,Local,2026-07-28,2500.0,2500.0,2500.0,0.0,0.0,2026,7,28
Tamil Nadu,Villupuram,Tindivanam APMC,Bhindi(Ladies Finger),Bhindi,Local,2026-07-28,3500.0,3500.0,3500.0,0.0,0.0,2026,7,28
Tamil Nadu,Villupuram,Tindivanam APMC,Ginger(Green),Green Ginger,Local,2026-07-28,13000.0,13000.0,13000.0,0.0,0.0,2026,7,28
Tamil Nadu,Villupuram,Tindivanam APMC,Green Avare(W),Green Avare (W),Local,2026-07-28,7000.0,7000.0,7000.0,0.0,0.0,2026,7,28
Tamil Nadu,Villupuram,Tindivanam APMC,Drumstick,Drumstick,Local,2026-07-28,4500.0,4500.0,4500.0,0.0,0.0,2026,7,28
Tamil Nadu,Villupuram,Tindivanam APMC,Tender Coconut,Tender Coconut,Local,2026-07-28,3500.0,4000.0,3750.0,500.0,13.333333333333334,2026,7,28
Tamil Nadu,Villupuram,Tindivanam APMC,Onion Green,Onion Green,Local,2026-07-28,5800.0,5800.0,5800.0,0.0,0.0,2026,7,28
Tamil Nadu,Villupuram,Ulundurpettai APMC,Lemon,Lemon,Local,2026-07-28,5000.0,5000.0,5000.0,0.0,0.0,2026,7,28
Tamil Nadu,Villupuram,Ulundurpettai APMC,Onion Green,Onion Green,Local,2026-07-28,7000.0,7000.0,7000.0,0.0,0.0,2026,7,28
Maharashtra,Pune,Pune(Moshi) APMC,Beans,Other,Local,2026-07-28,4000.0,5000.0,4500.0,1000.0,22.22222222222222,2026,7,28
Maharashtra,Pune,Pune(Moshi) APMC,Onion,Local,Local,2026-07-28,1000.0,2500.0,1750.0,1500.0,85.71428571428571,2026,7,28
Maharashtra,Pune,Pune(Moshi) APMC,Ridgeguard(Tori),Other,Local,2026-07-28,2000.0,4000.0,3000.0,2000.0,66.66666666666666,2026,7,28
Maharashtra,Pune,Pune(Moshi) APMC,Lime,Other,Local,2026-07-28,2000.0,3000.0,2500.0,1000.0,40.0,2026,7,28
Maharashtra,Pune,Pune(Moshi) APMC,Mousambi(Sweet Lime),Other,Local,2026-07-28,5000.0,6000.0,5500.0,1000.0,18.181818181818183,2026,7,28
Maharashtra,Pune,Pune(Moshi) APMC,Amla(Nelli Kai),Other,Local,2026-07-28,6000.0,8000.0,7000.0,2000.0,28.57142857142857,2026,7,28
Maharashtra,Ratnagiri,Ratnagiri (Nachane) APMC,Chilly Capsicum,Other,Local,2026-07-28,2900.0,3900.0,3500.0,1000.0,28.57142857142857,2026,7,28
Maharashtra,Ratnagiri,Ratnagiri (Nachane) APMC,Cucumbar(Kheera),Other,Local,2026-07-28,1500.0,2500.0,2000.0,1000.0,50.0,2026,7,28
Maharashtra,Ratnagiri,Ratnagiri (Nachane) APMC,Tomato,Other,Local,2026-07-28,1000.0,2000.0,1500.0,1000.0,66.66666666666666,2026,7,28
Keralam,Kollam,Elamad  VFPCK Market,Banana,Nendra Bale,Grade A,2026-07-28,6800.0,8200.0,7700.0,1400.0,18.181818181818183,2026,7,28
Uttar Pradesh,Badaun,Babrala APMC,Maize,Local,Local,2026-07-28,2080.0,2100.0,2090.0,20.0,0.9569377990430622,2026,7,28
Gujarat,Surat,Songadh APMC,Guar,Gwar,FAQ,2026-07-28,7000.0,7000.0,7000.0,0.0,0.0,2026,7,28
Gujarat,Surat,Songadh APMC,Bhindi(Ladies Finger),Bhindi,FAQ,2026-07-28,1500.0,4000.0,3000.0,2500.0,83.33333333333334,2026,7,28
Gujarat,Anand,Khambhat(Veg Yard Khambhat) APMC,Methi(Leaves),Methi,Local,2026-07-28,4000.0,6000.0,5000.0,2000.0,40.0,2026,7,28
Gujarat,Surat,Songadh(Badarpada) APMC,Guar,Other,FAQ,2026-07-28,7000.0,7000.0,7000.0,0.0,0.0,2026,7,28
Gujarat,Rajkot,Dhoraji APMC,Soyabean,Yellow,Non-FAQ,2026-07-28,5930.0,6800.0,6630.0,870.0,13.122171945701359,2026,7,28
Gujarat,Rajkot,Dhoraji APMC,Red gram/Arhar/Tur(whole),Hybrid,Non-FAQ,2026-07-28,5005.0,7255.0,6605.0,2250.0,34.06510219530659,2026,7,28
Gujarat,Jamnagar,Kalawad APMC,Bengal Gram(Gram)(Whole),Other,Local,2026-07-28,5820.0,6145.0,5985.0,325.0,5.430242272347535,2026,7,28
Gujarat,Jamnagar,Kalawad APMC,Corriander seed,Other,Local,2026-07-28,13850.0,14350.0,14115.0,500.0,3.5423308537017353,2026,7,28
Gujarat,Amreli,Damnagar APMC,Cauliflower,Cauliflower,Local,2026-07-28,5000.0,5000.0,5000.0,0.0,0.0,2026,7,28
Gujarat,Amreli,Damnagar APMC,Guar,Gwar,Local,2026-07-28,5000.0,5000.0,5000.0,0.0,0.0,2026,7,28
Gujarat,Amreli,Damnagar APMC,Bhindi(Ladies Finger),Bhindi,Local,2026-07-28,3000.0,3000.0,3000.0,0.0,0.0,2026,7,28
Gujarat,Amreli,Damnagar APMC,Lemon,Lemon,Local,2026-07-28,2500.0,2500.0,2500.0,0.0,0.0,2026,7,28
Gujarat,Amreli,Damnagar APMC,Tomato,Local,Local,2026-07-28,2500.0,2500.0,2500.0,0.0,0.0,2026,7,28
Tamil Nadu,Madurai,Chokkikulam(Uzhavar Sandhai ),Soyabean,Local,Local,2026-07-28,9000.0,10000.0,9500.0,1000.0,10.526315789473683,2026,7,28
Tamil Nadu,Madurai,Chokkikulam(Uzhavar Sandhai ),Apple,American,Local,2026-07-28,18000.0,27000.0,22500.0,9000.0,40.0,2026,7,28
Tamil Nadu,Madurai,Chokkikulam(Uzhavar Sandhai ),Onion,Bellary,Local,2026-07-28,3000.0,4000.0,3500.0,1000.0,28.57142857142857,2026,7,28
Tamil Nadu,Madurai,Chokkikulam(Uzhavar Sandhai ),Green Peas,Green Peas,Local,2026-07-28,14000.0,15000.0,14500.0,1000.0,6.896551724137931,2026,7,28
Tamil Nadu,Madurai,Chokkikulam(Uzhavar Sandhai ),Chikoos(Sapota),Sapota,Local,2026-07-28,4000.0,6000.0,5000.0,2000.0,40.0,2026,7,28
Tamil Nadu,Madurai,Chokkikulam(Uzhavar Sandhai ),Bhindi(Ladies Finger),Bhindi,Local,2026-07-28,4000.0,4200.0,4100.0,200.0,4.878048780487805,2026,7,28
Tamil Nadu,Madurai,Chokkikulam(Uzhavar Sandhai ),Green Chilli,Green Chilly,Local,2026-07-28,4500.0,5500.0,5000.0,1000.0,20.0,2026,7,28
Tamil Nadu,Madurai,Chokkikulam(Uzhavar Sandhai ),Ginger(Green),Green Ginger,Local,2026-07-28,15000.0,22000.0,18500.0,7000.0,37.83783783783784,2026,7,28
Tamil Nadu,Madurai,Chokkikulam(Uzhavar Sandhai ),Sweet Potato,Hosur Red,Local,2026-07-28,3600.0,4000.0,3800.0,400.0,10.526315789473683,2026,7,28
Tamil Nadu,Madurai,Chokkikulam(Uzhavar Sandhai ),Cucumbar(Kheera),Cucumbar,Local,2026-07-28,4000.0,5000.0,4500.0,1000.0,22.22222222222222,2026,7,28
Tamil Nadu,Madurai,Chokkikulam(Uzhavar Sandhai ),Ridgeguard(Tori),Ridgeguard(Tori),Local,2026-07-28,4000.0,6500.0,5250.0,2500.0,47.61904761904761,2026,7,28
Tamil Nadu,Madurai,Chokkikulam(Uzhavar Sandhai ),Raddish,Raddish,Local,2026-07-28,3000.0,3500.0,3250.0,500.0,15.384615384615385,2026,7,28
Tamil Nadu,Madurai,Chokkikulam(Uzhavar Sandhai ),Guava,Guava Allahabad,Local,2026-07-28,7000.0,8000.0,7500.0,1000.0,13.333333333333334,2026,7,28
Tamil Nadu,Madurai,Chokkikulam(Uzhavar Sandhai ),Elephant Yam(Suran)/Amorphophallus,Elephant Yam (Suran),Local,2026-07-28,4500.0,5500.0,5000.0,1000.0,20.0,2026,7,28
Tamil Nadu,Madurai,Chokkikulam(Uzhavar Sandhai ),Lemon,Lemon,Local,2026-07-28,6000.0,7000.0,6500.0,1000.0,15.384615384615385,2026,7,28
Tamil Nadu,Madurai,Chokkikulam(Uzhavar Sandhai ),Mashrooms,Mashrooms,Local,2026-07-28,22500.0,25000.0,23750.0,2500.0,10.526315789473683,2026,7,28
Tamil Nadu,Madurai,Chokkikulam(Uzhavar Sandhai ),Amla(Nelli Kai),Amla,Local,2026-07-28,6000.0,6500.0,6250.0,500.0,8.0,2026,7,28
Gujarat,Amreli,The Agricultural Produce Market Committee-Amreli,Groundnut,Other,FAQ,2026-07-28,4875.0,7400.0,6550.0,2525.0,38.54961832061068,2026,7,28
Gujarat,Surat,Surat APMC,Snakeguard,Other,FAQ,2026-07-28,2500.0,6000.0,4250.0,3500.0,82.35294117647058,2026,7,28
Gujarat,Surat,Surat APMC,Bitter gourd,Bitter Gourd,FAQ,2026-07-28,2000.0,4000.0,3000.0,2000.0,66.66666666666666,2026,7,28
Gujarat,Surat,Surat APMC,Capsicum,Other,FAQ,2026-07-28,2500.0,4500.0,3500.0,2000.0,57.14285714285714,2026,7,28
Gujarat,Surat,Surat APMC,Cauliflower,Cauliflower,FAQ,2026-07-28,1000.0,2000.0,1500.0,1000.0,66.66666666666666,2026,7,28
Gujarat,Surat,Surat APMC,Cowpea(Veg),Cowpea (Veg),FAQ,2026-07-28,7000.0,15000.0,11000.0,8000.0,72.72727272727273,2026,7,28
Gujarat,Surat,Surat APMC,Drumstick,Drumstick,FAQ,2026-07-28,2000.0,6500.0,4250.0,4500.0,105.88235294117648,2026,7,28
Gujarat,Surat,Surat APMC,Elephant Yam(Suran)/Amorphophallus,Other,FAQ,2026-07-28,3500.0,4500.0,4000.0,1000.0,25.0,2026,7,28
Gujarat,Surat,Surat APMC,Onion,Other,FAQ,2026-07-28,800.0,3300.0,2050.0,2500.0,121.95121951219512,2026,7,28
Gujarat,Surat,Surat APMC,Pointed gourd(Parval),Other,FAQ,2026-07-28,3000.0,4000.0,3500.0,1000.0,28.57142857142857,2026,7,28
Gujarat,Surat,Surat APMC,Ridgeguard(Tori),Other,FAQ,2026-07-28,2500.0,6000.0,4250.0,3500.0,82.35294117647058,2026,7,28
Gujarat,Surat,Surat APMC,Sponge gourd,Other,FAQ,2026-07-28,1500.0,4000.0,2750.0,2500.0,90.9090909090909,2026,7,28
Gujarat,Surat,Surat APMC,Tomato,Other,FAQ,2026-07-28,800.0,3500.0,2150.0,2700.0,125.5813953488372,2026,7,28
Keralam,Ernakulam,Kunnukara  VFPCK Market,Banana,Nendra Bale,Grade A,2026-07-28,5500.0,6000.0,5800.0,500.0,8.620689655172415,2026,7,28
Andhra Pradesh,NTR,Mylavaram APMC,Maize,Hybrid,Local,2026-07-28,2300.0,2300.0,2300.0,0.0,0.0,2026,7,28
Telangana,Warangal,Warangal APMC,Beetroot,Beetroot,FAQ,2026-07-28,3500.0,4000.0,3750.0,500.0,13.333333333333334,2026,7,28
Telangana,Warangal,Warangal APMC,Cabbage,Cabbage,FAQ,2026-07-28,1600.0,2000.0,1800.0,400.0,22.22222222222222,2026,7,28
Telangana,Warangal,Warangal APMC,Bhindi(Ladies Finger),Bhindi,FAQ,2026-07-28,800.0,1000.0,900.0,200.0,22.22222222222222,2026,7,28
Telangana,Warangal,Warangal APMC,Cauliflower,Cauliflower,FAQ,2026-07-28,3500.0,4000.0,3750.0,500.0,13.333333333333334,2026,7,28
Telangana,Warangal,Warangal APMC,Colacasia,Colacasia,FAQ,2026-07-28,2000.0,2500.0,2250.0,500.0,22.22222222222222,2026,7,28
Telangana,Warangal,Warangal APMC,French Beans(Frasbean),French Beans (Frasbean),FAQ,2026-07-28,9500.0,10000.0,9750.0,500.0,5.128205128205128,2026,7,28
Telangana,Warangal,Warangal APMC,Thondekai,Thondekai,FAQ,2026-07-28,800.0,1000.0,900.0,200.0,22.22222222222222,2026,7,28
Telangana,Warangal,Warangal APMC,Ridgeguard(Tori),Ridgeguard(Tori),FAQ,2026-07-28,2500.0,3000.0,2750.0,500.0,18.181818181818183,2026,7,28
Telangana,Warangal,Warangal APMC,Yam(Ratalu),Yam (Ratalu),FAQ,2026-07-28,3500.0,4000.0,3750.0,500.0,13.333333333333334,2026,7,28
Andhra Pradesh,Palnadu,Sattenapalli APMC,Paddy(Common),B P T,FAQ,2026-07-28,2350.0,2500.0,2400.0,150.0,6.25,2026,7,28
Andhra Pradesh,Palnadu,Sattenapalli APMC,Cotton,Bunny,FAQ,2026-07-28,7500.0,8000.0,7700.0,500.0,6.493506493506493,2026,7,28
Keralam,Kozhikode(Calicut),Vengeri(Kozhikode) Market,Cowpea(Veg),Cowpea (Veg),FAQ,2026-07-28,4700.0,5000.0,5000.0,300.0,6.0,2026,7,28
Keralam,Kozhikode(Calicut),Vengeri(Kozhikode) Market,Drumstick,Drumstick,FAQ,2026-07-28,4300.0,4600.0,4600.0,300.0,6.521739130434782,2026,7,28
Punjab,Gurdaspur,Batala APMC,Cauliflower,Ranchi,Grade C,2026-07-28,3800.0,4200.0,4000.0,400.0,10.0,2026,7,28
Punjab,Gurdaspur,Batala APMC,Garlic,Desi,Local,2026-07-28,11000.0,12500.0,12000.0,1500.0,12.5,2026,7,28
Punjab,Gurdaspur,Batala APMC,Cucumbar(Kheera),Other,Grade C,2026-07-28,2000.0,2800.0,2500.0,800.0,32.0,2026,7,28
Andhra Pradesh,Ananthapuramu,Tadipatri APMC,Red gram/Arhar/Tur(whole),Local,Grade Range-1,2026-07-28,5600.0,6100.0,5800.0,500.0,8.620689655172415,2026,7,28
Andhra Pradesh,Sri Sathya Sai,Kadiri APMC,Tamarind Fruit,Other,Local,2026-07-28,6800.0,9500.0,8000.0,2700.0,33.75,2026,7,28
Keralam,Thiruvananthapuram,Chala Market,Apple,Other,Medium,2026-07-28,26000.0,27000.0,26000.0,1000.0,3.8461538461538463,2026,7,28
Keralam,Thiruvananthapuram,Chala Market,Banana,Palayamthodan,Medium,2026-07-28,2700.0,2800.0,2700.0,100.0,3.7037037037037033,2026,7,28
Keralam,Thiruvananthapuram,Chala Market,Banana,Poovan,Medium,2026-07-28,4500.0,4600.0,4500.0,100.0,2.2222222222222223,2026,7,28
Keralam,Thiruvananthapuram,Chala Market,Banana,Red Banana,Medium,2026-07-28,4500.0,4600.0,4500.0,100.0,2.2222222222222223,2026,7,28
Uttarakhand,Haridwar,Roorkee APMC,Bhindi(Ladies Finger),Other,Local,2026-07-28,1100.0,1500.0,1300.0,400.0,30.76923076923077,2026,7,28
Uttarakhand,Haridwar,Roorkee APMC,Bitter gourd,Other,Local,2026-07-28,650.0,850.0,750.0,200.0,26.666666666666668,2026,7,28
Tamil Nadu,Cuddalore,Viruthachalam(Uzhavar Sandhai ),Onion,Bellary,Local,2026-07-28,3500.0,3500.0,3500.0,0.0,0.0,2026,7,28
Tamil Nadu,Cuddalore,Viruthachalam(Uzhavar Sandhai ),Cluster beans,Cluster Beans,Local,2026-07-28,4000.0,4000.0,4000.0,0.0,0.0,2026,7,28
Tamil Nadu,Cuddalore,Viruthachalam(Uzhavar Sandhai ),Bhindi(Ladies Finger),Bhindi,Local,2026-07-28,3000.0,3000.0,3000.0,0.0,0.0,2026,7,28
Tamil Nadu,Cuddalore,Viruthachalam(Uzhavar Sandhai ),Beans,Beans (Whole),Local,2026-07-28,9000.0,9000.0,9000.0,0.0,0.0,2026,7,28
Tamil Nadu,Cuddalore,Viruthachalam(Uzhavar Sandhai ),Ridgeguard(Tori),Ridgeguard(Tori),Local,2026-07-28,6000.0,6000.0,6000.0,0.0,0.0,2026,7,28
Tamil Nadu,Cuddalore,Viruthachalam(Uzhavar Sandhai ),Chow Chow,Chow Chow,Local,2026-07-28,3500.0,3500.0,3500.0,0.0,0.0,2026,7,28
Tamil Nadu,Cuddalore,Viruthachalam(Uzhavar Sandhai ),Mango(Raw-Ripe),Mango - Raw-Ripe,Local,2026-07-28,3000.0,3000.0,3000.0,0.0,0.0,2026,7,28
Tamil Nadu,Cuddalore,Viruthachalam(Uzhavar Sandhai ),Lemon,Lemon,Local,2026-07-28,6000.0,6000.0,6000.0,0.0,0.0,2026,7,28
Tamil Nadu,Dharmapuri,Dharmapuri(Uzhavar Sandhai ),Banana,Besrai,Local,2026-07-28,4800.0,5000.0,4900.0,200.0,4.081632653061225,2026,7,28
Tamil Nadu,Dharmapuri,Dharmapuri(Uzhavar Sandhai ),Onion,Bellary,Local,2026-07-28,3500.0,3800.0,3650.0,300.0,8.21917808219178,2026,7,28
Tamil Nadu,Dharmapuri,Dharmapuri(Uzhavar Sandhai ),Pumpkin,Pumpkin,Local,2026-07-28,1600.0,2000.0,1800.0,400.0,22.22222222222222,2026,7,28
Tamil Nadu,Dharmapuri,Dharmapuri(Uzhavar Sandhai ),Beans,Beans (Whole),Local,2026-07-28,10600.0,11000.0,10800.0,400.0,3.7037037037037033,2026,7,28
Tamil Nadu,Dharmapuri,Dharmapuri(Uzhavar Sandhai ),Snakeguard,Snakeguard,Local,2026-07-28,2200.0,2400.0,2300.0,200.0,8.695652173913043,2026,7,28
Tamil Nadu,Dharmapuri,Dharmapuri(Uzhavar Sandhai ),Ridgeguard(Tori),Ridgeguard(Tori),Local,2026-07-28,3500.0,3800.0,3650.0,300.0,8.21917808219178,2026,7,28
Tamil Nadu,Dharmapuri,Dharmapuri(Uzhavar Sandhai ),Raddish,Raddish,Local,2026-07-28,1800.0,2000.0,1900.0,200.0,10.526315789473683,2026,7,28
Tamil Nadu,Dharmapuri,Dharmapuri(Uzhavar Sandhai ),Thondekai,Thondekai,Local,2026-07-28,4500.0,4800.0,4650.0,300.0,6.451612903225806,2026,7,28
Tamil Nadu,Dharmapuri,Dharmapuri(Uzhavar Sandhai ),Chow Chow,Chow Chow,Local,2026-07-28,4500.0,4800.0,4650.0,300.0,6.451612903225806,2026,7,28
Tamil Nadu,Dharmapuri,Dharmapuri(Uzhavar Sandhai ),Karbuja(Musk Melon),Karbhuja,Local,2026-07-28,2800.0,3000.0,2900.0,200.0,6.896551724137931,2026,7,28
Tamil Nadu,Dharmapuri,Dharmapuri(Uzhavar Sandhai ),Marigold(Calcutta),Marigold(Calcutta),Local,2026-07-28,13600.0,14000.0,13800.0,400.0,2.898550724637681,2026,7,28
Tamil Nadu,Dharmapuri,Dharmapuri(Uzhavar Sandhai ),Tamarind Fruit,Tamarind Fruit,Local,2026-07-28,11500.0,11700.0,11600.0,200.0,1.7241379310344827,2026,7,28
Tamil Nadu,Dharmapuri,Palacode(Uzhavar Sandhai ),Onion,Bellary,Local,2026-07-28,3600.0,3800.0,3700.0,200.0,5.405405405405405,2026,7,28
Tamil Nadu,Dharmapuri,Palacode(Uzhavar Sandhai ),Potato,Other,Local,2026-07-28,2800.0,3000.0,2900.0,200.0,6.896551724137931,2026,7,28
Tamil Nadu,Dharmapuri,Palacode(Uzhavar Sandhai ),Tomato,Local,Local,2026-07-28,1400.0,1600.0,1500.0,200.0,13.333333333333334,2026,7,28
Tamil Nadu,Dharmapuri,Palacode(Uzhavar Sandhai ),Bhindi(Ladies Finger),Bhindi,Local,2026-07-28,2200.0,2500.0,2350.0,300.0,12.76595744680851,2026,7,28
Tamil Nadu,Dharmapuri,Palacode(Uzhavar Sandhai ),Beans,Beans (Whole),Local,2026-07-28,9500.0,10000.0,9750.0,500.0,5.128205128205128,2026,7,28
Tamil Nadu,Dharmapuri,Palacode(Uzhavar Sandhai ),Cabbage,Cabbage,Local,2026-07-28,3800.0,4000.0,3900.0,200.0,5.128205128205128,2026,7,28
Tamil Nadu,Dharmapuri,Palacode(Uzhavar Sandhai ),Green Avare(W),Green Avare (W),Local,2026-07-28,5200.0,5500.0,5350.0,300.0,5.607476635514018,2026,7,28
Tamil Nadu,Dharmapuri,Palacode(Uzhavar Sandhai ),Chow Chow,Chow Chow,Local,2026-07-28,4600.0,5000.0,4800.0,400.0,8.333333333333332,2026,7,28
Tamil Nadu,Dharmapuri,Palacode(Uzhavar Sandhai ),Mint(Pudina),Mint(Pudina),Local,2026-07-28,6000.0,6500.0,6250.0,500.0,8.0,2026,7,28
Tamil Nadu,Dharmapuri,Palacode(Uzhavar Sandhai ),Sweet Corn,Sweet Corn,Local,2026-07-28,2800.0,3000.0,2900.0,200.0,6.896551724137931,2026,7,28
Tamil Nadu,Erode,Periyar Nagar(Uzhavar Sandhai ),Papaya,Papaya,Local,2026-07-28,2600.0,3000.0,2800.0,400.0,14.285714285714285,2026,7,28
Tamil Nadu,Erode,Periyar Nagar(Uzhavar Sandhai ),Mango,Neelam,Local,2026-07-28,5500.0,6000.0,5750.0,500.0,8.695652173913043,2026,7,28
Tamil Nadu,Erode,Periyar Nagar(Uzhavar Sandhai ),Cowpea(Veg),Cowpea (Veg),Local,2026-07-28,3000.0,3500.0,3250.0,500.0,15.384615384615385,2026,7,28
Tamil Nadu,Erode,Periyar Nagar(Uzhavar Sandhai ),Snakeguard,Snakeguard,Local,2026-07-28,3000.0,3400.0,3200.0,400.0,12.5,2026,7,28
Tamil Nadu,Erode,Periyar Nagar(Uzhavar Sandhai ),Elephant Yam(Suran)/Amorphophallus,Elephant Yam (Suran),Local,2026-07-28,2600.0,3000.0,2800.0,400.0,14.285714285714285,2026,7,28
Tamil Nadu,Erode,Perundurai(Uzhavar Sandhai ),Potato,Other,Local,2026-07-28,3200.0,3500.0,3350.0,300.0,8.955223880597014,2026,7,28
Tamil Nadu,Erode,Perundurai(Uzhavar Sandhai ),Cauliflower,Ranchi,Local,2026-07-28,2600.0,3000.0,2800.0,400.0,14.285714285714285,2026,7,28
Tamil Nadu,Erode,Perundurai(Uzhavar Sandhai ),Tomato,Deshi,Local,2026-07-28,1500.0,1800.0,1650.0,300.0,18.181818181818183,2026,7,28
Tamil Nadu,Erode,Perundurai(Uzhavar Sandhai ),Ashgourd,Gouard,Local,2026-07-28,2000.0,2200.0,2100.0,200.0,9.523809523809524,2026,7,28
Tamil Nadu,Erode,Perundurai(Uzhavar Sandhai ),Tapioca,Tapioca,Local,2026-07-28,2000.0,2400.0,2200.0,400.0,18.181818181818183,2026,7,28
Tamil Nadu,Erode,Perundurai(Uzhavar Sandhai ),Beetroot,Beetroot,Local,2026-07-28,7500.0,8000.0,7750.0,500.0,6.451612903225806,2026,7,28
Tamil Nadu,Erode,Perundurai(Uzhavar Sandhai ),Chow Chow,Chow Chow,Local,2026-07-28,2500.0,2800.0,2650.0,300.0,11.320754716981133,2026,7,28
Tamil Nadu,Erode,Thalavadi(Uzhavar Sandhai ),Tomato,Other,Local,2026-07-28,1200.0,1500.0,1350.0,300.0,22.22222222222222,2026,7,28
Tamil Nadu,Erode,Thalavadi(Uzhavar Sandhai ),Bhindi(Ladies Finger),Bhindi,Local,2026-07-28,3000.0,3500.0,3250.0,500.0,15.384615384615385,2026,7,28
Tamil Nadu,Erode,Thalavadi(Uzhavar Sandhai ),Coconut,Coconut,Local,2026-07-28,4500.0,5000.0,4750.0,500.0,10.526315789473683,2026,7,28
Tamil Nadu,Erode,Thalavadi(Uzhavar Sandhai ),Carrot,Pusakesar,Local,2026-07-28,8500.0,9000.0,8750.0,500.0,5.714285714285714,2026,7,28
Tamil Nadu,Erode,Thalavadi(Uzhavar Sandhai ),Cabbage,Cabbage,Local,2026-07-28,2400.0,2800.0,2600.0,400.0,15.384615384615385,2026,7,28
Tamil Nadu,Erode,Thalavadi(Uzhavar Sandhai ),Beetroot,Beetroot,Local,2026-07-28,3500.0,4000.0,3750.0,500.0,13.333333333333334,2026,7,28
Tamil Nadu,Erode,Thalavadi(Uzhavar Sandhai ),Ridgeguard(Tori),Ridgeguard(Tori),Local,2026-07-28,3500.0,4000.0,3750.0,500.0,13.333333333333334,2026,7,28
Tamil Nadu,Erode,Thalavadi(Uzhavar Sandhai ),Raddish,Raddish,Local,2026-07-28,2400.0,2800.0,2600.0,400.0,15.384615384615385,2026,7,28
Tamil Nadu,Kallakuruchi,Sankarapuram(Uzhavar Sandhai ),Groundnut,Big (With Shell),Local,2026-07-28,7000.0,7000.0,7000.0,0.0,0.0,2026,7,28
Tamil Nadu,Kallakuruchi,Sankarapuram(Uzhavar Sandhai ),Papaya,Papaya,Local,2026-07-28,3000.0,3000.0,3000.0,0.0,0.0,2026,7,28
Tamil Nadu,Kallakuruchi,Sankarapuram(Uzhavar Sandhai ),Chikoos(Sapota),Sapota,Local,2026-07-28,5000.0,5000.0,5000.0,0.0,0.0,2026,7,28
Tamil Nadu,Kallakuruchi,Sankarapuram(Uzhavar Sandhai ),Cluster beans,Cluster Beans,Local,2026-07-28,4000.0,4000.0,4000.0,0.0,0.0,2026,7,28
Tamil Nadu,Kallakuruchi,Sankarapuram(Uzhavar Sandhai ),Ashgourd,Gouard,Local,2026-07-28,2000.0,2000.0,2000.0,0.0,0.0,2026,7,28
Tamil Nadu,Kallakuruchi,Sankarapuram(Uzhavar Sandhai ),Beans,Beans (Whole),Local,2026-07-28,10000.0,10000.0,10000.0,0.0,0.0,2026,7,28
Tamil Nadu,Kallakuruchi,Sankarapuram(Uzhavar Sandhai ),Tapioca,Tapioca,Local,2026-07-28,3000.0,3000.0,3000.0,0.0,0.0,2026,7,28
Tamil Nadu,Kallakuruchi,Sankarapuram(Uzhavar Sandhai ),Coconut,Coconut,Local,2026-07-28,6000.0,6000.0,6000.0,0.0,0.0,2026,7,28
Tamil Nadu,Kallakuruchi,Sankarapuram(Uzhavar Sandhai ),Mango(Raw-Ripe),Mango - Raw-Ripe,Local,2026-07-28,2000.0,2000.0,2000.0,0.0,0.0,2026,7,28
Tamil Nadu,Kallakuruchi,Sankarapuram(Uzhavar Sandhai ),Guava,Guava Allahabad,Local,2026-07-28,5000.0,5000.0,5000.0,0.0,0.0,2026,7,28
Tamil Nadu,Kallakuruchi,Sankarapuram(Uzhavar Sandhai ),Tender Coconut,Tender Coconut,Local,2026-07-28,3000.0,3000.0,3000.0,0.0,0.0,2026,7,28
Tamil Nadu,Kancheepuram,Kundrathur(Uzhavar Sandhai ),Amaranthus,Amaranthus,Local,2026-07-28,3000.0,3000.0,3000.0,0.0,0.0,2026,7,28
Tamil Nadu,Kancheepuram,Kundrathur(Uzhavar Sandhai ),Coconut,Coconut,Local,2026-07-28,5000.0,6000.0,5500.0,1000.0,18.181818181818183,2026,7,28
Tamil Nadu,Kancheepuram,Kundrathur(Uzhavar Sandhai ),Raddish,Raddish,Local,2026-07-28,3000.0,3000.0,3000.0,0.0,0.0,2026,7,28
Tamil Nadu,Kancheepuram,Kundrathur(Uzhavar Sandhai ),Thondekai,Thondekai,Local,2026-07-28,4000.0,4000.0,4000.0,0.0,0.0,2026,7,28
Tamil Nadu,Kancheepuram,Sunguvarchatram(Uzhavar Sandhai ),Banana,Red Banana,Local,2026-07-28,7000.0,8000.0,7500.0,1000.0,13.333333333333334,2026,7,28
Tamil Nadu,Kancheepuram,Sunguvarchatram(Uzhavar Sandhai ),Onion,Bellary,Local,2026-07-28,3000.0,3500.0,3250.0,500.0,15.384615384615385,2026,7,28
Tamil Nadu,Kancheepuram,Sunguvarchatram(Uzhavar Sandhai ),Green Chilli,Green Chilly,Local,2026-07-28,5000.0,6000.0,5500.0,1000.0,18.181818181818183,2026,7,28
Tamil Nadu,Kancheepuram,Sunguvarchatram(Uzhavar Sandhai ),Beans,Beans (Whole),Local,2026-07-28,6000.0,7000.0,6500.0,1000.0,15.384615384615385,2026,7,28
Tamil Nadu,Kancheepuram,Sunguvarchatram(Uzhavar Sandhai ),Beetroot,Beetroot,Local,2026-07-28,4000.0,4000.0,4000.0,0.0,0.0,2026,7,28
Tamil Nadu,Kancheepuram,Sunguvarchatram(Uzhavar Sandhai ),Colacasia,Colacasia,Local,2026-07-28,3000.0,3000.0,3000.0,0.0,0.0,2026,7,28
Tamil Nadu,Krishnagiri,Avallapalli(Uzhavar Sandhai ),Onion,Bellary,Local,2026-07-28,3500.0,4000.0,3750.0,500.0,13.333333333333334,2026,7,28
Tamil Nadu,Krishnagiri,Avallapalli(Uzhavar Sandhai ),Cauliflower,Ranchi,Local,2026-07-28,3500.0,4000.0,3750.0,500.0,13.333333333333334,2026,7,28
Tamil Nadu,Krishnagiri,Avallapalli(Uzhavar Sandhai ),Tomato,Deshi,Local,2026-07-28,1500.0,1700.0,1600.0,200.0,12.5,2026,7,28
Tamil Nadu,Krishnagiri,Avallapalli(Uzhavar Sandhai ),Bhindi(Ladies Finger),Bhindi,Local,2026-07-28,3000.0,3500.0,3250.0,500.0,15.384615384615385,2026,7,28
Tamil Nadu,Krishnagiri,Avallapalli(Uzhavar Sandhai ),Beans,Beans (Whole),Local,2026-07-28,9000.0,10000.0,9500.0,1000.0,10.526315789473683,2026,7,28
Tamil Nadu,Krishnagiri,Avallapalli(Uzhavar Sandhai ),Ginger(Green),Green Ginger,Local,2026-07-28,18000.0,20000.0,19000.0,2000.0,10.526315789473683,2026,7,28
Tamil Nadu,Krishnagiri,Avallapalli(Uzhavar Sandhai ),Coconut,Coconut,Local,2026-07-28,5000.0,5500.0,5250.0,500.0,9.523809523809524,2026,7,28
Tamil Nadu,Krishnagiri,Avallapalli(Uzhavar Sandhai ),Capsicum,Capsicum,Local,2026-07-28,4500.0,5000.0,4750.0,500.0,10.526315789473683,2026,7,28
Tamil Nadu,Krishnagiri,Avallapalli(Uzhavar Sandhai ),Onion Green,Onion Green,Local,2026-07-28,7000.0,8000.0,7500.0,1000.0,13.333333333333334,2026,7,28
Tamil Nadu,Dharmapuri,Karimangalam(Uzhavar Sandhai),Coriander(Leaves),I Sort,Local,2026-07-28,6500.0,7000.0,6750.0,500.0,7.4074074074074066,2026,7,28
Tamil Nadu,Dharmapuri,Karimangalam(Uzhavar Sandhai),Bitter gourd,Other,Local,2026-07-28,4500.0,5000.0,4750.0,500.0,10.526315789473683,2026,7,28
Tamil Nadu,Dharmapuri,Karimangalam(Uzhavar Sandhai),Bottle gourd,Bottle Gourd,Local,2026-07-28,2300.0,2500.0,2400.0,200.0,8.333333333333332,2026,7,28
Tamil Nadu,Dharmapuri,Karimangalam(Uzhavar Sandhai),Bhindi(Ladies Finger),Bhindi,Local,2026-07-28,2600.0,2800.0,2700.0,200.0,7.4074074074074066,2026,7,28
Tamil Nadu,Dharmapuri,Karimangalam(Uzhavar Sandhai),Cabbage,Cabbage,Local,2026-07-28,4000.0,4500.0,4250.0,500.0,11.76470588235294,2026,7,28
Tamil Nadu,Dharmapuri,Karimangalam(Uzhavar Sandhai),Snakeguard,Snakeguard,Local,2026-07-28,2800.0,3000.0,2900.0,200.0,6.896551724137931,2026,7,28
Tamil Nadu,Dharmapuri,Karimangalam(Uzhavar Sandhai),Cucumbar(Kheera),Cucumbar,Local,2026-07-28,4000.0,4500.0,4250.0,500.0,11.76470588235294,2026,7,28
Tamil Nadu,Dharmapuri,Karimangalam(Uzhavar Sandhai),Knool Khol,Knool Khol,Local,2026-07-28,5500.0,6000.0,5750.0,500.0,8.695652173913043,2026,7,28
Tamil Nadu,Krishnagiri,Denkanikottai(Uzhavar Sandhai ),Papaya,Papaya,Local,2026-07-28,3000.0,3500.0,3250.0,500.0,15.384615384615385,2026,7,28
Tamil Nadu,Krishnagiri,Denkanikottai(Uzhavar Sandhai ),Brinjal,Round,Local,2026-07-28,3500.0,4000.0,3750.0,500.0,13.333333333333334,2026,7,28
Tamil Nadu,Krishnagiri,Denkanikottai(Uzhavar Sandhai ),Cluster beans,Cluster Beans,Local,2026-07-28,4000.0,5000.0,4500.0,1000.0,22.22222222222222,2026,7,28
Tamil Nadu,Krishnagiri,Denkanikottai(Uzhavar Sandhai ),Coconut,Coconut,Local,2026-07-28,5000.0,5500.0,5250.0,500.0,9.523809523809524,2026,7,28
Tamil Nadu,Krishnagiri,Denkanikottai(Uzhavar Sandhai ),Lemon,Lemon,Local,2026-07-28,8000.0,9000.0,8500.0,1000.0,11.76470588235294,2026,7,28
Tamil Nadu,Krishnagiri,Hosur(Uzhavar Sandhai ),Pineapple,Pine Apple,Local,2026-07-28,7000.0,8000.0,7500.0,1000.0,13.333333333333334,2026,7,28
Tamil Nadu,Krishnagiri,Hosur(Uzhavar Sandhai ),Grapes,Annabesahai,Local,2026-07-28,10000.0,12000.0,11000.0,2000.0,18.181818181818183,2026,7,28
Tamil Nadu,Krishnagiri,Hosur(Uzhavar Sandhai ),Potato,Red Nanital,Local,2026-07-28,2000.0,2500.0,2250.0,500.0,22.22222222222222,2026,7,28
Tamil Nadu,Krishnagiri,Hosur(Uzhavar Sandhai ),Garlic,Garlic,Local,2026-07-28,22000.0,24000.0,23000.0,2000.0,8.695652173913043,2026,7,28
Tamil Nadu,Krishnagiri,Hosur(Uzhavar Sandhai ),Brinjal,Round,Local,2026-07-28,3500.0,4000.0,3750.0,500.0,13.333333333333334,2026,7,28
Tamil Nadu,Krishnagiri,Hosur(Uzhavar Sandhai ),Pumpkin,Pumpkin,Local,2026-07-28,2000.0,2500.0,2250.0,500.0,22.22222222222222,2026,7,28
Tamil Nadu,Krishnagiri,Hosur(Uzhavar Sandhai ),Sweet Potato,Hosur Red,Local,2026-07-28,4000.0,5000.0,4500.0,1000.0,22.22222222222222,2026,7,28
Tamil Nadu,Krishnagiri,Hosur(Uzhavar Sandhai ),Cabbage,Cabbage,Local,2026-07-28,2500.0,3000.0,2750.0,500.0,18.181818181818183,2026,7,28
Tamil Nadu,Krishnagiri,Hosur(Uzhavar Sandhai ),Capsicum,Capsicum,Local,2026-07-28,4000.0,5000.0,4500.0,1000.0,22.22222222222222,2026,7,28
Tamil Nadu,Krishnagiri,Hosur(Uzhavar Sandhai ),Karbuja(Musk Melon),Karbhuja,Local,2026-07-28,3000.0,3500.0,3250.0,500.0,15.384615384615385,2026,7,28
Tamil Nadu,Krishnagiri,Hosur(Uzhavar Sandhai ),Mint(Pudina),Mint(Pudina),Local,2026-07-28,3500.0,4000.0,3750.0,500.0,13.333333333333334,2026,7,28
Tamil Nadu,Krishnagiri,Krishnagiri(Uzhavar Sandhai ),Mango,Safeda,Local,2026-07-28,2500.0,3000.0,2750.0,500.0,18.181818181818183,2026,7,28
Tamil Nadu,Krishnagiri,Krishnagiri(Uzhavar Sandhai ),Tomato,Deshi,Local,2026-07-28,1500.0,2000.0,1750.0,500.0,28.57142857142857,2026,7,28
Tamil Nadu,Krishnagiri,Krishnagiri(Uzhavar Sandhai ),Cluster beans,Cluster Beans,Local,2026-07-28,3000.0,4000.0,3500.0,1000.0,28.57142857142857,2026,7,28
Tamil Nadu,Krishnagiri,Krishnagiri(Uzhavar Sandhai ),Bottle gourd,Bottle Gourd,Local,2026-07-28,1500.0,2000.0,1750.0,500.0,28.57142857142857,2026,7,28
Tamil Nadu,Krishnagiri,Krishnagiri(Uzhavar Sandhai ),Green Chilli,Green Chilly,Local,2026-07-28,3000.0,3800.0,3400.0,800.0,23.52941176470588,2026,7,28
Tamil Nadu,Krishnagiri,Krishnagiri(Uzhavar Sandhai ),Beetroot,Beetroot,Local,2026-07-28,4000.0,5000.0,4500.0,1000.0,22.22222222222222,2026,7,28
Tamil Nadu,Krishnagiri,Krishnagiri(Uzhavar Sandhai ),Ridgeguard(Tori),Ridgeguard(Tori),Local,2026-07-28,2500.0,3000.0,2750.0,500.0,18.181818181818183,2026,7,28
Tamil Nadu,Krishnagiri,Krishnagiri(Uzhavar Sandhai ),Chow Chow,Chow Chow,Local,2026-07-28,4000.0,5000.0,4500.0,1000.0,22.22222222222222,2026,7,28
Tamil Nadu,Krishnagiri,Krishnagiri(Uzhavar Sandhai ),Drumstick,Drumstick,Local,2026-07-28,7000.0,8000.0,7500.0,1000.0,13.333333333333334,2026,7,28
Tamil Nadu,Krishnagiri,Krishnagiri(Uzhavar Sandhai ),Rose(Local),Rose (Local),Local,2026-07-28,19000.0,20000.0,19500.0,1000.0,5.128205128205128,2026,7,28
Tamil Nadu,Madurai,Anaiyur(Uzhavar Sandhai ),Papaya,Papaya,Local,2026-07-28,4000.0,4500.0,4250.0,500.0,11.76470588235294,2026,7,28
Tamil Nadu,Madurai,Anaiyur(Uzhavar Sandhai ),Grapes,Annabesahai,Local,2026-07-28,10000.0,11000.0,10500.0,1000.0,9.523809523809524,2026,7,28
Tamil Nadu,Madurai,Anaiyur(Uzhavar Sandhai ),Cauliflower,Ranchi,Local,2026-07-28,2500.0,2800.0,2650.0,300.0,11.320754716981133,2026,7,28
Tamil Nadu,Madurai,Anaiyur(Uzhavar Sandhai ),Brinjal,Round,Local,2026-07-28,5000.0,5500.0,5250.0,500.0,9.523809523809524,2026,7,28
Tamil Nadu,Madurai,Anaiyur(Uzhavar Sandhai ),Coriander(Leaves),I Sort,Local,2026-07-28,5000.0,5500.0,5250.0,500.0,9.523809523809524,2026,7,28
Tamil Nadu,Madurai,Anaiyur(Uzhavar Sandhai ),Ashgourd,Gouard,Local,2026-07-28,2400.0,2600.0,2500.0,200.0,8.0,2026,7,28
Tamil Nadu,Madurai,Anaiyur(Uzhavar Sandhai ),Knool Khol,Knool Khol,Local,2026-07-28,5500.0,6500.0,6000.0,1000.0,16.666666666666664,2026,7,28
Tamil Nadu,Madurai,Anaiyur(Uzhavar Sandhai ),Elephant Yam(Suran)/Amorphophallus,Elephant Yam (Suran),Local,2026-07-28,4000.0,4500.0,4250.0,500.0,11.76470588235294,2026,7,28
Tamil Nadu,Madurai,Anaiyur(Uzhavar Sandhai ),Lemon,Lemon,Local,2026-07-28,6000.0,7000.0,6500.0,1000.0,15.384615384615385,2026,7,28
Tamil Nadu,Madurai,Anaiyur(Uzhavar Sandhai ),Colacasia,Colacasia,Local,2026-07-28,4000.0,5000.0,4500.0,1000.0,22.22222222222222,2026,7,28
Tamil Nadu,Madurai,Anaiyur(Uzhavar Sandhai ),Amla(Nelli Kai),Amla,Local,2026-07-28,6000.0,6500.0,6250.0,500.0,8.0,2026,7,28
Tamil Nadu,Madurai,Usilampatti(Uzhavar Sandhai ),Ashgourd,Gouard,Local,2026-07-28,2400.0,2600.0,2500.0,200.0,8.0,2026,7,28
Tamil Nadu,Madurai,Usilampatti(Uzhavar Sandhai ),Green Chilli,Green Chilly,Local,2026-07-28,4500.0,5500.0,5000.0,1000.0,20.0,2026,7,28
Tamil Nadu,Madurai,Usilampatti(Uzhavar Sandhai ),Coconut,Coconut,Local,2026-07-28,5800.0,6000.0,5900.0,200.0,3.389830508474576,2026,7,28
Tamil Nadu,Madurai,Usilampatti(Uzhavar Sandhai ),Mint(Pudina),Mint(Pudina),Local,2026-07-28,4000.0,4500.0,4250.0,500.0,11.76470588235294,2026,7,28
Tamil Nadu,Nagapattinam,Nagapattinam(Uzhavar Sandhai ),Ashgourd,Gouard,Local,2026-07-28,2900.0,3300.0,3100.0,400.0,12.903225806451612,2026,7,28
Tamil Nadu,Nagapattinam,Nagapattinam(Uzhavar Sandhai ),Amaranthus,Amaranthus,Local,2026-07-28,1500.0,1800.0,1650.0,300.0,18.181818181818183,2026,7,28
Tamil Nadu,Nagapattinam,Nagapattinam(Uzhavar Sandhai ),Beans,Beans (Whole),Local,2026-07-28,9700.0,9700.0,9700.0,0.0,0.0,2026,7,28
Tamil Nadu,Nagapattinam,Nagapattinam(Uzhavar Sandhai ),Ridgeguard(Tori),Ridgeguard(Tori),Local,2026-07-28,4400.0,4800.0,4600.0,400.0,8.695652173913043,2026,7,28
Tamil Nadu,Nagapattinam,Nagapattinam(Uzhavar Sandhai ),Drumstick,Drumstick,Local,2026-07-28,4500.0,4500.0,4500.0,0.0,0.0,2026,7,28
Tamil Nadu,Nagapattinam,Nagapattinam(Uzhavar Sandhai ),Lemon,Lemon,Local,2026-07-28,3500.0,4000.0,3750.0,500.0,13.333333333333334,2026,7,28
Tamil Nadu,Nagapattinam,Sirkali(Uzhavar Sandhai ),Cauliflower,Ranchi,Local,2026-07-28,5000.0,5000.0,5000.0,0.0,0.0,2026,7,28
Tamil Nadu,Nagapattinam,Sirkali(Uzhavar Sandhai ),Brinjal,Round,Local,2026-07-28,5000.0,5500.0,5250.0,500.0,9.523809523809524,2026,7,28
Tamil Nadu,Nagapattinam,Sirkali(Uzhavar Sandhai ),Tomato,Deshi,Local,2026-07-28,2000.0,2500.0,2250.0,500.0,22.22222222222222,2026,7,28
Tamil Nadu,Nagapattinam,Sirkali(Uzhavar Sandhai ),Pumpkin,Pumpkin,Local,2026-07-28,2500.0,3000.0,2750.0,500.0,18.181818181818183,2026,7,28
Tamil Nadu,Nagapattinam,Sirkali(Uzhavar Sandhai ),Cucumbar(Kheera),Cucumbar,Local,2026-07-28,2500.0,3000.0,2750.0,500.0,18.181818181818183,2026,7,28
Tamil Nadu,Nagapattinam,Sirkali(Uzhavar Sandhai ),Raddish,Raddish,Local,2026-07-28,3600.0,4000.0,3800.0,400.0,10.526315789473683,2026,7,28
Tamil Nadu,Nagapattinam,Sirkali(Uzhavar Sandhai ),Green Avare(W),Green Avare (W),Local,2026-07-28,6500.0,7000.0,6750.0,500.0,7.4074074074074066,2026,7,28
Tamil Nadu,Nagapattinam,Sirkali(Uzhavar Sandhai ),Chow Chow,Chow Chow,Local,2026-07-28,3000.0,3000.0,3000.0,0.0,0.0,2026,7,28
Tamil Nadu,Nagapattinam,Sirkali(Uzhavar Sandhai ),Tamarind Fruit,Tamarind Fruit,Local,2026-07-28,15000.0,15000.0,15000.0,0.0,0.0,2026,7,28
Tamil Nadu,Nagapattinam,Sirkali(Uzhavar Sandhai ),Mint(Pudina),Mint(Pudina),Local,2026-07-28,4000.0,4500.0,4250.0,500.0,11.76470588235294,2026,7,28
Tamil Nadu,Namakkal,Kumarapalayam(Uzhavar Sandhai ),Papaya,Papaya,Local,2026-07-28,3000.0,3500.0,3250.0,500.0,15.384615384615385,2026,7,28
Tamil Nadu,Namakkal,Kumarapalayam(Uzhavar Sandhai ),Potato,Red Nanital,Local,2026-07-28,2500.0,3000.0,2750.0,500.0,18.181818181818183,2026,7,28
Tamil Nadu,Namakkal,Kumarapalayam(Uzhavar Sandhai ),Brinjal,Round,Local,2026-07-28,5000.0,5500.0,5250.0,500.0,9.523809523809524,2026,7,28
Tamil Nadu,Namakkal,Kumarapalayam(Uzhavar Sandhai ),Bottle gourd,Bottle Gourd,Local,2026-07-28,1500.0,2000.0,1750.0,500.0,28.57142857142857,2026,7,28
Tamil Nadu,Namakkal,Kumarapalayam(Uzhavar Sandhai ),Amaranthus,Amaranthus,Local,2026-07-28,3500.0,4000.0,3750.0,500.0,13.333333333333334,2026,7,28
Tamil Nadu,Namakkal,Kumarapalayam(Uzhavar Sandhai ),Banana - Green,Banana - Green,Local,2026-07-28,3500.0,4000.0,3750.0,500.0,13.333333333333334,2026,7,28
Tamil Nadu,Namakkal,Kumarapalayam(Uzhavar Sandhai ),Beetroot,Beetroot,Local,2026-07-28,7000.0,8000.0,7500.0,1000.0,13.333333333333334,2026,7,28
Tamil Nadu,Namakkal,Kumarapalayam(Uzhavar Sandhai ),Elephant Yam(Suran)/Amorphophallus,Elephant Yam (Suran),Local,2026-07-28,3500.0,4000.0,3750.0,500.0,13.333333333333334,2026,7,28
Tamil Nadu,Namakkal,Kumarapalayam(Uzhavar Sandhai ),Onion Green,Onion Green,Local,2026-07-28,5500.0,6500.0,6000.0,1000.0,16.666666666666664,2026,7,28
Tamil Nadu,Namakkal,Kumarapalayam(Uzhavar Sandhai ),Baby Corn,Baby Corn,Grade A,2026-07-28,2500.0,3000.0,2750.0,500.0,18.181818181818183,2026,7,28
Tamil Nadu,Namakkal,Mohanur(Uzhavar Sandhai ),Cluster beans,Cluster Beans,Local,2026-07-28,3400.0,4800.0,4100.0,1400.0,34.146341463414636,2026,7,28
Tamil Nadu,Namakkal,Mohanur(Uzhavar Sandhai ),Bitter gourd,Bitter Gourd,Local,2026-07-28,6400.0,7200.0,6800.0,800.0,11.76470588235294,2026,7,28
Tamil Nadu,Namakkal,Mohanur(Uzhavar Sandhai ),Green Chilli,Green Chilly,Local,2026-07-28,6400.0,7000.0,6700.0,600.0,8.955223880597014,2026,7,28
Tamil Nadu,Namakkal,Mohanur(Uzhavar Sandhai ),Cabbage,Cabbage,Local,2026-07-28,4000.0,4500.0,4250.0,500.0,11.76470588235294,2026,7,28
Tamil Nadu,Namakkal,Mohanur(Uzhavar Sandhai ),Beetroot,Beetroot,Local,2026-07-28,6000.0,7000.0,6500.0,1000.0,15.384615384615385,2026,7,28
Tamil Nadu,Namakkal,Mohanur(Uzhavar Sandhai ),Drumstick,Drumstick,Local,2026-07-28,4000.0,5000.0,4500.0,1000.0,22.22222222222222,2026,7,28
Tamil Nadu,Namakkal,Mohanur(Uzhavar Sandhai ),Mango(Raw-Ripe),Mango - Raw-Ripe,Local,2026-07-28,2400.0,3000.0,2700.0,600.0,22.22222222222222,2026,7,28
Tamil Nadu,Namakkal,Namakkal(Uzhavar Sandhai ),Banana,Red Banana,Local,2026-07-28,6500.0,7000.0,6750.0,500.0,7.4074074074074066,2026,7,28
Tamil Nadu,Namakkal,Namakkal(Uzhavar Sandhai ),Brinjal,Other,Local,2026-07-28,6000.0,7000.0,6500.0,1000.0,15.384615384615385,2026,7,28
Tamil Nadu,Namakkal,Namakkal(Uzhavar Sandhai ),Guava,Guava Allahabad,Local,2026-07-28,5000.0,5500.0,5250.0,500.0,9.523809523809524,2026,7,28
Tamil Nadu,Namakkal,Namakkal(Uzhavar Sandhai ),Lemon,Lemon,Local,2026-07-28,4500.0,5000.0,4750.0,500.0,10.526315789473683,2026,7,28
Tamil Nadu,Namakkal,Paramathivelur(Uzhavar Sandhai ),Papaya,Papaya,Local,2026-07-28,2500.0,3000.0,2750.0,500.0,18.181818181818183,2026,7,28
Tamil Nadu,Namakkal,Paramathivelur(Uzhavar Sandhai ),Pumpkin,Pumpkin,Local,2026-07-28,2200.0,2600.0,2400.0,400.0,16.666666666666664,2026,7,28
Tamil Nadu,Namakkal,Paramathivelur(Uzhavar Sandhai ),Banana - Green,Banana - Green,Local,2026-07-28,2200.0,2800.0,2500.0,600.0,24.0,2026,7,28
Tamil Nadu,Namakkal,Paramathivelur(Uzhavar Sandhai ),Beans,Beans (Whole),Local,2026-07-28,8000.0,9000.0,8500.0,1000.0,11.76470588235294,2026,7,28
Tamil Nadu,Namakkal,Paramathivelur(Uzhavar Sandhai ),Snakeguard,Snakeguard,Local,2026-07-28,5500.0,6000.0,5750.0,500.0,8.695652173913043,2026,7,28
Tamil Nadu,Namakkal,Paramathivelur(Uzhavar Sandhai ),Onion Green,Onion Green,Local,2026-07-28,5000.0,5500.0,5250.0,500.0,9.523809523809524,2026,7,28
Tamil Nadu,Namakkal,Paramathivelur(Uzhavar Sandhai ),Mint(Pudina),Mint(Pudina),Local,2026-07-28,3200.0,4000.0,3600.0,800.0,22.22222222222222,2026,7,28
Tamil Nadu,Namakkal,Rasipuram(Uzhavar Sandhai ),Banana,Red Banana,Local,2026-07-28,5500.0,6000.0,5750.0,500.0,8.695652173913043,2026,7,28
Tamil Nadu,Namakkal,Rasipuram(Uzhavar Sandhai ),Cauliflower,Ranchi,Local,2026-07-28,3000.0,4000.0,3500.0,1000.0,28.57142857142857,2026,7,28
Tamil Nadu,Namakkal,Rasipuram(Uzhavar Sandhai ),Brinjal,Other,Local,2026-07-28,6600.0,7500.0,7050.0,900.0,12.76595744680851,2026,7,28
Tamil Nadu,Namakkal,Rasipuram(Uzhavar Sandhai ),Tomato,Other,Local,2026-07-28,1400.0,1800.0,1600.0,400.0,25.0,2026,7,28
Tamil Nadu,Namakkal,Rasipuram(Uzhavar Sandhai ),Amaranthus,Amaranthus,Local,2026-07-28,3500.0,4000.0,3750.0,500.0,13.333333333333334,2026,7,28
Tamil Nadu,Namakkal,Rasipuram(Uzhavar Sandhai ),Coconut,Coconut,Local,2026-07-28,5600.0,6200.0,5900.0,600.0,10.16949152542373,2026,7,28
Tamil Nadu,Namakkal,Rasipuram(Uzhavar Sandhai ),Carrot,Pusakesar,Local,2026-07-28,9500.0,10000.0,9750.0,500.0,5.128205128205128,2026,7,28
Tamil Nadu,Namakkal,Rasipuram(Uzhavar Sandhai ),Mango(Raw-Ripe),Mango - Raw-Ripe,Local,2026-07-28,3000.0,4000.0,3500.0,1000.0,28.57142857142857,2026,7,28
Tamil Nadu,Namakkal,Rasipuram(Uzhavar Sandhai ),Tender Coconut,Tender Coconut,Local,2026-07-28,3500.0,4000.0,3750.0,500.0,13.333333333333334,2026,7,28
Tamil Nadu,Madurai,Palanganatham(Uzhavar Sandhai ),Soyabean,Local,Local,2026-07-28,9000.0,10000.0,9500.0,1000.0,10.526315789473683,2026,7,28
Tamil Nadu,Madurai,Palanganatham(Uzhavar Sandhai ),Mousambi(Sweet Lime),Mousambi,Local,2026-07-28,9000.0,10000.0,9500.0,1000.0,10.526315789473683,2026,7,28
Tamil Nadu,Madurai,Palanganatham(Uzhavar Sandhai ),Potato,Other,Local,2026-07-28,5600.0,6000.0,5800.0,400.0,6.896551724137931,2026,7,28
Tamil Nadu,Madurai,Palanganatham(Uzhavar Sandhai ),Cauliflower,Ranchi,Local,2026-07-28,2500.0,2800.0,2650.0,300.0,11.320754716981133,2026,7,28
Tamil Nadu,Madurai,Palanganatham(Uzhavar Sandhai ),Bitter gourd,Bitter Gourd,Local,2026-07-28,5500.0,6000.0,5750.0,500.0,8.695652173913043,2026,7,28
Tamil Nadu,Madurai,Palanganatham(Uzhavar Sandhai ),Beans,Beans (Whole),Local,2026-07-28,8000.0,10000.0,9000.0,2000.0,22.22222222222222,2026,7,28
Tamil Nadu,Madurai,Palanganatham(Uzhavar Sandhai ),Guava,Guava Allahabad,Local,2026-07-28,7000.0,8000.0,7500.0,1000.0,13.333333333333334,2026,7,28
Tamil Nadu,Madurai,Anna nagar(Uzhavar Sandhai ),Apple,American,Local,2026-07-28,22000.0,26000.0,24000.0,4000.0,16.666666666666664,2026,7,28
Tamil Nadu,Madurai,Anna nagar(Uzhavar Sandhai ),Onion,Bellary,Local,2026-07-28,4400.0,4400.0,4400.0,0.0,0.0,2026,7,28
Tamil Nadu,Madurai,Anna nagar(Uzhavar Sandhai ),Potato,Other,Local,2026-07-28,6600.0,6600.0,6600.0,0.0,0.0,2026,7,28
Tamil Nadu,Madurai,Anna nagar(Uzhavar Sandhai ),Garlic,Garlic,Local,2026-07-28,14000.0,16000.0,15000.0,2000.0,13.333333333333334,2026,7,28
Tamil Nadu,Madurai,Anna nagar(Uzhavar Sandhai ),Cauliflower,Ranchi,Local,2026-07-28,4000.0,4500.0,4250.0,500.0,11.76470588235294,2026,7,28
Tamil Nadu,Madurai,Anna nagar(Uzhavar Sandhai ),Pumpkin,Pumpkin,Local,2026-07-28,1800.0,2000.0,1900.0,200.0,10.526315789473683,2026,7,28
Tamil Nadu,Madurai,Anna nagar(Uzhavar Sandhai ),Cabbage,Cabbage,Local,2026-07-28,4600.0,4600.0,4600.0,0.0,0.0,2026,7,28
Tamil Nadu,Madurai,Anna nagar(Uzhavar Sandhai ),Onion Green,Onion Green,Local,2026-07-28,7200.0,7400.0,7300.0,200.0,2.73972602739726,2026,7,28
Tamil Nadu,Madurai,Anna nagar(Uzhavar Sandhai ),Mint(Pudina),Mint(Pudina),Local,2026-07-28,6200.0,6200.0,6200.0,0.0,0.0,2026,7,28
Tamil Nadu,Madurai,Anna nagar(Uzhavar Sandhai ),Rose(Local),Rose (Local),Local,2026-07-28,20000.0,20000.0,20000.0,0.0,0.0,2026,7,28
Tamil Nadu,Perambalur,Perambalur(Uzhavar Sandhai ),Cauliflower,Ranchi,Local,2026-07-28,5000.0,6000.0,5500.0,1000.0,18.181818181818183,2026,7,28
Tamil Nadu,Perambalur,Perambalur(Uzhavar Sandhai ),Tomato,Deshi,Local,2026-07-28,2500.0,2800.0,2650.0,300.0,11.320754716981133,2026,7,28
Tamil Nadu,Perambalur,Perambalur(Uzhavar Sandhai ),Cluster beans,Cluster Beans,Local,2026-07-28,4500.0,5000.0,4750.0,500.0,10.526315789473683,2026,7,28
Tamil Nadu,Perambalur,Perambalur(Uzhavar Sandhai ),Banana - Green,Banana - Green,Local,2026-07-28,3000.0,4000.0,3500.0,1000.0,28.57142857142857,2026,7,28
Tamil Nadu,Perambalur,Perambalur(Uzhavar Sandhai ),Sweet Potato,Hosur Red,Local,2026-07-28,5000.0,5600.0,5300.0,600.0,11.320754716981133,2026,7,28
Tamil Nadu,Perambalur,Perambalur(Uzhavar Sandhai ),Carrot,Pusakesar,Local,2026-07-28,9500.0,10000.0,9750.0,500.0,5.128205128205128,2026,7,28
Tamil Nadu,Perambalur,Perambalur(Uzhavar Sandhai ),Beetroot,Beetroot,Local,2026-07-28,5000.0,5600.0,5300.0,600.0,11.320754716981133,2026,7,28
Tamil Nadu,Perambalur,Perambalur(Uzhavar Sandhai ),Raddish,Raddish,Local,2026-07-28,3200.0,3600.0,3400.0,400.0,11.76470588235294,2026,7,28
Tamil Nadu,Perambalur,Perambalur(Uzhavar Sandhai ),Thondekai,Thondekai,Local,2026-07-28,6000.0,6800.0,6400.0,800.0,12.5,2026,7,28
Tamil Nadu,Perambalur,Perambalur(Uzhavar Sandhai ),Drumstick,Drumstick,Local,2026-07-28,5000.0,5600.0,5300.0,600.0,11.320754716981133,2026,7,28
Tamil Nadu,Perambalur,Perambalur(Uzhavar Sandhai ),Yam(Ratalu),Yam (Ratalu),Local,2026-07-28,4000.0,6000.0,5000.0,2000.0,40.0,2026,7,28
Tamil Nadu,Salem,Mecheri(Uzhavar Sandhai),Cluster beans,Cluster Beans,Local,2026-07-28,3000.0,3500.0,3250.0,500.0,15.384615384615385,2026,7,28
Tamil Nadu,Salem,Mecheri(Uzhavar Sandhai),Green Chilli,Green Chilly,Local,2026-07-28,4000.0,4500.0,4250.0,500.0,11.76470588235294,2026,7,28
Tamil Nadu,Salem,Mecheri(Uzhavar Sandhai),Banana - Green,Banana - Green,Local,2026-07-28,2000.0,2500.0,2250.0,500.0,22.22222222222222,2026,7,28
Tamil Nadu,Salem,Mecheri(Uzhavar Sandhai),Snakeguard,Snakeguard,Local,2026-07-28,3500.0,4000.0,3750.0,500.0,13.333333333333334,2026,7,28
Tamil Nadu,Salem,Mecheri(Uzhavar Sandhai),Drumstick,Drumstick,Local,2026-07-28,5000.0,6000.0,5500.0,1000.0,18.181818181818183,2026,7,28
Tamil Nadu,Salem,Mecheri(Uzhavar Sandhai),Lemon,Lemon,Local,2026-07-28,5000.0,6000.0,5500.0,1000.0,18.181818181818183,2026,7,28
Tamil Nadu,Salem,Mecheri(Uzhavar Sandhai),Mint(Pudina),Mint(Pudina),Local,2026-07-28,3000.0,3500.0,3250.0,500.0,15.384615384615385,2026,7,28
Tamil Nadu,Ranipet,Ranipettai(Uzhavar Sandhai ),Potato,Other,Local,2026-07-28,2500.0,2500.0,2500.0,0.0,0.0,2026,7,28
Tamil Nadu,Ranipet,Ranipettai(Uzhavar Sandhai ),Cauliflower,Ranchi,Local,2026-07-28,3000.0,4000.0,3500.0,1000.0,28.57142857142857,2026,7,28
Tamil Nadu,Ranipet,Ranipettai(Uzhavar Sandhai ),Coriander(Leaves),I Sort,Local,2026-07-28,4000.0,4000.0,4000.0,0.0,0.0,2026,7,28
Tamil Nadu,Ranipet,Ranipettai(Uzhavar Sandhai ),Bottle gourd,Bottle Gourd,Local,2026-07-28,3000.0,3600.0,3300.0,600.0,18.181818181818183,2026,7,28
Tamil Nadu,Ranipet,Ranipettai(Uzhavar Sandhai ),Amaranthus,Amaranthus,Local,2026-07-28,5000.0,5000.0,5000.0,0.0,0.0,2026,7,28
Tamil Nadu,Ranipet,Ranipettai(Uzhavar Sandhai ),Banana - Green,Banana - Green,Local,2026-07-28,4000.0,5000.0,4500.0,1000.0,22.22222222222222,2026,7,28
Tamil Nadu,Ranipet,Ranipettai(Uzhavar Sandhai ),Tapioca,Tapioca,Local,2026-07-28,4000.0,4000.0,4000.0,0.0,0.0,2026,7,28
Tamil Nadu,Ranipet,Ranipettai(Uzhavar Sandhai ),Sweet Potato,Hosur Red,Local,2026-07-28,4000.0,4000.0,4000.0,0.0,0.0,2026,7,28
Tamil Nadu,Ranipet,Ranipettai(Uzhavar Sandhai ),Ridgeguard(Tori),Ridgeguard(Tori),Local,2026-07-28,5000.0,5600.0,5300.0,600.0,11.320754716981133,2026,7,28
Tamil Nadu,Ranipet,Ranipettai(Uzhavar Sandhai ),Capsicum,Capsicum,Local,2026-07-28,8000.0,8000.0,8000.0,0.0,0.0,2026,7,28
Tamil Nadu,Ranipet,Ranipettai(Uzhavar Sandhai ),Mango(Raw-Ripe),Mango - Raw-Ripe,Local,2026-07-28,3000.0,4000.0,3500.0,1000.0,28.57142857142857,2026,7,28
Tamil Nadu,Ranipet,Ranipettai(Uzhavar Sandhai ),Knool Khol,Knool Khol,Local,2026-07-28,4500.0,4500.0,4500.0,0.0,0.0,2026,7,28
Tamil Nadu,Ranipet,Ranipettai(Uzhavar Sandhai ),Guava,Guava Allahabad,Local,2026-07-28,6000.0,6000.0,6000.0,0.0,0.0,2026,7,28
Tamil Nadu,Ranipet,Ranipettai(Uzhavar Sandhai ),Marigold(Calcutta),Marigold(Calcutta),Local,2026-07-28,36000.0,48000.0,42000.0,12000.0,28.57142857142857,2026,7,28
Tamil Nadu,Ranipet,Ranipettai(Uzhavar Sandhai ),Mint(Pudina),Mint(Pudina),Local,2026-07-28,4000.0,4000.0,4000.0,0.0,0.0,2026,7,28
Tamil Nadu,Salem,Ammapet(Uzhavar Sandhai ),Water Melon,Water Melon,Local,2026-07-28,1800.0,2000.0,1900.0,200.0,10.526315789473683,2026,7,28
Tamil Nadu,Salem,Ammapet(Uzhavar Sandhai ),Potato,Other,Local,2026-07-28,2500.0,2800.0,2650.0,300.0,11.320754716981133,2026,7,28
Tamil Nadu,Salem,Ammapet(Uzhavar Sandhai ),Mousambi(Sweet Lime),Mousambi,Local,2026-07-28,3500.0,4000.0,3750.0,500.0,13.333333333333334,2026,7,28
Tamil Nadu,Salem,Ammapet(Uzhavar Sandhai ),Bitter gourd,Other,Local,2026-07-28,4500.0,5000.0,4750.0,500.0,10.526315789473683,2026,7,28
Tamil Nadu,Salem,Ammapet(Uzhavar Sandhai ),Sweet Potato,Hosur Red,Local,2026-07-28,3500.0,4000.0,3750.0,500.0,13.333333333333334,2026,7,28
Tamil Nadu,Salem,Ammapet(Uzhavar Sandhai ),Carrot,Pusakesar,Local,2026-07-28,8500.0,9000.0,8750.0,500.0,5.714285714285714,2026,7,28
Tamil Nadu,Salem,Ammapet(Uzhavar Sandhai ),Cabbage,Cabbage,Local,2026-07-28,3600.0,4000.0,3800.0,400.0,10.526315789473683,2026,7,28
Tamil Nadu,Salem,Ammapet(Uzhavar Sandhai ),Ridgeguard(Tori),Ridgeguard(Tori),Local,2026-07-28,4500.0,5000.0,4750.0,500.0,10.526315789473683,2026,7,28
Tamil Nadu,Salem,Ammapet(Uzhavar Sandhai ),Raddish,Raddish,Local,2026-07-28,3000.0,3400.0,3200.0,400.0,12.5,2026,7,28
Tamil Nadu,Salem,Ammapet(Uzhavar Sandhai ),Pomegranate,Pomogranate,Local,2026-07-28,16000.0,20000.0,18000.0,4000.0,22.22222222222222,2026,7,28
Tamil Nadu,Salem,Ammapet(Uzhavar Sandhai ),Marigold(Calcutta),Marigold(Calcutta),Local,2026-07-28,24000.0,26000.0,25000.0,2000.0,8.0,2026,7,28
Tamil Nadu,Salem,Ammapet(Uzhavar Sandhai ),Indian Beans(Seam),Indian Beans (Seam),Local,2026-07-28,5500.0,6000.0,5750.0,500.0,8.695652173913043,2026,7,28
Tamil Nadu,Salem,Ammapet(Uzhavar Sandhai ),Amla(Nelli Kai),Amla,Local,2026-07-28,7500.0,8000.0,7750.0,500.0,6.451612903225806,2026,7,28
Tamil Nadu,Salem,Mettur(Uzhavar Sandhai ),Water Melon,Water Melon,Local,2026-07-28,1500.0,2000.0,1750.0,500.0,28.57142857142857,2026,7,28
Tamil Nadu,Salem,Mettur(Uzhavar Sandhai ),Coriander(Leaves),I Sort,Local,2026-07-28,3500.0,4000.0,3750.0,500.0,13.333333333333334,2026,7,28
Tamil Nadu,Salem,Mettur(Uzhavar Sandhai ),Cluster beans,Cluster Beans,Local,2026-07-28,3000.0,3500.0,3250.0,500.0,15.384615384615385,2026,7,28
Tamil Nadu,Salem,Mettur(Uzhavar Sandhai ),Pumpkin,Pumpkin,Local,2026-07-28,2000.0,2500.0,2250.0,500.0,22.22222222222222,2026,7,28
Tamil Nadu,Salem,Mettur(Uzhavar Sandhai ),Banana - Green,Banana - Green,Local,2026-07-28,3500.0,4000.0,3750.0,500.0,13.333333333333334,2026,7,28
Tamil Nadu,Salem,Mettur(Uzhavar Sandhai ),Thondekai,Thondekai,Local,2026-07-28,4500.0,5000.0,4750.0,500.0,10.526315789473683,2026,7,28
Tamil Nadu,Salem,Mettur(Uzhavar Sandhai ),Drumstick,Drumstick,Local,2026-07-28,4500.0,5000.0,4750.0,500.0,10.526315789473683,2026,7,28
Tamil Nadu,Salem,Mettur(Uzhavar Sandhai ),Onion Green,Onion Green,Local,2026-07-28,4500.0,5000.0,4750.0,500.0,10.526315789473683,2026,7,28
Tamil Nadu,Salem,Sooramangalam(Uzhavar Sandhai ),Papaya,Papaya,Local,2026-07-28,3500.0,4000.0,3750.0,500.0,13.333333333333334,2026,7,28
Tamil Nadu,Salem,Sooramangalam(Uzhavar Sandhai ),Banana,Red Banana,Local,2026-07-28,7000.0,7500.0,7250.0,500.0,6.896551724137931,2026,7,28
Tamil Nadu,Salem,Sooramangalam(Uzhavar Sandhai ),Green Peas,Green Peas,Local,2026-07-28,15000.0,15500.0,15250.0,500.0,3.278688524590164,2026,7,28
Tamil Nadu,Salem,Sooramangalam(Uzhavar Sandhai ),Bitter gourd,Other,Local,2026-07-28,5000.0,5500.0,5250.0,500.0,9.523809523809524,2026,7,28
Tamil Nadu,Salem,Sooramangalam(Uzhavar Sandhai ),Ashgourd,Gouard,Local,2026-07-28,2400.0,2600.0,2500.0,200.0,8.0,2026,7,28
Tamil Nadu,Salem,Sooramangalam(Uzhavar Sandhai ),Bhindi(Ladies Finger),Bhindi,Local,2026-07-28,3400.0,3600.0,3500.0,200.0,5.714285714285714,2026,7,28
Tamil Nadu,Salem,Sooramangalam(Uzhavar Sandhai ),Cabbage,Cabbage,Local,2026-07-28,3500.0,4000.0,3750.0,500.0,13.333333333333334,2026,7,28
Tamil Nadu,Salem,Sooramangalam(Uzhavar Sandhai ),Chow Chow,Chow Chow,Local,2026-07-28,3600.0,4000.0,3800.0,400.0,10.526315789473683,2026,7,28
Tamil Nadu,Salem,Sooramangalam(Uzhavar Sandhai ),Drumstick,Drumstick,Local,2026-07-28,5000.0,5500.0,5250.0,500.0,9.523809523809524,2026,7,28
Tamil Nadu,Salem,Sooramangalam(Uzhavar Sandhai ),Indian Beans(Seam),Indian Beans (Seam),Local,2026-07-28,4500.0,5000.0,4750.0,500.0,10.526315789473683,2026,7,28
Tamil Nadu,Salem,Sooramangalam(Uzhavar Sandhai ),Baby Corn,Baby Corn,Grade A,2026-07-28,2500.0,3000.0,2750.0,500.0,18.181818181818183,2026,7,28
Tamil Nadu,Salem,Thammampatti (Uzhavar Sandhai ),Brinjal,Round,Local,2026-07-28,4000.0,5000.0,4500.0,1000.0,22.22222222222222,2026,7,28
Tamil Nadu,Salem,Thammampatti (Uzhavar Sandhai ),Coriander(Leaves),I Sort,Local,2026-07-28,3500.0,4000.0,3750.0,500.0,13.333333333333334,2026,7,28
Tamil Nadu,Salem,Thammampatti (Uzhavar Sandhai ),Cluster beans,Cluster Beans,Local,2026-07-28,4500.0,5000.0,4750.0,500.0,10.526315789473683,2026,7,28
Tamil Nadu,Salem,Thammampatti (Uzhavar Sandhai ),Green Chilli,Green Chilly,Local,2026-07-28,4000.0,4500.0,4250.0,500.0,11.76470588235294,2026,7,28
Tamil Nadu,Salem,Thammampatti (Uzhavar Sandhai ),Banana - Green,Banana - Green,Local,2026-07-28,2000.0,2500.0,2250.0,500.0,22.22222222222222,2026,7,28
Tamil Nadu,Salem,Thammampatti (Uzhavar Sandhai ),Beetroot,Beetroot,Local,2026-07-28,6000.0,6500.0,6250.0,500.0,8.0,2026,7,28
Tamil Nadu,Salem,Thammampatti (Uzhavar Sandhai ),Raddish,Raddish,Local,2026-07-28,2000.0,2500.0,2250.0,500.0,22.22222222222222,2026,7,28
Tamil Nadu,Salem,Thammampatti (Uzhavar Sandhai ),Lemon,Lemon,Local,2026-07-28,3000.0,4000.0,3500.0,1000.0,28.57142857142857,2026,7,28
Tamil Nadu,Salem,Thathakapatti(Uzhavar Sandhai ),Papaya,Papaya,Local,2026-07-28,3500.0,4000.0,3750.0,500.0,13.333333333333334,2026,7,28
Tamil Nadu,Salem,Thathakapatti(Uzhavar Sandhai ),Orange,Darjeeling,Local,2026-07-28,12000.0,14000.0,13000.0,2000.0,15.384615384615385,2026,7,28
Tamil Nadu,Salem,Thathakapatti(Uzhavar Sandhai ),Potato,Red Nanital,Local,2026-07-28,3000.0,7000.0,5000.0,4000.0,80.0,2026,7,28
Tamil Nadu,Salem,Thathakapatti(Uzhavar Sandhai ),Bhindi(Ladies Finger),Bhindi,Local,2026-07-28,3000.0,3500.0,3250.0,500.0,15.384615384615385,2026,7,28
Tamil Nadu,Salem,Thathakapatti(Uzhavar Sandhai ),Banana - Green,Banana - Green,Local,2026-07-28,3500.0,4000.0,3750.0,500.0,13.333333333333334,2026,7,28
Tamil Nadu,Salem,Thathakapatti(Uzhavar Sandhai ),Ginger(Green),Green Ginger,Local,2026-07-28,18000.0,19000.0,18500.0,1000.0,5.405405405405405,2026,7,28
Tamil Nadu,Salem,Thathakapatti(Uzhavar Sandhai ),Sweet Potato,Hosur Red,Local,2026-07-28,3500.0,4000.0,3750.0,500.0,13.333333333333334,2026,7,28
Tamil Nadu,Salem,Thathakapatti(Uzhavar Sandhai ),Cabbage,Cabbage,Local,2026-07-28,3500.0,4000.0,3750.0,500.0,13.333333333333334,2026,7,28
Tamil Nadu,Salem,Thathakapatti(Uzhavar Sandhai ),Snakeguard,Snakeguard,Local,2026-07-28,3600.0,3800.0,3700.0,200.0,5.405405405405405,2026,7,28
Tamil Nadu,Salem,Thathakapatti(Uzhavar Sandhai ),Cucumbar(Kheera),Cucumbar,Local,2026-07-28,3500.0,4000.0,3750.0,500.0,13.333333333333334,2026,7,28
Tamil Nadu,Salem,Thathakapatti(Uzhavar Sandhai ),Marigold(Calcutta),Marigold(Calcutta),Local,2026-07-28,18000.0,20000.0,19000.0,2000.0,10.526315789473683,2026,7,28
Tamil Nadu,Salem,Thathakapatti(Uzhavar Sandhai ),Tamarind Fruit,Tamarind Fruit,Local,2026-07-28,14000.0,16000.0,15000.0,2000.0,13.333333333333334,2026,7,28
Tamil Nadu,Pudukkottai,Pudukottai(Uzhavar Sandhai ),Banana,Red Banana,Local,2026-07-28,7000.0,8000.0,7500.0,1000.0,13.333333333333334,2026,7,28
Tamil Nadu,Pudukkottai,Pudukottai(Uzhavar Sandhai ),Mango,Neelam,Local,2026-07-28,3500.0,4000.0,3750.0,500.0,13.333333333333334,2026,7,28
Tamil Nadu,Pudukkottai,Pudukottai(Uzhavar Sandhai ),Green Chilli,Green Chilly,Local,2026-07-28,4000.0,5000.0,4500.0,1000.0,22.22222222222222,2026,7,28
Tamil Nadu,Pudukkottai,Pudukottai(Uzhavar Sandhai ),Snakeguard,Snakeguard,Local,2026-07-28,3600.0,4000.0,3800.0,400.0,10.526315789473683,2026,7,28
Tamil Nadu,Pudukkottai,Pudukottai(Uzhavar Sandhai ),Beetroot,Beetroot,Local,2026-07-28,5000.0,5500.0,5250.0,500.0,9.523809523809524,2026,7,28
Tamil Nadu,Pudukkottai,Pudukottai(Uzhavar Sandhai ),Drumstick,Drumstick,Local,2026-07-28,6000.0,7000.0,6500.0,1000.0,15.384615384615385,2026,7,28
Tamil Nadu,Pudukkottai,Pudukottai(Uzhavar Sandhai ),Onion Green,Onion Green,Local,2026-07-28,6500.0,7000.0,6750.0,500.0,7.4074074074074066,2026,7,28
Tamil Nadu,Thanjavur,Kumbakonam (Uzhavar Sandhai ),Coriander(Leaves),I Sort,Local,2026-07-28,6000.0,6000.0,6000.0,0.0,0.0,2026,7,28
Tamil Nadu,Thanjavur,Kumbakonam (Uzhavar Sandhai ),Tomato,Deshi,Local,2026-07-28,2000.0,2600.0,2300.0,600.0,26.08695652173913,2026,7,28
Tamil Nadu,Thanjavur,Kumbakonam (Uzhavar Sandhai ),Amaranthus,Amaranthus,Local,2026-07-28,2000.0,2000.0,2000.0,0.0,0.0,2026,7,28
Tamil Nadu,Thanjavur,Kumbakonam (Uzhavar Sandhai ),Ginger(Green),Green Ginger,Local,2026-07-28,14000.0,24000.0,19000.0,10000.0,52.63157894736842,2026,7,28
Tamil Nadu,Thanjavur,Kumbakonam (Uzhavar Sandhai ),Thondekai,Thondekai,Local,2026-07-28,6000.0,6000.0,6000.0,0.0,0.0,2026,7,28
Tamil Nadu,Thanjavur,Kumbakonam (Uzhavar Sandhai ),Chow Chow,Chow Chow,Local,2026-07-28,4200.0,4200.0,4200.0,0.0,0.0,2026,7,28
Tamil Nadu,Thanjavur,Kumbakonam (Uzhavar Sandhai ),Drumstick,Drumstick,Local,2026-07-28,4800.0,7200.0,6000.0,2400.0,40.0,2026,7,28
Tamil Nadu,Thanjavur,Kumbakonam (Uzhavar Sandhai ),Lemon,Lemon,Local,2026-07-28,8500.0,8500.0,8500.0,0.0,0.0,2026,7,28
Tamil Nadu,Thanjavur,Kumbakonam (Uzhavar Sandhai ),Mashrooms,Mashrooms,Local,2026-07-28,30000.0,30000.0,30000.0,0.0,0.0,2026,7,28
Tamil Nadu,Thanjavur,Kumbakonam (Uzhavar Sandhai ),Mint(Pudina),Mint(Pudina),Local,2026-07-28,7200.0,7200.0,7200.0,0.0,0.0,2026,7,28
Tamil Nadu,The Nilgiris,Udhagamandalam(Uzhavar Sandhai ),Mousambi(Sweet Lime),Mousambi,Local,2026-07-28,10000.0,15000.0,12500.0,5000.0,40.0,2026,7,28
Tamil Nadu,The Nilgiris,Udhagamandalam(Uzhavar Sandhai ),Potato,Other,Local,2026-07-28,5000.0,5500.0,5250.0,500.0,9.523809523809524,2026,7,28
Tamil Nadu,The Nilgiris,Udhagamandalam(Uzhavar Sandhai ),Tomato,Deshi,Local,2026-07-28,1500.0,2000.0,1750.0,500.0,28.57142857142857,2026,7,28
Tamil Nadu,The Nilgiris,Udhagamandalam(Uzhavar Sandhai ),Cluster beans,Cluster Beans,Local,2026-07-28,3500.0,4000.0,3750.0,500.0,13.333333333333334,2026,7,28
Tamil Nadu,The Nilgiris,Udhagamandalam(Uzhavar Sandhai ),Bottle gourd,Bottle Gourd,Local,2026-07-28,2500.0,2800.0,2650.0,300.0,11.320754716981133,2026,7,28
Tamil Nadu,The Nilgiris,Udhagamandalam(Uzhavar Sandhai ),Ashgourd,Gouard,Local,2026-07-28,1500.0,1800.0,1650.0,300.0,18.181818181818183,2026,7,28
Tamil Nadu,The Nilgiris,Udhagamandalam(Uzhavar Sandhai ),Sweet Potato,Hosur Red,Local,2026-07-28,3500.0,4000.0,3750.0,500.0,13.333333333333334,2026,7,28
Tamil Nadu,The Nilgiris,Udhagamandalam(Uzhavar Sandhai ),Cabbage,Cabbage,Local,2026-07-28,2500.0,3000.0,2750.0,500.0,18.181818181818183,2026,7,28
Tamil Nadu,The Nilgiris,Udhagamandalam(Uzhavar Sandhai ),Turnip,Turnip,Local,2026-07-28,3500.0,4000.0,3750.0,500.0,13.333333333333334,2026,7,28
Tamil Nadu,Theni,Andipatti(Uzhavar Sandhai ),Onion,Bellary,Local,2026-07-28,3400.0,3800.0,3600.0,400.0,11.11111111111111,2026,7,28
Tamil Nadu,Theni,Andipatti(Uzhavar Sandhai ),Coriander(Leaves),I Sort,Local,2026-07-28,4500.0,5000.0,4750.0,500.0,10.526315789473683,2026,7,28
Tamil Nadu,Theni,Andipatti(Uzhavar Sandhai ),Pumpkin,Pumpkin,Local,2026-07-28,1600.0,1800.0,1700.0,200.0,11.76470588235294,2026,7,28
Tamil Nadu,Theni,Andipatti(Uzhavar Sandhai ),Cabbage,Cabbage,Local,2026-07-28,3500.0,4000.0,3750.0,500.0,13.333333333333334,2026,7,28
Tamil Nadu,Theni,Andipatti(Uzhavar Sandhai ),Snakeguard,Snakeguard,Local,2026-07-28,2500.0,3000.0,2750.0,500.0,18.181818181818183,2026,7,28
Tamil Nadu,Theni,Andipatti(Uzhavar Sandhai ),Beetroot,Beetroot,Local,2026-07-28,4000.0,4500.0,4250.0,500.0,11.76470588235294,2026,7,28
Tamil Nadu,Theni,Andipatti(Uzhavar Sandhai ),Raddish,Raddish,Local,2026-07-28,2400.0,2800.0,2600.0,400.0,15.384615384615385,2026,7,28
Tamil Nadu,Theni,Andipatti(Uzhavar Sandhai ),Lime,Lime,Local,2026-07-28,12500.0,13500.0,13000.0,1000.0,7.6923076923076925,2026,7,28
Tamil Nadu,Theni,Bodinayakanur(Uzhavar Sandhai ),Cluster beans,Cluster Beans,Local,2026-07-28,3800.0,3800.0,3800.0,0.0,0.0,2026,7,28
Tamil Nadu,Theni,Bodinayakanur(Uzhavar Sandhai ),Green Chilli,Green Chilly,Local,2026-07-28,5400.0,5400.0,5400.0,0.0,0.0,2026,7,28
Tamil Nadu,Theni,Bodinayakanur(Uzhavar Sandhai ),Snakeguard,Snakeguard,Local,2026-07-28,3200.0,3200.0,3200.0,0.0,0.0,2026,7,28
Tamil Nadu,Theni,Chinnamanur(Uzhavar Sandhai ),Cauliflower,Ranchi,Local,2026-07-28,2500.0,2800.0,2650.0,300.0,11.320754716981133,2026,7,28
Tamil Nadu,Theni,Chinnamanur(Uzhavar Sandhai ),Bitter gourd,Other,Local,2026-07-28,5400.0,5400.0,5400.0,0.0,0.0,2026,7,28
Tamil Nadu,Theni,Chinnamanur(Uzhavar Sandhai ),Bhindi(Ladies Finger),Bhindi,Local,2026-07-28,3800.0,3800.0,3800.0,0.0,0.0,2026,7,28
Tamil Nadu,Theni,Chinnamanur(Uzhavar Sandhai ),Banana - Green,Banana - Green,Local,2026-07-28,3000.0,3000.0,3000.0,0.0,0.0,2026,7,28
Tamil Nadu,Theni,Chinnamanur(Uzhavar Sandhai ),Ridgeguard(Tori),Ridgeguard(Tori),Local,2026-07-28,4800.0,4800.0,4800.0,0.0,0.0,2026,7,28
Tamil Nadu,Theni,Chinnamanur(Uzhavar Sandhai ),Thondekai,Thondekai,Local,2026-07-28,5400.0,5400.0,5400.0,0.0,0.0,2026,7,28
Tamil Nadu,Theni,Chinnamanur(Uzhavar Sandhai ),Chow Chow,Chow Chow,Local,2026-07-28,3400.0,3400.0,3400.0,0.0,0.0,2026,7,28
Tamil Nadu,Theni,Chinnamanur(Uzhavar Sandhai ),Yam(Ratalu),Yam (Ratalu),Local,2026-07-28,7400.0,7400.0,7400.0,0.0,0.0,2026,7,28
Tamil Nadu,Theni,Chinnamanur(Uzhavar Sandhai ),Onion Green,Onion Green,Local,2026-07-28,6000.0,6000.0,6000.0,0.0,0.0,2026,7,28
Tamil Nadu,Theni,Kambam(Uzhavar Sandhai ),Soyabean,Local,Local,2026-07-28,10000.0,10000.0,10000.0,0.0,0.0,2026,7,28
Tamil Nadu,Theni,Kambam(Uzhavar Sandhai ),Tomato,Other,Local,2026-07-28,1800.0,2000.0,1900.0,200.0,10.526315789473683,2026,7,28
Tamil Nadu,Theni,Kambam(Uzhavar Sandhai ),Coconut,Coconut,Local,2026-07-28,4800.0,4800.0,4800.0,0.0,0.0,2026,7,28
Tamil Nadu,Theni,Kambam(Uzhavar Sandhai ),Betal Leaves,Mysore,Local,2026-07-28,20000.0,20000.0,20000.0,0.0,0.0,2026,7,28
Tamil Nadu,Theni,Kambam(Uzhavar Sandhai ),Drumstick,Drumstick,Local,2026-07-28,2500.0,3600.0,3050.0,1100.0,36.0655737704918,2026,7,28
Tamil Nadu,Theni,Theni(Uzhavar Sandhai ),Pineapple,Pine Apple,Local,2026-07-28,8000.0,8000.0,8000.0,0.0,0.0,2026,7,28
Tamil Nadu,Theni,Theni(Uzhavar Sandhai ),Green Peas,Green Peas,Local,2026-07-28,16000.0,16000.0,16000.0,0.0,0.0,2026,7,28
Tamil Nadu,Theni,Theni(Uzhavar Sandhai ),Coconut,Coconut,Local,2026-07-28,5400.0,5400.0,5400.0,0.0,0.0,2026,7,28
Tamil Nadu,Theni,Theni(Uzhavar Sandhai ),Pomegranate,Pomogranate,Local,2026-07-28,14000.0,26000.0,20000.0,12000.0,60.0,2026,7,28
Tamil Nadu,Thirunelveli,Kandiyaperi(Uzhavar Sandhai ),Bottle gourd,Bottle Gourd,Local,2026-07-28,1000.0,1200.0,1100.0,200.0,18.181818181818183,2026,7,28
Tamil Nadu,Thirunelveli,Kandiyaperi(Uzhavar Sandhai ),Coconut,Coconut,Local,2026-07-28,5700.0,6000.0,5850.0,300.0,5.128205128205128,2026,7,28
Tamil Nadu,Thirunelveli,Melapalayam(Uzhavar Sandhai ),Onion,Bellary,Local,2026-07-28,3200.0,3800.0,3500.0,600.0,17.142857142857142,2026,7,28
Tamil Nadu,Thirunelveli,Melapalayam(Uzhavar Sandhai ),Ashgourd,Gouard,Local,2026-07-28,1600.0,1800.0,1700.0,200.0,11.76470588235294,2026,7,28
Tamil Nadu,Thirunelveli,Palayamkottai(Uzhavar Sandhai ),Cauliflower,Ranchi,Local,2026-07-28,4200.0,4400.0,4300.0,200.0,4.651162790697675,2026,7,28
Tamil Nadu,Thirunelveli,Palayamkottai(Uzhavar Sandhai ),Coriander(Leaves),I Sort,Local,2026-07-28,5000.0,5500.0,5250.0,500.0,9.523809523809524,2026,7,28
Tamil Nadu,Thirunelveli,Palayamkottai(Uzhavar Sandhai ),Chikoos(Sapota),Sapota,Local,2026-07-28,4000.0,5000.0,4500.0,1000.0,22.22222222222222,2026,7,28
Tamil Nadu,Thirunelveli,Palayamkottai(Uzhavar Sandhai ),Amaranthus,Amaranthus,Local,2026-07-28,1000.0,1500.0,1250.0,500.0,40.0,2026,7,28
Tamil Nadu,Thirunelveli,Palayamkottai(Uzhavar Sandhai ),Ginger(Green),Green Ginger,Local,2026-07-28,20000.0,20500.0,20250.0,500.0,2.4691358024691357,2026,7,28
Tamil Nadu,Thirunelveli,Palayamkottai(Uzhavar Sandhai ),Thondekai,Thondekai,Local,2026-07-28,5000.0,5500.0,5250.0,500.0,9.523809523809524,2026,7,28
Tamil Nadu,Thirunelveli,Palayamkottai(Uzhavar Sandhai ),Lime,Lime,Local,2026-07-28,16000.0,17000.0,16500.0,1000.0,6.0606060606060606,2026,7,28
Tamil Nadu,Thirunelveli,Palayamkottai(Uzhavar Sandhai ),Guava,Guava Allahabad,Local,2026-07-28,6000.0,8000.0,7000.0,2000.0,28.57142857142857,2026,7,28
Tamil Nadu,Thirunelveli,Palayamkottai(Uzhavar Sandhai ),Mint(Pudina),Mint(Pudina),Local,2026-07-28,6000.0,6500.0,6250.0,500.0,8.0,2026,7,28
Tamil Nadu,Thirupur,Kangayam(Uzhavar Sandhai ),Coriander(Leaves),I Sort,Local,2026-07-28,4000.0,4000.0,4000.0,0.0,0.0,2026,7,28
Tamil Nadu,Thirupur,Tiruppur (North) (Uzhavar Sandhai ),Potato,Other,Local,2026-07-28,5000.0,6000.0,5500.0,1000.0,18.181818181818183,2026,7,28
Tamil Nadu,Thirupur,Tiruppur (North) (Uzhavar Sandhai ),Bhindi(Ladies Finger),Bhindi,Local,2026-07-28,3500.0,4000.0,3750.0,500.0,13.333333333333334,2026,7,28
Tamil Nadu,Thirupur,Tiruppur (North) (Uzhavar Sandhai ),Amaranthus,Amaranthus,Local,2026-07-28,2000.0,2600.0,2300.0,600.0,26.08695652173913,2026,7,28
Tamil Nadu,Thirupur,Tiruppur (North) (Uzhavar Sandhai ),Banana - Green,Banana - Green,Local,2026-07-28,2500.0,3000.0,2750.0,500.0,18.181818181818183,2026,7,28
Tamil Nadu,Thirupur,Tiruppur (North) (Uzhavar Sandhai ),Sweet Potato,Hosur Red,Local,2026-07-28,3500.0,4000.0,3750.0,500.0,13.333333333333334,2026,7,28
Tamil Nadu,Thirupur,Tiruppur (North) (Uzhavar Sandhai ),Beetroot,Beetroot,Local,2026-07-28,8000.0,9000.0,8500.0,1000.0,11.76470588235294,2026,7,28
Tamil Nadu,Thirupur,Tiruppur (North) (Uzhavar Sandhai ),Ridgeguard(Tori),Ridgeguard(Tori),Local,2026-07-28,4500.0,5000.0,4750.0,500.0,10.526315789473683,2026,7,28
Tamil Nadu,Thirupur,Tiruppur (North) (Uzhavar Sandhai ),Guava,Guava Allahabad,Local,2026-07-28,4500.0,5000.0,4750.0,500.0,10.526315789473683,2026,7,28
Tamil Nadu,Thirupur,Tiruppur (North) (Uzhavar Sandhai ),Lemon,Lemon,Local,2026-07-28,7000.0,8000.0,7500.0,1000.0,13.333333333333334,2026,7,28
Tamil Nadu,Thirupur,Tiruppur (South) (Uzhavar Sandhai ),Banana,Red Banana,Local,2026-07-28,5000.0,6000.0,5500.0,1000.0,18.181818181818183,2026,7,28
Tamil Nadu,Thirupur,Tiruppur (South) (Uzhavar Sandhai ),Onion,Bellary,Local,2026-07-28,3000.0,4000.0,3500.0,1000.0,28.57142857142857,2026,7,28
Tamil Nadu,Thirupur,Tiruppur (South) (Uzhavar Sandhai ),Potato,Other,Local,2026-07-28,5000.0,7000.0,6000.0,2000.0,33.33333333333333,2026,7,28
Tamil Nadu,Thirupur,Tiruppur (South) (Uzhavar Sandhai ),Cluster beans,Cluster Beans,Local,2026-07-28,3500.0,4000.0,3750.0,500.0,13.333333333333334,2026,7,28
Tamil Nadu,Thirupur,Tiruppur (South) (Uzhavar Sandhai ),Pumpkin,Pumpkin,Local,2026-07-28,1500.0,2000.0,1750.0,500.0,28.57142857142857,2026,7,28
Tamil Nadu,Thirupur,Tiruppur (South) (Uzhavar Sandhai ),Bhindi(Ladies Finger),Bhindi,Local,2026-07-28,4000.0,5000.0,4500.0,1000.0,22.22222222222222,2026,7,28
Tamil Nadu,Thirupur,Tiruppur (South) (Uzhavar Sandhai ),Cowpea(Veg),Cowpea (Veg),Local,2026-07-28,2500.0,3000.0,2750.0,500.0,18.181818181818183,2026,7,28
Tamil Nadu,Thirupur,Tiruppur (South) (Uzhavar Sandhai ),Banana - Green,Banana - Green,Local,2026-07-28,2500.0,3000.0,2750.0,500.0,18.181818181818183,2026,7,28
Tamil Nadu,Thirupur,Tiruppur (South) (Uzhavar Sandhai ),Ridgeguard(Tori),Ridgeguard(Tori),Local,2026-07-28,4000.0,5000.0,4500.0,1000.0,22.22222222222222,2026,7,28
Tamil Nadu,Thirupur,Tiruppur (South) (Uzhavar Sandhai ),Lemon,Lemon,Local,2026-07-28,8000.0,10000.0,9000.0,2000.0,22.22222222222222,2026,7,28
Tamil Nadu,Thiruvannamalai,Chengam(Uzhavar Sandhai ),Potato,Red Nanital,Local,2026-07-28,3000.0,4000.0,3500.0,1000.0,28.57142857142857,2026,7,28
Tamil Nadu,Thiruvannamalai,Chengam(Uzhavar Sandhai ),Tomato,Deshi,Local,2026-07-28,1500.0,2000.0,1750.0,500.0,28.57142857142857,2026,7,28
Tamil Nadu,Thiruvannamalai,Chengam(Uzhavar Sandhai ),Cluster beans,Cluster Beans,Local,2026-07-28,3500.0,4000.0,3750.0,500.0,13.333333333333334,2026,7,28
Tamil Nadu,Thiruvannamalai,Chengam(Uzhavar Sandhai ),Bottle gourd,Bottle Gourd,Local,2026-07-28,1500.0,2000.0,1750.0,500.0,28.57142857142857,2026,7,28
Tamil Nadu,Thiruvannamalai,Chengam(Uzhavar Sandhai ),Ginger(Green),Green Ginger,Local,2026-07-28,20000.0,25000.0,22500.0,5000.0,22.22222222222222,2026,7,28
Tamil Nadu,Thiruvannamalai,Chengam(Uzhavar Sandhai ),Capsicum,Capsicum,Local,2026-07-28,6000.0,8000.0,7000.0,2000.0,28.57142857142857,2026,7,28
Tamil Nadu,Thiruvannamalai,Chengam(Uzhavar Sandhai ),Mango(Raw-Ripe),Mango - Raw-Ripe,Local,2026-07-28,1200.0,1500.0,1350.0,300.0,22.22222222222222,2026,7,28
Tamil Nadu,Thiruvannamalai,Chengam(Uzhavar Sandhai ),Guava,Guava Allahabad,Local,2026-07-28,5000.0,6000.0,5500.0,1000.0,18.181818181818183,2026,7,28
Tamil Nadu,Thiruvannamalai,Chengam(Uzhavar Sandhai ),Tamarind Fruit,Tamarind Fruit,Local,2026-07-28,8000.0,10000.0,9000.0,2000.0,22.22222222222222,2026,7,28
Tamil Nadu,Thiruvannamalai,Chengam(Uzhavar Sandhai ),Yam(Ratalu),Yam (Ratalu),Local,2026-07-28,3500.0,4000.0,3750.0,500.0,13.333333333333334,2026,7,28
Tamil Nadu,Thiruvannamalai,Tamarainagar(Uzhavar Sandhai ),Water Melon,Water Melon,Local,2026-07-28,2000.0,2500.0,2250.0,500.0,22.22222222222222,2026,7,28
Tamil Nadu,Thiruvannamalai,Tamarainagar(Uzhavar Sandhai ),Bitter gourd,Bitter Gourd,Local,2026-07-28,5000.0,6000.0,5500.0,1000.0,18.181818181818183,2026,7,28
Tamil Nadu,Thiruvannamalai,Tamarainagar(Uzhavar Sandhai ),Bhindi(Ladies Finger),Bhindi,Local,2026-07-28,2000.0,2500.0,2250.0,500.0,22.22222222222222,2026,7,28
Tamil Nadu,Thiruvannamalai,Tamarainagar(Uzhavar Sandhai ),Amaranthus,Amaranthus,Local,2026-07-28,3000.0,4000.0,3500.0,1000.0,28.57142857142857,2026,7,28
Tamil Nadu,Thiruvannamalai,Tamarainagar(Uzhavar Sandhai ),Cucumbar(Kheera),Cucumbar,Local,2026-07-28,3500.0,4200.0,3850.0,700.0,18.181818181818183,2026,7,28
Tamil Nadu,Thiruvannamalai,Tamarainagar(Uzhavar Sandhai ),Green Avare(W),Green Avare (W),Local,2026-07-28,5500.0,6800.0,6150.0,1300.0,21.138211382113823,2026,7,28
Tamil Nadu,Thiruvannamalai,Tamarainagar(Uzhavar Sandhai ),Lemon,Lemon,Local,2026-07-28,8000.0,10000.0,9000.0,2000.0,22.22222222222222,2026,7,28
Tamil Nadu,Thiruvannamalai,Vandavasi(Uzhavar Sandhai ),Potato,Other,Local,2026-07-28,3500.0,4200.0,3850.0,700.0,18.181818181818183,2026,7,28
Tamil Nadu,Thiruvannamalai,Vandavasi(Uzhavar Sandhai ),Brinjal,Other,Local,2026-07-28,5000.0,6000.0,5500.0,1000.0,18.181818181818183,2026,7,28
Tamil Nadu,Thiruvannamalai,Vandavasi(Uzhavar Sandhai ),Bottle gourd,Bottle Gourd,Local,2026-07-28,2000.0,2400.0,2200.0,400.0,18.181818181818183,2026,7,28
Tamil Nadu,Thiruvannamalai,Vandavasi(Uzhavar Sandhai ),Raddish,Raddish,Local,2026-07-28,2500.0,3000.0,2750.0,500.0,18.181818181818183,2026,7,28
Tamil Nadu,Thiruvarur,Muthupettai(Uzhavar Sandhai ),Potato,Red Nanital,Local,2026-07-28,3500.0,3500.0,3500.0,0.0,0.0,2026,7,28
Tamil Nadu,Thiruvarur,Muthupettai(Uzhavar Sandhai ),Bottle gourd,Bottle Gourd,Local,2026-07-28,3400.0,3400.0,3400.0,0.0,0.0,2026,7,28
Tamil Nadu,Thiruvarur,Muthupettai(Uzhavar Sandhai ),Amaranthus,Amaranthus,Local,2026-07-28,1000.0,1000.0,1000.0,0.0,0.0,2026,7,28
Tamil Nadu,Thiruvarur,Muthupettai(Uzhavar Sandhai ),Green Chilli,Green Chilly,Local,2026-07-28,5000.0,5000.0,5000.0,0.0,0.0,2026,7,28
Tamil Nadu,Thiruvarur,Muthupettai(Uzhavar Sandhai ),Coconut,Coconut,Local,2026-07-28,4000.0,4000.0,4000.0,0.0,0.0,2026,7,28
Tamil Nadu,Thiruvarur,Muthupettai(Uzhavar Sandhai ),Cabbage,Cabbage,Local,2026-07-28,5000.0,5000.0,5000.0,0.0,0.0,2026,7,28
Tamil Nadu,Thiruvarur,Muthupettai(Uzhavar Sandhai ),Mango(Raw-Ripe),Mango - Raw-Ripe,Local,2026-07-28,2500.0,2500.0,2500.0,0.0,0.0,2026,7,28
Tamil Nadu,Thiruvarur,Muthupettai(Uzhavar Sandhai ),Mint(Pudina),Mint(Pudina),Local,2026-07-28,6000.0,6000.0,6000.0,0.0,0.0,2026,7,28
Punjab,Ropar (Rupnagar),Morinda APMC,Pomegranate,Pomogranate,Medium,2026-07-28,6000.0,10000.0,8000.0,4000.0,50.0,2026,7,28
Punjab,Ropar (Rupnagar),Morinda APMC,Colacasia,Colacasia,Medium,2026-07-28,2500.0,2500.0,2500.0,0.0,0.0,2026,7,28
Punjab,Ropar (Rupnagar),Morinda APMC,Brinjal,Brinjal,Medium,2026-07-28,2000.0,3000.0,2500.0,1000.0,40.0,2026,7,28
Punjab,Ropar (Rupnagar),Morinda APMC,Capsicum,Capsicum,Medium,2026-07-28,4000.0,6000.0,5000.0,2000.0,40.0,2026,7,28
Bihar,Sheikhpura,Barbigha APMC,Wheat,147 Average,FAQ,2026-07-28,2500.0,2600.0,2550.0,100.0,3.9215686274509802,2026,7,28
Bihar,Sheikhpura,Barbigha APMC,Brinjal,Arkasheela Mattigulla,FAQ,2026-07-28,3000.0,3145.0,3080.0,145.0,4.707792207792208,2026,7,28
Bihar,Sheikhpura,Barbigha APMC,Cucumbar(Kheera),Cucumbar,FAQ,2026-07-28,3030.0,3185.0,3090.0,155.0,5.016181229773463,2026,7,28
Tamil Nadu,Villupuram,Gingee(Uzhavar Sandhai ),Bitter gourd,Bitter Gourd,Local,2026-07-28,7000.0,7000.0,7000.0,0.0,0.0,2026,7,28
Tamil Nadu,Villupuram,Gingee(Uzhavar Sandhai ),Bottle gourd,Bottle Gourd,Local,2026-07-28,2500.0,2500.0,2500.0,0.0,0.0,2026,7,28
Tamil Nadu,Villupuram,Gingee(Uzhavar Sandhai ),Banana - Green,Banana - Green,Local,2026-07-28,4000.0,4000.0,4000.0,0.0,0.0,2026,7,28
Tamil Nadu,Villupuram,Gingee(Uzhavar Sandhai ),Beans,Beans (Whole),Local,2026-07-28,11000.0,11000.0,11000.0,0.0,0.0,2026,7,28
Tamil Nadu,Villupuram,Gingee(Uzhavar Sandhai ),Ginger(Green),Green Ginger,Local,2026-07-28,13000.0,13000.0,13000.0,0.0,0.0,2026,7,28
Tamil Nadu,Villupuram,Gingee(Uzhavar Sandhai ),Guava,Guava Allahabad,Local,2026-07-28,5000.0,5000.0,5000.0,0.0,0.0,2026,7,28
Tamil Nadu,Villupuram,Gingee(Uzhavar Sandhai ),Colacasia,Colacasia,Local,2026-07-28,6000.0,6000.0,6000.0,0.0,0.0,2026,7,28
Tamil Nadu,Thiruvellore,Tiruthani(Uzhavar Sandhai ),Bitter gourd,Bitter Gourd,Local,2026-07-28,6000.0,6000.0,6000.0,0.0,0.0,2026,7,28
Tamil Nadu,Thiruvellore,Tiruthani(Uzhavar Sandhai ),Snakeguard,Snakeguard,Local,2026-07-28,4000.0,4000.0,4000.0,0.0,0.0,2026,7,28
Tamil Nadu,Thiruvellore,Tiruthani(Uzhavar Sandhai ),Cucumbar(Kheera),Cucumbar,Local,2026-07-28,5000.0,5000.0,5000.0,0.0,0.0,2026,7,28
Tamil Nadu,Thiruvellore,Tiruthani(Uzhavar Sandhai ),Ridgeguard(Tori),Ridgeguard(Tori),Local,2026-07-28,5000.0,5000.0,5000.0,0.0,0.0,2026,7,28
Tamil Nadu,Thiruvellore,Tiruthani(Uzhavar Sandhai ),Chow Chow,Chow Chow,Local,2026-07-28,4000.0,4000.0,4000.0,0.0,0.0,2026,7,28
Tamil Nadu,Thiruvellore,Tiruthani(Uzhavar Sandhai ),Onion Green,Onion Green,Local,2026-07-28,8000.0,8000.0,8000.0,0.0,0.0,2026,7,28
Tamil Nadu,Villupuram,Manalurpet APMC,Maize,Other,Local,2026-07-28,2010.0,2609.0,2309.5,599.0,25.9363498592769,2026,7,28
Tamil Nadu,Madurai,Thirumangalam(Uzhavar Sandhai ),Papaya,Papaya,Local,2026-07-28,4000.0,4500.0,4250.0,500.0,11.76470588235294,2026,7,28
Tamil Nadu,Madurai,Thirumangalam(Uzhavar Sandhai ),Ashgourd,Gouard,Local,2026-07-28,2400.0,2600.0,2500.0,200.0,8.0,2026,7,28
Tamil Nadu,Madurai,Thirumangalam(Uzhavar Sandhai ),Ridgeguard(Tori),Ridgeguard(Tori),Local,2026-07-28,6000.0,6500.0,6250.0,500.0,8.0,2026,7,28
Tamil Nadu,Madurai,Thirumangalam(Uzhavar Sandhai ),Raddish,Raddish,Local,2026-07-28,3000.0,3500.0,3250.0,500.0,15.384615384615385,2026,7,28
Punjab,Hoshiarpur,GarhShankar (Kotfatuhi) APMC,Banana,Other,Medium,2026-07-28,3000.0,3000.0,3000.0,0.0,0.0,2026,7,28
Punjab,Hoshiarpur,GarhShankar (Kotfatuhi) APMC,Tomato,Other,FAQ,2026-07-28,2800.0,2800.0,2800.0,0.0,0.0,2026,7,28
Punjab,Hoshiarpur,GarhShankar (Kotfatuhi) APMC,Potato,Other,FAQ,2026-07-28,900.0,900.0,900.0,0.0,0.0,2026,7,28
Tamil Nadu,Madurai,Melur(Uzhavar Sandhai ),Onion,Bellary,Local,2026-07-28,3800.0,4000.0,3900.0,200.0,5.128205128205128,2026,7,28
Tamil Nadu,Madurai,Melur(Uzhavar Sandhai ),Coriander(Leaves),I Sort,Local,2026-07-28,5000.0,5500.0,5250.0,500.0,9.523809523809524,2026,7,28
Tamil Nadu,Madurai,Melur(Uzhavar Sandhai ),Ashgourd,Gouard,Local,2026-07-28,2400.0,2600.0,2500.0,200.0,8.0,2026,7,28
Tamil Nadu,Madurai,Melur(Uzhavar Sandhai ),Pumpkin,Pumpkin,Local,2026-07-28,2000.0,2400.0,2200.0,400.0,18.181818181818183,2026,7,28
Tamil Nadu,Madurai,Melur(Uzhavar Sandhai ),Coconut,Coconut,Local,2026-07-28,5800.0,6000.0,5900.0,200.0,3.389830508474576,2026,7,28
Tamil Nadu,Madurai,Melur(Uzhavar Sandhai ),Ridgeguard(Tori),Ridgeguard(Tori),Local,2026-07-28,6000.0,6500.0,6250.0,500.0,8.0,2026,7,28
Tamil Nadu,Madurai,Melur(Uzhavar Sandhai ),Lime,Lime,Local,2026-07-28,2500.0,4000.0,3250.0,1500.0,46.15384615384615,2026,7,28
Tamil Nadu,Madurai,Melur(Uzhavar Sandhai ),Onion Green,Onion Green,Local,2026-07-28,5500.0,6000.0,5750.0,500.0,8.695652173913043,2026,7,28
Tamil Nadu,Salem,Vazhapadi(Uzhavar Sandhai),Mango,Neelam,Local,2026-07-28,4000.0,5000.0,4500.0,1000.0,22.22222222222222,2026,7,28
Tamil Nadu,Salem,Vazhapadi(Uzhavar Sandhai),Brinjal,Other,Local,2026-07-28,4600.0,4600.0,4600.0,0.0,0.0,2026,7,28
Tamil Nadu,Salem,Vazhapadi(Uzhavar Sandhai),Beans,Beans (Whole),Local,2026-07-28,7000.0,8000.0,7500.0,1000.0,13.333333333333334,2026,7,28
Tamil Nadu,Salem,Vazhapadi(Uzhavar Sandhai),Beetroot,Beetroot,Local,2026-07-28,4500.0,4500.0,4500.0,0.0,0.0,2026,7,28
Tamil Nadu,Salem,Vazhapadi(Uzhavar Sandhai),Guava,Guava Allahabad,Local,2026-07-28,5000.0,5000.0,5000.0,0.0,0.0,2026,7,28
Tamil Nadu,Salem,Vazhapadi(Uzhavar Sandhai),Elephant Yam(Suran)/Amorphophallus,Elephant Yam (Suran),Local,2026-07-28,3000.0,3000.0,3000.0,0.0,0.0,2026,7,28
Tamil Nadu,Salem,Vazhapadi(Uzhavar Sandhai),Onion Green,Onion Green,Local,2026-07-28,5000.0,6000.0,5500.0,1000.0,18.181818181818183,2026,7,28
Tamil Nadu,Karur,Gandhigramam(Uzhavar Sandhai),Brinjal,Other,Local,2026-07-28,4500.0,5000.0,4750.0,500.0,10.526315789473683,2026,7,28
Tamil Nadu,Karur,Gandhigramam(Uzhavar Sandhai),Coriander(Leaves),I Sort,Local,2026-07-28,7500.0,8000.0,7750.0,500.0,6.451612903225806,2026,7,28
Tamil Nadu,Karur,Gandhigramam(Uzhavar Sandhai),Bitter gourd,Other,Local,2026-07-28,5500.0,6000.0,5750.0,500.0,8.695652173913043,2026,7,28
Tamil Nadu,Karur,Gandhigramam(Uzhavar Sandhai),Beans,Beans (Whole),Local,2026-07-28,9000.0,10000.0,9500.0,1000.0,10.526315789473683,2026,7,28
Tamil Nadu,Karur,Gandhigramam(Uzhavar Sandhai),Ginger(Green),Green Ginger,Local,2026-07-28,22000.0,23000.0,22500.0,1000.0,4.444444444444445,2026,7,28
Tamil Nadu,Karur,Gandhigramam(Uzhavar Sandhai),Coconut,Coconut,Local,2026-07-28,5500.0,6000.0,5750.0,500.0,8.695652173913043,2026,7,28
Tamil Nadu,Karur,Gandhigramam(Uzhavar Sandhai),Beetroot,Beetroot,Local,2026-07-28,8500.0,9000.0,8750.0,500.0,5.714285714285714,2026,7,28
Tamil Nadu,Karur,Gandhigramam(Uzhavar Sandhai),Raddish,Raddish,Local,2026-07-28,3500.0,4000.0,3750.0,500.0,13.333333333333334,2026,7,28
Tamil Nadu,Karur,Gandhigramam(Uzhavar Sandhai),Thondekai,Thondekai,Local,2026-07-28,5000.0,5500.0,5250.0,500.0,9.523809523809524,2026,7,28
Tamil Nadu,Karur,Gandhigramam(Uzhavar Sandhai),Elephant Yam(Suran)/Amorphophallus,Elephant Yam (Suran),Local,2026-07-28,4000.0,5000.0,4500.0,1000.0,22.22222222222222,2026,7,28
Tamil Nadu,Karur,Gandhigramam(Uzhavar Sandhai),Onion Green,Onion Green,Local,2026-07-28,6000.0,6500.0,6250.0,500.0,8.0,2026,7,28
Tamil Nadu,Pudukkottai,Aranthangi(Uzhavar Sandhai ),Pumpkin,Pumpkin,Local,2026-07-28,1000.0,1500.0,1250.0,500.0,40.0,2026,7,28
Tamil Nadu,Pudukkottai,Aranthangi(Uzhavar Sandhai ),Onion Green,Onion Green,Local,2026-07-28,6500.0,7000.0,6750.0,500.0,7.4074074074074066,2026,7,28
Tamil Nadu,Coimbatore,Sulur(Uzhavar Sandhai ),Onion,Bellary,Local,2026-07-28,3200.0,3600.0,3400.0,400.0,11.76470588235294,2026,7,28
Tamil Nadu,Coimbatore,Sulur(Uzhavar Sandhai ),Pumpkin,Pumpkin,Local,2026-07-28,1600.0,2000.0,1800.0,400.0,22.22222222222222,2026,7,28
Tamil Nadu,Coimbatore,Sulur(Uzhavar Sandhai ),Cowpea(Veg),Cowpea (Veg),Local,2026-07-28,3600.0,4000.0,3800.0,400.0,10.526315789473683,2026,7,28
Tamil Nadu,Coimbatore,Sulur(Uzhavar Sandhai ),Banana - Green,Banana - Green,Local,2026-07-28,3400.0,4000.0,3700.0,600.0,16.216216216216218,2026,7,28
Tamil Nadu,Coimbatore,Sulur(Uzhavar Sandhai ),Tapioca,Tapioca,Local,2026-07-28,3200.0,3500.0,3350.0,300.0,8.955223880597014,2026,7,28
Tamil Nadu,Coimbatore,Sulur(Uzhavar Sandhai ),Cucumbar(Kheera),Cucumbar,Local,2026-07-28,4000.0,4500.0,4250.0,500.0,11.76470588235294,2026,7,28
Tamil Nadu,Coimbatore,Sulur(Uzhavar Sandhai ),Green Avare(W),Green Avare (W),Local,2026-07-28,6000.0,6800.0,6400.0,800.0,12.5,2026,7,28
Tamil Nadu,Coimbatore,Sulur(Uzhavar Sandhai ),Mango(Raw-Ripe),Mango - Raw-Ripe,Local,2026-07-28,2500.0,3000.0,2750.0,500.0,18.181818181818183,2026,7,28
Tamil Nadu,Coimbatore,Sulur(Uzhavar Sandhai ),Guava,Guava Allahabad,Local,2026-07-28,5000.0,6000.0,5500.0,1000.0,18.181818181818183,2026,7,28
Tamil Nadu,Coimbatore,Sulur(Uzhavar Sandhai ),Amla(Nelli Kai),Amla,Local,2026-07-28,7000.0,8000.0,7500.0,1000.0,13.333333333333334,2026,7,28
Tamil Nadu,Coimbatore,Sulur(Uzhavar Sandhai ),Onion Green,Onion Green,Local,2026-07-28,5400.0,6000.0,5700.0,600.0,10.526315789473683,2026,7,28
Keralam,Thiruvananthapuram,Balaramapuram  VFPCK Market,Banana,Nendra Bale,Grade A,2026-07-28,6200.0,6700.0,6500.0,500.0,7.6923076923076925,2026,7,28
Tamil Nadu,Cuddalore,Panruti(Uzhavar Sandhai ),Coriander(Leaves),I Sort,Local,2026-07-28,7000.0,7000.0,7000.0,0.0,0.0,2026,7,28
Tamil Nadu,Cuddalore,Panruti(Uzhavar Sandhai ),Bottle gourd,Bottle Gourd,Local,2026-07-28,3000.0,3000.0,3000.0,0.0,0.0,2026,7,28
Tamil Nadu,Cuddalore,Panruti(Uzhavar Sandhai ),Amaranthus,Amaranthus,Local,2026-07-28,2000.0,2000.0,2000.0,0.0,0.0,2026,7,28
Tamil Nadu,Cuddalore,Panruti(Uzhavar Sandhai ),Coconut,Coconut,Local,2026-07-28,5000.0,6000.0,5500.0,1000.0,18.181818181818183,2026,7,28
Tamil Nadu,Cuddalore,Panruti(Uzhavar Sandhai ),Raddish,Raddish,Local,2026-07-28,3000.0,3000.0,3000.0,0.0,0.0,2026,7,28
Tamil Nadu,Cuddalore,Vadalur(Uzhavar Sandhai ),Brinjal,Other,Local,2026-07-28,6000.0,6000.0,6000.0,0.0,0.0,2026,7,28
Tamil Nadu,Cuddalore,Vadalur(Uzhavar Sandhai ),Tomato,Local,Local,2026-07-28,1600.0,1600.0,1600.0,0.0,0.0,2026,7,28
Tamil Nadu,Cuddalore,Vadalur(Uzhavar Sandhai ),Cluster beans,Cluster Beans,Local,2026-07-28,5000.0,5000.0,5000.0,0.0,0.0,2026,7,28
Tamil Nadu,Cuddalore,Vadalur(Uzhavar Sandhai ),Ashgourd,Gouard,Local,2026-07-28,3000.0,3000.0,3000.0,0.0,0.0,2026,7,28
Tamil Nadu,Cuddalore,Vadalur(Uzhavar Sandhai ),Snakeguard,Snakeguard,Local,2026-07-28,3000.0,3000.0,3000.0,0.0,0.0,2026,7,28
Tamil Nadu,Cuddalore,Vadalur(Uzhavar Sandhai ),Thondekai,Thondekai,Local,2026-07-28,5000.0,5000.0,5000.0,0.0,0.0,2026,7,28
Tamil Nadu,Cuddalore,Vadalur(Uzhavar Sandhai ),Drumstick,Drumstick,Local,2026-07-28,3000.0,3000.0,3000.0,0.0,0.0,2026,7,28
Tamil Nadu,Cuddalore,Vadalur(Uzhavar Sandhai ),Lemon,Lemon,Local,2026-07-28,5000.0,5000.0,5000.0,0.0,0.0,2026,7,28
Tamil Nadu,Cuddalore,Vadalur(Uzhavar Sandhai ),Onion Green,Onion Green,Local,2026-07-28,6000.0,6000.0,6000.0,0.0,0.0,2026,7,28
Tamil Nadu,Cuddalore,Vadalur(Uzhavar Sandhai ),Mint(Pudina),Mint(Pudina),Local,2026-07-28,5000.0,5000.0,5000.0,0.0,0.0,2026,7,28
Tamil Nadu,Dharmapuri,AJattihalli(Uzhavar Sandhai ),Coriander(Leaves),I Sort,Local,2026-07-28,7000.0,8000.0,7500.0,1000.0,13.333333333333334,2026,7,28
Tamil Nadu,Dharmapuri,AJattihalli(Uzhavar Sandhai ),Cluster beans,Cluster Beans,Local,2026-07-28,3600.0,3600.0,3600.0,0.0,0.0,2026,7,28
Tamil Nadu,Dharmapuri,AJattihalli(Uzhavar Sandhai ),Pumpkin,Pumpkin,Local,2026-07-28,2000.0,2000.0,2000.0,0.0,0.0,2026,7,28
Tamil Nadu,Dharmapuri,AJattihalli(Uzhavar Sandhai ),Bhindi(Ladies Finger),Bhindi,Local,2026-07-28,2000.0,2000.0,2000.0,0.0,0.0,2026,7,28
Tamil Nadu,Dharmapuri,AJattihalli(Uzhavar Sandhai ),Amaranthus,Amaranthus,Local,2026-07-28,2000.0,2500.0,2250.0,500.0,22.22222222222222,2026,7,28
Tamil Nadu,Dharmapuri,AJattihalli(Uzhavar Sandhai ),Green Chilli,Green Chilly,Local,2026-07-28,4600.0,5000.0,4800.0,400.0,8.333333333333332,2026,7,28
Tamil Nadu,Dharmapuri,AJattihalli(Uzhavar Sandhai ),Cabbage,Cabbage,Local,2026-07-28,4000.0,4400.0,4200.0,400.0,9.523809523809524,2026,7,28
Tamil Nadu,Dharmapuri,AJattihalli(Uzhavar Sandhai ),Beetroot,Beetroot,Local,2026-07-28,5200.0,5200.0,5200.0,0.0,0.0,2026,7,28
Tamil Nadu,Dharmapuri,AJattihalli(Uzhavar Sandhai ),Ridgeguard(Tori),Ridgeguard(Tori),Local,2026-07-28,3500.0,3800.0,3650.0,300.0,8.21917808219178,2026,7,28
Tamil Nadu,Dharmapuri,AJattihalli(Uzhavar Sandhai ),Onion Green,Onion Green,Local,2026-07-28,5500.0,6000.0,5750.0,500.0,8.695652173913043,2026,7,28
Keralam,Thiruvananthapuram,Vellanad VFPCK Market,Banana,Nendra Bale,Grade A,2026-07-28,6500.0,6900.0,6800.0,400.0,5.88235294117647,2026,7,28
Tamil Nadu,Nagapattinam,Vedaranyam(Uzhavar Sandhai),Potato,Red Nanital,Local,2026-07-28,3200.0,3400.0,3300.0,200.0,6.0606060606060606,2026,7,28
Tamil Nadu,Nagapattinam,Vedaranyam(Uzhavar Sandhai),Pumpkin,Pumpkin,Local,2026-07-28,2400.0,2600.0,2500.0,200.0,8.0,2026,7,28
Tamil Nadu,Nagapattinam,Vedaranyam(Uzhavar Sandhai),Bhindi(Ladies Finger),Bhindi,Local,2026-07-28,4400.0,4600.0,4500.0,200.0,4.444444444444445,2026,7,28
Tamil Nadu,Nagapattinam,Vedaranyam(Uzhavar Sandhai),Beetroot,Beetroot,Local,2026-07-28,3800.0,4000.0,3900.0,200.0,5.128205128205128,2026,7,28
Tamil Nadu,Vellore,Perampet(Uzhavar Sandhai),Potato,Red Nanital,Local,2026-07-28,3000.0,3000.0,3000.0,0.0,0.0,2026,7,28
Tamil Nadu,Vellore,Perampet(Uzhavar Sandhai),Coriander(Leaves),I Sort,Local,2026-07-28,5000.0,5000.0,5000.0,0.0,0.0,2026,7,28
Tamil Nadu,Vellore,Perampet(Uzhavar Sandhai),Green Chilli,Green Chilly,Local,2026-07-28,5000.0,6000.0,5500.0,1000.0,18.181818181818183,2026,7,28
Tamil Nadu,Vellore,Perampet(Uzhavar Sandhai),Banana - Green,Banana - Green,Local,2026-07-28,4000.0,4000.0,4000.0,0.0,0.0,2026,7,28
Tamil Nadu,Vellore,Perampet(Uzhavar Sandhai),Beetroot,Beetroot,Local,2026-07-28,5000.0,5000.0,5000.0,0.0,0.0,2026,7,28
Tamil Nadu,Vellore,Perampet(Uzhavar Sandhai),Mango(Raw-Ripe),Mango - Raw-Ripe,Local,2026-07-28,1500.0,2000.0,1750.0,500.0,28.57142857142857,2026,7,28
Tamil Nadu,Vellore,Perampet(Uzhavar Sandhai),Knool Khol,Knool Khol,Local,2026-07-28,5000.0,5000.0,5000.0,0.0,0.0,2026,7,28
Tamil Nadu,Vellore,Perampet(Uzhavar Sandhai),Lemon,Lemon,Local,2026-07-28,5000.0,5000.0,5000.0,0.0,0.0,2026,7,28
Tamil Nadu,Vellore,Perampet(Uzhavar Sandhai),Colacasia,Colacasia,Local,2026-07-28,4600.0,4600.0,4600.0,0.0,0.0,2026,7,28
Madhya Pradesh,Badwani,Sendhwa(F&V) APMC,Brinjal,Round,Small,2026-07-28,800.0,1300.0,900.0,500.0,55.55555555555556,2026,7,28
Madhya Pradesh,Badwani,Sendhwa(F&V) APMC,Cauliflower,Cauliflower,Medium,2026-07-28,900.0,1500.0,1100.0,600.0,54.54545454545454,2026,7,28
Tamil Nadu,Karur,Kulithalai(Uzhavar Sandhai ),Tomato,Deshi,Local,2026-07-28,2000.0,2400.0,2200.0,400.0,18.181818181818183,2026,7,28
Tamil Nadu,Karur,Kulithalai(Uzhavar Sandhai ),Pumpkin,Pumpkin,Local,2026-07-28,2500.0,3000.0,2750.0,500.0,18.181818181818183,2026,7,28
Tamil Nadu,Karur,Kulithalai(Uzhavar Sandhai ),Cowpea(Veg),Cowpea (Veg),Local,2026-07-28,2500.0,3000.0,2750.0,500.0,18.181818181818183,2026,7,28
Tamil Nadu,Karur,Kulithalai(Uzhavar Sandhai ),Mango(Raw-Ripe),Mango - Raw-Ripe,Local,2026-07-28,2500.0,3000.0,2750.0,500.0,18.181818181818183,2026,7,28
Tamil Nadu,Karur,Kulithalai(Uzhavar Sandhai ),Yam(Ratalu),Yam (Ratalu),Local,2026-07-28,7000.0,8000.0,7500.0,1000.0,13.333333333333334,2026,7,28
Tamil Nadu,Karur,Kulithalai(Uzhavar Sandhai ),Sweet Corn,Sweet Corn,Local,2026-07-28,4500.0,5000.0,4750.0,500.0,10.526315789473683,2026,7,28
Tamil Nadu,Karur,Pallapatti (Uzhavar Sandhai ),Papaya,Papaya,Local,2026-07-28,2500.0,3000.0,2750.0,500.0,18.181818181818183,2026,7,28
Tamil Nadu,Karur,Pallapatti (Uzhavar Sandhai ),Tomato,Other,Local,2026-07-28,2000.0,2200.0,2100.0,200.0,9.523809523809524,2026,7,28
Tamil Nadu,Karur,Pallapatti (Uzhavar Sandhai ),Bhindi(Ladies Finger),Bhindi,Local,2026-07-28,3800.0,4000.0,3900.0,200.0,5.128205128205128,2026,7,28
Tamil Nadu,Karur,Pallapatti (Uzhavar Sandhai ),Banana - Green,Banana - Green,Local,2026-07-28,2500.0,3000.0,2750.0,500.0,18.181818181818183,2026,7,28
Tamil Nadu,Karur,Pallapatti (Uzhavar Sandhai ),Green Avare(W),Other,Local,2026-07-28,8000.0,10000.0,9000.0,2000.0,22.22222222222222,2026,7,28
Tamil Nadu,Karur,Pallapatti (Uzhavar Sandhai ),Lemon,Lemon,Local,2026-07-28,5500.0,6000.0,5750.0,500.0,8.695652173913043,2026,7,28
Tamil Nadu,Karur,Pallapatti (Uzhavar Sandhai ),Amla(Nelli Kai),Amla,Local,2026-07-28,6500.0,7000.0,6750.0,500.0,7.4074074074074066,2026,7,28
Andhra Pradesh,Srikakulam,Etcherla APMC,Paddy(Common),1121,FAQ,2026-07-28,2369.0,2369.0,2369.0,0.0,0.0,2026,7,28
Tamil Nadu,Karur,Velayuthampalayam(Uzhavar Sandhai ),Banana,Other,Local,2026-07-28,5200.0,6000.0,5600.0,800.0,14.285714285714285,2026,7,28
Tamil Nadu,Karur,Velayuthampalayam(Uzhavar Sandhai ),Coriander(Leaves),I Sort,Local,2026-07-28,7000.0,8000.0,7500.0,1000.0,13.333333333333334,2026,7,28
Tamil Nadu,Karur,Velayuthampalayam(Uzhavar Sandhai ),Cluster beans,Cluster Beans,Local,2026-07-28,3400.0,4000.0,3700.0,600.0,16.216216216216218,2026,7,28
Tamil Nadu,Karur,Velayuthampalayam(Uzhavar Sandhai ),Green Chilli,Green Chilly,Local,2026-07-28,4300.0,5000.0,4650.0,700.0,15.053763440860216,2026,7,28
Tamil Nadu,Karur,Velayuthampalayam(Uzhavar Sandhai ),Banana - Green,Banana - Green,Local,2026-07-28,2400.0,3000.0,2700.0,600.0,22.22222222222222,2026,7,28
Tamil Nadu,Karur,Velayuthampalayam(Uzhavar Sandhai ),Ginger(Green),Green Ginger,Local,2026-07-28,21000.0,23000.0,22000.0,2000.0,9.090909090909092,2026,7,28
Tamil Nadu,Karur,Velayuthampalayam(Uzhavar Sandhai ),Ridgeguard(Tori),Ridgeguard(Tori),Local,2026-07-28,5000.0,6000.0,5500.0,1000.0,18.181818181818183,2026,7,28
Tamil Nadu,Karur,Velayuthampalayam(Uzhavar Sandhai ),Raddish,Raddish,Local,2026-07-28,3400.0,4000.0,3700.0,600.0,16.216216216216218,2026,7,28
Tamil Nadu,Karur,Velayuthampalayam(Uzhavar Sandhai ),Lemon,Lemon,Local,2026-07-28,7000.0,8000.0,7500.0,1000.0,13.333333333333334,2026,7,28
Tamil Nadu,Karur,Vengamedu(Uzhavar Sandhai ),Coriander(Leaves),I Sort,Local,2026-07-28,7500.0,8000.0,7750.0,500.0,6.451612903225806,2026,7,28
Tamil Nadu,Karur,Vengamedu(Uzhavar Sandhai ),Bottle gourd,Bottle Gourd,Local,2026-07-28,2000.0,2500.0,2250.0,500.0,22.22222222222222,2026,7,28
Tamil Nadu,Karur,Vengamedu(Uzhavar Sandhai ),Drumstick,Drumstick,Local,2026-07-28,3500.0,4000.0,3750.0,500.0,13.333333333333334,2026,7,28
Tamil Nadu,Theni,Devaram(Uzhavar Sandhai ),Banana,Besrai,Local,2026-07-28,2500.0,6000.0,4250.0,3500.0,82.35294117647058,2026,7,28
Tamil Nadu,Theni,Devaram(Uzhavar Sandhai ),Cauliflower,Ranchi,Local,2026-07-28,2000.0,2500.0,2250.0,500.0,22.22222222222222,2026,7,28
Tamil Nadu,Theni,Devaram(Uzhavar Sandhai ),Bitter gourd,Bitter Gourd,Local,2026-07-28,5000.0,5400.0,5200.0,400.0,7.6923076923076925,2026,7,28
Tamil Nadu,Theni,Devaram(Uzhavar Sandhai ),Ashgourd,Gouard,Local,2026-07-28,1500.0,1500.0,1500.0,0.0,0.0,2026,7,28
Tamil Nadu,Theni,Devaram(Uzhavar Sandhai ),Pumpkin,Pumpkin,Local,2026-07-28,1800.0,1800.0,1800.0,0.0,0.0,2026,7,28
Tamil Nadu,Theni,Devaram(Uzhavar Sandhai ),Green Chilli,Green Chilly,Local,2026-07-28,4000.0,5000.0,4500.0,1000.0,22.22222222222222,2026,7,28
Tamil Nadu,Theni,Devaram(Uzhavar Sandhai ),Thondekai,Thondekai,Local,2026-07-28,5000.0,5000.0,5000.0,0.0,0.0,2026,7,28
Tamil Nadu,Theni,Devaram(Uzhavar Sandhai ),Knool Khol,Knool Khol,Local,2026-07-28,4400.0,4400.0,4400.0,0.0,0.0,2026,7,28
Tamil Nadu,Theni,Devaram(Uzhavar Sandhai ),Mint(Pudina),Mint(Pudina),Local,2026-07-28,5500.0,5500.0,5500.0,0.0,0.0,2026,7,28
Tamil Nadu,Salem,Attayampatti(Uzhavar Sandhai ),Chikoos(Sapota),Sapota,Local,2026-07-28,4000.0,4000.0,4000.0,0.0,0.0,2026,7,28
Tamil Nadu,Salem,Attayampatti(Uzhavar Sandhai ),Banana,Besrai,Local,2026-07-28,4500.0,6000.0,5250.0,1500.0,28.57142857142857,2026,7,28
Tamil Nadu,Salem,Attayampatti(Uzhavar Sandhai ),Amaranthus,Amaranthus,Local,2026-07-28,2400.0,2400.0,2400.0,0.0,0.0,2026,7,28
Tamil Nadu,Salem,Attayampatti(Uzhavar Sandhai ),Green Chilli,Green Chilly,Local,2026-07-28,4200.0,4200.0,4200.0,0.0,0.0,2026,7,28
Tamil Nadu,Salem,Attayampatti(Uzhavar Sandhai ),Tapioca,Tapioca,Local,2026-07-28,3000.0,3000.0,3000.0,0.0,0.0,2026,7,28
Tamil Nadu,Salem,Attayampatti(Uzhavar Sandhai ),Coconut,Coconut,Local,2026-07-28,5000.0,6000.0,5500.0,1000.0,18.181818181818183,2026,7,28
Tamil Nadu,Sivaganga,Sivagangai (Uzhavar Sandhai ),Chikoos(Sapota),Sapota,Local,2026-07-28,4200.0,6200.0,5200.0,2000.0,38.46153846153847,2026,7,28
Tamil Nadu,Sivaganga,Sivagangai (Uzhavar Sandhai ),Soyabean,Local,Local,2026-07-28,9000.0,10000.0,9500.0,1000.0,10.526315789473683,2026,7,28
Tamil Nadu,Sivaganga,Sivagangai (Uzhavar Sandhai ),Bottle gourd,Bottle Gourd,Local,2026-07-28,3400.0,3800.0,3600.0,400.0,11.11111111111111,2026,7,28
Tamil Nadu,Sivaganga,Sivagangai (Uzhavar Sandhai ),Pumpkin,Pumpkin,Local,2026-07-28,2200.0,2600.0,2400.0,400.0,16.666666666666664,2026,7,28
Tamil Nadu,Sivaganga,Sivagangai (Uzhavar Sandhai ),Cabbage,Cabbage,Local,2026-07-28,3800.0,4200.0,4000.0,400.0,10.0,2026,7,28
Tamil Nadu,Sivaganga,Sivagangai (Uzhavar Sandhai ),Raddish,Raddish,Local,2026-07-28,3200.0,3600.0,3400.0,400.0,11.76470588235294,2026,7,28
Tamil Nadu,Sivaganga,Sivagangai (Uzhavar Sandhai ),Drumstick,Drumstick,Local,2026-07-28,4200.0,7200.0,5700.0,3000.0,52.63157894736842,2026,7,28
Tamil Nadu,Sivaganga,Sivagangai (Uzhavar Sandhai ),Onion Green,Onion Green,Local,2026-07-28,5600.0,6200.0,5900.0,600.0,10.16949152542373,2026,7,28
Tamil Nadu,Sivaganga,Devakottai (Uzhavar Sandhai ),Banana,Poovan,Local,2026-07-28,3500.0,4000.0,3750.0,500.0,13.333333333333334,2026,7,28
Tamil Nadu,Sivaganga,Devakottai (Uzhavar Sandhai ),Potato,Other,Local,2026-07-28,5800.0,6200.0,6000.0,400.0,6.666666666666667,2026,7,28
Tamil Nadu,Sivaganga,Devakottai (Uzhavar Sandhai ),Tomato,Deshi,Local,2026-07-28,2200.0,2500.0,2350.0,300.0,12.76595744680851,2026,7,28
Tamil Nadu,Sivaganga,Devakottai (Uzhavar Sandhai ),Amaranthus,Amaranthus,Local,2026-07-28,3500.0,4000.0,3750.0,500.0,13.333333333333334,2026,7,28
Tamil Nadu,Sivaganga,Devakottai (Uzhavar Sandhai ),Ridgeguard(Tori),Ridgeguard(Tori),Local,2026-07-28,4000.0,4400.0,4200.0,400.0,9.523809523809524,2026,7,28
Tamil Nadu,Sivaganga,Devakottai (Uzhavar Sandhai ),Guava,Guava Allahabad,Local,2026-07-28,7000.0,8400.0,7700.0,1400.0,18.181818181818183,2026,7,28
Tamil Nadu,Sivaganga,Devakottai (Uzhavar Sandhai ),Onion Green,Onion Green,Local,2026-07-28,6000.0,6400.0,6200.0,400.0,6.451612903225806,2026,7,28
Tamil Nadu,Salem,Edapadi (Uzhavar Sandhai ),Papaya,Papaya,Local,2026-07-28,2600.0,3000.0,2800.0,400.0,14.285714285714285,2026,7,28
Tamil Nadu,Salem,Edapadi (Uzhavar Sandhai ),Cauliflower,Ranchi,Local,2026-07-28,2500.0,3000.0,2750.0,500.0,18.181818181818183,2026,7,28
Tamil Nadu,Salem,Edapadi (Uzhavar Sandhai ),Coriander(Leaves),I Sort,Local,2026-07-28,2500.0,3000.0,2750.0,500.0,18.181818181818183,2026,7,28
Tamil Nadu,Salem,Edapadi (Uzhavar Sandhai ),Cluster beans,Cluster Beans,Local,2026-07-28,3000.0,3500.0,3250.0,500.0,15.384615384615385,2026,7,28
Tamil Nadu,Salem,Edapadi (Uzhavar Sandhai ),Bitter gourd,Other,Local,2026-07-28,5500.0,6000.0,5750.0,500.0,8.695652173913043,2026,7,28
Tamil Nadu,Salem,Edapadi (Uzhavar Sandhai ),Ashgourd,Gouard,Local,2026-07-28,2000.0,2500.0,2250.0,500.0,22.22222222222222,2026,7,28
Tamil Nadu,Salem,Edapadi (Uzhavar Sandhai ),Banana - Green,Banana - Green,Local,2026-07-28,2200.0,2600.0,2400.0,400.0,16.666666666666664,2026,7,28
Tamil Nadu,Salem,Edapadi (Uzhavar Sandhai ),Ginger(Green),Green Ginger,Local,2026-07-28,19000.0,20000.0,19500.0,1000.0,5.128205128205128,2026,7,28
Tamil Nadu,Salem,Edapadi (Uzhavar Sandhai ),Carrot,Pusakesar,Local,2026-07-28,9000.0,9500.0,9250.0,500.0,5.405405405405405,2026,7,28
Tamil Nadu,Salem,Edapadi (Uzhavar Sandhai ),Beetroot,Beetroot,Local,2026-07-28,7500.0,8000.0,7750.0,500.0,6.451612903225806,2026,7,28
Tamil Nadu,Salem,Edapadi (Uzhavar Sandhai ),Raddish,Raddish,Local,2026-07-28,3000.0,3300.0,3150.0,300.0,9.523809523809524,2026,7,28
Tamil Nadu,Salem,Edapadi (Uzhavar Sandhai ),Green Avare(W),Other,Local,2026-07-28,7000.0,7500.0,7250.0,500.0,6.896551724137931,2026,7,28
Tamil Nadu,Salem,Edapadi (Uzhavar Sandhai ),Amla(Nelli Kai),Amla,Local,2026-07-28,7500.0,8000.0,7750.0,500.0,6.451612903225806,2026,7,28
Tamil Nadu,Salem,Edapadi (Uzhavar Sandhai ),Mint(Pudina),Mint(Pudina),Local,2026-07-28,4000.0,4500.0,4250.0,500.0,11.76470588235294,2026,7,28
Tamil Nadu,Salem,Elampillai(Uzhavar Sandhai ),Banana,Red Banana,Local,2026-07-28,6000.0,7000.0,6500.0,1000.0,15.384615384615385,2026,7,28
Tamil Nadu,Salem,Elampillai(Uzhavar Sandhai ),Brinjal,Other,Local,2026-07-28,4500.0,5000.0,4750.0,500.0,10.526315789473683,2026,7,28
Tamil Nadu,Salem,Elampillai(Uzhavar Sandhai ),Coriander(Leaves),I Sort,Local,2026-07-28,3000.0,4000.0,3500.0,1000.0,28.57142857142857,2026,7,28
Tamil Nadu,Salem,Elampillai(Uzhavar Sandhai ),Tomato,Local,Local,2026-07-28,1600.0,2000.0,1800.0,400.0,22.22222222222222,2026,7,28
Tamil Nadu,Salem,Elampillai(Uzhavar Sandhai ),Bitter gourd,Bitter Gourd,Local,2026-07-28,5500.0,6000.0,5750.0,500.0,8.695652173913043,2026,7,28
Tamil Nadu,Salem,Elampillai(Uzhavar Sandhai ),Beans,Beans (Whole),Local,2026-07-28,10000.0,10500.0,10250.0,500.0,4.878048780487805,2026,7,28
Tamil Nadu,Salem,Elampillai(Uzhavar Sandhai ),Ridgeguard(Tori),Ridgeguard(Tori),Local,2026-07-28,4000.0,5000.0,4500.0,1000.0,22.22222222222222,2026,7,28
Tamil Nadu,Salem,Elampillai(Uzhavar Sandhai ),Green Avare(W),Other,Local,2026-07-28,5500.0,6000.0,5750.0,500.0,8.695652173913043,2026,7,28
Tamil Nadu,Salem,Elampillai(Uzhavar Sandhai ),Chow Chow,Chow Chow,Local,2026-07-28,3000.0,3500.0,3250.0,500.0,15.384615384615385,2026,7,28
Tamil Nadu,Salem,Elampillai(Uzhavar Sandhai ),Knool Khol,Knool Khol,Local,2026-07-28,5000.0,5500.0,5250.0,500.0,9.523809523809524,2026,7,28
Tamil Nadu,Salem,Hasthampatti(Uzhavar Sandhai ),Orange,Darjeeling,Local,2026-07-28,8000.0,10000.0,9000.0,2000.0,22.22222222222222,2026,7,28
Tamil Nadu,Salem,Hasthampatti(Uzhavar Sandhai ),Banana,Red Banana,Local,2026-07-28,7000.0,7500.0,7250.0,500.0,6.896551724137931,2026,7,28
Tamil Nadu,Salem,Hasthampatti(Uzhavar Sandhai ),Grapes,Annabesahai,Local,2026-07-28,7000.0,8000.0,7500.0,1000.0,13.333333333333334,2026,7,28
Tamil Nadu,Salem,Hasthampatti(Uzhavar Sandhai ),Onion,Bellary,Local,2026-07-28,3800.0,4000.0,3900.0,200.0,5.128205128205128,2026,7,28
Tamil Nadu,Salem,Hasthampatti(Uzhavar Sandhai ),Garlic,Garlic,Local,2026-07-28,17000.0,18000.0,17500.0,1000.0,5.714285714285714,2026,7,28
Tamil Nadu,Salem,Hasthampatti(Uzhavar Sandhai ),Brinjal,Round,Local,2026-07-28,4500.0,5000.0,4750.0,500.0,10.526315789473683,2026,7,28
Tamil Nadu,Salem,Hasthampatti(Uzhavar Sandhai ),Cluster beans,Cluster Beans,Local,2026-07-28,2500.0,3000.0,2750.0,500.0,18.181818181818183,2026,7,28
Tamil Nadu,Salem,Hasthampatti(Uzhavar Sandhai ),Pumpkin,Pumpkin,Local,2026-07-28,2000.0,2400.0,2200.0,400.0,18.181818181818183,2026,7,28
Tamil Nadu,Salem,Hasthampatti(Uzhavar Sandhai ),Sweet Potato,Hosur Red,Local,2026-07-28,3000.0,3500.0,3250.0,500.0,15.384615384615385,2026,7,28
Tamil Nadu,Salem,Hasthampatti(Uzhavar Sandhai ),Carrot,Pusakesar,Local,2026-07-28,9000.0,9500.0,9250.0,500.0,5.405405405405405,2026,7,28
Tamil Nadu,Salem,Hasthampatti(Uzhavar Sandhai ),Cucumbar(Kheera),Cucumbar,Local,2026-07-28,4000.0,5000.0,4500.0,1000.0,22.22222222222222,2026,7,28
Tamil Nadu,Salem,Hasthampatti(Uzhavar Sandhai ),Thondekai,Thondekai,Local,2026-07-28,4000.0,4500.0,4250.0,500.0,11.76470588235294,2026,7,28
Tamil Nadu,Salem,Hasthampatti(Uzhavar Sandhai ),Chow Chow,Chow Chow,Local,2026-07-28,4000.0,4500.0,4250.0,500.0,11.76470588235294,2026,7,28
Tamil Nadu,Salem,Hasthampatti(Uzhavar Sandhai ),Lemon,Lemon,Local,2026-07-28,3000.0,5000.0,4000.0,2000.0,50.0,2026,7,28
Tamil Nadu,Salem,Hasthampatti(Uzhavar Sandhai ),Amla(Nelli Kai),Amla,Local,2026-07-28,6500.0,7000.0,6750.0,500.0,7.4074074074074066,2026,7,28
Tamil Nadu,Salem,Jalagandapuram(Uzhavar Sandhai ),Coriander(Leaves),I Sort,Local,2026-07-28,3000.0,3500.0,3250.0,500.0,15.384615384615385,2026,7,28
Tamil Nadu,Salem,Jalagandapuram(Uzhavar Sandhai ),Bhindi(Ladies Finger),Bhindi,Local,2026-07-28,3000.0,3400.0,3200.0,400.0,12.5,2026,7,28
Tamil Nadu,Salem,Jalagandapuram(Uzhavar Sandhai ),Ridgeguard(Tori),Ridgeguard(Tori),Local,2026-07-28,4500.0,5000.0,4750.0,500.0,10.526315789473683,2026,7,28
Tamil Nadu,Salem,Jalagandapuram(Uzhavar Sandhai ),Tender Coconut,Tender Coconut,Local,2026-07-28,3000.0,3500.0,3250.0,500.0,15.384615384615385,2026,7,28
Tamil Nadu,Salem,Jalagandapuram(Uzhavar Sandhai ),Lemon,Lemon,Local,2026-07-28,5000.0,6000.0,5500.0,1000.0,18.181818181818183,2026,7,28
Tamil Nadu,Sivaganga,Singampunari(Uzhavar Sandhai ),Coriander(Leaves),I Sort,Local,2026-07-28,5200.0,5600.0,5400.0,400.0,7.4074074074074066,2026,7,28
Tamil Nadu,Sivaganga,Singampunari(Uzhavar Sandhai ),Bitter gourd,Other,Local,2026-07-28,5600.0,6200.0,5900.0,600.0,10.16949152542373,2026,7,28
Tamil Nadu,Sivaganga,Singampunari(Uzhavar Sandhai ),Ashgourd,Gouard,Local,2026-07-28,2600.0,2800.0,2700.0,200.0,7.4074074074074066,2026,7,28
Tamil Nadu,Sivaganga,Singampunari(Uzhavar Sandhai ),Pumpkin,Pumpkin,Local,2026-07-28,2200.0,2600.0,2400.0,400.0,16.666666666666664,2026,7,28
Tamil Nadu,Sivaganga,Singampunari(Uzhavar Sandhai ),Bhindi(Ladies Finger),Bhindi,Local,2026-07-28,4400.0,5000.0,4700.0,600.0,12.76595744680851,2026,7,28
Tamil Nadu,Sivaganga,Singampunari(Uzhavar Sandhai ),Banana - Green,Banana - Green,Local,2026-07-28,2500.0,3000.0,2750.0,500.0,18.181818181818183,2026,7,28
Tamil Nadu,Sivaganga,Singampunari(Uzhavar Sandhai ),Beans,Beans (Whole),Local,2026-07-28,8400.0,10200.0,9300.0,1800.0,19.35483870967742,2026,7,28
Tamil Nadu,Sivaganga,Singampunari(Uzhavar Sandhai ),Carrot,Pusakesar,Local,2026-07-28,6400.0,9200.0,7800.0,2800.0,35.8974358974359,2026,7,28
Tamil Nadu,Sivaganga,Singampunari(Uzhavar Sandhai ),Mango(Raw-Ripe),Mango - Raw-Ripe,Local,2026-07-28,2600.0,3600.0,3100.0,1000.0,32.25806451612903,2026,7,28
Tamil Nadu,Sivaganga,Singampunari(Uzhavar Sandhai ),Lemon,Lemon,Local,2026-07-28,6000.0,7000.0,6500.0,1000.0,15.384615384615385,2026,7,28
Tamil Nadu,Sivaganga,Singampunari(Uzhavar Sandhai ),Mint(Pudina),Mint(Pudina),Local,2026-07-28,4200.0,4600.0,4400.0,400.0,9.090909090909092,2026,7,28
Tamil Nadu,Sivaganga,Karaikudi(Uzhavar Sandhai ),Banana,Besrai,Local,2026-07-28,3500.0,4000.0,3750.0,500.0,13.333333333333334,2026,7,28
Tamil Nadu,Sivaganga,Karaikudi(Uzhavar Sandhai ),Brinjal,Round,Local,2026-07-28,5500.0,6500.0,6000.0,1000.0,16.666666666666664,2026,7,28
Tamil Nadu,Sivaganga,Karaikudi(Uzhavar Sandhai ),Cluster beans,Cluster Beans,Local,2026-07-28,3400.0,4000.0,3700.0,600.0,16.216216216216218,2026,7,28
Tamil Nadu,Sivaganga,Karaikudi(Uzhavar Sandhai ),Bitter gourd,Bitter Gourd,Local,2026-07-28,6000.0,6500.0,6250.0,500.0,8.0,2026,7,28
Tamil Nadu,Sivaganga,Karaikudi(Uzhavar Sandhai ),Bottle gourd,Bottle Gourd,Local,2026-07-28,3400.0,4000.0,3700.0,600.0,16.216216216216218,2026,7,28
Tamil Nadu,Sivaganga,Karaikudi(Uzhavar Sandhai ),Amaranthus,Amaranthus,Local,2026-07-28,3500.0,4000.0,3750.0,500.0,13.333333333333334,2026,7,28
Tamil Nadu,Sivaganga,Karaikudi(Uzhavar Sandhai ),Banana - Green,Banana - Green,Local,2026-07-28,3500.0,4000.0,3750.0,500.0,13.333333333333334,2026,7,28
Tamil Nadu,Sivaganga,Karaikudi(Uzhavar Sandhai ),Coconut,Coconut,Local,2026-07-28,6200.0,6400.0,6300.0,200.0,3.1746031746031744,2026,7,28
Tamil Nadu,Sivaganga,Karaikudi(Uzhavar Sandhai ),Snakeguard,Snakeguard,Local,2026-07-28,4000.0,4500.0,4250.0,500.0,11.76470588235294,2026,7,28
Tamil Nadu,Sivaganga,Karaikudi(Uzhavar Sandhai ),Capsicum,Capsicum,Local,2026-07-28,9500.0,10500.0,10000.0,1000.0,10.0,2026,7,28
Tamil Nadu,Sivaganga,Karaikudi(Uzhavar Sandhai ),Drumstick,Drumstick,Local,2026-07-28,6400.0,7400.0,6900.0,1000.0,14.492753623188406,2026,7,28
Tamil Nadu,Sivaganga,Karaikudi(Uzhavar Sandhai ),Mango(Raw-Ripe),Mango - Raw-Ripe,Local,2026-07-28,3000.0,4000.0,3500.0,1000.0,28.57142857142857,2026,7,28
Tamil Nadu,Sivaganga,Karaikudi(Uzhavar Sandhai ),Elephant Yam(Suran)/Amorphophallus,Elephant Yam (Suran),Local,2026-07-28,4500.0,5000.0,4750.0,500.0,10.526315789473683,2026,7,28
Tamil Nadu,Sivaganga,Karaikudi(Uzhavar Sandhai ),Lemon,Lemon,Local,2026-07-28,6500.0,7500.0,7000.0,1000.0,14.285714285714285,2026,7,28
Tamil Nadu,Sivaganga,Karaikudi(Uzhavar Sandhai ),Mint(Pudina),Mint(Pudina),Local,2026-07-28,4500.0,4800.0,4650.0,300.0,6.451612903225806,2026,7,28
Tamil Nadu,Thanjavur,Pattukottai(Uzhavar Sandhai ),Onion,Bellary,Local,2026-07-28,3000.0,4000.0,3500.0,1000.0,28.57142857142857,2026,7,28
Tamil Nadu,Thanjavur,Pattukottai(Uzhavar Sandhai ),Garlic,Garlic,Local,2026-07-28,16000.0,16000.0,16000.0,0.0,0.0,2026,7,28
Tamil Nadu,Thanjavur,Pattukottai(Uzhavar Sandhai ),Green Chilli,Green Chilly,Local,2026-07-28,5400.0,5400.0,5400.0,0.0,0.0,2026,7,28
Tamil Nadu,Thanjavur,Pattukottai(Uzhavar Sandhai ),Banana - Green,Banana - Green,Local,2026-07-28,3000.0,3000.0,3000.0,0.0,0.0,2026,7,28
Tamil Nadu,Thanjavur,Pattukottai(Uzhavar Sandhai ),Beans,Beans (Whole),Local,2026-07-28,11600.0,11600.0,11600.0,0.0,0.0,2026,7,28
Tamil Nadu,Thanjavur,Pattukottai(Uzhavar Sandhai ),Raddish,Raddish,Local,2026-07-28,4400.0,4400.0,4400.0,0.0,0.0,2026,7,28
Tamil Nadu,Thanjavur,Pattukottai(Uzhavar Sandhai ),Green Avare(W),Green Avare (W),Local,2026-07-28,6400.0,6400.0,6400.0,0.0,0.0,2026,7,28
Tamil Nadu,Thanjavur,Pattukottai(Uzhavar Sandhai ),Mango(Raw-Ripe),Mango - Raw-Ripe,Local,2026-07-28,2000.0,3000.0,2500.0,1000.0,40.0,2026,7,28
Tamil Nadu,Thanjavur,Pattukottai(Uzhavar Sandhai ),Lime,Lime,Local,2026-07-28,4000.0,4000.0,4000.0,0.0,0.0,2026,7,28
Tamil Nadu,Thanjavur,Pattukottai(Uzhavar Sandhai ),Jack Fruit(Ripe),Jack Fruit,Local,2026-07-28,2000.0,2000.0,2000.0,0.0,0.0,2026,7,28
Tamil Nadu,Thanjavur,Pattukottai(Uzhavar Sandhai ),Mint(Pudina),Mint(Pudina),Local,2026-07-28,6000.0,6000.0,6000.0,0.0,0.0,2026,7,28
Tamil Nadu,Thiruchirappalli,KKNagar(Uzhavar Sandhai ),Groundnut,Big (With Shell),Local,2026-07-28,7000.0,7000.0,7000.0,0.0,0.0,2026,7,28
Tamil Nadu,Thiruchirappalli,KKNagar(Uzhavar Sandhai ),Grapes,Annabesahai,Local,2026-07-28,10000.0,10000.0,10000.0,0.0,0.0,2026,7,28
Tamil Nadu,Thiruchirappalli,KKNagar(Uzhavar Sandhai ),Ashgourd,Gouard,Local,2026-07-28,2500.0,2500.0,2500.0,0.0,0.0,2026,7,28
Tamil Nadu,Thiruchirappalli,KKNagar(Uzhavar Sandhai ),Coconut,Coconut,Local,2026-07-28,6400.0,6400.0,6400.0,0.0,0.0,2026,7,28
Tamil Nadu,Thiruchirappalli,KKNagar(Uzhavar Sandhai ),Thondekai,Thondekai,Local,2026-07-28,6000.0,6000.0,6000.0,0.0,0.0,2026,7,28
Tamil Nadu,Thiruchirappalli,KKNagar(Uzhavar Sandhai ),Capsicum,Capsicum,Local,2026-07-28,6000.0,6000.0,6000.0,0.0,0.0,2026,7,28
Tamil Nadu,Thiruchirappalli,KKNagar(Uzhavar Sandhai ),Chow Chow,Chow Chow,Local,2026-07-28,4000.0,4000.0,4000.0,0.0,0.0,2026,7,28
Tamil Nadu,Thiruchirappalli,KKNagar(Uzhavar Sandhai ),Colacasia,Colacasia,Local,2026-07-28,6000.0,6000.0,6000.0,0.0,0.0,2026,7,28
Tamil Nadu,Thiruchirappalli,Lalgudi(Uzhavar Sandhai ),Banana,Poovan,Local,2026-07-28,4000.0,5000.0,4500.0,1000.0,22.22222222222222,2026,7,28
Tamil Nadu,Thiruchirappalli,Lalgudi(Uzhavar Sandhai ),Bitter gourd,Other,Local,2026-07-28,6600.0,6600.0,6600.0,0.0,0.0,2026,7,28
Tamil Nadu,Thiruchirappalli,Lalgudi(Uzhavar Sandhai ),Banana - Green,Banana - Green,Local,2026-07-28,3000.0,3000.0,3000.0,0.0,0.0,2026,7,28
Tamil Nadu,Thiruchirappalli,Lalgudi(Uzhavar Sandhai ),Beans,Beans (Whole),Local,2026-07-28,9000.0,9000.0,9000.0,0.0,0.0,2026,7,28
Tamil Nadu,Thiruchirappalli,Lalgudi(Uzhavar Sandhai ),Ginger(Green),Green Ginger,Local,2026-07-28,22000.0,22000.0,22000.0,0.0,0.0,2026,7,28
Tamil Nadu,Thiruchirappalli,Lalgudi(Uzhavar Sandhai ),Snakeguard,Snakeguard,Local,2026-07-28,4000.0,4000.0,4000.0,0.0,0.0,2026,7,28
Tamil Nadu,Thiruchirappalli,Lalgudi(Uzhavar Sandhai ),Raddish,Raddish,Local,2026-07-28,3600.0,3600.0,3600.0,0.0,0.0,2026,7,28
Tamil Nadu,Thiruchirappalli,Lalgudi(Uzhavar Sandhai ),Chow Chow,Chow Chow,Local,2026-07-28,4600.0,4600.0,4600.0,0.0,0.0,2026,7,28
Tamil Nadu,Thiruchirappalli,Lalgudi(Uzhavar Sandhai ),Yam(Ratalu),Yam (Ratalu),Local,2026-07-28,8000.0,8000.0,8000.0,0.0,0.0,2026,7,28
Tamil Nadu,Thiruchirappalli,Lalgudi(Uzhavar Sandhai ),Onion Green,Onion Green,Local,2026-07-28,6000.0,7000.0,6500.0,1000.0,15.384615384615385,2026,7,28
Tamil Nadu,Thiruchirappalli,Manachanallur(Uzhavar Sandhai ),Potato,Other,Local,2026-07-28,2500.0,3000.0,2750.0,500.0,18.181818181818183,2026,7,28
Tamil Nadu,Thiruchirappalli,Manachanallur(Uzhavar Sandhai ),Brinjal,Other,Local,2026-07-28,3500.0,4000.0,3750.0,500.0,13.333333333333334,2026,7,28
Tamil Nadu,Thiruchirappalli,Manachanallur(Uzhavar Sandhai ),Pumpkin,Pumpkin,Local,2026-07-28,2000.0,2000.0,2000.0,0.0,0.0,2026,7,28
Tamil Nadu,Thiruchirappalli,Manachanallur(Uzhavar Sandhai ),Bhindi(Ladies Finger),Bhindi,Local,2026-07-28,3000.0,3600.0,3300.0,600.0,18.181818181818183,2026,7,28
Tamil Nadu,Thiruchirappalli,Manachanallur(Uzhavar Sandhai ),Ginger(Green),Green Ginger,Local,2026-07-28,20000.0,22000.0,21000.0,2000.0,9.523809523809524,2026,7,28
Tamil Nadu,Thiruchirappalli,Manachanallur(Uzhavar Sandhai ),Beetroot,Beetroot,Local,2026-07-28,4400.0,5000.0,4700.0,600.0,12.76595744680851,2026,7,28
Tamil Nadu,Thiruchirappalli,Manachanallur(Uzhavar Sandhai ),Lemon,Lemon,Local,2026-07-28,6000.0,7000.0,6500.0,1000.0,15.384615384615385,2026,7,28
Tamil Nadu,Thiruchirappalli,Manachanallur(Uzhavar Sandhai ),Mint(Pudina),Mint(Pudina),Local,2026-07-28,5800.0,6400.0,6100.0,600.0,9.836065573770492,2026,7,28
Tamil Nadu,Thiruchirappalli,Manapparai(Uzhavar Sandhai ),Banana,Poovan,Local,2026-07-28,4000.0,5000.0,4500.0,1000.0,22.22222222222222,2026,7,28
Tamil Nadu,Thiruchirappalli,Manapparai(Uzhavar Sandhai ),Onion,Bellary,Local,2026-07-28,3600.0,4000.0,3800.0,400.0,10.526315789473683,2026,7,28
Tamil Nadu,Thiruchirappalli,Manapparai(Uzhavar Sandhai ),Tomato,Other,Local,2026-07-28,2400.0,2400.0,2400.0,0.0,0.0,2026,7,28
Tamil Nadu,Thiruchirappalli,Manapparai(Uzhavar Sandhai ),Ginger(Green),Green Ginger,Local,2026-07-28,20000.0,20000.0,20000.0,0.0,0.0,2026,7,28
Tamil Nadu,Thiruchirappalli,Manapparai(Uzhavar Sandhai ),Carrot,Pusakesar,Local,2026-07-28,10000.0,10000.0,10000.0,0.0,0.0,2026,7,28
Tamil Nadu,Thiruchirappalli,Manapparai(Uzhavar Sandhai ),Snakeguard,Snakeguard,Local,2026-07-28,4600.0,4600.0,4600.0,0.0,0.0,2026,7,28
Tamil Nadu,Thiruchirappalli,Manapparai(Uzhavar Sandhai ),Ridgeguard(Tori),Ridgeguard(Tori),Local,2026-07-28,6000.0,6000.0,6000.0,0.0,0.0,2026,7,28
Tamil Nadu,Thiruchirappalli,Manapparai(Uzhavar Sandhai ),Raddish,Raddish,Local,2026-07-28,3600.0,3600.0,3600.0,0.0,0.0,2026,7,28
Tamil Nadu,Thiruchirappalli,Manapparai(Uzhavar Sandhai ),Guava,Guava Allahabad,Local,2026-07-28,10000.0,10000.0,10000.0,0.0,0.0,2026,7,28
Tamil Nadu,Thiruchirappalli,Manapparai(Uzhavar Sandhai ),Onion Green,Onion Green,Local,2026-07-28,6000.0,7000.0,6500.0,1000.0,15.384615384615385,2026,7,28
Tamil Nadu,Thiruchirappalli,Manapparai(Uzhavar Sandhai ),Mint(Pudina),Mint(Pudina),Local,2026-07-28,6000.0,6000.0,6000.0,0.0,0.0,2026,7,28
Tamil Nadu,Thiruchirappalli,Musiri(Uzhavar Sandhai ),Papaya,Papaya,Local,2026-07-28,3500.0,4000.0,3750.0,500.0,13.333333333333334,2026,7,28
Tamil Nadu,Thiruchirappalli,Musiri(Uzhavar Sandhai ),Banana,Besrai,Local,2026-07-28,4500.0,5000.0,4750.0,500.0,10.526315789473683,2026,7,28
Tamil Nadu,Thiruchirappalli,Musiri(Uzhavar Sandhai ),Potato,Red Nanital,Local,2026-07-28,2500.0,3000.0,2750.0,500.0,18.181818181818183,2026,7,28
Tamil Nadu,Thiruchirappalli,Musiri(Uzhavar Sandhai ),Brinjal,Round,Local,2026-07-28,5000.0,6000.0,5500.0,1000.0,18.181818181818183,2026,7,28
Tamil Nadu,Thiruchirappalli,Musiri(Uzhavar Sandhai ),Cluster beans,Cluster Beans,Local,2026-07-28,4000.0,4600.0,4300.0,600.0,13.953488372093023,2026,7,28
Tamil Nadu,Thiruchirappalli,Musiri(Uzhavar Sandhai ),Pumpkin,Pumpkin,Local,2026-07-28,2000.0,2500.0,2250.0,500.0,22.22222222222222,2026,7,28
Tamil Nadu,Thiruchirappalli,Musiri(Uzhavar Sandhai ),Amaranthus,Amaranthus,Local,2026-07-28,1000.0,1500.0,1250.0,500.0,40.0,2026,7,28
Tamil Nadu,Thiruchirappalli,Musiri(Uzhavar Sandhai ),Chow Chow,Chow Chow,Local,2026-07-28,3500.0,4000.0,3750.0,500.0,13.333333333333334,2026,7,28
Tamil Nadu,Thiruchirappalli,Musiri(Uzhavar Sandhai ),Knool Khol,Knool Khol,Local,2026-07-28,3000.0,3600.0,3300.0,600.0,18.181818181818183,2026,7,28
Tamil Nadu,Thiruchirappalli,Musiri(Uzhavar Sandhai ),Yam(Ratalu),Yam (Ratalu),Local,2026-07-28,8000.0,8500.0,8250.0,500.0,6.0606060606060606,2026,7,28
Tamil Nadu,Thiruchirappalli,Musiri(Uzhavar Sandhai ),Mashrooms,Mashrooms,Local,2026-07-28,19000.0,20000.0,19500.0,1000.0,5.128205128205128,2026,7,28
Tamil Nadu,Thiruchirappalli,Thiruverumbur(Uzhavar Sandhai ),Tomato,Other,Local,2026-07-28,2400.0,2400.0,2400.0,0.0,0.0,2026,7,28
Tamil Nadu,Thiruchirappalli,Thiruverumbur(Uzhavar Sandhai ),Cluster beans,Cluster Beans,Local,2026-07-28,4000.0,4000.0,4000.0,0.0,0.0,2026,7,28
Tamil Nadu,Thiruchirappalli,Thiruverumbur(Uzhavar Sandhai ),Snakeguard,Snakeguard,Local,2026-07-28,4000.0,4000.0,4000.0,0.0,0.0,2026,7,28
Tamil Nadu,Virudhunagar,Rajapalayam(Uzhavar Sandhai ),Chikoos(Sapota),Sapota,Local,2026-07-28,3000.0,3500.0,3250.0,500.0,15.384615384615385,2026,7,28
Tamil Nadu,Virudhunagar,Rajapalayam(Uzhavar Sandhai ),Bitter gourd,Bitter Gourd,Local,2026-07-28,8000.0,9000.0,8500.0,1000.0,11.76470588235294,2026,7,28
Tamil Nadu,Virudhunagar,Rajapalayam(Uzhavar Sandhai ),Pumpkin,Pumpkin,Local,2026-07-28,3500.0,4000.0,3750.0,500.0,13.333333333333334,2026,7,28
Tamil Nadu,Virudhunagar,Rajapalayam(Uzhavar Sandhai ),Bhindi(Ladies Finger),Bhindi,Local,2026-07-28,2500.0,3000.0,2750.0,500.0,18.181818181818183,2026,7,28
Tamil Nadu,Virudhunagar,Rajapalayam(Uzhavar Sandhai ),Green Chilli,Green Chilly,Local,2026-07-28,5000.0,6000.0,5500.0,1000.0,18.181818181818183,2026,7,28
Tamil Nadu,Virudhunagar,Rajapalayam(Uzhavar Sandhai ),Beans,Beans (Whole),Local,2026-07-28,9000.0,10000.0,9500.0,1000.0,10.526315789473683,2026,7,28
Tamil Nadu,Virudhunagar,Rajapalayam(Uzhavar Sandhai ),Carrot,Pusakesar,Local,2026-07-28,5000.0,6000.0,5500.0,1000.0,18.181818181818183,2026,7,28
Tamil Nadu,Virudhunagar,Rajapalayam(Uzhavar Sandhai ),Knool Khol,Knool Khol,Local,2026-07-28,6000.0,7000.0,6500.0,1000.0,15.384615384615385,2026,7,28
Tamil Nadu,Virudhunagar,Rajapalayam(Uzhavar Sandhai ),Lime,Lime,Local,2026-07-28,15000.0,16000.0,15500.0,1000.0,6.451612903225806,2026,7,28
Tamil Nadu,Virudhunagar,Rajapalayam(Uzhavar Sandhai ),Guava,Guava Allahabad,Local,2026-07-28,3500.0,4000.0,3750.0,500.0,13.333333333333334,2026,7,28
Tamil Nadu,Virudhunagar,Rajapalayam(Uzhavar Sandhai ),Elephant Yam(Suran)/Amorphophallus,Elephant Yam (Suran),Local,2026-07-28,4500.0,5000.0,4750.0,500.0,10.526315789473683,2026,7,28
Tamil Nadu,Virudhunagar,Rajapalayam(Uzhavar Sandhai ),Onion Green,Onion Green,Local,2026-07-28,5000.0,6000.0,5500.0,1000.0,18.181818181818183,2026,7,28
Tamil Nadu,Virudhunagar,Sathur(Uzhavar Sandhai ),Papaya,Papaya,Local,2026-07-28,2500.0,3000.0,2750.0,500.0,18.181818181818183,2026,7,28
Tamil Nadu,Virudhunagar,Sathur(Uzhavar Sandhai ),Cauliflower,Ranchi,Local,2026-07-28,3500.0,4000.0,3750.0,500.0,13.333333333333334,2026,7,28
Tamil Nadu,Virudhunagar,Sathur(Uzhavar Sandhai ),Bitter gourd,Bitter Gourd,Local,2026-07-28,6500.0,7000.0,6750.0,500.0,7.4074074074074066,2026,7,28
Tamil Nadu,Virudhunagar,Sathur(Uzhavar Sandhai ),Amaranthus,Amaranthus,Local,2026-07-28,2500.0,3000.0,2750.0,500.0,18.181818181818183,2026,7,28
Tamil Nadu,Virudhunagar,Sathur(Uzhavar Sandhai ),Carrot,Pusakesar,Local,2026-07-28,5500.0,6000.0,5750.0,500.0,8.695652173913043,2026,7,28
Tamil Nadu,Virudhunagar,Sathur(Uzhavar Sandhai ),Beetroot,Beetroot,Local,2026-07-28,5500.0,6000.0,5750.0,500.0,8.695652173913043,2026,7,28
Tamil Nadu,Virudhunagar,Sathur(Uzhavar Sandhai ),Green Avare(W),Green Avare (W),Local,2026-07-28,8000.0,9000.0,8500.0,1000.0,11.76470588235294,2026,7,28
Tamil Nadu,Virudhunagar,Sathur(Uzhavar Sandhai ),Onion Green,Onion Green,Local,2026-07-28,6000.0,7000.0,6500.0,1000.0,15.384615384615385,2026,7,28
Tamil Nadu,Virudhunagar,Sathur(Uzhavar Sandhai ),Mint(Pudina),Mint(Pudina),Local,2026-07-28,4500.0,5000.0,4750.0,500.0,10.526315789473683,2026,7,28
Tamil Nadu,Virudhunagar,Thalavaipuram(Uzhavar Sandhai ),Papaya,Papaya,Local,2026-07-28,3000.0,3500.0,3250.0,500.0,15.384615384615385,2026,7,28
Tamil Nadu,Virudhunagar,Thalavaipuram(Uzhavar Sandhai ),Brinjal,Round,Local,2026-07-28,4000.0,4500.0,4250.0,500.0,11.76470588235294,2026,7,28
Tamil Nadu,Virudhunagar,Thalavaipuram(Uzhavar Sandhai ),Beans,Beans (Whole),Local,2026-07-28,8000.0,10000.0,9000.0,2000.0,22.22222222222222,2026,7,28
Tamil Nadu,Virudhunagar,Thalavaipuram(Uzhavar Sandhai ),Ginger(Green),Green Ginger,Local,2026-07-28,20000.0,22000.0,21000.0,2000.0,9.523809523809524,2026,7,28
Tamil Nadu,Virudhunagar,Thalavaipuram(Uzhavar Sandhai ),Cabbage,Cabbage,Local,2026-07-28,4000.0,4500.0,4250.0,500.0,11.76470588235294,2026,7,28
Tamil Nadu,Virudhunagar,Thalavaipuram(Uzhavar Sandhai ),Beetroot,Beetroot,Local,2026-07-28,4500.0,5000.0,4750.0,500.0,10.526315789473683,2026,7,28
Tamil Nadu,Virudhunagar,Thalavaipuram(Uzhavar Sandhai ),Green Avare(W),Green Avare (W),Local,2026-07-28,8000.0,9000.0,8500.0,1000.0,11.76470588235294,2026,7,28
Tamil Nadu,Virudhunagar,Thalavaipuram(Uzhavar Sandhai ),Lemon,Lemon,Local,2026-07-28,8000.0,10000.0,9000.0,2000.0,22.22222222222222,2026,7,28
Tamil Nadu,Virudhunagar,Thalavaipuram(Uzhavar Sandhai ),Onion Green,Onion Green,Local,2026-07-28,3500.0,4000.0,3750.0,500.0,13.333333333333334,2026,7,28
Tamil Nadu,Chengalpattu,Nanganallur(Uzhavar Sandhai ),Potato,Red Nanital,Local,2026-07-28,3000.0,3500.0,3250.0,500.0,15.384615384615385,2026,7,28
Tamil Nadu,Chengalpattu,Nanganallur(Uzhavar Sandhai ),Mousambi(Sweet Lime),Mousambi,Local,2026-07-28,4500.0,5000.0,4750.0,500.0,10.526315789473683,2026,7,28
Tamil Nadu,Chengalpattu,Nanganallur(Uzhavar Sandhai ),Bhindi(Ladies Finger),Bhindi,Local,2026-07-28,3500.0,4000.0,3750.0,500.0,13.333333333333334,2026,7,28
Tamil Nadu,Chengalpattu,Nanganallur(Uzhavar Sandhai ),Beans,Beans (Whole),Local,2026-07-28,9000.0,10000.0,9500.0,1000.0,10.526315789473683,2026,7,28
Tamil Nadu,Chengalpattu,Nanganallur(Uzhavar Sandhai ),Snakeguard,Snakeguard,Local,2026-07-28,4500.0,5000.0,4750.0,500.0,10.526315789473683,2026,7,28
Tamil Nadu,Chengalpattu,Nanganallur(Uzhavar Sandhai ),Ridgeguard(Tori),Ridgeguard(Tori),Local,2026-07-28,6500.0,7000.0,6750.0,500.0,7.4074074074074066,2026,7,28
Tamil Nadu,Chengalpattu,Nanganallur(Uzhavar Sandhai ),Raddish,Raddish,Local,2026-07-28,4500.0,5000.0,4750.0,500.0,10.526315789473683,2026,7,28
Tamil Nadu,Chengalpattu,Nanganallur(Uzhavar Sandhai ),Green Avare(W),Green Avare (W),Local,2026-07-28,5500.0,6000.0,5750.0,500.0,8.695652173913043,2026,7,28
Tamil Nadu,Chengalpattu,Nanganallur(Uzhavar Sandhai ),Chow Chow,Chow Chow,Local,2026-07-28,5500.0,6000.0,5750.0,500.0,8.695652173913043,2026,7,28
Tamil Nadu,Chengalpattu,Nanganallur(Uzhavar Sandhai ),Drumstick,Drumstick,Local,2026-07-28,7000.0,8000.0,7500.0,1000.0,13.333333333333334,2026,7,28
Tamil Nadu,Chengalpattu,Nanganallur(Uzhavar Sandhai ),Knool Khol,Knool Khol,Local,2026-07-28,4500.0,5000.0,4750.0,500.0,10.526315789473683,2026,7,28
Tamil Nadu,Chengalpattu,Nanganallur(Uzhavar Sandhai ),Guava,Guava Allahabad,Local,2026-07-28,4500.0,5000.0,4750.0,500.0,10.526315789473683,2026,7,28
Tamil Nadu,Chengalpattu,Nanganallur(Uzhavar Sandhai ),Rose(Local),Rose (Local),Local,2026-07-28,24000.0,25000.0,24500.0,1000.0,4.081632653061225,2026,7,28
Tamil Nadu,Chengalpattu,Pallavaram(Uzhavar Sandhai ),Garlic,Garlic,Local,2026-07-28,18000.0,22000.0,20000.0,4000.0,20.0,2026,7,28
Tamil Nadu,Chengalpattu,Pallavaram(Uzhavar Sandhai ),Brinjal,Round,Local,2026-07-28,3500.0,4000.0,3750.0,500.0,13.333333333333334,2026,7,28
Tamil Nadu,Chengalpattu,Pallavaram(Uzhavar Sandhai ),Ginger(Green),Green Ginger,Local,2026-07-28,20000.0,22000.0,21000.0,2000.0,9.523809523809524,2026,7,28
Tamil Nadu,Chengalpattu,Pallavaram(Uzhavar Sandhai ),Thondekai,Thondekai,Local,2026-07-28,5000.0,6000.0,5500.0,1000.0,18.181818181818183,2026,7,28
Tamil Nadu,Chengalpattu,Pallavaram(Uzhavar Sandhai ),Lemon,Lemon,Local,2026-07-28,10000.0,12000.0,11000.0,2000.0,18.181818181818183,2026,7,28
Tamil Nadu,Nagercoil (Kannyiakumari),Myladi(Uzhavar Sandhai ),Garlic,Garlic,Local,2026-07-28,14000.0,15000.0,14500.0,1000.0,6.896551724137931,2026,7,28
Tamil Nadu,Nagercoil (Kannyiakumari),Myladi(Uzhavar Sandhai ),Brinjal,Round,Local,2026-07-28,4500.0,5000.0,4750.0,500.0,10.526315789473683,2026,7,28
Tamil Nadu,Nagercoil (Kannyiakumari),Myladi(Uzhavar Sandhai ),Tomato,Deshi,Local,2026-07-28,2200.0,2500.0,2350.0,300.0,12.76595744680851,2026,7,28
Tamil Nadu,Nagercoil (Kannyiakumari),Myladi(Uzhavar Sandhai ),Cluster beans,Cluster Beans,Local,2026-07-28,4000.0,4500.0,4250.0,500.0,11.76470588235294,2026,7,28
Tamil Nadu,Nagercoil (Kannyiakumari),Myladi(Uzhavar Sandhai ),Bottle gourd,Bottle Gourd,Local,2026-07-28,2700.0,3000.0,2850.0,300.0,10.526315789473683,2026,7,28
Tamil Nadu,Nagercoil (Kannyiakumari),Myladi(Uzhavar Sandhai ),Coconut,Coconut,Local,2026-07-28,5300.0,5500.0,5400.0,200.0,3.7037037037037033,2026,7,28
Tamil Nadu,Nagercoil (Kannyiakumari),Myladi(Uzhavar Sandhai ),Cabbage,Cabbage,Local,2026-07-28,5000.0,5500.0,5250.0,500.0,9.523809523809524,2026,7,28
Tamil Nadu,Nagercoil (Kannyiakumari),Myladi(Uzhavar Sandhai ),Onion Green,Onion Green,Local,2026-07-28,7500.0,8500.0,8000.0,1000.0,12.5,2026,7,28
Tamil Nadu,Chengalpattu,Jameenrayapettai(Uzhavar Sandhai ),Groundnut,Big (With Shell),Local,2026-07-28,9000.0,10000.0,9500.0,1000.0,10.526315789473683,2026,7,28
Tamil Nadu,Chengalpattu,Jameenrayapettai(Uzhavar Sandhai ),Apple,American,Local,2026-07-28,24000.0,25000.0,24500.0,1000.0,4.081632653061225,2026,7,28
Tamil Nadu,Chengalpattu,Jameenrayapettai(Uzhavar Sandhai ),Bottle gourd,Bottle Gourd,Local,2026-07-28,3500.0,4000.0,3750.0,500.0,13.333333333333334,2026,7,28
Tamil Nadu,Chengalpattu,Jameenrayapettai(Uzhavar Sandhai ),Beans,Beans (Whole),Local,2026-07-28,9000.0,10000.0,9500.0,1000.0,10.526315789473683,2026,7,28
Tamil Nadu,Chengalpattu,Jameenrayapettai(Uzhavar Sandhai ),Coconut,Coconut,Local,2026-07-28,6000.0,7000.0,6500.0,1000.0,15.384615384615385,2026,7,28
Tamil Nadu,Chengalpattu,Jameenrayapettai(Uzhavar Sandhai ),Sweet Potato,Hosur Red,Local,2026-07-28,5000.0,6000.0,5500.0,1000.0,18.181818181818183,2026,7,28
Tamil Nadu,Chengalpattu,Jameenrayapettai(Uzhavar Sandhai ),Elephant Yam(Suran)/Amorphophallus,Elephant Yam (Suran),Local,2026-07-28,6000.0,7000.0,6500.0,1000.0,15.384615384615385,2026,7,28
Tamil Nadu,Chengalpattu,Jameenrayapettai(Uzhavar Sandhai ),Yam(Ratalu),Yam (Ratalu),Local,2026-07-28,5000.0,6000.0,5500.0,1000.0,18.181818181818183,2026,7,28
Tamil Nadu,Chengalpattu,Jameenrayapettai(Uzhavar Sandhai ),Amla(Nelli Kai),Amla,Local,2026-07-28,10000.0,12000.0,11000.0,2000.0,18.181818181818183,2026,7,28
Tamil Nadu,Chengalpattu,Jameenrayapettai(Uzhavar Sandhai ),Tube Rose(Loose),Tube Rose (Loose),Local,2026-07-28,18000.0,20000.0,19000.0,2000.0,10.526315789473683,2026,7,28
Tamil Nadu,Chengalpattu,Jameenrayapettai(Uzhavar Sandhai ),Sweet Corn,Sweet Corn,Local,2026-07-28,4000.0,5000.0,4500.0,1000.0,22.22222222222222,2026,7,28
Tamil Nadu,Chengalpattu,Guduvancheri(Uzhavar Sandhai ),Brinjal,Round,Local,2026-07-28,3500.0,4000.0,3750.0,500.0,13.333333333333334,2026,7,28
Tamil Nadu,Chengalpattu,Guduvancheri(Uzhavar Sandhai ),Bitter gourd,Other,Local,2026-07-28,6000.0,7000.0,6500.0,1000.0,15.384615384615385,2026,7,28
Tamil Nadu,Chengalpattu,Guduvancheri(Uzhavar Sandhai ),Bottle gourd,Bottle Gourd,Local,2026-07-28,3500.0,4000.0,3750.0,500.0,13.333333333333334,2026,7,28
Tamil Nadu,Chengalpattu,Guduvancheri(Uzhavar Sandhai ),Pumpkin,Pumpkin,Local,2026-07-28,2500.0,3000.0,2750.0,500.0,18.181818181818183,2026,7,28
Tamil Nadu,Chengalpattu,Guduvancheri(Uzhavar Sandhai ),Banana - Green,Banana - Green,Local,2026-07-28,3500.0,4000.0,3750.0,500.0,13.333333333333334,2026,7,28
Tamil Nadu,Chengalpattu,Guduvancheri(Uzhavar Sandhai ),Coconut,Coconut,Local,2026-07-28,6000.0,7000.0,6500.0,1000.0,15.384615384615385,2026,7,28
Tamil Nadu,Chengalpattu,Guduvancheri(Uzhavar Sandhai ),Ridgeguard(Tori),Ridgeguard(Tori),Local,2026-07-28,7000.0,8000.0,7500.0,1000.0,13.333333333333334,2026,7,28
Tamil Nadu,Chengalpattu,Guduvancheri(Uzhavar Sandhai ),Raddish,Raddish,Local,2026-07-28,4000.0,5000.0,4500.0,1000.0,22.22222222222222,2026,7,28
Tamil Nadu,Chengalpattu,Guduvancheri(Uzhavar Sandhai ),Guava,Guava Allahabad,Local,2026-07-28,5000.0,6000.0,5500.0,1000.0,18.181818181818183,2026,7,28
Tamil Nadu,Chengalpattu,Guduvancheri(Uzhavar Sandhai ),Lemon,Lemon,Local,2026-07-28,11000.0,12000.0,11500.0,1000.0,8.695652173913043,2026,7,28
Tamil Nadu,Chengalpattu,Guduvancheri(Uzhavar Sandhai ),Rose(Local),Rose (Local),Local,2026-07-28,11000.0,12000.0,11500.0,1000.0,8.695652173913043,2026,7,28
Tamil Nadu,Thirupur,Dharapuram(Uzhavar Sandhai ),Banana,Besrai,Local,2026-07-28,5500.0,5500.0,5500.0,0.0,0.0,2026,7,28
Tamil Nadu,Thirupur,Dharapuram(Uzhavar Sandhai ),Mango,Safeda,Local,2026-07-28,6000.0,6000.0,6000.0,0.0,0.0,2026,7,28
Tamil Nadu,Thirupur,Dharapuram(Uzhavar Sandhai ),Coriander(Leaves),I Sort,Local,2026-07-28,5500.0,5500.0,5500.0,0.0,0.0,2026,7,28
Tamil Nadu,Thirupur,Dharapuram(Uzhavar Sandhai ),Bitter gourd,Bitter Gourd,Local,2026-07-28,5500.0,5500.0,5500.0,0.0,0.0,2026,7,28
Tamil Nadu,Thirupur,Dharapuram(Uzhavar Sandhai ),Green Chilli,Green Chilly,Local,2026-07-28,5100.0,5100.0,5100.0,0.0,0.0,2026,7,28
Tamil Nadu,Thirupur,Dharapuram(Uzhavar Sandhai ),Banana - Green,Banana - Green,Local,2026-07-28,3000.0,3000.0,3000.0,0.0,0.0,2026,7,28
Tamil Nadu,Thirupur,Dharapuram(Uzhavar Sandhai ),Coconut,Coconut,Local,2026-07-28,5200.0,5200.0,5200.0,0.0,0.0,2026,7,28
Tamil Nadu,Thirupur,Dharapuram(Uzhavar Sandhai ),Beetroot,Beetroot,Local,2026-07-28,3000.0,9800.0,6400.0,6800.0,106.25,2026,7,28
Tamil Nadu,Thirupur,Palladam(Uzhavar Sandhai ),Brinjal,Other,Local,2026-07-28,3500.0,4000.0,3750.0,500.0,13.333333333333334,2026,7,28
Tamil Nadu,Thirupur,Palladam(Uzhavar Sandhai ),Carrot,Pusakesar,Local,2026-07-28,8000.0,8600.0,8300.0,600.0,7.228915662650602,2026,7,28
Tamil Nadu,Thirupur,Palladam(Uzhavar Sandhai ),Cabbage,Cabbage,Local,2026-07-28,3000.0,3500.0,3250.0,500.0,15.384615384615385,2026,7,28
Tamil Nadu,Thirupur,Palladam(Uzhavar Sandhai ),Beetroot,Beetroot,Local,2026-07-28,3000.0,3500.0,3250.0,500.0,15.384615384615385,2026,7,28
Tamil Nadu,Thirupur,Palladam(Uzhavar Sandhai ),Lemon,Lemon,Local,2026-07-28,8000.0,9000.0,8500.0,1000.0,11.76470588235294,2026,7,28
Tamil Nadu,Kallakuruchi,Kallakurichi(Uzhavar Sandhai ),Papaya,Papaya,Local,2026-07-28,3000.0,3000.0,3000.0,0.0,0.0,2026,7,28
Tamil Nadu,Kallakuruchi,Kallakurichi(Uzhavar Sandhai ),Banana,Red Banana,Local,2026-07-28,7000.0,7000.0,7000.0,0.0,0.0,2026,7,28
Tamil Nadu,Kallakuruchi,Kallakurichi(Uzhavar Sandhai ),Onion,Bellary,Local,2026-07-28,4000.0,4000.0,4000.0,0.0,0.0,2026,7,28
Tamil Nadu,Kallakuruchi,Kallakurichi(Uzhavar Sandhai ),Potato,Other,Local,2026-07-28,3000.0,3000.0,3000.0,0.0,0.0,2026,7,28
Tamil Nadu,Kallakuruchi,Kallakurichi(Uzhavar Sandhai ),Chikoos(Sapota),Sapota,Local,2026-07-28,5000.0,5000.0,5000.0,0.0,0.0,2026,7,28
Tamil Nadu,Kallakuruchi,Kallakurichi(Uzhavar Sandhai ),Cluster beans,Cluster Beans,Local,2026-07-28,4000.0,4000.0,4000.0,0.0,0.0,2026,7,28
Tamil Nadu,Kallakuruchi,Kallakurichi(Uzhavar Sandhai ),Bottle gourd,Bottle Gourd,Local,2026-07-28,2500.0,2500.0,2500.0,0.0,0.0,2026,7,28
Tamil Nadu,Kallakuruchi,Kallakurichi(Uzhavar Sandhai ),Bhindi(Ladies Finger),Bhindi,Local,2026-07-28,4000.0,4000.0,4000.0,0.0,0.0,2026,7,28
Tamil Nadu,Kallakuruchi,Kallakurichi(Uzhavar Sandhai ),Beans,Beans (Whole),Local,2026-07-28,10000.0,10000.0,10000.0,0.0,0.0,2026,7,28
Tamil Nadu,Kallakuruchi,Kallakurichi(Uzhavar Sandhai ),Ginger(Green),Green Ginger,Local,2026-07-28,22000.0,22000.0,22000.0,0.0,0.0,2026,7,28
Tamil Nadu,Kallakuruchi,Kallakurichi(Uzhavar Sandhai ),Mango(Raw-Ripe),Mango - Raw-Ripe,Local,2026-07-28,2000.0,2000.0,2000.0,0.0,0.0,2026,7,28
Tamil Nadu,Kallakuruchi,Kallakurichi(Uzhavar Sandhai ),Jack Fruit(Ripe),Jack Fruit,Local,2026-07-28,2000.0,2000.0,2000.0,0.0,0.0,2026,7,28
Tamil Nadu,Kallakuruchi,Kallakurichi(Uzhavar Sandhai ),Tender Coconut,Tender Coconut,Local,2026-07-28,3000.0,3000.0,3000.0,0.0,0.0,2026,7,28
Tamil Nadu,Kallakuruchi,Kallakurichi(Uzhavar Sandhai ),Elephant Yam(Suran)/Amorphophallus,Elephant Yam (Suran),Local,2026-07-28,4000.0,4000.0,4000.0,0.0,0.0,2026,7,28
Tamil Nadu,Kallakuruchi,Kallakurichi(Uzhavar Sandhai ),Mint(Pudina),Mint(Pudina),Local,2026-07-28,3000.0,3000.0,3000.0,0.0,0.0,2026,7,28
Andhra Pradesh,Nandyal,Nandikotkur APMC,Maize,Hybrid,FAQ,2026-07-28,2200.0,2400.0,2300.0,200.0,8.695652173913043,2026,7,28
Andhra Pradesh,Nandyal,Nandikotkur APMC,Bengal Gram(Gram)(Whole),Gulabi,FAQ,2026-07-28,5200.0,5600.0,5400.0,400.0,7.4074074074074066,2026,7,28
Punjab,Gurdaspur,Gurdaspur APMC,Apple,Apple,Grade A,2026-07-28,9000.0,9000.0,9000.0,0.0,0.0,2026,7,28
Punjab,Gurdaspur,Gurdaspur APMC,Cucumbar(Kheera),Other,Grade A,2026-07-28,1800.0,1800.0,1800.0,0.0,0.0,2026,7,28
Tamil Nadu,Thirupathur,Natrampalli(Uzhavar Sandhai ),Banana - Green,Banana - Green,Local,2026-07-28,2500.0,3000.0,2750.0,500.0,18.181818181818183,2026,7,28
Tamil Nadu,Thirupathur,Natrampalli(Uzhavar Sandhai ),Ginger(Green),Green Ginger,Local,2026-07-28,18000.0,20000.0,19000.0,2000.0,10.526315789473683,2026,7,28
Punjab,Bhatinda,Bathinda APMC,Banana,Other,Grade B,2026-07-28,1600.0,1700.0,1650.0,100.0,6.0606060606060606,2026,7,28
Punjab,Bhatinda,Bathinda APMC,Onion,Other,Grade B,2026-07-28,2800.0,3000.0,2800.0,200.0,7.142857142857142,2026,7,28
Andhra Pradesh,Palnadu,Ipur APMC,Rice,B P T,FAQ,2026-07-28,5600.0,5900.0,5700.0,300.0,5.263157894736842,2026,7,28
Andhra Pradesh,Palnadu,Ipur APMC,Red gram/Arhar/Tur(whole),Local,FAQ,2026-07-28,7500.0,8200.0,7950.0,700.0,8.80503144654088,2026,7,28
Andhra Pradesh,Dr.B.R.A.Konaseema,Ravulapalem (Kothapeta APMC),Banana,Bhushavali(Pacha),Local,2026-07-28,2100.0,2600.0,2400.0,500.0,20.833333333333336,2026,7,28
Andhra Pradesh,Palnadu,Macharla APMC,Cotton,Bunny,Grade Range-2,2026-07-28,7650.0,7650.0,7650.0,0.0,0.0,2026,7,28
Andhra Pradesh,Palnadu,Macharla APMC,Red gram/Arhar/Tur(whole),Local,Grade Range-2,2026-07-28,7850.0,7850.0,7850.0,0.0,0.0,2026,7,28
Andhra Pradesh,Kakinada,Pithapuram APMC,Paddy(Common),1001,FAQ,2026-07-28,2369.0,2389.0,2379.0,20.0,0.8406893652795292,2026,7,28
Andhra Pradesh,Eluru,Polavaram APMC,Maize,Local,Local,2026-07-28,2410.0,2410.0,2410.0,0.0,0.0,2026,7,28
Andhra Pradesh,Sri Sathya Sai,Puttaparthi  APMC,Maize,Local,FAQ,2026-07-28,2400.0,2500.0,2450.0,100.0,4.081632653061225,2026,7,28
Andhra Pradesh,Polavaram,Rampachodvaram APMC,Paddy(Common),1001,Grade Range-2,2026-07-28,2369.0,2389.0,2379.0,20.0,0.8406893652795292,2026,7,28
Tamil Nadu,Salem,Athur(Uzhavar Sandhai ),Papaya,Papaya,Local,2026-07-28,2500.0,3000.0,2750.0,500.0,18.181818181818183,2026,7,28
Tamil Nadu,Salem,Athur(Uzhavar Sandhai ),Groundnut,Big (With Shell),Local,2026-07-28,6000.0,7000.0,6500.0,1000.0,15.384615384615385,2026,7,28
Tamil Nadu,Salem,Athur(Uzhavar Sandhai ),Mango,Safeda,Local,2026-07-28,4000.0,5000.0,4500.0,1000.0,22.22222222222222,2026,7,28
Tamil Nadu,Salem,Athur(Uzhavar Sandhai ),Garlic,Garlic,Local,2026-07-28,22000.0,26000.0,24000.0,4000.0,16.666666666666664,2026,7,28
Tamil Nadu,Salem,Athur(Uzhavar Sandhai ),Pumpkin,Pumpkin,Local,2026-07-28,2000.0,2500.0,2250.0,500.0,22.22222222222222,2026,7,28
Tamil Nadu,Salem,Athur(Uzhavar Sandhai ),Bhindi(Ladies Finger),Bhindi,Local,2026-07-28,3000.0,3500.0,3250.0,500.0,15.384615384615385,2026,7,28
Tamil Nadu,Salem,Athur(Uzhavar Sandhai ),Coconut,Coconut,Local,2026-07-28,5000.0,5500.0,5250.0,500.0,9.523809523809524,2026,7,28
Tamil Nadu,Salem,Athur(Uzhavar Sandhai ),Cabbage,Cabbage,Local,2026-07-28,3500.0,4000.0,3750.0,500.0,13.333333333333334,2026,7,28
Tamil Nadu,Salem,Athur(Uzhavar Sandhai ),Snakeguard,Snakeguard,Local,2026-07-28,3500.0,4000.0,3750.0,500.0,13.333333333333334,2026,7,28
Tamil Nadu,Salem,Athur(Uzhavar Sandhai ),Thondekai,Thondekai,Local,2026-07-28,5000.0,5500.0,5250.0,500.0,9.523809523809524,2026,7,28
Tamil Nadu,Salem,Athur(Uzhavar Sandhai ),Green Avare(W),Green Avare (W),Local,2026-07-28,7000.0,7500.0,7250.0,500.0,6.896551724137931,2026,7,28
Tamil Nadu,Salem,Athur(Uzhavar Sandhai ),Jack Fruit(Ripe),Jack Fruit,Local,2026-07-28,2500.0,3000.0,2750.0,500.0,18.181818181818183,2026,7,28
Tamil Nadu,Salem,Athur(Uzhavar Sandhai ),Guava,Guava Allahabad,Local,2026-07-28,5000.0,6000.0,5500.0,1000.0,18.181818181818183,2026,7,28
Tamil Nadu,Salem,Athur(Uzhavar Sandhai ),Custard Apple(Sharifa),Custard Apple(Sharifa),Local,2026-07-28,3500.0,4000.0,3750.0,500.0,13.333333333333334,2026,7,28
Tamil Nadu,Theni,Periyakulam(Uzhavar Sandhai ),Banana,Other,Local,2026-07-28,4000.0,4500.0,4250.0,500.0,11.76470588235294,2026,7,28
Tamil Nadu,Theni,Periyakulam(Uzhavar Sandhai ),Bhindi(Ladies Finger),Bhindi,Local,2026-07-28,3400.0,3600.0,3500.0,200.0,5.714285714285714,2026,7,28
Tamil Nadu,Theni,Periyakulam(Uzhavar Sandhai ),Coconut,Coconut,Local,2026-07-28,5200.0,5400.0,5300.0,200.0,3.7735849056603774,2026,7,28
Tamil Nadu,Theni,Periyakulam(Uzhavar Sandhai ),Raddish,Raddish,Local,2026-07-28,2600.0,2800.0,2700.0,200.0,7.4074074074074066,2026,7,28
Tamil Nadu,Theni,Periyakulam(Uzhavar Sandhai ),Mint(Pudina),Mint(Pudina),Local,2026-07-28,5300.0,5500.0,5400.0,200.0,3.7037037037037033,2026,7,28
Tamil Nadu,Virudhunagar,Srivilliputhur(Uzhavar Sandhai ),Banana,Besrai,Local,2026-07-28,3500.0,4000.0,3750.0,500.0,13.333333333333334,2026,7,28
Tamil Nadu,Virudhunagar,Srivilliputhur(Uzhavar Sandhai ),Potato,Red Nanital,Local,2026-07-28,2500.0,3000.0,2750.0,500.0,18.181818181818183,2026,7,28
Tamil Nadu,Virudhunagar,Srivilliputhur(Uzhavar Sandhai ),Coriander(Leaves),I Sort,Local,2026-07-28,5000.0,6000.0,5500.0,1000.0,18.181818181818183,2026,7,28
Tamil Nadu,Virudhunagar,Srivilliputhur(Uzhavar Sandhai ),Bitter gourd,Bitter Gourd,Local,2026-07-28,7000.0,8000.0,7500.0,1000.0,13.333333333333334,2026,7,28
Tamil Nadu,Virudhunagar,Srivilliputhur(Uzhavar Sandhai ),Ashgourd,Gouard,Local,2026-07-28,2500.0,3000.0,2750.0,500.0,18.181818181818183,2026,7,28
Tamil Nadu,Virudhunagar,Srivilliputhur(Uzhavar Sandhai ),Pumpkin,Pumpkin,Local,2026-07-28,2500.0,3000.0,2750.0,500.0,18.181818181818183,2026,7,28
Tamil Nadu,Virudhunagar,Srivilliputhur(Uzhavar Sandhai ),Thondekai,Thondekai,Local,2026-07-28,5000.0,6000.0,5500.0,1000.0,18.181818181818183,2026,7,28
Tamil Nadu,Virudhunagar,Srivilliputhur(Uzhavar Sandhai ),Green Avare(W),Green Avare (W),Local,2026-07-28,7000.0,8000.0,7500.0,1000.0,13.333333333333334,2026,7,28
Tamil Nadu,Virudhunagar,Srivilliputhur(Uzhavar Sandhai ),Guava,Guava Allahabad,Local,2026-07-28,4500.0,5000.0,4750.0,500.0,10.526315789473683,2026,7,28
Tamil Nadu,Virudhunagar,Srivilliputhur(Uzhavar Sandhai ),Elephant Yam(Suran)/Amorphophallus,Elephant Yam (Suran),Local,2026-07-28,4500.0,5000.0,4750.0,500.0,10.526315789473683,2026,7,28
Uttar Pradesh,Sambhal,Bhehjoi APMC,Wood,Eucalyptus,Local,2026-07-28,500.0,510.0,505.0,10.0,1.9801980198019802,2026,7,28
Punjab,Sangrur,Bhawanigarh APMC,Pineapple,Other,Medium,2026-07-28,7000.0,7500.0,7250.0,500.0,6.896551724137931,2026,7,28
Punjab,Sangrur,Bhawanigarh APMC,Cabbage,Other,Local,2026-07-28,2800.0,3000.0,2900.0,200.0,6.896551724137931,2026,7,28
Punjab,Sangrur,Bhawanigarh APMC,Cauliflower,Other,Medium,2026-07-28,2600.0,2800.0,2700.0,200.0,7.4074074074074066,2026,7,28
Punjab,Sangrur,Bhawanigarh APMC,Ginger(Green),Green Ginger,Medium,2026-07-28,11000.0,12000.0,12000.0,1000.0,8.333333333333332,2026,7,28
Punjab,Sangrur,Bhawanigarh APMC,Lemon,Other,Medium,2026-07-28,12000.0,12000.0,12000.0,0.0,0.0,2026,7,28
Punjab,Sangrur,Bhawanigarh APMC,Peas Wet,Other,Medium,2026-07-28,4000.0,5000.0,4500.0,1000.0,22.22222222222222,2026,7,28
Punjab,Jalandhar,Noor Mehal APMC,Bottle gourd,Other,Local,2026-07-28,1300.0,1300.0,1300.0,0.0,0.0,2026,7,28
Punjab,Jalandhar,Noor Mehal APMC,Green Chilli,Other,Local,2026-07-28,1500.0,1500.0,1500.0,0.0,0.0,2026,7,28
Punjab,Jalandhar,Noor Mehal APMC,Ridgeguard(Tori),Other,Local,2026-07-28,1600.0,1600.0,1600.0,0.0,0.0,2026,7,28
West Bengal,Paschim Bardhaman,Durgapur APMC,Onion,Nasik,FAQ,2026-07-28,2650.0,2850.0,2750.0,200.0,7.2727272727272725,2026,7,28
West Bengal,Paschim Bardhaman,Durgapur APMC,Potato,Jyoti,FAQ,2026-07-28,860.0,900.0,880.0,40.0,4.545454545454546,2026,7,28
Nagaland,Kohima,Kohima APMC,Tomato,Tomato,Local,2026-07-28,4000.0,4000.0,4000.0,0.0,0.0,2026,7,28
Nagaland,Kohima,Kohima APMC,Potato,Potato,Grade A,2026-07-28,4000.0,4000.0,4000.0,0.0,0.0,2026,7,28
Tamil Nadu,Coimbatore,Vadavalli(Uzhavar Sandhai ),Groundnut,Big (With Shell),Local,2026-07-28,6500.0,7000.0,6750.0,500.0,7.4074074074074066,2026,7,28
Tamil Nadu,Coimbatore,Vadavalli(Uzhavar Sandhai ),Cauliflower,Ranchi,Local,2026-07-28,3800.0,4400.0,4100.0,600.0,14.634146341463413,2026,7,28
Tamil Nadu,Coimbatore,Vadavalli(Uzhavar Sandhai ),Bottle gourd,Bottle Gourd,Local,2026-07-28,2800.0,3200.0,3000.0,400.0,13.333333333333334,2026,7,28
Tamil Nadu,Coimbatore,Vadavalli(Uzhavar Sandhai ),Ashgourd,Gouard,Local,2026-07-28,1500.0,2000.0,1750.0,500.0,28.57142857142857,2026,7,28
Tamil Nadu,Coimbatore,Vadavalli(Uzhavar Sandhai ),Banana - Green,Banana - Green,Local,2026-07-28,3600.0,4200.0,3900.0,600.0,15.384615384615385,2026,7,28
Tamil Nadu,Coimbatore,Vadavalli(Uzhavar Sandhai ),Beans,Beans (Whole),Local,2026-07-28,7600.0,8400.0,8000.0,800.0,10.0,2026,7,28
Tamil Nadu,Coimbatore,Vadavalli(Uzhavar Sandhai ),Snakeguard,Snakeguard,Local,2026-07-28,2800.0,3500.0,3150.0,700.0,22.22222222222222,2026,7,28
Tamil Nadu,Coimbatore,Vadavalli(Uzhavar Sandhai ),Capsicum,Capsicum,Local,2026-07-28,7200.0,7800.0,7500.0,600.0,8.0,2026,7,28
Tamil Nadu,Coimbatore,Vadavalli(Uzhavar Sandhai ),Green Avare(W),Other,Local,2026-07-28,6000.0,6800.0,6400.0,800.0,12.5,2026,7,28
Tamil Nadu,Coimbatore,Vadavalli(Uzhavar Sandhai ),Drumstick,Drumstick,Local,2026-07-28,4000.0,4500.0,4250.0,500.0,11.76470588235294,2026,7,28
Tamil Nadu,Coimbatore,Vadavalli(Uzhavar Sandhai ),Karbuja(Musk Melon),Karbhuja,Local,2026-07-28,3000.0,3400.0,3200.0,400.0,12.5,2026,7,28
Tamil Nadu,Coimbatore,Vadavalli(Uzhavar Sandhai ),Elephant Yam(Suran)/Amorphophallus,Elephant Yam (Suran),Local,2026-07-28,3600.0,4200.0,3900.0,600.0,15.384615384615385,2026,7,28
West Bengal,Darjeeling,Karsiyang(Matigara) APMC,Cabbage,Other,FAQ,2026-07-28,2700.0,2900.0,2800.0,200.0,7.142857142857142,2026,7,28
West Bengal,Darjeeling,Karsiyang(Matigara) APMC,Carrot,Other,FAQ,2026-07-28,3200.0,3400.0,3300.0,200.0,6.0606060606060606,2026,7,28
Haryana,Palwal,Hassanpur APMC,Tomato,Tomato,Local,2026-07-28,2000.0,2000.0,2000.0,0.0,0.0,2026,7,28
Uttar Pradesh,Bulandshahar,Gulavati APMC,Bitter gourd,Bitter Gourd,FAQ,2026-07-28,2100.0,2300.0,2200.0,200.0,9.090909090909092,2026,7,28
Haryana,Hissar,Barwala(Hisar) APMC,Onion,Onion,Local,2026-07-28,2000.0,2300.0,2150.0,300.0,13.953488372093023,2026,7,28
Haryana,Hissar,Barwala(Hisar) APMC,Banana,Other,Local,2026-07-28,2500.0,4000.0,3500.0,1500.0,42.857142857142854,2026,7,28
Haryana,Hissar,Barwala(Hisar) APMC,Bitter gourd,Bitter Gourd,Local,2026-07-28,1500.0,2000.0,1800.0,500.0,27.77777777777778,2026,7,28
Punjab,Fazilka,Jalalabad APMC,Ginger(Green),Other,Medium,2026-07-28,16000.0,16000.0,16000.0,0.0,0.0,2026,7,28
Punjab,Fazilka,Jalalabad APMC,Cauliflower,Other,Medium,2026-07-28,5000.0,5500.0,5200.0,500.0,9.615384615384617,2026,7,28
Punjab,Fazilka,Jalalabad APMC,Banana,Other,Medium,2026-07-28,3700.0,4000.0,3800.0,300.0,7.894736842105263,2026,7,28
Punjab,Fazilka,Jalalabad APMC,Pomegranate,Other,Medium,2026-07-28,18000.0,18000.0,18000.0,0.0,0.0,2026,7,28
Punjab,Fazilka,Jalalabad APMC,Bitter gourd,Bitter Gourd,Medium,2026-07-28,3200.0,3500.0,3300.0,300.0,9.090909090909092,2026,7,28
Punjab,Fazilka,Jalalabad APMC,Cucumbar(Kheera),Other,Medium,2026-07-28,2000.0,2200.0,2100.0,200.0,9.523809523809524,2026,7,28
Punjab,Fazilka,Jalalabad APMC,Pumpkin,Pumpkin,Medium,2026-07-28,2200.0,2500.0,2300.0,300.0,13.043478260869565,2026,7,28
Tripura,South Tripura,Barpathari APMC,Cucumbar(Kheera),Cucumbar,Local,2026-07-28,4900.0,5100.0,5000.0,200.0,4.0,2026,7,28
Tripura,South Tripura,Barpathari APMC,Spiny Gourd / Kartali(Kantola),Kartali (Kantola),Local,2026-07-28,4900.0,5100.0,5000.0,200.0,4.0,2026,7,28
Tamil Nadu,Coimbatore,Udumalpet APMC,Banana,Red Banana,Local,2026-07-28,6000.0,7000.0,6500.0,1000.0,15.384615384615385,2026,7,28
Tamil Nadu,Coimbatore,Udumalpet APMC,Brinjal,Other,Local,2026-07-28,4000.0,4800.0,4400.0,800.0,18.181818181818183,2026,7,28
Tamil Nadu,Coimbatore,Udumalpet APMC,Tomato,Deshi,Local,2026-07-28,1500.0,2000.0,1750.0,500.0,28.57142857142857,2026,7,28
Tamil Nadu,Coimbatore,Udumalpet APMC,Ashgourd,Gouard,Local,2026-07-28,1500.0,2000.0,1750.0,500.0,28.57142857142857,2026,7,28
Tamil Nadu,Coimbatore,Udumalpet APMC,Snakeguard,Snakeguard,Local,2026-07-28,2500.0,3000.0,2750.0,500.0,18.181818181818183,2026,7,28
Tamil Nadu,Coimbatore,Udumalpet APMC,Drumstick,Drumstick,Local,2026-07-28,4000.0,5000.0,4500.0,1000.0,22.22222222222222,2026,7,28
Tamil Nadu,Coimbatore,Udumalpet APMC,Mango(Raw-Ripe),Mango - Raw-Ripe,Local,2026-07-28,2500.0,3500.0,3000.0,1000.0,33.33333333333333,2026,7,28
Tamil Nadu,Coimbatore,Udumalpet APMC,Lemon,Lemon,Local,2026-07-28,7000.0,8000.0,7500.0,1000.0,13.333333333333334,2026,7,28
Tamil Nadu,Coimbatore,Udumalpet APMC,Mint(Pudina),Mint(Pudina),Local,2026-07-28,5000.0,6000.0,5500.0,1000.0,18.181818181818183,2026,7,28
Madhya Pradesh,Khargone,Segaon APMC,Castor Seed,Caster,FAQ,2026-07-28,6011.0,6011.0,6011.0,0.0,0.0,2026,7,28
Tamil Nadu,Erode,Gobichettipalayam(Uzhavar Sandhai ),Coriander(Leaves),I Sort,Local,2026-07-28,6600.0,6800.0,6700.0,200.0,2.9850746268656714,2026,7,28
Tamil Nadu,Erode,Gobichettipalayam(Uzhavar Sandhai ),Pumpkin,Pumpkin,Local,2026-07-28,2000.0,2500.0,2250.0,500.0,22.22222222222222,2026,7,28
Tamil Nadu,Erode,Gobichettipalayam(Uzhavar Sandhai ),Bhindi(Ladies Finger),Bhindi,Local,2026-07-28,4000.0,4200.0,4100.0,200.0,4.878048780487805,2026,7,28
Tamil Nadu,Erode,Gobichettipalayam(Uzhavar Sandhai ),Green Avare(W),Green Avare (W),Local,2026-07-28,5800.0,6000.0,5900.0,200.0,3.389830508474576,2026,7,28
Tamil Nadu,Erode,Gobichettipalayam(Uzhavar Sandhai ),Tender Coconut,Tender Coconut,Local,2026-07-28,2500.0,3000.0,2750.0,500.0,18.181818181818183,2026,7,28
Himachal Pradesh,Shimla,SMY Rohroo,Brinjal,Arkasheela Mattigulla,Grade B,2026-07-28,3400.0,3600.0,3500.0,200.0,5.714285714285714,2026,7,28
Himachal Pradesh,Shimla,SMY Rohroo,Tomato,Deshi,Grade B,2026-07-28,3000.0,3200.0,3100.0,200.0,6.451612903225806,2026,7,28
Tamil Nadu,Pudukkottai,Ponnamaravathi(Uzhavar Sandhai),Tomato,Deshi,Local,2026-07-28,2000.0,2500.0,2250.0,500.0,22.22222222222222,2026,7,28
Tamil Nadu,Pudukkottai,Ponnamaravathi(Uzhavar Sandhai),Drumstick,Drumstick,Local,2026-07-28,5500.0,6000.0,5750.0,500.0,8.695652173913043,2026,7,28
Tamil Nadu,Pudukkottai,Ponnamaravathi(Uzhavar Sandhai),Mint(Pudina),Mint(Pudina),Local,2026-07-28,4500.0,5000.0,4750.0,500.0,10.526315789473683,2026,7,28
Andhra Pradesh,Tirupathi,B.N.Kandriga APMC,Paddy(Common),Paddy,Local,2026-07-28,2400.0,2400.0,2400.0,0.0,0.0,2026,7,28
Tamil Nadu,Nagapattinam,Mayiladuthurai(Uzhavar Sandhai ),Banana,Besrai,Local,2026-07-28,3600.0,4000.0,3800.0,400.0,10.526315789473683,2026,7,28
Tamil Nadu,Nagapattinam,Mayiladuthurai(Uzhavar Sandhai ),Potato,Red Nanital,Local,2026-07-28,3000.0,3000.0,3000.0,0.0,0.0,2026,7,28
Tamil Nadu,Nagapattinam,Mayiladuthurai(Uzhavar Sandhai ),Cluster beans,Cluster Beans,Local,2026-07-28,4500.0,5000.0,4750.0,500.0,10.526315789473683,2026,7,28
Tamil Nadu,Nagapattinam,Mayiladuthurai(Uzhavar Sandhai ),Pumpkin,Pumpkin,Local,2026-07-28,1500.0,2000.0,1750.0,500.0,28.57142857142857,2026,7,28
Tamil Nadu,Nagapattinam,Mayiladuthurai(Uzhavar Sandhai ),Amaranthus,Amaranthus,Local,2026-07-28,1500.0,2000.0,1750.0,500.0,28.57142857142857,2026,7,28
Tamil Nadu,Nagapattinam,Mayiladuthurai(Uzhavar Sandhai ),Cabbage,Cabbage,Local,2026-07-28,4000.0,4000.0,4000.0,0.0,0.0,2026,7,28
Tamil Nadu,Nagapattinam,Mayiladuthurai(Uzhavar Sandhai ),Beetroot,Beetroot,Local,2026-07-28,5000.0,5000.0,5000.0,0.0,0.0,2026,7,28
Tamil Nadu,Nagapattinam,Mayiladuthurai(Uzhavar Sandhai ),Raddish,Raddish,Local,2026-07-28,3500.0,4000.0,3750.0,500.0,13.333333333333334,2026,7,28
Tamil Nadu,Pudukkottai,Viralimalai(Uzhavar Sandhai ),Pumpkin,Pumpkin,Local,2026-07-28,1000.0,1500.0,1250.0,500.0,40.0,2026,7,28
Tamil Nadu,Pudukkottai,Viralimalai(Uzhavar Sandhai ),Green Avare(W),Green Avare (W),Local,2026-07-28,6500.0,7000.0,6750.0,500.0,7.4074074074074066,2026,7,28
Tamil Nadu,Pudukkottai,Viralimalai(Uzhavar Sandhai ),Drumstick,Drumstick,Local,2026-07-28,5500.0,6000.0,5750.0,500.0,8.695652173913043,2026,7,28
Tamil Nadu,Pudukkottai,Viralimalai(Uzhavar Sandhai ),Lemon,Lemon,Local,2026-07-28,4500.0,5000.0,4750.0,500.0,10.526315789473683,2026,7,28
Tamil Nadu,Pudukkottai,Viralimalai(Uzhavar Sandhai ),Amla(Nelli Kai),Amla,Local,2026-07-28,6000.0,7000.0,6500.0,1000.0,15.384615384615385,2026,7,28
Tamil Nadu,Ramanathapuram,Kamuthi(Uzhavar Sandhai ),Mint(Pudina),Mint(Pudina),Local,2026-07-28,7000.0,7400.0,7200.0,400.0,5.555555555555555,2026,7,28
Rajasthan,Jodhpur,Osiyan Mathania APMC,Wheat,Local,Local,2026-07-28,2300.0,2500.0,2400.0,200.0,8.333333333333332,2026,7,28
Tamil Nadu,Ramanathapuram,Paramakudi(Uzhavar Sandhai ),Banana,Besrai,Local,2026-07-28,5000.0,5500.0,5250.0,500.0,9.523809523809524,2026,7,28
Tamil Nadu,Ramanathapuram,Paramakudi(Uzhavar Sandhai ),Coriander(Leaves),I Sort,Local,2026-07-28,6500.0,7000.0,6750.0,500.0,7.4074074074074066,2026,7,28
Tamil Nadu,Ramanathapuram,Paramakudi(Uzhavar Sandhai ),Ashgourd,Gouard,Local,2026-07-28,2000.0,2200.0,2100.0,200.0,9.523809523809524,2026,7,28
Tamil Nadu,Ramanathapuram,Paramakudi(Uzhavar Sandhai ),Raddish,Raddish,Local,2026-07-28,4000.0,4500.0,4250.0,500.0,11.76470588235294,2026,7,28
Tamil Nadu,Ramanathapuram,Paramakudi(Uzhavar Sandhai ),Chow Chow,Chow Chow,Local,2026-07-28,3800.0,4000.0,3900.0,200.0,5.128205128205128,2026,7,28
Tamil Nadu,Ramanathapuram,Ramanathapuram(Uzhavar Sandhai ),Banana,Besrai,Local,2026-07-28,5000.0,5500.0,5250.0,500.0,9.523809523809524,2026,7,28
Tamil Nadu,Ramanathapuram,Ramanathapuram(Uzhavar Sandhai ),Cauliflower,Ranchi,Local,2026-07-28,5500.0,6000.0,5750.0,500.0,8.695652173913043,2026,7,28
Tamil Nadu,Ramanathapuram,Ramanathapuram(Uzhavar Sandhai ),Tomato,Deshi,Local,2026-07-28,2500.0,2800.0,2650.0,300.0,11.320754716981133,2026,7,28
Tamil Nadu,Ramanathapuram,Ramanathapuram(Uzhavar Sandhai ),Coconut,Coconut,Local,2026-07-28,6500.0,7000.0,6750.0,500.0,7.4074074074074066,2026,7,28
Tamil Nadu,Ramanathapuram,Ramanathapuram(Uzhavar Sandhai ),Carrot,Pusakesar,Local,2026-07-28,5500.0,6000.0,5750.0,500.0,8.695652173913043,2026,7,28
Tamil Nadu,Ramanathapuram,Ramanathapuram(Uzhavar Sandhai ),Beetroot,Beetroot,Local,2026-07-28,5000.0,5500.0,5250.0,500.0,9.523809523809524,2026,7,28
Tamil Nadu,Ramanathapuram,Ramanathapuram(Uzhavar Sandhai ),Green Avare(W),Green Avare (W),Local,2026-07-28,8000.0,8500.0,8250.0,500.0,6.0606060606060606,2026,7,28
Tamil Nadu,Ramanathapuram,Ramanathapuram(Uzhavar Sandhai ),Jasmine,Jasmine,Local,2026-07-28,70000.0,75000.0,72500.0,5000.0,6.896551724137931,2026,7,28
Tamil Nadu,Ramanathapuram,Ramanathapuram(Uzhavar Sandhai ),Kakada,Kakada,Local,2026-07-28,70000.0,75000.0,72500.0,5000.0,6.896551724137931,2026,7,28
Tamil Nadu,Ramanathapuram,Ramanathapuram(Uzhavar Sandhai ),Tube Flower,Tube Flower,Local,2026-07-28,100000.0,105000.0,102500.0,5000.0,4.878048780487805,2026,7,28
Tamil Nadu,Pudukkottai,Alangudi(Uzhavar Sandhai ),Tomato,Other,Local,2026-07-28,2000.0,2500.0,2250.0,500.0,22.22222222222222,2026,7,28
Tamil Nadu,Pudukkottai,Alangudi(Uzhavar Sandhai ),Bitter gourd,Other,Local,2026-07-28,8000.0,9000.0,8500.0,1000.0,11.76470588235294,2026,7,28
Tamil Nadu,Pudukkottai,Alangudi(Uzhavar Sandhai ),Bottle gourd,Bottle Gourd,Local,2026-07-28,2000.0,2500.0,2250.0,500.0,22.22222222222222,2026,7,28
Tamil Nadu,Pudukkottai,Alangudi(Uzhavar Sandhai ),Amaranthus,Amaranthus,Local,2026-07-28,1500.0,2000.0,1750.0,500.0,28.57142857142857,2026,7,28
Tamil Nadu,Thiruvannamalai,Arani(Uzhavar Sandhai ),Banana - Green,Banana - Green,Local,2026-07-28,1500.0,2000.0,1750.0,500.0,28.57142857142857,2026,7,28
Tamil Nadu,Thiruvannamalai,Arani(Uzhavar Sandhai ),Snakeguard,Snakeguard,Local,2026-07-28,3000.0,3600.0,3300.0,600.0,18.181818181818183,2026,7,28
Tamil Nadu,Thiruvannamalai,Arani(Uzhavar Sandhai ),Green Avare(W),Green Avare (W),Local,2026-07-28,5000.0,6000.0,5500.0,1000.0,18.181818181818183,2026,7,28
Tamil Nadu,Thiruvannamalai,Arani(Uzhavar Sandhai ),Colacasia,Colacasia,Local,2026-07-28,3500.0,4000.0,3750.0,500.0,13.333333333333334,2026,7,28
Tamil Nadu,Thiruvannamalai,Arani(Uzhavar Sandhai ),Mint(Pudina),Mint(Pudina),Local,2026-07-28,3500.0,4000.0,3750.0,500.0,13.333333333333334,2026,7,28
Tamil Nadu,Thiruvannamalai,Polur(Uzhavar Sandhai ),Bottle gourd,Bottle Gourd,Local,2026-07-28,2000.0,2400.0,2200.0,400.0,18.181818181818183,2026,7,28
Tamil Nadu,Thiruvannamalai,Polur(Uzhavar Sandhai ),Ridgeguard(Tori),Ridgeguard(Tori),Local,2026-07-28,4000.0,4800.0,4400.0,800.0,18.181818181818183,2026,7,28
Tamil Nadu,Thiruvannamalai,Polur(Uzhavar Sandhai ),Thondekai,Thondekai,Local,2026-07-28,4200.0,5000.0,4600.0,800.0,17.391304347826086,2026,7,28
Tamil Nadu,Thiruvannamalai,Polur(Uzhavar Sandhai ),Mango(Raw-Ripe),Mango - Raw-Ripe,Local,2026-07-28,2000.0,2400.0,2200.0,400.0,18.181818181818183,2026,7,28
Tamil Nadu,Thiruvannamalai,Polur(Uzhavar Sandhai ),Jack Fruit(Ripe),Jack Fruit,Local,2026-07-28,1600.0,2000.0,1800.0,400.0,22.22222222222222,2026,7,28
Tamil Nadu,Thiruvannamalai,Polur(Uzhavar Sandhai ),Colacasia,Colacasia,Local,2026-07-28,3300.0,4000.0,3650.0,700.0,19.17808219178082,2026,7,28
Tamil Nadu,Thiruvannamalai,Tiruvannamalai(Uzhavar Sandhai ),Banana,Besrai,Local,2026-07-28,4000.0,5000.0,4500.0,1000.0,22.22222222222222,2026,7,28
Tamil Nadu,Thiruvannamalai,Tiruvannamalai(Uzhavar Sandhai ),Grapes,Annabesahai,Local,2026-07-28,8000.0,10000.0,9000.0,2000.0,22.22222222222222,2026,7,28
Tamil Nadu,Thiruvannamalai,Tiruvannamalai(Uzhavar Sandhai ),Beans,Beans (Whole),Local,2026-07-28,8000.0,10000.0,9000.0,2000.0,22.22222222222222,2026,7,28
Tamil Nadu,Thiruvannamalai,Tiruvannamalai(Uzhavar Sandhai ),Carrot,Pusakesar,Local,2026-07-28,6400.0,7200.0,6800.0,800.0,11.76470588235294,2026,7,28
Tamil Nadu,Thiruvannamalai,Tiruvannamalai(Uzhavar Sandhai ),Beetroot,Beetroot,Local,2026-07-28,3600.0,4000.0,3800.0,400.0,10.526315789473683,2026,7,28
Tamil Nadu,Thiruvannamalai,Tiruvannamalai(Uzhavar Sandhai ),Ridgeguard(Tori),Ridgeguard(Tori),Local,2026-07-28,5000.0,6000.0,5500.0,1000.0,18.181818181818183,2026,7,28
Tamil Nadu,Thiruvannamalai,Tiruvannamalai(Uzhavar Sandhai ),Chow Chow,Chow Chow,Local,2026-07-28,3600.0,4000.0,3800.0,400.0,10.526315789473683,2026,7,28
Tamil Nadu,Thiruvannamalai,Tiruvannamalai(Uzhavar Sandhai ),Mango(Raw-Ripe),Mango - Raw-Ripe,Local,2026-07-28,2500.0,3000.0,2750.0,500.0,18.181818181818183,2026,7,28
Tamil Nadu,Thiruvannamalai,Tiruvannamalai(Uzhavar Sandhai ),Knool Khol,Knool Khol,Local,2026-07-28,4000.0,4800.0,4400.0,800.0,18.181818181818183,2026,7,28
Tamil Nadu,Thiruvannamalai,Tiruvannamalai(Uzhavar Sandhai ),Mashrooms,Mashrooms,Local,2026-07-28,20000.0,25000.0,22500.0,5000.0,22.22222222222222,2026,7,28
Tamil Nadu,Thiruvannamalai,Tiruvannamalai(Uzhavar Sandhai ),Mint(Pudina),Mint(Pudina),Local,2026-07-28,5000.0,6000.0,5500.0,1000.0,18.181818181818183,2026,7,28
Tamil Nadu,Thiruvellore,Ambattur(Uzhavar Sandhai ),Tomato,Deshi,Local,2026-07-28,2500.0,2500.0,2500.0,0.0,0.0,2026,7,28
Tamil Nadu,Thiruvellore,Ambattur(Uzhavar Sandhai ),Bottle gourd,Bottle Gourd,Local,2026-07-28,3000.0,3000.0,3000.0,0.0,0.0,2026,7,28
Andhra Pradesh,Srikakulam,Narasannapet APMC,Paddy(Common),Paddy,FAQ,2026-07-28,2369.0,2369.0,2369.0,0.0,0.0,2026,7,28
Tamil Nadu,Thiruvellore,Perambakkam(Uzhavar Sandhai ),Ridgeguard(Tori),Ridgeguard(Tori),Local,2026-07-28,4500.0,4500.0,4500.0,0.0,0.0,2026,7,28
Tamil Nadu,Thiruvellore,Perambakkam(Uzhavar Sandhai ),Jasmine,Jasmine,Local,2026-07-28,40000.0,40000.0,40000.0,0.0,0.0,2026,7,28
Tamil Nadu,Thiruvellore,Perambakkam(Uzhavar Sandhai ),Tube Rose(Loose),Tube Rose (Loose),Local,2026-07-28,10000.0,10000.0,10000.0,0.0,0.0,2026,7,28
Tamil Nadu,Tuticorin,Kovilpatti(Uzhavar Sandhai ),Potato,Other,Local,2026-07-28,3000.0,3500.0,3250.0,500.0,15.384615384615385,2026,7,28
Tamil Nadu,Tuticorin,Kovilpatti(Uzhavar Sandhai ),Cluster beans,Cluster Beans,Local,2026-07-28,3000.0,3500.0,3250.0,500.0,15.384615384615385,2026,7,28
Tamil Nadu,Tuticorin,Kovilpatti(Uzhavar Sandhai ),Ashgourd,Gouard,Local,2026-07-28,2000.0,2500.0,2250.0,500.0,22.22222222222222,2026,7,28
Tamil Nadu,Tuticorin,Kovilpatti(Uzhavar Sandhai ),Cabbage,Cabbage,Local,2026-07-28,4500.0,5000.0,4750.0,500.0,10.526315789473683,2026,7,28
Tamil Nadu,Tuticorin,Kovilpatti(Uzhavar Sandhai ),Ridgeguard(Tori),Ridgeguard(Tori),Local,2026-07-28,8000.0,8500.0,8250.0,500.0,6.0606060606060606,2026,7,28
Tamil Nadu,Tuticorin,Kovilpatti(Uzhavar Sandhai ),Elephant Yam(Suran)/Amorphophallus,Elephant Yam (Suran),Local,2026-07-28,4000.0,4500.0,4250.0,500.0,11.76470588235294,2026,7,28
Tamil Nadu,Vellore,Gudiyatham(Uzhavar Sandhai ),Ashgourd,Gouard,Local,2026-07-28,2400.0,2400.0,2400.0,0.0,0.0,2026,7,28
Tamil Nadu,Vellore,Gudiyatham(Uzhavar Sandhai ),Ginger(Green),Green Ginger,Local,2026-07-28,23000.0,23000.0,23000.0,0.0,0.0,2026,7,28
Tamil Nadu,Vellore,Gudiyatham(Uzhavar Sandhai ),Cabbage,Cabbage,Local,2026-07-28,3600.0,3600.0,3600.0,0.0,0.0,2026,7,28
Tamil Nadu,Vellore,Gudiyatham(Uzhavar Sandhai ),Snakeguard,Snakeguard,Local,2026-07-28,3600.0,3600.0,3600.0,0.0,0.0,2026,7,28
Tamil Nadu,Vellore,Gudiyatham(Uzhavar Sandhai ),Cucumbar(Kheera),Cucumbar,Local,2026-07-28,3600.0,3600.0,3600.0,0.0,0.0,2026,7,28
Tamil Nadu,Vellore,Gudiyatham(Uzhavar Sandhai ),Chow Chow,Chow Chow,Local,2026-07-28,4500.0,4500.0,4500.0,0.0,0.0,2026,7,28
Tamil Nadu,Vellore,Gudiyatham(Uzhavar Sandhai ),Guava,Guava Allahabad,Local,2026-07-28,4000.0,4000.0,4000.0,0.0,0.0,2026,7,28
Tamil Nadu,Vellore,Gudiyatham(Uzhavar Sandhai ),Sweet Corn,Sweet Corn,Local,2026-07-28,3000.0,3000.0,3000.0,0.0,0.0,2026,7,28
Tamil Nadu,Vellore,Kahithapattarai(Uzhavar Sandhai ),Groundnut,Big (With Shell),Local,2026-07-28,8000.0,8000.0,8000.0,0.0,0.0,2026,7,28
Tamil Nadu,Vellore,Kahithapattarai(Uzhavar Sandhai ),Chili Red,Bold,Local,2026-07-28,20000.0,20000.0,20000.0,0.0,0.0,2026,7,28
Tamil Nadu,Vellore,Kahithapattarai(Uzhavar Sandhai ),Cauliflower,Ranchi,Local,2026-07-28,1500.0,1500.0,1500.0,0.0,0.0,2026,7,28
Tamil Nadu,Vellore,Kahithapattarai(Uzhavar Sandhai ),Cluster beans,Cluster Beans,Local,2026-07-28,4500.0,4500.0,4500.0,0.0,0.0,2026,7,28
Tamil Nadu,Vellore,Kahithapattarai(Uzhavar Sandhai ),Amaranthus,Amaranthus,Local,2026-07-28,3000.0,3600.0,3300.0,600.0,18.181818181818183,2026,7,28
Tamil Nadu,Vellore,Kahithapattarai(Uzhavar Sandhai ),Ginger(Green),Green Ginger,Local,2026-07-28,19000.0,19000.0,19000.0,0.0,0.0,2026,7,28
Tamil Nadu,Vellore,Kahithapattarai(Uzhavar Sandhai ),Raddish,Raddish,Local,2026-07-28,3000.0,3000.0,3000.0,0.0,0.0,2026,7,28
Tamil Nadu,Vellore,Kahithapattarai(Uzhavar Sandhai ),Mango(Raw-Ripe),Mango - Raw-Ripe,Local,2026-07-28,2000.0,2500.0,2250.0,500.0,22.22222222222222,2026,7,28
Tamil Nadu,Vellore,Kahithapattarai(Uzhavar Sandhai ),Jasmine,Jasmine,Local,2026-07-28,55000.0,55000.0,55000.0,0.0,0.0,2026,7,28
Tamil Nadu,Vellore,Kahithapattarai(Uzhavar Sandhai ),Sweet Corn,Sweet Corn,Local,2026-07-28,3500.0,3500.0,3500.0,0.0,0.0,2026,7,28
Andhra Pradesh,Palnadu,Narasaraopet APMC,Cotton,Bunny,FAQ,2026-07-28,8500.0,8500.0,8500.0,0.0,0.0,2026,7,28
Andhra Pradesh,YSR Kadapa,Badvel APMC,Paddy(Common),Masuri,Local,2026-07-28,2300.0,2400.0,2350.0,100.0,4.25531914893617,2026,7,28
Andhra Pradesh,Sri Sathya Sai,Penukonda APMC,Groundnut,Local,FAQ,2026-07-28,7400.0,7800.0,7500.0,400.0,5.333333333333334,2026,7,28
Rajasthan,Churu,Churu APMC,Tomato,Hybrid,FAQ,2026-07-28,2400.0,2600.0,2500.0,200.0,8.0,2026,7,28
Punjab,Ludhiana,Ludhiana APMC,Ginger(Green),Other,FAQ,2026-07-28,6000.0,8000.0,7000.0,2000.0,28.57142857142857,2026,7,28
Punjab,Ludhiana,Ludhiana APMC,Bottle gourd,Other,FAQ,2026-07-28,300.0,1500.0,1000.0,1200.0,120.0,2026,7,28
Punjab,Ludhiana,Ludhiana APMC,Pea Pod/Pea Cod/हरी मटर,Other,FAQ,2026-07-28,2800.0,4500.0,3500.0,1700.0,48.57142857142857,2026,7,28
Punjab,Ludhiana,Ludhiana APMC,French Beans(Frasbean),Other,FAQ,2026-07-28,1800.0,2800.0,2300.0,1000.0,43.47826086956522,2026,7,28
Odisha,Dhenkanal,Hindol APMC,Drumstick,Drumstick,Grade B,2026-07-28,6500.0,7000.0,6800.0,500.0,7.352941176470589,2026,7,28
Odisha,Dhenkanal,Hindol APMC,Tomato,Tomato,Grade B,2026-07-28,3000.0,3500.0,3200.0,500.0,15.625,2026,7,28
Andaman and Nicobar,North and Middle Andaman,Diglipur Vegetable Market (Subhashgram),Amaranthus,Other,FAQ,2026-07-28,2500.0,5000.0,3500.0,2500.0,71.42857142857143,2026,7,28
Andaman and Nicobar,North and Middle Andaman,Diglipur Vegetable Market (Subhashgram),Brinjal,Other,FAQ,2026-07-28,5000.0,10000.0,7000.0,5000.0,71.42857142857143,2026,7,28
Andaman and Nicobar,North and Middle Andaman,Diglipur Vegetable Market (Subhashgram),Tender Coconut,Tender Coconut,Medium,2026-07-28,25.0,50.0,35.0,25.0,71.42857142857143,2026,7,28
Tamil Nadu,Thiruvannamalai,Cheyyar(Uzhavar Sandhai ),Banana,Poovan,Local,2026-07-28,4000.0,5000.0,4500.0,1000.0,22.22222222222222,2026,7,28
Tamil Nadu,Thiruvannamalai,Cheyyar(Uzhavar Sandhai ),Banana - Green,Banana - Green,Local,2026-07-28,1500.0,2000.0,1750.0,500.0,28.57142857142857,2026,7,28
Tamil Nadu,Thiruvannamalai,Cheyyar(Uzhavar Sandhai ),Beetroot,Beetroot,Local,2026-07-28,4000.0,4800.0,4400.0,800.0,18.181818181818183,2026,7,28
Tamil Nadu,Thiruvannamalai,Cheyyar(Uzhavar Sandhai ),Ridgeguard(Tori),Ridgeguard(Tori),Local,2026-07-28,3500.0,4200.0,3850.0,700.0,18.181818181818183,2026,7,28
Andhra Pradesh,Krishna,Divi (HQ-Avanigadda) APMC,Paddy(Common),B P T,FAQ,2026-07-28,2450.0,2600.0,2525.0,150.0,5.9405940594059405,2026,7,28
Andhra Pradesh,Eluru,Nuzvid APMC,Maize,Local,FAQ,2026-07-28,2500.0,2500.0,2500.0,0.0,0.0,2026,7,28
Odisha,Sundergarh,Panposh APMC,Cauliflower,Other,FAQ,2026-07-28,4000.0,4500.0,4200.0,500.0,11.904761904761903,2026,7,28
Odisha,Sundergarh,Panposh APMC,Tomato,Hybrid,FAQ,2026-07-28,3500.0,4200.0,4000.0,700.0,17.5,2026,7,28
Tamil Nadu,Ariyalur,Ariyalur(Uzhavar Sandhai),Lemon,Lemon,Local,2026-07-28,8000.0,9000.0,8500.0,1000.0,11.76470588235294,2026,7,28
Tamil Nadu,Ariyalur,Ariyalur(Uzhavar Sandhai),Mint(Pudina),Mint(Pudina),Local,2026-07-28,5500.0,6500.0,6000.0,1000.0,16.666666666666664,2026,7,28
Haryana,Mahendragarh-Narnaul,Narnaul APMC,Cabbage,Cabbage,Medium,2026-07-28,2000.0,4000.0,3000.0,2000.0,66.66666666666666,2026,7,28
Haryana,Mahendragarh-Narnaul,Narnaul APMC,Sponge gourd,Sponge gourd,Medium,2026-07-28,5000.0,6000.0,6000.0,1000.0,16.666666666666664,2026,7,28
Haryana,Mahendragarh-Narnaul,Narnaul APMC,Pumpkin,Pumpkin,Medium,2026-07-28,1000.0,2000.0,1500.0,1000.0,66.66666666666666,2026,7,28
Haryana,Mahendragarh-Narnaul,Narnaul APMC,Bitter gourd,Bitter Gourd,Medium,2026-07-28,2000.0,4000.0,3000.0,2000.0,66.66666666666666,2026,7,28
Haryana,Mahendragarh-Narnaul,Narnaul APMC,Bottle gourd,Bottle Gourd,Medium,2026-07-28,1500.0,3000.0,2500.0,1500.0,60.0,2026,7,28
Haryana,Mahendragarh-Narnaul,Narnaul APMC,Mango,Mango,Medium,2026-07-28,5000.0,7000.0,6000.0,2000.0,33.33333333333333,2026,7,28
Haryana,Mahendragarh-Narnaul,Narnaul APMC,Mousambi(Sweet Lime),Mousambi,Medium,2026-07-28,3000.0,4000.0,4000.0,1000.0,25.0,2026,7,28
Haryana,Mahendragarh-Narnaul,Narnaul APMC,Tender Coconut,Tender Coconut,Medium,2026-07-28,5500.0,6000.0,6000.0,500.0,8.333333333333332,2026,7,28
Uttarakhand,Haridwar,Haridwar Union APMC,Banana,Other,Grade C,2026-07-28,1350.0,1800.0,1550.0,450.0,29.03225806451613,2026,7,28
Uttarakhand,Haridwar,Haridwar Union APMC,Bottle gourd,Bottle Gourd,FAQ,2026-07-28,900.0,1500.0,1200.0,600.0,50.0,2026,7,28
Uttarakhand,Haridwar,Haridwar Union APMC,Potato,Potato,FAQ,2026-07-28,700.0,950.0,800.0,250.0,31.25,2026,7,28
Uttarakhand,Haridwar,Haridwar Union APMC,Tomato,Hybrid,FAQ,2026-07-28,800.0,2200.0,1500.0,1400.0,93.33333333333333,2026,7,28
Punjab,Ludhiana,Doraha APMC,Banana,Amruthapani,Local,2026-07-28,3600.0,3600.0,3600.0,0.0,0.0,2026,7,28
Punjab,Ludhiana,Doraha APMC,Potato,Desi,Local,2026-07-28,700.0,800.0,750.0,100.0,13.333333333333334,2026,7,28
Punjab,Ludhiana,Doraha APMC,Ridgeguard(Tori),Other,Local,2026-07-28,3000.0,4000.0,3500.0,1000.0,28.57142857142857,2026,7,28
Punjab,Ludhiana,Doraha APMC,Spinach,Spinach,Local,2026-07-28,1000.0,1500.0,1300.0,500.0,38.46153846153847,2026,7,28
Punjab,Ludhiana,Doraha APMC,Bhindi(Ladies Finger),Other,Local,2026-07-28,2000.0,3000.0,2500.0,1000.0,40.0,2026,7,28
Punjab,Ludhiana,Doraha APMC,Ginger(Green),Green Ginger,Local,2026-07-28,9000.0,11000.0,10000.0,2000.0,20.0,2026,7,28
Punjab,Ludhiana,Doraha APMC,Coriander(Leaves),Coriander,Local,2026-07-28,5000.0,10000.0,8000.0,5000.0,62.5,2026,7,28
Punjab,Ludhiana,Doraha APMC,Brinjal,Other,Local,2026-07-28,2000.0,2000.0,2000.0,0.0,0.0,2026,7,28
Odisha,Sambalpur,Rairakhol APMC,Tomato,Hybrid,Medium,2026-07-28,3000.0,3500.0,3200.0,500.0,15.625,2026,7,28
Odisha,Sundergarh,Sargipali APMC,Brinjal,Brinjal,FAQ,2026-07-28,4000.0,4500.0,4200.0,500.0,11.904761904761903,2026,7,28
Keralam,Idukki,Munnar Market,French Beans(Frasbean),French Beans (Frasbean),Medium,2026-07-28,7500.0,7500.0,7500.0,0.0,0.0,2026,7,28
Keralam,Alappuzha,Chengannur Market,Coconut,Big,FAQ,2026-07-28,5300.0,5600.0,5500.0,300.0,5.454545454545454,2026,7,28
Keralam,Alappuzha,Chengannur Market,Banana - Green,Banana - Green,FAQ,2026-07-28,5400.0,5700.0,5500.0,300.0,5.454545454545454,2026,7,28
Keralam,Alappuzha,Chengannur Market,Cluster beans,Cluster Beans,FAQ,2026-07-28,5500.0,6300.0,6000.0,800.0,13.333333333333334,2026,7,28
Keralam,Alappuzha,Chengannur Market,Colacasia,Colacasia,FAQ,2026-07-28,5400.0,5800.0,5500.0,400.0,7.2727272727272725,2026,7,28
Keralam,Alappuzha,Chengannur Market,Drumstick,Other,FAQ,2026-07-28,3800.0,4100.0,4000.0,300.0,7.5,2026,7,28
Andhra Pradesh,Kakinada,Prattipadu APMC,Paddy(Common),1001,FAQ,2026-07-28,2369.0,2380.0,2369.0,11.0,0.4643309413254538,2026,7,28
Haryana,Gurgaon,Gurgaon APMC,Banana,Other,Grade B,2026-07-28,2000.0,4000.0,3000.0,2000.0,66.66666666666666,2026,7,28
Haryana,Gurgaon,Gurgaon APMC,Mango,Other,Grade B,2026-07-28,3000.0,5000.0,4000.0,2000.0,50.0,2026,7,28
Keralam,Kannur,Kolayad VFPCK Market,Banana,Nendra Bale,Grade A,2026-07-28,4400.0,4400.0,4400.0,0.0,0.0,2026,7,28
Andhra Pradesh,YSR Kadapa,Kamalapuram APMC,Paddy(Common),Paddy,Local,2026-07-28,2450.0,2450.0,2450.0,0.0,0.0,2026,7,28
Uttar Pradesh,Khiri (Lakhimpur),Maigalganj APMC,Banana - Green,Banana - Green,FAQ,2026-07-28,1900.0,1930.0,1915.0,30.0,1.5665796344647518,2026,7,28
Uttar Pradesh,Khiri (Lakhimpur),Maigalganj APMC,Pumpkin,Pumpkin,FAQ,2026-07-28,800.0,840.0,820.0,40.0,4.878048780487805,2026,7,28
Uttar Pradesh,Khiri (Lakhimpur),Maigalganj APMC,Brinjal,Round/Long,FAQ,2026-07-28,1220.0,1260.0,1240.0,40.0,3.225806451612903,2026,7,28
Uttar Pradesh,Khiri (Lakhimpur),Maigalganj APMC,Ridgeguard(Tori),Ridgeguard(Tori),FAQ,2026-07-28,1400.0,1448.0,1424.0,48.0,3.3707865168539324,2026,7,28
Himachal Pradesh,Kangra,SMY Baijnath,Potato,Jyoti,Grade A,2026-07-28,1500.0,1800.0,1700.0,300.0,17.647058823529413,2026,7,28
Himachal Pradesh,Kangra,SMY Baijnath,Tomato,Hybrid,Grade B,2026-07-28,1800.0,3300.0,3200.0,1500.0,46.875,2026,7,28
Himachal Pradesh,Kangra,SMY Baijnath,Bottle gourd,Bottle Gourd,Grade A,2026-07-28,3200.0,3600.0,3500.0,400.0,11.428571428571429,2026,7,28
Himachal Pradesh,Kangra,SMY Jaisinghpur,Bhindi(Ladies Finger),Bhindi,FAQ,2026-07-28,3800.0,4500.0,4200.0,700.0,16.666666666666664,2026,7,28
Himachal Pradesh,Kangra,SMY Jaisinghpur,Sponge gourd,Sponge gourd,FAQ,2026-07-28,3800.0,4500.0,4200.0,700.0,16.666666666666664,2026,7,28
Keralam,Kozhikode(Calicut),Quilandy Market,Ashgourd,Other,FAQ,2026-07-28,1700.0,1800.0,1800.0,100.0,5.555555555555555,2026,7,28
Keralam,Kozhikode(Calicut),Quilandy Market,Banana - Green,Other,FAQ,2026-07-28,3400.0,3500.0,3500.0,100.0,2.857142857142857,2026,7,28
Keralam,Kozhikode(Calicut),Quilandy Market,Carrot,Other,FAQ,2026-07-28,8200.0,8800.0,8300.0,600.0,7.228915662650602,2026,7,28
Keralam,Kozhikode(Calicut),Quilandy Market,Drumstick,Other,FAQ,2026-07-28,5900.0,6200.0,6000.0,300.0,5.0,2026,7,28
Keralam,Kozhikode(Calicut),Quilandy Market,Pumpkin,Other,FAQ,2026-07-28,1700.0,1800.0,1800.0,100.0,5.555555555555555,2026,7,28
Keralam,Kozhikode(Calicut),Quilandy Market,Snakeguard,Other,FAQ,2026-07-28,4600.0,4700.0,4700.0,100.0,2.127659574468085,2026,7,28
Tamil Nadu,Coimbatore,Mettupalayam(Uzhavar Sandhai ),Brinjal,Round,Local,2026-07-28,3500.0,4000.0,3750.0,500.0,13.333333333333334,2026,7,28
Tamil Nadu,Coimbatore,Mettupalayam(Uzhavar Sandhai ),Ashgourd,Gouard,Local,2026-07-28,1000.0,1500.0,1250.0,500.0,40.0,2026,7,28
Tamil Nadu,Coimbatore,Mettupalayam(Uzhavar Sandhai ),Cowpea(Veg),Cowpea (Veg),Local,2026-07-28,3500.0,4000.0,3750.0,500.0,13.333333333333334,2026,7,28
Tamil Nadu,Coimbatore,Mettupalayam(Uzhavar Sandhai ),Sweet Potato,Hosur Red,Local,2026-07-28,3500.0,4000.0,3750.0,500.0,13.333333333333334,2026,7,28
Tamil Nadu,Coimbatore,Mettupalayam(Uzhavar Sandhai ),Beetroot,Beetroot,Local,2026-07-28,7500.0,8500.0,8000.0,1000.0,12.5,2026,7,28
Tamil Nadu,Coimbatore,Mettupalayam(Uzhavar Sandhai ),Thondekai,Thondekai,Local,2026-07-28,4500.0,5000.0,4750.0,500.0,10.526315789473683,2026,7,28
Tamil Nadu,Coimbatore,Mettupalayam(Uzhavar Sandhai ),Knool Khol,Knool Khol,Local,2026-07-28,3500.0,4000.0,3750.0,500.0,13.333333333333334,2026,7,28
Tamil Nadu,Coimbatore,Mettupalayam(Uzhavar Sandhai ),Mint(Pudina),Mint(Pudina),Local,2026-07-28,7000.0,7500.0,7250.0,500.0,6.896551724137931,2026,7,28
Tamil Nadu,Erode,Sathiyamagalam(Uzhavar Sandhai ),Potato,Other,Local,2026-07-28,3500.0,4000.0,3750.0,500.0,13.333333333333334,2026,7,28
Tamil Nadu,Erode,Sathiyamagalam(Uzhavar Sandhai ),Beans,Beans (Whole),Local,2026-07-28,8400.0,8800.0,8600.0,400.0,4.651162790697675,2026,7,28
Tamil Nadu,Erode,Sathiyamagalam(Uzhavar Sandhai ),Snakeguard,Snakeguard,Local,2026-07-28,4000.0,4600.0,4300.0,600.0,13.953488372093023,2026,7,28
Tamil Nadu,Erode,Sathiyamagalam(Uzhavar Sandhai ),Elephant Yam(Suran)/Amorphophallus,Elephant Yam (Suran),Local,2026-07-28,3000.0,3500.0,3250.0,500.0,15.384615384615385,2026,7,28
Tamil Nadu,Erode,Sathiyamagalam(Uzhavar Sandhai ),Lemon,Lemon,Local,2026-07-28,7500.0,8000.0,7750.0,500.0,6.451612903225806,2026,7,28
Tamil Nadu,Namakkal,Tiruchengode APMC,Water Melon,Water Melon,Local,2026-07-28,1400.0,1600.0,1500.0,200.0,13.333333333333334,2026,7,28
Tamil Nadu,Namakkal,Tiruchengode APMC,Tomato,Other,Local,2026-07-28,1800.0,2000.0,1900.0,200.0,10.526315789473683,2026,7,28
Tamil Nadu,Namakkal,Tiruchengode APMC,Sweet Potato,Hosur Red,Local,2026-07-28,4500.0,5000.0,4750.0,500.0,10.526315789473683,2026,7,28
Tamil Nadu,Namakkal,Tiruchengode APMC,Cucumbar(Kheera),Cucumbar,Local,2026-07-28,7000.0,8000.0,7500.0,1000.0,13.333333333333334,2026,7,28
Tamil Nadu,Namakkal,Tiruchengode APMC,Ridgeguard(Tori),Ridgeguard(Tori),Local,2026-07-28,5400.0,6000.0,5700.0,600.0,10.526315789473683,2026,7,28
Tamil Nadu,Namakkal,Tiruchengode APMC,Elephant Yam(Suran)/Amorphophallus,Elephant Yam (Suran),Local,2026-07-28,3000.0,3500.0,3250.0,500.0,15.384615384615385,2026,7,28
Tamil Nadu,Namakkal,Tiruchengode APMC,Amla(Nelli Kai),Amla,Local,2026-07-28,7000.0,8000.0,7500.0,1000.0,13.333333333333334,2026,7,28
Andhra Pradesh,Visakhapatnam,Bhimunipatnam APMC,Groundnut,Big (With Shell),Local,2026-07-28,7000.0,7000.0,7000.0,0.0,0.0,2026,7,28
Andhra Pradesh,Visakhapatnam,Bhimunipatnam APMC,Paddy(Common),Samba Masuri,Local,2026-07-28,2369.0,2369.0,2369.0,0.0,0.0,2026,7,28
Uttar Pradesh,Badaun,Dataganj APMC,Wheat,Dara,FAQ,2026-07-28,2450.0,2510.0,2500.0,60.0,2.4,2026,7,28
Uttar Pradesh,Rampur,Bilaspur APMC,Banana,Other,Medium,2026-07-28,2100.0,2300.0,2200.0,200.0,9.090909090909092,2026,7,28
Tamil Nadu,Ariyalur,Jeyankondam (Uzhavar Sandhai ),Onion,Bellary,Local,2026-07-28,3500.0,4000.0,3750.0,500.0,13.333333333333334,2026,7,28
Tamil Nadu,Coimbatore,RSPuram(Uzhavar Sandhai ),Apple,American,Local,2026-07-28,20000.0,27000.0,23500.0,7000.0,29.78723404255319,2026,7,28
Tamil Nadu,Coimbatore,RSPuram(Uzhavar Sandhai ),Mango,Neelam,Local,2026-07-28,6000.0,7000.0,6500.0,1000.0,15.384615384615385,2026,7,28
Tamil Nadu,Coimbatore,RSPuram(Uzhavar Sandhai ),Grapes,Annabesahai,Local,2026-07-28,8000.0,8500.0,8250.0,500.0,6.0606060606060606,2026,7,28
Tamil Nadu,Coimbatore,RSPuram(Uzhavar Sandhai ),Garlic,Garlic,Local,2026-07-28,20000.0,22000.0,21000.0,2000.0,9.523809523809524,2026,7,28
Tamil Nadu,Coimbatore,RSPuram(Uzhavar Sandhai ),Cluster beans,Cluster Beans,Local,2026-07-28,3400.0,3800.0,3600.0,400.0,11.11111111111111,2026,7,28
Tamil Nadu,Coimbatore,RSPuram(Uzhavar Sandhai ),Cabbage,Cabbage,Local,2026-07-28,3000.0,3500.0,3250.0,500.0,15.384615384615385,2026,7,28
Tamil Nadu,Coimbatore,RSPuram(Uzhavar Sandhai ),Beetroot,Beetroot,Local,2026-07-28,7000.0,7800.0,7400.0,800.0,10.81081081081081,2026,7,28
Tamil Nadu,Coimbatore,RSPuram(Uzhavar Sandhai ),Cucumbar(Kheera),Cucumbar,Local,2026-07-28,3200.0,3800.0,3500.0,600.0,17.142857142857142,2026,7,28
Tamil Nadu,Coimbatore,RSPuram(Uzhavar Sandhai ),Karbuja(Musk Melon),Karbhuja,Local,2026-07-28,2500.0,3000.0,2750.0,500.0,18.181818181818183,2026,7,28
Tamil Nadu,Coimbatore,RSPuram(Uzhavar Sandhai ),Yam(Ratalu),Yam (Ratalu),Local,2026-07-28,9000.0,9600.0,9300.0,600.0,6.451612903225806,2026,7,28
Tamil Nadu,Coimbatore,RSPuram(Uzhavar Sandhai ),Lemon,Lemon,Local,2026-07-28,7000.0,8000.0,7500.0,1000.0,13.333333333333334,2026,7,28
Tamil Nadu,Coimbatore,Singanallur(Uzhavar Sandhai ),Apple,American,Local,2026-07-28,20000.0,22000.0,21000.0,2000.0,9.523809523809524,2026,7,28
Tamil Nadu,Coimbatore,Singanallur(Uzhavar Sandhai ),Green Peas,Green Peas,Local,2026-07-28,22000.0,26000.0,24000.0,4000.0,16.666666666666664,2026,7,28
Tamil Nadu,Coimbatore,Singanallur(Uzhavar Sandhai ),Beetroot,Beetroot,Local,2026-07-28,7500.0,8300.0,7900.0,800.0,10.126582278481013,2026,7,28
Tamil Nadu,Coimbatore,Singanallur(Uzhavar Sandhai ),Raddish,Raddish,Local,2026-07-28,4000.0,4500.0,4250.0,500.0,11.76470588235294,2026,7,28
Tamil Nadu,Coimbatore,Singanallur(Uzhavar Sandhai ),Thondekai,Thondekai,Local,2026-07-28,4800.0,5200.0,5000.0,400.0,8.0,2026,7,28
Tamil Nadu,Coimbatore,Singanallur(Uzhavar Sandhai ),Capsicum,Capsicum,Local,2026-07-28,8500.0,9000.0,8750.0,500.0,5.714285714285714,2026,7,28
Tamil Nadu,Coimbatore,Singanallur(Uzhavar Sandhai ),Chow Chow,Chow Chow,Local,2026-07-28,3200.0,3600.0,3400.0,400.0,11.76470588235294,2026,7,28
Tamil Nadu,Coimbatore,Singanallur(Uzhavar Sandhai ),Drumstick,Drumstick,Local,2026-07-28,4500.0,5000.0,4750.0,500.0,10.526315789473683,2026,7,28
Tamil Nadu,Coimbatore,Singanallur(Uzhavar Sandhai ),Guava,Guava Allahabad,Local,2026-07-28,5500.0,6000.0,5750.0,500.0,8.695652173913043,2026,7,28
Tamil Nadu,Coimbatore,Singanallur(Uzhavar Sandhai ),Yam(Ratalu),Yam (Ratalu),Local,2026-07-28,9000.0,9600.0,9300.0,600.0,6.451612903225806,2026,7,28
Tamil Nadu,Coimbatore,Pollachi(Uzhavar Sandhai ),Brinjal,Other,Local,2026-07-28,5000.0,5500.0,5250.0,500.0,9.523809523809524,2026,7,28
Tamil Nadu,Coimbatore,Pollachi(Uzhavar Sandhai ),Coriander(Leaves),I Sort,Local,2026-07-28,6500.0,7500.0,7000.0,1000.0,14.285714285714285,2026,7,28
Tamil Nadu,Coimbatore,Pollachi(Uzhavar Sandhai ),Green Chilli,Green Chilly,Local,2026-07-28,4500.0,5000.0,4750.0,500.0,10.526315789473683,2026,7,28
Tamil Nadu,Coimbatore,Pollachi(Uzhavar Sandhai ),Ginger(Green),Green Ginger,Local,2026-07-28,16000.0,18000.0,17000.0,2000.0,11.76470588235294,2026,7,28
Tamil Nadu,Coimbatore,Pollachi(Uzhavar Sandhai ),Elephant Yam(Suran)/Amorphophallus,Elephant Yam (Suran),Local,2026-07-28,3500.0,4000.0,3750.0,500.0,13.333333333333334,2026,7,28
Telangana,Ranga Reddy,"Vanasthalipuram,RBZ",Banana - Green,Banana - Green,Local,2026-07-28,4000.0,4000.0,4000.0,0.0,0.0,2026,7,28
Telangana,Ranga Reddy,"Vanasthalipuram,RBZ",Cauliflower,Cauliflower,Local,2026-07-28,1800.0,1800.0,1800.0,0.0,0.0,2026,7,28
Telangana,Ranga Reddy,"Vanasthalipuram,RBZ",Brinjal,Round/Long,Local,2026-07-28,2300.0,2300.0,2300.0,0.0,0.0,2026,7,28
Telangana,Ranga Reddy,"Vanasthalipuram,RBZ",Ladies Finger,Ladies Finger,Local,2026-07-28,4000.0,4000.0,4000.0,0.0,0.0,2026,7,28
Telangana,Ranga Reddy,"Vanasthalipuram,RBZ",Potato,Potato,Local,2026-07-28,1700.0,1700.0,1700.0,0.0,0.0,2026,7,28
Telangana,Ranga Reddy,"Vanasthalipuram,RBZ",Drumstick,Drumstick,Local,2026-07-28,4500.0,4500.0,4500.0,0.0,0.0,2026,7,28
Telangana,Ranga Reddy,"Vanasthalipuram,RBZ",Field Bean(Anumulu),Field Bean(Anumulu),Grade A,2026-07-28,4500.0,4500.0,4500.0,0.0,0.0,2026,7,28
Telangana,Ranga Reddy,"Vanasthalipuram,RBZ",Leafy Vegetable,Leafy Vegetables,Local,2026-07-28,5000.0,5000.0,5000.0,0.0,0.0,2026,7,28
Telangana,Ranga Reddy,"Vanasthalipuram,RBZ",Elephant Yam(Suran)/Amorphophallus,Elephant Yam (Suran),Local,2026-07-28,4500.0,4500.0,4500.0,0.0,0.0,2026,7,28
Tamil Nadu,Karur,Karur(Uzhavar Sandhai ),Banana,Red Banana,Local,2026-07-28,5000.0,6000.0,5500.0,1000.0,18.181818181818183,2026,7,28
Tamil Nadu,Karur,Karur(Uzhavar Sandhai ),Potato,Other,Local,2026-07-28,6000.0,6500.0,6250.0,500.0,8.0,2026,7,28
Tamil Nadu,Karur,Karur(Uzhavar Sandhai ),Brinjal,Other,Local,2026-07-28,5000.0,6000.0,5500.0,1000.0,18.181818181818183,2026,7,28
Tamil Nadu,Karur,Karur(Uzhavar Sandhai ),Green Chilli,Green Chilly,Local,2026-07-28,4000.0,5000.0,4500.0,1000.0,22.22222222222222,2026,7,28
Tamil Nadu,Karur,Karur(Uzhavar Sandhai ),Ginger(Green),Green Ginger,Local,2026-07-28,22500.0,23000.0,22750.0,500.0,2.197802197802198,2026,7,28
Tamil Nadu,Karur,Karur(Uzhavar Sandhai ),Sweet Potato,Hosur Red,Local,2026-07-28,3500.0,4000.0,3750.0,500.0,13.333333333333334,2026,7,28
Tamil Nadu,Karur,Karur(Uzhavar Sandhai ),Mango(Raw-Ripe),Mango - Raw-Ripe,Local,2026-07-28,3500.0,4000.0,3750.0,500.0,13.333333333333334,2026,7,28
Tamil Nadu,Karur,Karur(Uzhavar Sandhai ),Yam(Ratalu),Yam (Ratalu),Local,2026-07-28,9000.0,10000.0,9500.0,1000.0,10.526315789473683,2026,7,28
Tripura,South Tripura,Manubazar,Amaranthus,Amaranthus,FAQ,2026-07-28,2200.0,2400.0,2300.0,200.0,8.695652173913043,2026,7,28
Tripura,South Tripura,Manubazar,Pumpkin,Pumpkin,Grade A,2026-07-28,2400.0,2600.0,2500.0,200.0,8.0,2026,7,28
Tamil Nadu,Coimbatore,Kurichi(Uzhavar Sandhai ),Brinjal,Other,Local,2026-07-28,5500.0,6000.0,5750.0,500.0,8.695652173913043,2026,7,28
Tamil Nadu,Coimbatore,Kurichi(Uzhavar Sandhai ),Tomato,Local,Local,2026-07-28,1500.0,1800.0,1650.0,300.0,18.181818181818183,2026,7,28
Tamil Nadu,Coimbatore,Kurichi(Uzhavar Sandhai ),Ashgourd,Gouard,Local,2026-07-28,1500.0,1800.0,1650.0,300.0,18.181818181818183,2026,7,28
Tamil Nadu,Coimbatore,Kurichi(Uzhavar Sandhai ),Green Chilli,Green Chilly,Local,2026-07-28,4500.0,5000.0,4750.0,500.0,10.526315789473683,2026,7,28
Tamil Nadu,Coimbatore,Kurichi(Uzhavar Sandhai ),Sweet Potato,Hosur Red,Local,2026-07-28,3500.0,4000.0,3750.0,500.0,13.333333333333334,2026,7,28
Tamil Nadu,Coimbatore,Kurichi(Uzhavar Sandhai ),Green Avare(W),Green Avare (W),Local,2026-07-28,6500.0,7000.0,6750.0,500.0,7.4074074074074066,2026,7,28
Tamil Nadu,Coimbatore,Kurichi(Uzhavar Sandhai ),Lemon,Lemon,Local,2026-07-28,7500.0,8000.0,7750.0,500.0,6.451612903225806,2026,7,28
Tamil Nadu,Coimbatore,Kurichi(Uzhavar Sandhai ),Mint(Pudina),Mint(Pudina),Local,2026-07-28,6500.0,7000.0,6750.0,500.0,7.4074074074074066,2026,7,28
Tamil Nadu,Cuddalore,Chidambaram(Uzhavar Sandhai ),Banana,Besrai,Local,2026-07-28,4000.0,4000.0,4000.0,0.0,0.0,2026,7,28
Tamil Nadu,Cuddalore,Chidambaram(Uzhavar Sandhai ),Tomato,Local,Local,2026-07-28,2000.0,2000.0,2000.0,0.0,0.0,2026,7,28
Tamil Nadu,Cuddalore,Cuddalore(Uzhavar Sandhai ),Chikoos(Sapota),Sapota,Local,2026-07-28,5000.0,7000.0,6000.0,2000.0,33.33333333333333,2026,7,28
Tamil Nadu,Cuddalore,Cuddalore(Uzhavar Sandhai ),Groundnut,Big (With Shell),Local,2026-07-28,8000.0,8000.0,8000.0,0.0,0.0,2026,7,28
Tamil Nadu,Cuddalore,Cuddalore(Uzhavar Sandhai ),Cauliflower,Ranchi,Local,2026-07-28,4500.0,4500.0,4500.0,0.0,0.0,2026,7,28
Tamil Nadu,Cuddalore,Cuddalore(Uzhavar Sandhai ),Bhindi(Ladies Finger),Bhindi,Local,2026-07-28,3500.0,3500.0,3500.0,0.0,0.0,2026,7,28
Tamil Nadu,Cuddalore,Cuddalore(Uzhavar Sandhai ),Amaranthus,Amaranthus,Local,2026-07-28,2000.0,3000.0,2500.0,1000.0,40.0,2026,7,28
Tamil Nadu,Cuddalore,Cuddalore(Uzhavar Sandhai ),Green Chilli,Green Chilly,Local,2026-07-28,4500.0,5000.0,4750.0,500.0,10.526315789473683,2026,7,28
Tamil Nadu,Cuddalore,Cuddalore(Uzhavar Sandhai ),Sweet Potato,Hosur Red,Local,2026-07-28,6000.0,6000.0,6000.0,0.0,0.0,2026,7,28
Tamil Nadu,Cuddalore,Cuddalore(Uzhavar Sandhai ),Carrot,Pusakesar,Local,2026-07-28,7000.0,7000.0,7000.0,0.0,0.0,2026,7,28
Tamil Nadu,Cuddalore,Cuddalore(Uzhavar Sandhai ),Raddish,Raddish,Local,2026-07-28,4000.0,4000.0,4000.0,0.0,0.0,2026,7,28
Tamil Nadu,Cuddalore,Cuddalore(Uzhavar Sandhai ),Chow Chow,Chow Chow,Local,2026-07-28,4000.0,4000.0,4000.0,0.0,0.0,2026,7,28
Tamil Nadu,Cuddalore,Cuddalore(Uzhavar Sandhai ),Drumstick,Drumstick,Local,2026-07-28,6000.0,6000.0,6000.0,0.0,0.0,2026,7,28
Tamil Nadu,Cuddalore,Cuddalore(Uzhavar Sandhai ),Onion Green,Onion Green,Local,2026-07-28,5000.0,6000.0,5500.0,1000.0,18.181818181818183,2026,7,28
Tamil Nadu,Cuddalore,Cuddalore(Uzhavar Sandhai ),Mint(Pudina),Mint(Pudina),Local,2026-07-28,5000.0,5000.0,5000.0,0.0,0.0,2026,7,28
Tamil Nadu,Chengalpattu,Thirukalukundram(Uzhavar Sandhai ),Grapes,Annabesahai,Local,2026-07-28,12000.0,13000.0,12500.0,1000.0,8.0,2026,7,28
Tamil Nadu,Chengalpattu,Thirukalukundram(Uzhavar Sandhai ),Cabbage,Cabbage,Local,2026-07-28,3000.0,3500.0,3250.0,500.0,15.384615384615385,2026,7,28
Tamil Nadu,Chengalpattu,Thirukalukundram(Uzhavar Sandhai ),Beetroot,Beetroot,Local,2026-07-28,4500.0,5000.0,4750.0,500.0,10.526315789473683,2026,7,28
Tamil Nadu,Chengalpattu,Thirukalukundram(Uzhavar Sandhai ),Raddish,Raddish,Local,2026-07-28,3500.0,4000.0,3750.0,500.0,13.333333333333334,2026,7,28
Tamil Nadu,Chengalpattu,Thirukalukundram(Uzhavar Sandhai ),Chow Chow,Chow Chow,Local,2026-07-28,2500.0,3000.0,2750.0,500.0,18.181818181818183,2026,7,28
Tamil Nadu,Chengalpattu,Thirukalukundram(Uzhavar Sandhai ),Amla(Nelli Kai),Amla,Local,2026-07-28,8500.0,9000.0,8750.0,500.0,5.714285714285714,2026,7,28
Tamil Nadu,Tuticorin,Tuticorin(Uzhavar Sandhai ),Papaya,Papaya,Local,2026-07-28,3500.0,4000.0,3750.0,500.0,13.333333333333334,2026,7,28
Tamil Nadu,Tuticorin,Tuticorin(Uzhavar Sandhai ),Cluster beans,Cluster Beans,Local,2026-07-28,4500.0,5000.0,4750.0,500.0,10.526315789473683,2026,7,28
Tamil Nadu,Tuticorin,Tuticorin(Uzhavar Sandhai ),Bitter gourd,Other,Local,2026-07-28,12000.0,13000.0,12500.0,1000.0,8.0,2026,7,28
Tamil Nadu,Tuticorin,Tuticorin(Uzhavar Sandhai ),Ashgourd,Gouard,Local,2026-07-28,1500.0,2000.0,1750.0,500.0,28.57142857142857,2026,7,28
Tamil Nadu,Tuticorin,Tuticorin(Uzhavar Sandhai ),Pumpkin,Pumpkin,Local,2026-07-28,1500.0,2000.0,1750.0,500.0,28.57142857142857,2026,7,28
Tamil Nadu,Tuticorin,Tuticorin(Uzhavar Sandhai ),Ginger(Green),Green Ginger,Local,2026-07-28,23000.0,24000.0,23500.0,1000.0,4.25531914893617,2026,7,28
Tamil Nadu,Tuticorin,Tuticorin(Uzhavar Sandhai ),Coconut,Coconut,Local,2026-07-28,6000.0,7000.0,6500.0,1000.0,15.384615384615385,2026,7,28
Tamil Nadu,Tuticorin,Tuticorin(Uzhavar Sandhai ),Cabbage,Cabbage,Local,2026-07-28,3500.0,4000.0,3750.0,500.0,13.333333333333334,2026,7,28
Tamil Nadu,Tuticorin,Tuticorin(Uzhavar Sandhai ),Pomegranate,Pomogranate,Local,2026-07-28,19000.0,20000.0,19500.0,1000.0,5.128205128205128,2026,7,28
Tamil Nadu,Tuticorin,Tuticorin(Uzhavar Sandhai ),Mint(Pudina),Mint(Pudina),Local,2026-07-28,6000.0,7000.0,6500.0,1000.0,15.384615384615385,2026,7,28
Tamil Nadu,Nagercoil (Kannyiakumari),Vadaseri APMC,Cauliflower,Ranchi,Local,2026-07-28,5000.0,5500.0,5250.0,500.0,9.523809523809524,2026,7,28
Tamil Nadu,Nagercoil (Kannyiakumari),Vadaseri APMC,Bottle gourd,Bottle Gourd,Local,2026-07-28,2700.0,3000.0,2850.0,300.0,10.526315789473683,2026,7,28
Tamil Nadu,Nagercoil (Kannyiakumari),Vadaseri APMC,Cowpea(Veg),Cowpea (Veg),Local,2026-07-28,4500.0,5000.0,4750.0,500.0,10.526315789473683,2026,7,28
Tamil Nadu,Nagercoil (Kannyiakumari),Vadaseri APMC,Ginger(Green),Green Ginger,Local,2026-07-28,20000.0,22000.0,21000.0,2000.0,9.523809523809524,2026,7,28
Tamil Nadu,Nagercoil (Kannyiakumari),Vadaseri APMC,Coconut,Coconut,Local,2026-07-28,5300.0,5500.0,5400.0,200.0,3.7037037037037033,2026,7,28
Tamil Nadu,Nagercoil (Kannyiakumari),Vadaseri APMC,Cucumbar(Kheera),Cucumbar,Local,2026-07-28,2700.0,3000.0,2850.0,300.0,10.526315789473683,2026,7,28
Tamil Nadu,Nagercoil (Kannyiakumari),Vadaseri APMC,Mango(Raw-Ripe),Mango - Raw-Ripe,Local,2026-07-28,4000.0,4500.0,4250.0,500.0,11.76470588235294,2026,7,28
Tamil Nadu,Nagercoil (Kannyiakumari),Vadaseri APMC,Kakada,Kakada,Local,2026-07-28,30000.0,35000.0,32500.0,5000.0,15.384615384615385,2026,7,28
Tamil Nadu,Nagercoil (Kannyiakumari),Vadaseri APMC,Lemon,Lemon,Local,2026-07-28,9000.0,10000.0,9500.0,1000.0,10.526315789473683,2026,7,28
Tamil Nadu,Pudukkottai,Karambakkudi(Uzhavar Sandhai ),Pumpkin,Pumpkin,Local,2026-07-28,1000.0,1500.0,1250.0,500.0,40.0,2026,7,28
Tamil Nadu,Pudukkottai,Karambakkudi(Uzhavar Sandhai ),Drumstick,Drumstick,Local,2026-07-28,6000.0,7000.0,6500.0,1000.0,15.384615384615385,2026,7,28
Tamil Nadu,Pudukkottai,Karambakkudi(Uzhavar Sandhai ),Mint(Pudina),Mint(Pudina),Local,2026-07-28,4000.0,5000.0,4500.0,1000.0,22.22222222222222,2026,7,28
Madhya Pradesh,Morena,Kailaras APMC,Spinach,Spinach,FAQ,2026-07-28,1000.0,1000.0,1000.0,0.0,0.0,2026,7,28
Tamil Nadu,Vellore,Thirupathur APMC,Papaya,Papaya,Local,2026-07-28,4000.0,4000.0,4000.0,0.0,0.0,2026,7,28
Tamil Nadu,Vellore,Thirupathur APMC,Mango,Safeda,Local,2026-07-28,4000.0,4000.0,4000.0,0.0,0.0,2026,7,28
Tamil Nadu,Vellore,Thirupathur APMC,Onion,Bellary,Local,2026-07-28,4000.0,4000.0,4000.0,0.0,0.0,2026,7,28
Tamil Nadu,Vellore,Thirupathur APMC,Potato,Red Nanital,Local,2026-07-28,3000.0,3000.0,3000.0,0.0,0.0,2026,7,28
Tamil Nadu,Vellore,Thirupathur APMC,Cauliflower,Ranchi,Local,2026-07-28,2500.0,2500.0,2500.0,0.0,0.0,2026,7,28
Tamil Nadu,Vellore,Thirupathur APMC,Coriander(Leaves),I Sort,Local,2026-07-28,8000.0,8000.0,8000.0,0.0,0.0,2026,7,28
Tamil Nadu,Vellore,Thirupathur APMC,Green Peas,Green Peas,Local,2026-07-28,8000.0,8000.0,8000.0,0.0,0.0,2026,7,28
Tamil Nadu,Vellore,Thirupathur APMC,Beans,Beans (Whole),Local,2026-07-28,8000.0,8000.0,8000.0,0.0,0.0,2026,7,28
Tamil Nadu,Vellore,Thirupathur APMC,Cabbage,Cabbage,Local,2026-07-28,4000.0,4000.0,4000.0,0.0,0.0,2026,7,28
Tamil Nadu,Vellore,Thirupathur APMC,Snakeguard,Snakeguard,Local,2026-07-28,3000.0,3000.0,3000.0,0.0,0.0,2026,7,28
Tamil Nadu,Vellore,Thirupathur APMC,Chow Chow,Chow Chow,Local,2026-07-28,2500.0,2500.0,2500.0,0.0,0.0,2026,7,28
Tamil Nadu,Vellore,Thirupathur APMC,Jack Fruit(Ripe),Jack Fruit,Local,2026-07-28,3000.0,3000.0,3000.0,0.0,0.0,2026,7,28
Tamil Nadu,Vellore,Thirupathur APMC,Yam(Ratalu),Yam (Ratalu),Local,2026-07-28,4000.0,4000.0,4000.0,0.0,0.0,2026,7,28
Tamil Nadu,Vellore,Thirupathur APMC,Onion Green,Onion Green,Local,2026-07-28,7500.0,7500.0,7500.0,0.0,0.0,2026,7,28
Tamil Nadu,Vellore,Vellore APMC,Cucumbar(Kheera),Cucumbar,Local,2026-07-28,4000.0,4000.0,4000.0,0.0,0.0,2026,7,28
Tamil Nadu,Vellore,Vellore APMC,Green Avare(W),Green Avare (W),Local,2026-07-28,5000.0,5000.0,5000.0,0.0,0.0,2026,7,28
Bihar,Sheikhpura,Shekhpura APMC,Bottle gourd,Bottle Gourd,FAQ,2026-07-28,2140.0,2245.0,2195.0,105.0,4.783599088838269,2026,7,28
Tamil Nadu,Dharmapuri,Harur(Uzhavar Sandhai ),Banana,Karpura,Local,2026-07-28,4000.0,5000.0,4500.0,1000.0,22.22222222222222,2026,7,28
Tamil Nadu,Dharmapuri,Harur(Uzhavar Sandhai ),Potato,Other,Local,2026-07-28,2500.0,3000.0,2750.0,500.0,18.181818181818183,2026,7,28
Tamil Nadu,Dharmapuri,Harur(Uzhavar Sandhai ),Amaranthus,Amaranthus,Local,2026-07-28,2500.0,3000.0,2750.0,500.0,18.181818181818183,2026,7,28
Tamil Nadu,Dharmapuri,Harur(Uzhavar Sandhai ),Cabbage,Cabbage,Local,2026-07-28,3500.0,4000.0,3750.0,500.0,13.333333333333334,2026,7,28
Tamil Nadu,Dharmapuri,Harur(Uzhavar Sandhai ),Beetroot,Beetroot,Local,2026-07-28,4500.0,5000.0,4750.0,500.0,10.526315789473683,2026,7,28
Tamil Nadu,Dharmapuri,Harur(Uzhavar Sandhai ),Cucumbar(Kheera),Cucumbar,Local,2026-07-28,4500.0,5000.0,4750.0,500.0,10.526315789473683,2026,7,28
Tamil Nadu,Krishnagiri,Kaveripattinam(Uzhavar Sandhai ),Tomato,Local,Local,2026-07-28,2000.0,2000.0,2000.0,0.0,0.0,2026,7,28
Tamil Nadu,Krishnagiri,Kaveripattinam(Uzhavar Sandhai ),Cluster beans,Cluster Beans,Local,2026-07-28,4000.0,4000.0,4000.0,0.0,0.0,2026,7,28
Tamil Nadu,Krishnagiri,Kaveripattinam(Uzhavar Sandhai ),Ginger(Green),Green Ginger,Local,2026-07-28,10000.0,16000.0,13000.0,6000.0,46.15384615384615,2026,7,28
Tamil Nadu,Krishnagiri,Kaveripattinam(Uzhavar Sandhai ),Coconut,Coconut,Local,2026-07-28,5000.0,6000.0,5500.0,1000.0,18.181818181818183,2026,7,28
Tamil Nadu,Krishnagiri,Kaveripattinam(Uzhavar Sandhai ),Snakeguard,Snakeguard,Local,2026-07-28,3000.0,3000.0,3000.0,0.0,0.0,2026,7,28
Tamil Nadu,Krishnagiri,Kaveripattinam(Uzhavar Sandhai ),Lemon,Lemon,Local,2026-07-28,6000.0,6000.0,6000.0,0.0,0.0,2026,7,28
Tamil Nadu,Krishnagiri,Kaveripattinam(Uzhavar Sandhai ),Mint(Pudina),Mint(Pudina),Local,2026-07-28,6000.0,6000.0,6000.0,0.0,0.0,2026,7,28
Tamil Nadu,The Nilgiris,Coonoor(Uzhavar Sandhai ),Onion,Bellary,Local,2026-07-28,4000.0,4200.0,4100.0,200.0,4.878048780487805,2026,7,28
Tamil Nadu,The Nilgiris,Coonoor(Uzhavar Sandhai ),Brinjal,Other,Local,2026-07-28,4000.0,4500.0,4250.0,500.0,11.76470588235294,2026,7,28
Tamil Nadu,The Nilgiris,Coonoor(Uzhavar Sandhai ),Pumpkin,Pumpkin,Local,2026-07-28,2000.0,2400.0,2200.0,400.0,18.181818181818183,2026,7,28
Tamil Nadu,The Nilgiris,Coonoor(Uzhavar Sandhai ),Amaranthus,Amaranthus,Local,2026-07-28,5500.0,6000.0,5750.0,500.0,8.695652173913043,2026,7,28
Tamil Nadu,The Nilgiris,Coonoor(Uzhavar Sandhai ),Beans,Beans (Whole),Local,2026-07-28,6500.0,7000.0,6750.0,500.0,7.4074074074074066,2026,7,28
Tamil Nadu,The Nilgiris,Coonoor(Uzhavar Sandhai ),Snakeguard,Snakeguard,Local,2026-07-28,3200.0,3500.0,3350.0,300.0,8.955223880597014,2026,7,28
Tamil Nadu,The Nilgiris,Coonoor(Uzhavar Sandhai ),Beetroot,Beetroot,Local,2026-07-28,5500.0,6000.0,5750.0,500.0,8.695652173913043,2026,7,28
Tamil Nadu,The Nilgiris,Coonoor(Uzhavar Sandhai ),Ridgeguard(Tori),Ridgeguard(Tori),Local,2026-07-28,4500.0,5000.0,4750.0,500.0,10.526315789473683,2026,7,28
Tamil Nadu,The Nilgiris,Coonoor(Uzhavar Sandhai ),Raddish,Raddish,Local,2026-07-28,3000.0,3200.0,3100.0,200.0,6.451612903225806,2026,7,28
Tamil Nadu,The Nilgiris,Coonoor(Uzhavar Sandhai ),Thondekai,Thondekai,Local,2026-07-28,4500.0,5000.0,4750.0,500.0,10.526315789473683,2026,7,28
Tamil Nadu,The Nilgiris,Coonoor(Uzhavar Sandhai ),Knool Khol,Knool Khol,Local,2026-07-28,3500.0,4000.0,3750.0,500.0,13.333333333333334,2026,7,28
Tamil Nadu,The Nilgiris,Coonoor(Uzhavar Sandhai ),Turnip,Turnip,Local,2026-07-28,3200.0,3500.0,3350.0,300.0,8.955223880597014,2026,7,28
Tamil Nadu,The Nilgiris,Coonoor(Uzhavar Sandhai ),Onion Green,Onion Green,Local,2026-07-28,5800.0,6200.0,6000.0,400.0,6.666666666666667,2026,7,28
Tamil Nadu,The Nilgiris,Gudalur(Uzhavar Sandhai ),Onion,Bellary,Local,2026-07-28,4000.0,4500.0,4250.0,500.0,11.76470588235294,2026,7,28
Tamil Nadu,The Nilgiris,Gudalur(Uzhavar Sandhai ),Bottle gourd,Bottle Gourd,Local,2026-07-28,2500.0,3000.0,2750.0,500.0,18.181818181818183,2026,7,28
Tamil Nadu,The Nilgiris,Gudalur(Uzhavar Sandhai ),Ashgourd,Gouard,Local,2026-07-28,1500.0,2000.0,1750.0,500.0,28.57142857142857,2026,7,28
Tamil Nadu,The Nilgiris,Gudalur(Uzhavar Sandhai ),Green Chilli,Green Chilly,Local,2026-07-28,5000.0,5500.0,5250.0,500.0,9.523809523809524,2026,7,28
Tamil Nadu,The Nilgiris,Gudalur(Uzhavar Sandhai ),Beans,Beans (Whole),Local,2026-07-28,6500.0,7000.0,6750.0,500.0,7.4074074074074066,2026,7,28
Tamil Nadu,The Nilgiris,Gudalur(Uzhavar Sandhai ),Coconut,Coconut,Local,2026-07-28,5500.0,6000.0,5750.0,500.0,8.695652173913043,2026,7,28
Tamil Nadu,The Nilgiris,Gudalur(Uzhavar Sandhai ),Carrot,Pusakesar,Local,2026-07-28,5000.0,5500.0,5250.0,500.0,9.523809523809524,2026,7,28
Tamil Nadu,The Nilgiris,Gudalur(Uzhavar Sandhai ),Cucumbar(Kheera),Cucumbar,Local,2026-07-28,3500.0,4000.0,3750.0,500.0,13.333333333333334,2026,7,28
Tamil Nadu,The Nilgiris,Gudalur(Uzhavar Sandhai ),Knool Khol,Knool Khol,Local,2026-07-28,4000.0,4500.0,4250.0,500.0,11.76470588235294,2026,7,28
Tamil Nadu,The Nilgiris,Gudalur(Uzhavar Sandhai ),Onion Green,Onion Green,Local,2026-07-28,6000.0,6500.0,6250.0,500.0,8.0,2026,7,28
Himachal Pradesh,Kangra,SMY Jwalaji,Banana,Amruthapani,Medium,2026-07-28,4500.0,5000.0,4750.0,500.0,10.526315789473683,2026,7,28
Himachal Pradesh,Kangra,SMY Jwalaji,Onion,Other,FAQ,2026-07-28,3400.0,3500.0,3450.0,100.0,2.898550724637681,2026,7,28
Himachal Pradesh,Kangra,SMY Palampur,Banana,Other,Medium,2026-07-28,4000.0,5300.0,4800.0,1300.0,27.083333333333332,2026,7,28
Himachal Pradesh,Kangra,SMY Palampur,Papaya,Papaya,Medium,2026-07-28,4500.0,4600.0,4550.0,100.0,2.197802197802198,2026,7,28
Himachal Pradesh,Kangra,SMY Palampur,Jack Fruit(Ripe),Jack Fruit,Medium,2026-07-28,4000.0,5000.0,4500.0,1000.0,22.22222222222222,2026,7,28
Himachal Pradesh,Kangra,SMY Palampur,Lemon,Other,FAQ,2026-07-28,7000.0,8000.0,7500.0,1000.0,13.333333333333334,2026,7,28
Himachal Pradesh,Kangra,SMY Palampur,Potato,Potato,FAQ,2026-07-28,1000.0,2200.0,1600.0,1200.0,75.0,2026,7,28
Himachal Pradesh,Kangra,SMY Palampur,Onion,Onion,FAQ,2026-07-28,3000.0,3400.0,3200.0,400.0,12.5,2026,7,28
Himachal Pradesh,Kangra,SMY Palampur,Tomato,Tomato,FAQ,2026-07-28,2000.0,3000.0,2500.0,1000.0,40.0,2026,7,28
Himachal Pradesh,Kangra,SMY Palampur,Garlic,Average,FAQ,2026-07-28,15000.0,20000.0,17500.0,5000.0,28.57142857142857,2026,7,28
Himachal Pradesh,Kangra,SMY Palampur,Capsicum,Capsicum,FAQ,2026-07-28,6000.0,6500.0,6200.0,500.0,8.064516129032258,2026,7,28
Himachal Pradesh,Kangra,SMY Palampur,Ginger(Green),Green Ginger,FAQ,2026-07-28,19000.0,20000.0,19500.0,1000.0,5.128205128205128,2026,7,28
Himachal Pradesh,Kangra,SMY Palampur,Bottle gourd,Bottle Gourd,FAQ,2026-07-28,4000.0,6000.0,5000.0,2000.0,40.0,2026,7,28
Himachal Pradesh,Kangra,SMY Palampur,Green Chilli,Green Chilly,FAQ,2026-07-28,4000.0,5000.0,4500.0,1000.0,22.22222222222222,2026,7,28
Haryana,Karnal,Tarori APMC,Banana,Other,Grade A,2026-07-28,1500.0,2500.0,2000.0,1000.0,50.0,2026,7,28
West Bengal,Paschim Bardhaman,Asansol APMC,Mustard,Other,FAQ,2026-07-28,6250.0,6500.0,6400.0,250.0,3.90625,2026,7,28
West Bengal,Paschim Bardhaman,Asansol APMC,Potato,Jyoti,FAQ,2026-07-28,860.0,900.0,880.0,40.0,4.545454545454546,2026,7,28
West Bengal,Paschim Bardhaman,Asansol APMC,Red gram split/Arhar dal/Tur dal,Arhar Dal(Tur),FAQ,2026-07-28,12450.0,12650.0,12525.0,200.0,1.5968063872255487,2026,7,28
West Bengal,Paschim Bardhaman,Asansol APMC,Sweet Pumpkin,Other,FAQ,2026-07-28,1650.0,1850.0,1765.0,200.0,11.3314447592068,2026,7,28
Punjab,Tarntaran,Patti APMC,Mango,Other,Grade B,2026-07-28,800.0,800.0,800.0,0.0,0.0,2026,7,28
Punjab,Tarntaran,Patti APMC,Lemon,Other,Local,2026-07-28,4000.0,4000.0,4000.0,0.0,0.0,2026,7,28
Uttarakhand,Dehradoon,Vikasnagar APMC,Potato,Other,Medium,2026-07-28,500.0,1500.0,1200.0,1000.0,83.33333333333334,2026,7,28
Uttarakhand,Dehradoon,Vikasnagar APMC,Tomato,Local,Medium,2026-07-28,500.0,1200.0,1200.0,700.0,58.333333333333336,2026,7,28
Uttarakhand,Dehradoon,Vikasnagar APMC,Bottle gourd,Other,Medium,2026-07-28,600.0,1000.0,1000.0,400.0,40.0,2026,7,28
Uttarakhand,Dehradoon,Vikasnagar APMC,Bitter gourd,Other,Medium,2026-07-28,700.0,900.0,900.0,200.0,22.22222222222222,2026,7,28
Uttarakhand,Dehradoon,Vikasnagar APMC,Banana,Other,Medium,2026-07-28,700.0,1000.0,1000.0,300.0,30.0,2026,7,28
Uttarakhand,Dehradoon,Vikasnagar APMC,Mango,Other,Medium,2026-07-28,400.0,800.0,800.0,400.0,50.0,2026,7,28
Punjab,Mohali,Lalru APMC,Cucumbar(Kheera),Other,Local,2026-07-28,1800.0,1800.0,1800.0,0.0,0.0,2026,7,28
Punjab,Mohali,Lalru APMC,Pumpkin,Other,Local,2026-07-28,500.0,500.0,500.0,0.0,0.0,2026,7,28
Haryana,Sonipat,Gohana APMC,Potato,Other,Medium,2026-07-28,1000.0,1500.0,1200.0,500.0,41.66666666666667,2026,7,28
Haryana,Sonipat,Gohana APMC,Tomato,Other,Medium,2026-07-28,2000.0,3000.0,2500.0,1000.0,40.0,2026,7,28
Haryana,Sonipat,Gohana APMC,Green Chilli,Other,Medium,2026-07-28,6000.0,8000.0,7000.0,2000.0,28.57142857142857,2026,7,28
Haryana,Sonipat,Gohana APMC,Pomegranate,Pomogranate,Medium,2026-07-28,12000.0,15000.0,14000.0,3000.0,21.428571428571427,2026,7,28
Uttar Pradesh,Mau(Maunathbhanjan),Kopaganj APMC,Bottle gourd,Bottle Gourd,FAQ,2026-07-28,1155.0,1177.0,1166.0,22.0,1.8867924528301887,2026,7,28
Uttar Pradesh,Mau(Maunathbhanjan),Kopaganj APMC,Cucumbar(Kheera),Cucumbar,FAQ,2026-07-28,1540.0,1580.0,1560.0,40.0,2.564102564102564,2026,7,28
Uttar Pradesh,Mau(Maunathbhanjan),Kopaganj APMC,Guava,Guava,Grade B,2026-07-28,4300.0,4400.0,4390.0,100.0,2.277904328018223,2026,7,28
Haryana,Hissar,Hansi APMC,Apple,Other,Grade B,2026-07-28,10000.0,20000.0,15000.0,10000.0,66.66666666666666,2026,7,28
Haryana,Hissar,Hansi APMC,Guava,Other,Grade B,2026-07-28,3000.0,4000.0,3500.0,1000.0,28.57142857142857,2026,7,28
Haryana,Hissar,Hansi APMC,Karbuja(Musk Melon),Other,Grade B,2026-07-28,4000.0,5000.0,4500.0,1000.0,22.22222222222222,2026,7,28
Haryana,Hissar,Hansi APMC,Mousambi(Sweet Lime),Other,Grade B,2026-07-28,3000.0,4000.0,3500.0,1000.0,28.57142857142857,2026,7,28
Haryana,Hissar,Hansi APMC,Capsicum,Other,FAQ,2026-07-28,5000.0,6000.0,5500.0,1000.0,18.181818181818183,2026,7,28
Haryana,Hissar,Hansi APMC,Onion,Other,FAQ,2026-07-28,2500.0,3000.0,2750.0,500.0,18.181818181818183,2026,7,28
Haryana,Hissar,Hansi APMC,Pumpkin,Other,FAQ,2026-07-28,1000.0,1000.0,1000.0,0.0,0.0,2026,7,28
Haryana,Hissar,Hansi APMC,Ridgeguard(Tori),Other,FAQ,2026-07-28,2000.0,2500.0,2250.0,500.0,22.22222222222222,2026,7,28
Punjab,Amritsar,Rayya APMC,Bitter gourd,Bitter Gourd,FAQ,2026-07-28,1384.0,1384.0,1384.0,0.0,0.0,2026,7,28
Punjab,Amritsar,Rayya APMC,Brinjal,Brinjal,FAQ,2026-07-28,500.0,500.0,500.0,0.0,0.0,2026,7,28
Uttarakhand,Haridwar,Lakshar APMC,Wheat,Other,Local,2026-07-28,2585.0,2600.0,2600.0,15.0,0.576923076923077,2026,7,28
Gujarat,Amreli,Bagasara APMC,Wheat,Lokwan Gujrat,Local,2026-07-28,2250.0,2650.0,2450.0,400.0,16.3265306122449,2026,7,28
Gujarat,Amreli,Bagasara APMC,Groundnut,Balli/Habbu,Local,2026-07-28,5250.0,5500.0,5375.0,250.0,4.651162790697675,2026,7,28
Himachal Pradesh,Mandi,SMY Jogindernagar,Bhindi(Ladies Finger),Other,Grade B,2026-07-28,3500.0,4000.0,3750.0,500.0,13.333333333333334,2026,7,28
Andhra Pradesh,Prakasam,Maddipadu APMC,Bajra(Pearl Millet/Cumbu),Bold,FAQ,2026-07-28,2550.0,2550.0,2550.0,0.0,0.0,2026,7,28
Keralam,Kozhikode(Calicut),Mukkom Market,Orange,Other,Large,2026-07-28,14000.0,15000.0,14500.0,1000.0,6.896551724137931,2026,7,28
Keralam,Kozhikode(Calicut),Mukkom Market,Tomato,Tomato,FAQ,2026-07-28,3000.0,3400.0,3200.0,400.0,12.5,2026,7,28
Keralam,Kozhikode(Calicut),Mukkom Market,Green Chilli,Green Chilly,FAQ,2026-07-28,5000.0,5400.0,5200.0,400.0,7.6923076923076925,2026,7,28
Haryana,Sonipat,Ganaur APMC,Cucumbar(Kheera),Cucumbar,Medium,2026-07-28,2000.0,3000.0,2500.0,1000.0,40.0,2026,7,28
Haryana,Sonipat,Ganaur APMC,Capsicum,Capsicum,Medium,2026-07-28,5000.0,6000.0,5500.0,1000.0,18.181818181818183,2026,7,28
Haryana,Sonipat,Ganaur APMC,Ginger(Green),Green Ginger,Medium,2026-07-28,14000.0,18000.0,16000.0,4000.0,25.0,2026,7,28
Haryana,Sonipat,Ganaur APMC,Pomegranate,Pomogranate,Medium,2026-07-28,15000.0,16000.0,15000.0,1000.0,6.666666666666667,2026,7,28
Haryana,Kurukshetra,Shahabad APMC,Guava,Guava,Medium,2026-07-28,2500.0,3000.0,2700.0,500.0,18.51851851851852,2026,7,28
Haryana,Kurukshetra,Shahabad APMC,Mousambi(Sweet Lime),Mousambi,Medium,2026-07-28,3000.0,3200.0,3100.0,200.0,6.451612903225806,2026,7,28
Haryana,Kurukshetra,Shahabad APMC,Brinjal,Brinjal,Medium,2026-07-28,1500.0,2200.0,1800.0,700.0,38.88888888888889,2026,7,28
Rajasthan,Jalore,Jalore APMC,Bitter gourd,Other,Local,2026-07-28,2000.0,2500.0,2300.0,500.0,21.73913043478261,2026,7,28
Rajasthan,Jalore,Jalore APMC,Cucumbar(Kheera),Cucumbar,Local,2026-07-28,1200.0,1500.0,1300.0,300.0,23.076923076923077,2026,7,28
Rajasthan,Jalore,Jalore APMC,Bhindi(Ladies Finger),Bhindi,Local,2026-07-28,1500.0,2000.0,1800.0,500.0,27.77777777777778,2026,7,28
Rajasthan,Jalore,Jalore APMC,Ridgeguard(Tori),Other,Local,2026-07-28,1800.0,2200.0,2000.0,400.0,20.0,2026,7,28
Keralam,Alappuzha,Harippad Market,Beetroot,Beetroot,FAQ,2026-07-28,5500.0,6000.0,5500.0,500.0,9.090909090909092,2026,7,28
Keralam,Alappuzha,Harippad Market,Ashgourd,Other,FAQ,2026-07-28,4000.0,4500.0,4000.0,500.0,12.5,2026,7,28
Keralam,Alappuzha,Harippad Market,Bhindi(Ladies Finger),Other,FAQ,2026-07-28,4000.0,4500.0,4000.0,500.0,12.5,2026,7,28
Keralam,Alappuzha,Harippad Market,Brinjal,Brinjal,FAQ,2026-07-28,6000.0,6500.0,6000.0,500.0,8.333333333333332,2026,7,28
Keralam,Alappuzha,Harippad Market,Cabbage,Cabbage,FAQ,2026-07-28,4000.0,4500.0,4000.0,500.0,12.5,2026,7,28
Keralam,Alappuzha,Harippad Market,Carrot,Other,FAQ,2026-07-28,8000.0,8500.0,8000.0,500.0,6.25,2026,7,28
Keralam,Thiruvananthapuram,Vamanapuram Market,Brinjal,Other,Local,2026-07-28,3500.0,4000.0,3500.0,500.0,14.285714285714285,2026,7,28
Keralam,Thiruvananthapuram,Vamanapuram Market,Onion,Big,FAQ,2026-07-28,3000.0,3500.0,3500.0,500.0,14.285714285714285,2026,7,28
Keralam,Ernakulam,Perumbavoor Market,Amaranthus,Amaranthus,Medium,2026-07-28,2400.0,3200.0,2800.0,800.0,28.57142857142857,2026,7,28
Keralam,Ernakulam,Perumbavoor Market,Bitter gourd,Bitter Gourd,Medium,2026-07-28,3500.0,4500.0,4000.0,1000.0,25.0,2026,7,28
Keralam,Ernakulam,Perumbavoor Market,Bottle gourd,Bottle Gourd,Medium,2026-07-28,2000.0,2800.0,2400.0,800.0,33.33333333333333,2026,7,28
Keralam,Ernakulam,Perumbavoor Market,Ashgourd,Ashgourd,Medium,2026-07-28,2200.0,3000.0,2600.0,800.0,30.76923076923077,2026,7,28
Keralam,Ernakulam,Perumbavoor Market,Cauliflower,Cauliflower,Medium,2026-07-28,2200.0,3000.0,2600.0,800.0,30.76923076923077,2026,7,28
Keralam,Ernakulam,Perumbavoor Market,Black pepper,Garbled,Grade Range-1,2026-07-28,75000.0,85000.0,80000.0,10000.0,12.5,2026,7,28
Tamil Nadu,Thanjavur,Tirukattupalli(Uzhavar Sandhai ),Bottle gourd,Bottle Gourd,Local,2026-07-28,6000.0,6000.0,6000.0,0.0,0.0,2026,7,28
Tamil Nadu,Thanjavur,Tirukattupalli(Uzhavar Sandhai ),Carrot,Pusakesar,Local,2026-07-28,9000.0,9000.0,9000.0,0.0,0.0,2026,7,28
Tamil Nadu,Thanjavur,Tirukattupalli(Uzhavar Sandhai ),Green Avare(W),Green Avare (W),Local,2026-07-28,6400.0,7400.0,6900.0,1000.0,14.492753623188406,2026,7,28
Tamil Nadu,Thiruchirappalli,Thuraiyur APMC,Papaya,Papaya,Local,2026-07-28,4000.0,4000.0,4000.0,0.0,0.0,2026,7,28
Tamil Nadu,Thiruchirappalli,Thuraiyur APMC,Cauliflower,Ranchi,Local,2026-07-28,4000.0,5000.0,4500.0,1000.0,22.22222222222222,2026,7,28
Tamil Nadu,Thiruchirappalli,Thuraiyur APMC,Ashgourd,Gouard,Local,2026-07-28,2500.0,2500.0,2500.0,0.0,0.0,2026,7,28
Tamil Nadu,Thiruchirappalli,Thuraiyur APMC,Pumpkin,Pumpkin,Local,2026-07-28,2000.0,2000.0,2000.0,0.0,0.0,2026,7,28
Tamil Nadu,Thiruchirappalli,Thuraiyur APMC,Bhindi(Ladies Finger),Bhindi,Local,2026-07-28,4000.0,4000.0,4000.0,0.0,0.0,2026,7,28
Tamil Nadu,Thiruchirappalli,Thuraiyur APMC,Banana - Green,Banana - Green,Local,2026-07-28,2500.0,2500.0,2500.0,0.0,0.0,2026,7,28
Tamil Nadu,Thiruchirappalli,Thuraiyur APMC,Beans,Beans (Whole),Local,2026-07-28,10000.0,10000.0,10000.0,0.0,0.0,2026,7,28
Tamil Nadu,Thiruchirappalli,Thuraiyur APMC,Coconut,Coconut,Local,2026-07-28,6000.0,6000.0,6000.0,0.0,0.0,2026,7,28
Tamil Nadu,Thiruchirappalli,Thuraiyur APMC,Beetroot,Beetroot,Local,2026-07-28,5000.0,5000.0,5000.0,0.0,0.0,2026,7,28
Tamil Nadu,Thiruchirappalli,Thuraiyur APMC,Thondekai,Thondekai,Local,2026-07-28,6000.0,6000.0,6000.0,0.0,0.0,2026,7,28
Tamil Nadu,Thiruchirappalli,Thuraiyur APMC,Chow Chow,Chow Chow,Local,2026-07-28,4000.0,4000.0,4000.0,0.0,0.0,2026,7,28
Tamil Nadu,Thiruchirappalli,Thuraiyur APMC,Knool Khol,Knool Khol,Local,2026-07-28,4000.0,4000.0,4000.0,0.0,0.0,2026,7,28
Tamil Nadu,Thiruchirappalli,Thuraiyur APMC,Indian Beans(Seam),Indian Beans (Seam),Local,2026-07-28,7000.0,7000.0,7000.0,0.0,0.0,2026,7,28
Andhra Pradesh,West Godavari,Narsapuram APMC,Paddy(Common),MTU-1001,Local,2026-07-28,2445.0,2445.0,2445.0,0.0,0.0,2026,7,28
Tamil Nadu,Villupuram,Tindivanam APMC,Chikoos(Sapota),Sapota,Local,2026-07-28,6000.0,6000.0,6000.0,0.0,0.0,2026,7,28
Tamil Nadu,Villupuram,Tindivanam APMC,Groundnut,Big (With Shell),Local,2026-07-28,7000.0,7000.0,7000.0,0.0,0.0,2026,7,28
Tamil Nadu,Villupuram,Tindivanam APMC,Banana,Besrai,Local,2026-07-28,5000.0,5000.0,5000.0,0.0,0.0,2026,7,28
Tamil Nadu,Villupuram,Tindivanam APMC,Bitter gourd,Bitter Gourd,Local,2026-07-28,5000.0,5000.0,5000.0,0.0,0.0,2026,7,28
Tamil Nadu,Villupuram,Tindivanam APMC,Pumpkin,Pumpkin,Local,2026-07-28,2000.0,2000.0,2000.0,0.0,0.0,2026,7,28
Tamil Nadu,Villupuram,Tindivanam APMC,Amaranthus,Amaranthus,Local,2026-07-28,4000.0,4000.0,4000.0,0.0,0.0,2026,7,28
Tamil Nadu,Villupuram,Tindivanam APMC,Beans,Beans (Whole),Local,2026-07-28,11000.0,11000.0,11000.0,0.0,0.0,2026,7,28
Tamil Nadu,Villupuram,Tindivanam APMC,Raddish,Raddish,Local,2026-07-28,4600.0,4600.0,4600.0,0.0,0.0,2026,7,28
Tamil Nadu,Villupuram,Ulundurpettai APMC,Papaya,Papaya,Local,2026-07-28,2500.0,2500.0,2500.0,0.0,0.0,2026,7,28
Tamil Nadu,Villupuram,Ulundurpettai APMC,Cluster beans,Cluster Beans,Local,2026-07-28,6000.0,6000.0,6000.0,0.0,0.0,2026,7,28
Tamil Nadu,Villupuram,Ulundurpettai APMC,Ashgourd,Gouard,Local,2026-07-28,2000.0,2000.0,2000.0,0.0,0.0,2026,7,28
Tamil Nadu,Villupuram,Ulundurpettai APMC,Bhindi(Ladies Finger),Bhindi,Local,2026-07-28,3000.0,3000.0,3000.0,0.0,0.0,2026,7,28
Tamil Nadu,Villupuram,Ulundurpettai APMC,Snakeguard,Snakeguard,Local,2026-07-28,6000.0,6000.0,6000.0,0.0,0.0,2026,7,28
Tamil Nadu,Villupuram,Ulundurpettai APMC,Guava,Guava Allahabad,Local,2026-07-28,5000.0,5000.0,5000.0,0.0,0.0,2026,7,28
Tamil Nadu,Villupuram,Ulundurpettai APMC,Elephant Yam(Suran)/Amorphophallus,Elephant Yam (Suran),Local,2026-07-28,6000.0,6000.0,6000.0,0.0,0.0,2026,7,28
Tamil Nadu,Villupuram,Ulundurpettai APMC,Mint(Pudina),Mint(Pudina),Local,2026-07-28,3000.0,3000.0,3000.0,0.0,0.0,2026,7,28
Maharashtra,Pune,Pune(Moshi) APMC,Ginger(Green),Other,Local,2026-07-28,6000.0,10000.0,8000.0,4000.0,50.0,2026,7,28
Maharashtra,Pune,Pune(Moshi) APMC,Potato,Local,Local,2026-07-28,1000.0,1500.0,1250.0,500.0,40.0,2026,7,28
Maharashtra,Pune,Pune(Moshi) APMC,Carrot,Other,Local,2026-07-28,1000.0,2000.0,1500.0,1000.0,66.66666666666666,2026,7,28
Maharashtra,Pune,Pune(Moshi) APMC,Guar,Other,Local,2026-07-28,5000.0,6000.0,5500.0,1000.0,18.181818181818183,2026,7,28
Maharashtra,Pune,Pune(Moshi) APMC,Cucumbar(Kheera),Other,Local,2026-07-28,1000.0,1500.0,1250.0,500.0,40.0,2026,7,28
Maharashtra,Pune,Pune(Moshi) APMC,Garlic,Other,Local,2026-07-28,10000.0,10000.0,10000.0,0.0,0.0,2026,7,28
Maharashtra,Pune,Pune(Moshi) APMC,Spinach,Other,Local,2026-07-28,10.0,10.0,10.0,0.0,0.0,2026,7,28
Maharashtra,Pune,Pune(Moshi) APMC,Pomegranate,Other,Local,2026-07-28,7000.0,10000.0,8500.0,3000.0,35.294117647058826,2026,7,28
Maharashtra,Pune,Pune(Moshi) APMC,Papaya,Other,Local,2026-07-28,2000.0,2500.0,2250.0,500.0,22.22222222222222,2026,7,28
Maharashtra,Ratnagiri,Ratnagiri (Nachane) APMC,Ginger(Green),Other,Local,2026-07-28,8000.0,15000.0,10000.0,7000.0,70.0,2026,7,28
Uttar Pradesh,Badaun,Babrala APMC,Wood,Eucalyptus,Local,2026-07-28,630.0,650.0,640.0,20.0,3.125,2026,7,28
Madhya Pradesh,Sagar,Shahagarh APMC,Soyabean,Soyabeen,Non-FAQ,2026-07-28,6850.0,6850.0,6850.0,0.0,0.0,2026,7,28
Madhya Pradesh,Satna,Nagod APMC,Wheat,Wheat,FAQ,2026-07-28,2560.0,2570.0,2570.0,10.0,0.38910505836575876,2026,7,28
Gujarat,Anand,Khambhat(Veg Yard Khambhat) APMC,Cauliflower,Other,Local,2026-07-28,2000.0,3500.0,3000.0,1500.0,50.0,2026,7,28
Gujarat,Anand,Khambhat(Veg Yard Khambhat) APMC,Bhindi(Ladies Finger),Other,Local,2026-07-28,4000.0,5500.0,4500.0,1500.0,33.33333333333333,2026,7,28
Gujarat,Anand,Khambhat(Veg Yard Khambhat) APMC,Potato,Desi,Local,2026-07-28,1000.0,1800.0,1400.0,800.0,57.14285714285714,2026,7,28
Gujarat,Anand,Khambhat(Veg Yard Khambhat) APMC,Onion,Other,Local,2026-07-28,2500.0,3000.0,2500.0,500.0,20.0,2026,7,28
Gujarat,Jamnagar,Kalawad APMC,Groundnut,Other,Local,2026-07-28,5000.0,6925.0,6525.0,1925.0,29.50191570881226,2026,7,28
Gujarat,Jamnagar,Kalawad APMC,Wheat,Other,Local,2026-07-28,2265.0,2640.0,2550.0,375.0,14.705882352941178,2026,7,28
Gujarat,Jamnagar,Kalawad APMC,"Sesamum(Sesame,Gingelly,Til)",Other,Local,2026-07-28,8925.0,11250.0,9285.0,2325.0,25.040387722132472,2026,7,28
Gujarat,Amreli,Babra APMC,Wheat,Medium,FAQ,2026-07-28,2350.0,2640.0,2495.0,290.0,11.623246492985972,2026,7,28
Gujarat,Amreli,Damnagar APMC,Bottle gourd,Bottle Gourd,Local,2026-07-28,3000.0,3000.0,3000.0,0.0,0.0,2026,7,28
Gujarat,Amreli,Damnagar APMC,Cabbage,Cabbage,Local,2026-07-28,3000.0,3000.0,3000.0,0.0,0.0,2026,7,28
Gujarat,Amreli,Damnagar APMC,Green Chilli,Green Chilly,Local,2026-07-28,6000.0,6000.0,6000.0,0.0,0.0,2026,7,28
Tamil Nadu,Madurai,Chokkikulam(Uzhavar Sandhai ),Orange,Darjeeling,Local,2026-07-28,14000.0,16000.0,15000.0,2000.0,13.333333333333334,2026,7,28
Tamil Nadu,Madurai,Chokkikulam(Uzhavar Sandhai ),Grapes,Annabesahai,Local,2026-07-28,10000.0,11000.0,10500.0,1000.0,9.523809523809524,2026,7,28
Tamil Nadu,Madurai,Chokkikulam(Uzhavar Sandhai ),Garlic,Garlic,Local,2026-07-28,13000.0,27000.0,20000.0,14000.0,70.0,2026,7,28
Tamil Nadu,Madurai,Chokkikulam(Uzhavar Sandhai ),Brinjal,Round,Local,2026-07-28,5200.0,6000.0,5600.0,800.0,14.285714285714285,2026,7,28
Tamil Nadu,Madurai,Chokkikulam(Uzhavar Sandhai ),Coriander(Leaves),I Sort,Local,2026-07-28,5000.0,5500.0,5250.0,500.0,9.523809523809524,2026,7,28
Tamil Nadu,Madurai,Chokkikulam(Uzhavar Sandhai ),Banana - Green,Banana - Green,Local,2026-07-28,2000.0,2400.0,2200.0,400.0,18.181818181818183,2026,7,28
Tamil Nadu,Madurai,Chokkikulam(Uzhavar Sandhai ),Carrot,Pusakesar,Local,2026-07-28,6000.0,9000.0,7500.0,3000.0,40.0,2026,7,28
Tamil Nadu,Madurai,Chokkikulam(Uzhavar Sandhai ),Cabbage,Cabbage,Local,2026-07-28,3000.0,4000.0,3500.0,1000.0,28.57142857142857,2026,7,28
Tamil Nadu,Madurai,Chokkikulam(Uzhavar Sandhai ),Mango(Raw-Ripe),Mango - Raw-Ripe,Local,2026-07-28,2000.0,3500.0,2750.0,1500.0,54.54545454545454,2026,7,28
Gujarat,Amreli,The Agricultural Produce Market Committee-Amreli,Groundnut(Split),Groundnut(Split),FAQ,2026-07-28,7500.0,10875.0,10500.0,3375.0,32.142857142857146,2026,7,28
Gujarat,Amreli,The Agricultural Produce Market Committee-Amreli,Cummin Seed(Jeera),Cummin Seed(Jeera),FAQ,2026-07-28,16500.0,19000.0,19000.0,2500.0,13.157894736842104,2026,7,28
Gujarat,Amreli,The Agricultural Produce Market Committee-Amreli,"Sesamum(Sesame,Gingelly,Til)",Red,FAQ,2026-07-28,9000.0,11725.0,11500.0,2725.0,23.695652173913043,2026,7,28
Gujarat,Surat,Surat APMC,Beetroot,Other,FAQ,2026-07-28,1600.0,2500.0,2050.0,900.0,43.90243902439025,2026,7,28
Gujarat,Surat,Surat APMC,Bottle gourd,Bottle Gourd,FAQ,2026-07-28,2000.0,8000.0,5000.0,6000.0,120.0,2026,7,28
Gujarat,Surat,Surat APMC,Cabbage,Cabbage,FAQ,2026-07-28,800.0,2500.0,1650.0,1700.0,103.03030303030303,2026,7,28
Gujarat,Surat,Surat APMC,Green Chilli,Green Chilly,FAQ,2026-07-28,2500.0,5500.0,4000.0,3000.0,75.0,2026,7,28
Gujarat,Surat,Surat APMC,Sweet Potato,Other,FAQ,2026-07-28,4000.0,5000.0,4500.0,1000.0,22.22222222222222,2026,7,28
Gujarat,Surat,Surat APMC,Pumpkin,Other,FAQ,2026-07-28,600.0,1600.0,1100.0,1000.0,90.9090909090909,2026,7,28
Gujarat,Surat,Surat APMC,Yam(Ratalu),Other,FAQ,2026-07-28,8000.0,11000.0,9500.0,3000.0,31.57894736842105,2026,7,28
Telangana,Warangal,Warangal APMC,Field Pea,Field Pea,FAQ,2026-07-28,5000.0,5500.0,5250.0,500.0,9.523809523809524,2026,7,28
Telangana,Warangal,Warangal APMC,Green Chilli,Green Chilly,FAQ,2026-07-28,2500.0,3000.0,2750.0,500.0,18.181818181818183,2026,7,28
Telangana,Warangal,Warangal APMC,Potato,Potato,FAQ,2026-07-28,1500.0,2000.0,1750.0,500.0,28.57142857142857,2026,7,28
Telangana,Warangal,Warangal APMC,Tomato,Tomato,FAQ,2026-07-28,1000.0,1400.0,1200.0,400.0,33.33333333333333,2026,7,28
Telangana,Adilabad,Boath APMC,Wheat,147 Average,Local,2026-07-28,2600.0,2600.0,2600.0,0.0,0.0,2026,7,28
Andhra Pradesh,Tirupathi,Srikalahasti APMC,Groundnut,Local,Local,2026-07-28,6400.0,6700.0,6550.0,300.0,4.580152671755725,2026,7,28
Keralam,Kozhikode(Calicut),Vengeri(Kozhikode) Market,Brinjal,Brinjal,FAQ,2026-07-28,2000.0,2300.0,2300.0,300.0,13.043478260869565,2026,7,28
Keralam,Kozhikode(Calicut),Vengeri(Kozhikode) Market,French Beans(Frasbean),French Beans (Frasbean),FAQ,2026-07-28,5100.0,5400.0,5400.0,300.0,5.555555555555555,2026,7,28
Keralam,Kozhikode(Calicut),Vengeri(Kozhikode) Market,Snakeguard,Snakeguard,FAQ,2026-07-28,3000.0,3300.0,3300.0,300.0,9.090909090909092,2026,7,28
Andhra Pradesh,YSR Kadapa,Mydukur APMC,Paddy(Common),Masuri,Local,2026-07-28,2300.0,2500.0,2400.0,200.0,8.333333333333332,2026,7,28
Punjab,Gurdaspur,Batala APMC,Lemon,Other,Grade C,2026-07-28,4500.0,5000.0,4800.0,500.0,10.416666666666668,2026,7,28
Andhra Pradesh,Tirupathi,Naidupet APMC,Paddy(Common),MTU-1010,Local,2026-07-28,2480.0,2520.0,2500.0,40.0,1.6,2026,7,28
Andhra Pradesh,Kurnool,Alur APMC,Jowar(Sorghum),Hybrid,FAQ,2026-07-28,3726.0,3726.0,3726.0,0.0,0.0,2026,7,28
Andhra Pradesh,Ananthapuramu,Anantapur APMC,Mousambi(Sweet Lime),Mousambi,Grade B,2026-07-28,800.0,1600.0,1400.0,800.0,57.14285714285714,2026,7,28
Andhra Pradesh,Ananthapuramu,Tadipatri APMC,Bengal Gram(Gram)(Whole),Other,Grade Range-1,2026-07-28,5500.0,6000.0,5700.0,500.0,8.771929824561402,2026,7,28
Keralam,Thiruvananthapuram,Chala Market,Banana,Banana - Ripe,Medium,2026-07-28,3500.0,3600.0,3500.0,100.0,2.857142857142857,2026,7,28
Keralam,Thiruvananthapuram,Chala Market,Apple,Other,Large,2026-07-28,30000.0,30000.0,30000.0,0.0,0.0,2026,7,28
Keralam,Thiruvananthapuram,Chala Market,Grapes,Black,Large,2026-07-28,16000.0,16000.0,16000.0,0.0,0.0,2026,7,28
Keralam,Thiruvananthapuram,Chala Market,Pineapple,Other,Medium,2026-07-28,5000.0,5200.0,5000.0,200.0,4.0,2026,7,28
Keralam,Thiruvananthapuram,Chala Market,Amaranthus,Other,FAQ,2026-07-28,2700.0,2700.0,2700.0,0.0,0.0,2026,7,28
Keralam,Kannur,Payyannur Market,Coconut Seed,Other,Local,2026-07-28,5000.0,5200.0,5100.0,200.0,3.9215686274509802,2026,7,28
Maharashtra,Raigad,Alibagh APMC,Rice,Other,Local,2026-07-28,4000.0,4500.0,4250.0,500.0,11.76470588235294,2026,7,28
Tamil Nadu,Cuddalore,Viruthachalam(Uzhavar Sandhai ),Bottle gourd,Bottle Gourd,Local,2026-07-28,3000.0,3000.0,3000.0,0.0,0.0,2026,7,28
Tamil Nadu,Cuddalore,Viruthachalam(Uzhavar Sandhai ),Green Avare(W),Green Avare (W),Local,2026-07-28,7000.0,13000.0,10000.0,6000.0,60.0,2026,7,28
Tamil Nadu,Dharmapuri,Dharmapuri(Uzhavar Sandhai ),Papaya,Papaya,Local,2026-07-28,3200.0,3500.0,3350.0,300.0,8.955223880597014,2026,7,28
Tamil Nadu,Dharmapuri,Dharmapuri(Uzhavar Sandhai ),Water Melon,Water Melon,Local,2026-07-28,1800.0,2000.0,1900.0,200.0,10.526315789473683,2026,7,28
Tamil Nadu,Dharmapuri,Dharmapuri(Uzhavar Sandhai ),Garlic,Garlic,Local,2026-07-28,23500.0,23800.0,23650.0,300.0,1.2684989429175475,2026,7,28
Tamil Nadu,Dharmapuri,Dharmapuri(Uzhavar Sandhai ),Green Peas,Green Peas,Local,2026-07-28,16000.0,16400.0,16200.0,400.0,2.4691358024691357,2026,7,28
Tamil Nadu,Dharmapuri,Dharmapuri(Uzhavar Sandhai ),Green Chilli,Green Chilly,Local,2026-07-28,4400.0,4600.0,4500.0,200.0,4.444444444444445,2026,7,28
Tamil Nadu,Dharmapuri,Dharmapuri(Uzhavar Sandhai ),Tender Coconut,Tender Coconut,Local,2026-07-28,2600.0,3000.0,2800.0,400.0,14.285714285714285,2026,7,28
Tamil Nadu,Dharmapuri,Dharmapuri(Uzhavar Sandhai ),Yam(Ratalu),Yam (Ratalu),Local,2026-07-28,7600.0,8000.0,7800.0,400.0,5.128205128205128,2026,7,28
Tamil Nadu,Dharmapuri,Dharmapuri(Uzhavar Sandhai ),Indian Beans(Seam),Indian Beans (Seam),Local,2026-07-28,5600.0,6000.0,5800.0,400.0,6.896551724137931,2026,7,28
Tamil Nadu,Dharmapuri,Dharmapuri(Uzhavar Sandhai ),Onion Green,Onion Green,Local,2026-07-28,4800.0,5000.0,4900.0,200.0,4.081632653061225,2026,7,28
Tamil Nadu,Dharmapuri,Palacode(Uzhavar Sandhai ),Papaya,Papaya,Local,2026-07-28,3000.0,3500.0,3250.0,500.0,15.384615384615385,2026,7,28
Tamil Nadu,Dharmapuri,Palacode(Uzhavar Sandhai ),Cluster beans,Cluster Beans,Local,2026-07-28,3600.0,4000.0,3800.0,400.0,10.526315789473683,2026,7,28
Tamil Nadu,Dharmapuri,Palacode(Uzhavar Sandhai ),Ginger(Green),Green Ginger,Local,2026-07-28,23000.0,23500.0,23250.0,500.0,2.1505376344086025,2026,7,28
Tamil Nadu,Dharmapuri,Palacode(Uzhavar Sandhai ),Beetroot,Beetroot,Local,2026-07-28,5000.0,5500.0,5250.0,500.0,9.523809523809524,2026,7,28
Tamil Nadu,Dharmapuri,Palacode(Uzhavar Sandhai ),Cucumbar(Kheera),Cucumbar,Local,2026-07-28,4400.0,4600.0,4500.0,200.0,4.444444444444445,2026,7,28
Tamil Nadu,Dharmapuri,Palacode(Uzhavar Sandhai ),Ridgeguard(Tori),Ridgeguard(Tori),Local,2026-07-28,3800.0,4200.0,4000.0,400.0,10.0,2026,7,28
Tamil Nadu,Dharmapuri,Palacode(Uzhavar Sandhai ),Tamarind Fruit,Tamarind Fruit,Local,2026-07-28,10000.0,10500.0,10250.0,500.0,4.878048780487805,2026,7,28
Tamil Nadu,Dharmapuri,Palacode(Uzhavar Sandhai ),Amla(Nelli Kai),Amla,Local,2026-07-28,7500.0,8000.0,7750.0,500.0,6.451612903225806,2026,7,28
Tamil Nadu,Dharmapuri,Palacode(Uzhavar Sandhai ),Onion Green,Onion Green,Local,2026-07-28,5000.0,5500.0,5250.0,500.0,9.523809523809524,2026,7,28
Tamil Nadu,Erode,Periyar Nagar(Uzhavar Sandhai ),Groundnut,Big (With Shell),Local,2026-07-28,5500.0,6000.0,5750.0,500.0,8.695652173913043,2026,7,28
Tamil Nadu,Erode,Periyar Nagar(Uzhavar Sandhai ),Banana,Besrai,Local,2026-07-28,2200.0,2600.0,2400.0,400.0,16.666666666666664,2026,7,28
Tamil Nadu,Erode,Periyar Nagar(Uzhavar Sandhai ),Ashgourd,Gouard,Local,2026-07-28,2000.0,2400.0,2200.0,400.0,18.181818181818183,2026,7,28
Tamil Nadu,Erode,Periyar Nagar(Uzhavar Sandhai ),Pumpkin,Pumpkin,Local,2026-07-28,2000.0,2200.0,2100.0,200.0,9.523809523809524,2026,7,28
Tamil Nadu,Erode,Periyar Nagar(Uzhavar Sandhai ),Bhindi(Ladies Finger),Bhindi,Local,2026-07-28,3000.0,3400.0,3200.0,400.0,12.5,2026,7,28
Tamil Nadu,Erode,Periyar Nagar(Uzhavar Sandhai ),Banana - Green,Banana - Green,Local,2026-07-28,3000.0,3500.0,3250.0,500.0,15.384615384615385,2026,7,28
Tamil Nadu,Erode,Periyar Nagar(Uzhavar Sandhai ),Guava,Guava Allahabad,Local,2026-07-28,5000.0,5500.0,5250.0,500.0,9.523809523809524,2026,7,28
Tamil Nadu,Erode,Perundurai(Uzhavar Sandhai ),Green Chilli,Green Chilly,Local,2026-07-28,4000.0,4500.0,4250.0,500.0,11.76470588235294,2026,7,28
Tamil Nadu,Erode,Perundurai(Uzhavar Sandhai ),Snakeguard,Snakeguard,Local,2026-07-28,3500.0,3800.0,3650.0,300.0,8.21917808219178,2026,7,28
Tamil Nadu,Erode,Perundurai(Uzhavar Sandhai ),Green Avare(W),Green Avare (W),Local,2026-07-28,5000.0,5400.0,5200.0,400.0,7.6923076923076925,2026,7,28
Tamil Nadu,Erode,Perundurai(Uzhavar Sandhai ),Elephant Yam(Suran)/Amorphophallus,Elephant Yam (Suran),Local,2026-07-28,2500.0,2800.0,2650.0,300.0,11.320754716981133,2026,7,28
Tamil Nadu,Erode,Thalavadi(Uzhavar Sandhai ),Chow Chow,Chow Chow,Local,2026-07-28,2800.0,3200.0,3000.0,400.0,13.333333333333334,2026,7,28
Tamil Nadu,Erode,Thalavadi(Uzhavar Sandhai ),Guava,Guava Allahabad,Local,2026-07-28,4500.0,5000.0,4750.0,500.0,10.526315789473683,2026,7,28
Tamil Nadu,Erode,Thalavadi(Uzhavar Sandhai ),Lemon,Lemon,Local,2026-07-28,6500.0,7000.0,6750.0,500.0,7.4074074074074066,2026,7,28
Tamil Nadu,Erode,Thalavadi(Uzhavar Sandhai ),Onion Green,Onion Green,Local,2026-07-28,5500.0,6000.0,5750.0,500.0,8.695652173913043,2026,7,28
Tamil Nadu,Kallakuruchi,Sankarapuram(Uzhavar Sandhai ),Water Melon,Water Melon,Local,2026-07-28,2500.0,2500.0,2500.0,0.0,0.0,2026,7,28
Tamil Nadu,Kallakuruchi,Sankarapuram(Uzhavar Sandhai ),Potato,Red Nanital,Local,2026-07-28,3500.0,3500.0,3500.0,0.0,0.0,2026,7,28
Tamil Nadu,Kallakuruchi,Sankarapuram(Uzhavar Sandhai ),Brinjal,Other,Local,2026-07-28,6000.0,6000.0,6000.0,0.0,0.0,2026,7,28
Tamil Nadu,Kallakuruchi,Sankarapuram(Uzhavar Sandhai ),Coriander(Leaves),I Sort,Local,2026-07-28,6000.0,6000.0,6000.0,0.0,0.0,2026,7,28
Tamil Nadu,Kallakuruchi,Sankarapuram(Uzhavar Sandhai ),Pumpkin,Pumpkin,Local,2026-07-28,2500.0,2500.0,2500.0,0.0,0.0,2026,7,28
Tamil Nadu,Kallakuruchi,Sankarapuram(Uzhavar Sandhai ),Green Chilli,Green Chilly,Local,2026-07-28,5000.0,5000.0,5000.0,0.0,0.0,2026,7,28
Tamil Nadu,Kallakuruchi,Sankarapuram(Uzhavar Sandhai ),Ginger(Green),Green Ginger,Local,2026-07-28,22000.0,22000.0,22000.0,0.0,0.0,2026,7,28
Tamil Nadu,Kallakuruchi,Sankarapuram(Uzhavar Sandhai ),Carrot,Pusakesar,Local,2026-07-28,10000.0,10000.0,10000.0,0.0,0.0,2026,7,28
Tamil Nadu,Kallakuruchi,Sankarapuram(Uzhavar Sandhai ),Amla(Nelli Kai),Amla,Local,2026-07-28,7000.0,7000.0,7000.0,0.0,0.0,2026,7,28
Tamil Nadu,Kallakuruchi,Sankarapuram(Uzhavar Sandhai ),Mint(Pudina),Mint(Pudina),Local,2026-07-28,3000.0,3000.0,3000.0,0.0,0.0,2026,7,28
Tamil Nadu,Kancheepuram,Kundrathur(Uzhavar Sandhai ),Cauliflower,Ranchi,Local,2026-07-28,3000.0,3500.0,3250.0,500.0,15.384615384615385,2026,7,28
Tamil Nadu,Kancheepuram,Kundrathur(Uzhavar Sandhai ),Tomato,Other,Local,2026-07-28,2000.0,2200.0,2100.0,200.0,9.523809523809524,2026,7,28
Tamil Nadu,Kancheepuram,Kundrathur(Uzhavar Sandhai ),Bhindi(Ladies Finger),Bhindi,Local,2026-07-28,3000.0,3000.0,3000.0,0.0,0.0,2026,7,28
Tamil Nadu,Kancheepuram,Kundrathur(Uzhavar Sandhai ),Green Chilli,Green Chilly,Local,2026-07-28,5000.0,6000.0,5500.0,1000.0,18.181818181818183,2026,7,28
Tamil Nadu,Kancheepuram,Kundrathur(Uzhavar Sandhai ),Cucumbar(Kheera),Cucumbar,Local,2026-07-28,3000.0,3000.0,3000.0,0.0,0.0,2026,7,28
Tamil Nadu,Kancheepuram,Sunguvarchatram(Uzhavar Sandhai ),Cluster beans,Cluster Beans,Local,2026-07-28,4500.0,4500.0,4500.0,0.0,0.0,2026,7,28
Tamil Nadu,Kancheepuram,Sunguvarchatram(Uzhavar Sandhai ),Bottle gourd,Bottle Gourd,Local,2026-07-28,3000.0,3000.0,3000.0,0.0,0.0,2026,7,28
Tamil Nadu,Kancheepuram,Sunguvarchatram(Uzhavar Sandhai ),Pumpkin,Pumpkin,Local,2026-07-28,2000.0,2000.0,2000.0,0.0,0.0,2026,7,28
Tamil Nadu,Kancheepuram,Sunguvarchatram(Uzhavar Sandhai ),Coconut,Coconut,Local,2026-07-28,5000.0,6000.0,5500.0,1000.0,18.181818181818183,2026,7,28
Tamil Nadu,Kancheepuram,Sunguvarchatram(Uzhavar Sandhai ),Green Avare(W),Green Avare (W),Local,2026-07-28,4000.0,5000.0,4500.0,1000.0,22.22222222222222,2026,7,28
Tamil Nadu,Kancheepuram,Sunguvarchatram(Uzhavar Sandhai ),Mango(Raw-Ripe),Mango - Raw-Ripe,Local,2026-07-28,2000.0,2500.0,2250.0,500.0,22.22222222222222,2026,7,28
Tamil Nadu,Krishnagiri,Avallapalli(Uzhavar Sandhai ),Tapioca,Tapioca,Local,2026-07-28,3500.0,4000.0,3750.0,500.0,13.333333333333334,2026,7,28
Tamil Nadu,Krishnagiri,Avallapalli(Uzhavar Sandhai ),Beetroot,Beetroot,Local,2026-07-28,4500.0,5000.0,4750.0,500.0,10.526315789473683,2026,7,28
Tamil Nadu,Krishnagiri,Avallapalli(Uzhavar Sandhai ),Ridgeguard(Tori),Ridgeguard(Tori),Local,2026-07-28,4000.0,4500.0,4250.0,500.0,11.76470588235294,2026,7,28
Tamil Nadu,Krishnagiri,Avallapalli(Uzhavar Sandhai ),Chow Chow,Chow Chow,Local,2026-07-28,3000.0,3500.0,3250.0,500.0,15.384615384615385,2026,7,28
Tamil Nadu,Dharmapuri,Karimangalam(Uzhavar Sandhai),Papaya,Papaya,Local,2026-07-28,2800.0,3000.0,2900.0,200.0,6.896551724137931,2026,7,28
Tamil Nadu,Dharmapuri,Karimangalam(Uzhavar Sandhai),Potato,Other,Local,2026-07-28,2800.0,3000.0,2900.0,200.0,6.896551724137931,2026,7,28
Tamil Nadu,Dharmapuri,Karimangalam(Uzhavar Sandhai),Garlic,Garlic,Local,2026-07-28,22000.0,24000.0,23000.0,2000.0,8.695652173913043,2026,7,28
Tamil Nadu,Dharmapuri,Karimangalam(Uzhavar Sandhai),Green Chilli,Green Chilly,Local,2026-07-28,4000.0,4500.0,4250.0,500.0,11.76470588235294,2026,7,28
Tamil Nadu,Dharmapuri,Karimangalam(Uzhavar Sandhai),Banana - Green,Banana - Green,Local,2026-07-28,3300.0,3500.0,3400.0,200.0,5.88235294117647,2026,7,28
Tamil Nadu,Dharmapuri,Karimangalam(Uzhavar Sandhai),Ginger(Green),Green Ginger,Local,2026-07-28,22000.0,23000.0,22500.0,1000.0,4.444444444444445,2026,7,28
Tamil Nadu,Dharmapuri,Karimangalam(Uzhavar Sandhai),Coconut,Coconut,Local,2026-07-28,5500.0,6000.0,5750.0,500.0,8.695652173913043,2026,7,28
Tamil Nadu,Dharmapuri,Karimangalam(Uzhavar Sandhai),Lemon,Lemon,Local,2026-07-28,8000.0,9000.0,8500.0,1000.0,11.76470588235294,2026,7,28
Tamil Nadu,Dharmapuri,Karimangalam(Uzhavar Sandhai),Amla(Nelli Kai),Amla,Local,2026-07-28,5500.0,6000.0,5750.0,500.0,8.695652173913043,2026,7,28
Tamil Nadu,Krishnagiri,Denkanikottai(Uzhavar Sandhai ),Cauliflower,Ranchi,Local,2026-07-28,3500.0,4000.0,3750.0,500.0,13.333333333333334,2026,7,28
Tamil Nadu,Krishnagiri,Denkanikottai(Uzhavar Sandhai ),Bitter gourd,Bitter Gourd,Local,2026-07-28,5000.0,5500.0,5250.0,500.0,9.523809523809524,2026,7,28
Tamil Nadu,Krishnagiri,Denkanikottai(Uzhavar Sandhai ),Green Chilli,Green Chilly,Local,2026-07-28,5000.0,5500.0,5250.0,500.0,9.523809523809524,2026,7,28
Tamil Nadu,Krishnagiri,Denkanikottai(Uzhavar Sandhai ),Banana - Green,Banana - Green,Local,2026-07-28,3500.0,4000.0,3750.0,500.0,13.333333333333334,2026,7,28
Tamil Nadu,Krishnagiri,Denkanikottai(Uzhavar Sandhai ),Beans,Beans (Whole),Local,2026-07-28,8000.0,10000.0,9000.0,2000.0,22.22222222222222,2026,7,28
Tamil Nadu,Krishnagiri,Denkanikottai(Uzhavar Sandhai ),Ginger(Green),Green Ginger,Local,2026-07-28,15000.0,18000.0,16500.0,3000.0,18.181818181818183,2026,7,28
Tamil Nadu,Krishnagiri,Denkanikottai(Uzhavar Sandhai ),Cabbage,Cabbage,Local,2026-07-28,2500.0,3000.0,2750.0,500.0,18.181818181818183,2026,7,28
Tamil Nadu,Krishnagiri,Denkanikottai(Uzhavar Sandhai ),Cucumbar(Kheera),Cucumbar,Local,2026-07-28,2500.0,3000.0,2750.0,500.0,18.181818181818183,2026,7,28
Tamil Nadu,Krishnagiri,Denkanikottai(Uzhavar Sandhai ),Raddish,Raddish,Local,2026-07-28,2000.0,2500.0,2250.0,500.0,22.22222222222222,2026,7,28
Tamil Nadu,Krishnagiri,Denkanikottai(Uzhavar Sandhai ),Thondekai,Thondekai,Local,2026-07-28,2500.0,3000.0,2750.0,500.0,18.181818181818183,2026,7,28
Tamil Nadu,Krishnagiri,Denkanikottai(Uzhavar Sandhai ),Capsicum,Capsicum,Local,2026-07-28,4500.0,5000.0,4750.0,500.0,10.526315789473683,2026,7,28
Tamil Nadu,Krishnagiri,Denkanikottai(Uzhavar Sandhai ),Chow Chow,Chow Chow,Local,2026-07-28,2500.0,3000.0,2750.0,500.0,18.181818181818183,2026,7,28
Tamil Nadu,Krishnagiri,Denkanikottai(Uzhavar Sandhai ),Onion Green,Onion Green,Local,2026-07-28,7000.0,8000.0,7500.0,1000.0,13.333333333333334,2026,7,28
Tamil Nadu,Krishnagiri,Hosur(Uzhavar Sandhai ),Groundnut,Big (With Shell),Local,2026-07-28,7000.0,8000.0,7500.0,1000.0,13.333333333333334,2026,7,28
Tamil Nadu,Krishnagiri,Hosur(Uzhavar Sandhai ),Cauliflower,Ranchi,Local,2026-07-28,3500.0,4000.0,3750.0,500.0,13.333333333333334,2026,7,28
Tamil Nadu,Krishnagiri,Hosur(Uzhavar Sandhai ),Cluster beans,Cluster Beans,Local,2026-07-28,4000.0,5000.0,4500.0,1000.0,22.22222222222222,2026,7,28
Tamil Nadu,Krishnagiri,Hosur(Uzhavar Sandhai ),Ashgourd,Gouard,Local,2026-07-28,2000.0,2500.0,2250.0,500.0,22.22222222222222,2026,7,28
Tamil Nadu,Krishnagiri,Hosur(Uzhavar Sandhai ),Amaranthus,Amaranthus,Local,2026-07-28,5000.0,6000.0,5500.0,1000.0,18.181818181818183,2026,7,28
Tamil Nadu,Krishnagiri,Hosur(Uzhavar Sandhai ),Cowpea(Veg),Cowpea (Veg),Local,2026-07-28,5000.0,6000.0,5500.0,1000.0,18.181818181818183,2026,7,28
Tamil Nadu,Krishnagiri,Hosur(Uzhavar Sandhai ),Banana - Green,Banana - Green,Local,2026-07-28,4000.0,5000.0,4500.0,1000.0,22.22222222222222,2026,7,28
Tamil Nadu,Krishnagiri,Hosur(Uzhavar Sandhai ),Tapioca,Tapioca,Local,2026-07-28,3500.0,4000.0,3750.0,500.0,13.333333333333334,2026,7,28
Tamil Nadu,Krishnagiri,Hosur(Uzhavar Sandhai ),Ginger(Green),Green Ginger,Local,2026-07-28,16000.0,18000.0,17000.0,2000.0,11.76470588235294,2026,7,28
Tamil Nadu,Krishnagiri,Hosur(Uzhavar Sandhai ),Raddish,Raddish,Local,2026-07-28,2000.0,2500.0,2250.0,500.0,22.22222222222222,2026,7,28
Tamil Nadu,Krishnagiri,Hosur(Uzhavar Sandhai ),Jasmine,Jasmine,Local,2026-07-28,35000.0,40000.0,37500.0,5000.0,13.333333333333334,2026,7,28
Tamil Nadu,Krishnagiri,Hosur(Uzhavar Sandhai ),Tube Flower,Tube Flower,Local,2026-07-28,50000.0,60000.0,55000.0,10000.0,18.181818181818183,2026,7,28
Tamil Nadu,Krishnagiri,Hosur(Uzhavar Sandhai ),Colacasia,Colacasia,Local,2026-07-28,5000.0,6000.0,5500.0,1000.0,18.181818181818183,2026,7,28
Tamil Nadu,Krishnagiri,Hosur(Uzhavar Sandhai ),Amla(Nelli Kai),Amla,Local,2026-07-28,8000.0,10000.0,9000.0,2000.0,22.22222222222222,2026,7,28
Tamil Nadu,Krishnagiri,Krishnagiri(Uzhavar Sandhai ),Garlic,Garlic,Local,2026-07-28,22000.0,24000.0,23000.0,2000.0,8.695652173913043,2026,7,28
Tamil Nadu,Krishnagiri,Krishnagiri(Uzhavar Sandhai ),Brinjal,Round,Local,2026-07-28,2000.0,2400.0,2200.0,400.0,18.181818181818183,2026,7,28
Tamil Nadu,Krishnagiri,Krishnagiri(Uzhavar Sandhai ),Coriander(Leaves),I Sort,Local,2026-07-28,4000.0,5000.0,4500.0,1000.0,22.22222222222222,2026,7,28
Tamil Nadu,Krishnagiri,Krishnagiri(Uzhavar Sandhai ),Banana - Green,Banana - Green,Local,2026-07-28,2500.0,3000.0,2750.0,500.0,18.181818181818183,2026,7,28
Tamil Nadu,Krishnagiri,Krishnagiri(Uzhavar Sandhai ),Ginger(Green),Green Ginger,Local,2026-07-28,18000.0,20000.0,19000.0,2000.0,10.526315789473683,2026,7,28
Tamil Nadu,Krishnagiri,Krishnagiri(Uzhavar Sandhai ),Sweet Potato,Hosur Red,Local,2026-07-28,2000.0,2600.0,2300.0,600.0,26.08695652173913,2026,7,28
Tamil Nadu,Krishnagiri,Krishnagiri(Uzhavar Sandhai ),Carrot,Pusakesar,Local,2026-07-28,9000.0,10000.0,9500.0,1000.0,10.526315789473683,2026,7,28
Tamil Nadu,Krishnagiri,Krishnagiri(Uzhavar Sandhai ),Snakeguard,Snakeguard,Local,2026-07-28,3000.0,3400.0,3200.0,400.0,12.5,2026,7,28
Tamil Nadu,Krishnagiri,Krishnagiri(Uzhavar Sandhai ),Cucumbar(Kheera),Cucumbar,Local,2026-07-28,2000.0,2400.0,2200.0,400.0,18.181818181818183,2026,7,28
Tamil Nadu,Krishnagiri,Krishnagiri(Uzhavar Sandhai ),Capsicum,Capsicum,Local,2026-07-28,6000.0,7000.0,6500.0,1000.0,15.384615384615385,2026,7,28
Tamil Nadu,Krishnagiri,Krishnagiri(Uzhavar Sandhai ),Tender Coconut,Tender Coconut,Local,2026-07-28,3000.0,4000.0,3500.0,1000.0,28.57142857142857,2026,7,28
Tamil Nadu,Krishnagiri,Krishnagiri(Uzhavar Sandhai ),Lemon,Lemon,Local,2026-07-28,7000.0,8000.0,7500.0,1000.0,13.333333333333334,2026,7,28
Tamil Nadu,Madurai,Anaiyur(Uzhavar Sandhai ),Apple,American,Local,2026-07-28,18000.0,27000.0,22500.0,9000.0,40.0,2026,7,28
Tamil Nadu,Madurai,Anaiyur(Uzhavar Sandhai ),Potato,Red Nanital,Local,2026-07-28,5600.0,6000.0,5800.0,400.0,6.896551724137931,2026,7,28
Tamil Nadu,Madurai,Anaiyur(Uzhavar Sandhai ),Bitter gourd,Other,Local,2026-07-28,5500.0,6000.0,5750.0,500.0,8.695652173913043,2026,7,28
Tamil Nadu,Madurai,Anaiyur(Uzhavar Sandhai ),Bottle gourd,Bottle Gourd,Local,2026-07-28,3000.0,3200.0,3100.0,200.0,6.451612903225806,2026,7,28
Tamil Nadu,Madurai,Anaiyur(Uzhavar Sandhai ),Pumpkin,Pumpkin,Local,2026-07-28,2000.0,2400.0,2200.0,400.0,18.181818181818183,2026,7,28
Tamil Nadu,Madurai,Anaiyur(Uzhavar Sandhai ),Ginger(Green),Green Ginger,Local,2026-07-28,15000.0,22000.0,18500.0,7000.0,37.83783783783784,2026,7,28
Tamil Nadu,Madurai,Anaiyur(Uzhavar Sandhai ),Sweet Potato,Hosur Red,Local,2026-07-28,3600.0,4000.0,3800.0,400.0,10.526315789473683,2026,7,28
Tamil Nadu,Madurai,Anaiyur(Uzhavar Sandhai ),Drumstick,Drumstick,Local,2026-07-28,6000.0,7000.0,6500.0,1000.0,15.384615384615385,2026,7,28
Tamil Nadu,Madurai,Anaiyur(Uzhavar Sandhai ),Mango(Raw-Ripe),Mango - Raw-Ripe,Local,2026-07-28,2500.0,3500.0,3000.0,1000.0,33.33333333333333,2026,7,28
Tamil Nadu,Madurai,Anaiyur(Uzhavar Sandhai ),Lime,Lime,Local,2026-07-28,14000.0,15000.0,14500.0,1000.0,6.896551724137931,2026,7,28
Tamil Nadu,Madurai,Anaiyur(Uzhavar Sandhai ),Yam(Ratalu),Yam (Ratalu),Local,2026-07-28,7000.0,8000.0,7500.0,1000.0,13.333333333333334,2026,7,28
Tamil Nadu,Madurai,Usilampatti(Uzhavar Sandhai ),Cluster beans,Cluster Beans,Local,2026-07-28,3000.0,3600.0,3300.0,600.0,18.181818181818183,2026,7,28
Tamil Nadu,Madurai,Usilampatti(Uzhavar Sandhai ),Bhindi(Ladies Finger),Bhindi,Local,2026-07-28,4200.0,4900.0,4550.0,700.0,15.384615384615385,2026,7,28
Tamil Nadu,Madurai,Usilampatti(Uzhavar Sandhai ),Green Avare(W),Green Avare (W),Local,2026-07-28,6000.0,7000.0,6500.0,1000.0,15.384615384615385,2026,7,28
Tamil Nadu,Nagapattinam,Nagapattinam(Uzhavar Sandhai ),Papaya,Papaya,Local,2026-07-28,3500.0,4000.0,3750.0,500.0,13.333333333333334,2026,7,28
Tamil Nadu,Nagapattinam,Nagapattinam(Uzhavar Sandhai ),Mango,Other,Local,2026-07-28,6000.0,7000.0,6500.0,1000.0,15.384615384615385,2026,7,28
Tamil Nadu,Nagapattinam,Nagapattinam(Uzhavar Sandhai ),Brinjal,Round,Local,2026-07-28,4700.0,5500.0,5100.0,800.0,15.686274509803921,2026,7,28
Tamil Nadu,Nagapattinam,Nagapattinam(Uzhavar Sandhai ),Cluster beans,Cluster Beans,Local,2026-07-28,3800.0,3800.0,3800.0,0.0,0.0,2026,7,28
Tamil Nadu,Nagapattinam,Nagapattinam(Uzhavar Sandhai ),Green Chilli,Green Chilly,Local,2026-07-28,3000.0,3500.0,3250.0,500.0,15.384615384615385,2026,7,28
Tamil Nadu,Nagapattinam,Nagapattinam(Uzhavar Sandhai ),Banana - Green,Banana - Green,Local,2026-07-28,2600.0,3000.0,2800.0,400.0,14.285714285714285,2026,7,28
Tamil Nadu,Nagapattinam,Nagapattinam(Uzhavar Sandhai ),Raddish,Raddish,Local,2026-07-28,4000.0,4500.0,4250.0,500.0,11.76470588235294,2026,7,28
Tamil Nadu,Nagapattinam,Nagapattinam(Uzhavar Sandhai ),Tamarind Fruit,Tamarind Fruit,Local,2026-07-28,11500.0,14000.0,12750.0,2500.0,19.607843137254903,2026,7,28
Tamil Nadu,Nagapattinam,Sirkali(Uzhavar Sandhai ),Papaya,Papaya,Local,2026-07-28,2500.0,3000.0,2750.0,500.0,18.181818181818183,2026,7,28
Tamil Nadu,Nagapattinam,Sirkali(Uzhavar Sandhai ),Groundnut,Big (With Shell),Local,2026-07-28,5500.0,6000.0,5750.0,500.0,8.695652173913043,2026,7,28
Tamil Nadu,Nagapattinam,Sirkali(Uzhavar Sandhai ),Banana,Besrai,Local,2026-07-28,4000.0,5000.0,4500.0,1000.0,22.22222222222222,2026,7,28
Tamil Nadu,Nagapattinam,Sirkali(Uzhavar Sandhai ),Cluster beans,Cluster Beans,Local,2026-07-28,4500.0,5000.0,4750.0,500.0,10.526315789473683,2026,7,28
Tamil Nadu,Nagapattinam,Sirkali(Uzhavar Sandhai ),Ashgourd,Gouard,Local,2026-07-28,2500.0,3000.0,2750.0,500.0,18.181818181818183,2026,7,28
Tamil Nadu,Nagapattinam,Sirkali(Uzhavar Sandhai ),Bhindi(Ladies Finger),Bhindi,Local,2026-07-28,4500.0,5000.0,4750.0,500.0,10.526315789473683,2026,7,28
Tamil Nadu,Nagapattinam,Sirkali(Uzhavar Sandhai ),Tapioca,Tapioca,Local,2026-07-28,4500.0,5000.0,4750.0,500.0,10.526315789473683,2026,7,28
Tamil Nadu,Nagapattinam,Sirkali(Uzhavar Sandhai ),Coconut,Coconut,Local,2026-07-28,3500.0,4000.0,3750.0,500.0,13.333333333333334,2026,7,28
Tamil Nadu,Nagapattinam,Sirkali(Uzhavar Sandhai ),Sweet Potato,Hosur Red,Local,2026-07-28,5500.0,6000.0,5750.0,500.0,8.695652173913043,2026,7,28
Tamil Nadu,Nagapattinam,Sirkali(Uzhavar Sandhai ),Tender Coconut,Tender Coconut,Local,2026-07-28,2000.0,2500.0,2250.0,500.0,22.22222222222222,2026,7,28
Tamil Nadu,Nagapattinam,Sirkali(Uzhavar Sandhai ),Lemon,Lemon,Local,2026-07-28,6500.0,7000.0,6750.0,500.0,7.4074074074074066,2026,7,28
Tamil Nadu,Namakkal,Kumarapalayam(Uzhavar Sandhai ),Water Melon,Water Melon,Local,2026-07-28,1500.0,2000.0,1750.0,500.0,28.57142857142857,2026,7,28
Tamil Nadu,Namakkal,Kumarapalayam(Uzhavar Sandhai ),Pumpkin,Pumpkin,Local,2026-07-28,2500.0,3000.0,2750.0,500.0,18.181818181818183,2026,7,28
Tamil Nadu,Namakkal,Kumarapalayam(Uzhavar Sandhai ),Ginger(Green),Green Ginger,Local,2026-07-28,17000.0,18000.0,17500.0,1000.0,5.714285714285714,2026,7,28
Tamil Nadu,Namakkal,Kumarapalayam(Uzhavar Sandhai ),Coconut,Coconut,Local,2026-07-28,5500.0,6000.0,5750.0,500.0,8.695652173913043,2026,7,28
Tamil Nadu,Namakkal,Kumarapalayam(Uzhavar Sandhai ),Ridgeguard(Tori),Ridgeguard(Tori),Local,2026-07-28,5000.0,5500.0,5250.0,500.0,9.523809523809524,2026,7,28
Tamil Nadu,Namakkal,Kumarapalayam(Uzhavar Sandhai ),Guava,Guava Allahabad,Local,2026-07-28,6000.0,7000.0,6500.0,1000.0,15.384615384615385,2026,7,28
Tamil Nadu,Namakkal,Kumarapalayam(Uzhavar Sandhai ),Mint(Pudina),Mint(Pudina),Local,2026-07-28,5000.0,5500.0,5250.0,500.0,9.523809523809524,2026,7,28
Tamil Nadu,Namakkal,Mohanur(Uzhavar Sandhai ),Banana,Red Banana,Local,2026-07-28,6000.0,7000.0,6500.0,1000.0,15.384615384615385,2026,7,28
Tamil Nadu,Namakkal,Mohanur(Uzhavar Sandhai ),Onion,Bellary,Local,2026-07-28,3600.0,4500.0,4050.0,900.0,22.22222222222222,2026,7,28
Tamil Nadu,Namakkal,Mohanur(Uzhavar Sandhai ),Bhindi(Ladies Finger),Bhindi,Local,2026-07-28,4400.0,4800.0,4600.0,400.0,8.695652173913043,2026,7,28
Tamil Nadu,Namakkal,Mohanur(Uzhavar Sandhai ),Carrot,Pusakesar,Local,2026-07-28,8200.0,9000.0,8600.0,800.0,9.30232558139535,2026,7,28
Tamil Nadu,Namakkal,Mohanur(Uzhavar Sandhai ),Raddish,Raddish,Local,2026-07-28,3400.0,4000.0,3700.0,600.0,16.216216216216218,2026,7,28
Tamil Nadu,Namakkal,Mohanur(Uzhavar Sandhai ),Tender Coconut,Tender Coconut,Local,2026-07-28,2500.0,3600.0,3050.0,1100.0,36.0655737704918,2026,7,28
Tamil Nadu,Namakkal,Mohanur(Uzhavar Sandhai ),Lemon,Lemon,Local,2026-07-28,4600.0,5000.0,4800.0,400.0,8.333333333333332,2026,7,28
Tamil Nadu,Namakkal,Namakkal(Uzhavar Sandhai ),Papaya,Papaya,Local,2026-07-28,3000.0,3500.0,3250.0,500.0,15.384615384615385,2026,7,28
Tamil Nadu,Namakkal,Namakkal(Uzhavar Sandhai ),Tender Coconut,Tender Coconut,Local,2026-07-28,3000.0,3500.0,3250.0,500.0,15.384615384615385,2026,7,28
Tamil Nadu,Namakkal,Namakkal(Uzhavar Sandhai ),Jasmine,Jasmine,Local,2026-07-28,26000.0,28000.0,27000.0,2000.0,7.4074074074074066,2026,7,28
Tamil Nadu,Namakkal,Paramathivelur(Uzhavar Sandhai ),Banana,Karpura,Local,2026-07-28,3800.0,4300.0,4050.0,500.0,12.345679012345679,2026,7,28
Tamil Nadu,Namakkal,Paramathivelur(Uzhavar Sandhai ),Raddish,Raddish,Local,2026-07-28,3500.0,4000.0,3750.0,500.0,13.333333333333334,2026,7,28
Tamil Nadu,Namakkal,Paramathivelur(Uzhavar Sandhai ),Elephant Yam(Suran)/Amorphophallus,Elephant Yam (Suran),Local,2026-07-28,3000.0,3500.0,3250.0,500.0,15.384615384615385,2026,7,28
Tamil Nadu,Namakkal,Paramathivelur(Uzhavar Sandhai ),Sweet Corn,Sweet Corn,Local,2026-07-28,3000.0,3500.0,3250.0,500.0,15.384615384615385,2026,7,28
Tamil Nadu,Namakkal,Rasipuram(Uzhavar Sandhai ),Groundnut,Big (With Shell),Local,2026-07-28,6500.0,7000.0,6750.0,500.0,7.4074074074074066,2026,7,28
Tamil Nadu,Namakkal,Rasipuram(Uzhavar Sandhai ),Water Melon,Water Melon,Local,2026-07-28,1500.0,2000.0,1750.0,500.0,28.57142857142857,2026,7,28
Tamil Nadu,Namakkal,Rasipuram(Uzhavar Sandhai ),Banana - Green,Banana - Green,Local,2026-07-28,3500.0,4000.0,3750.0,500.0,13.333333333333334,2026,7,28
Tamil Nadu,Namakkal,Rasipuram(Uzhavar Sandhai ),Cucumbar(Kheera),Cucumbar,Local,2026-07-28,8000.0,9000.0,8500.0,1000.0,11.76470588235294,2026,7,28
Tamil Nadu,Namakkal,Rasipuram(Uzhavar Sandhai ),Ridgeguard(Tori),Ridgeguard(Tori),Local,2026-07-28,5000.0,5800.0,5400.0,800.0,14.814814814814813,2026,7,28
Tamil Nadu,Namakkal,Rasipuram(Uzhavar Sandhai ),Chow Chow,Chow Chow,Local,2026-07-28,2000.0,2500.0,2250.0,500.0,22.22222222222222,2026,7,28
Tamil Nadu,Namakkal,Rasipuram(Uzhavar Sandhai ),Sweet Corn,Sweet Corn,Local,2026-07-28,2000.0,2500.0,2250.0,500.0,22.22222222222222,2026,7,28
Tamil Nadu,Madurai,Palanganatham(Uzhavar Sandhai ),Papaya,Papaya,Local,2026-07-28,4000.0,4500.0,4250.0,500.0,11.76470588235294,2026,7,28
Tamil Nadu,Madurai,Palanganatham(Uzhavar Sandhai ),Coriander(Leaves),I Sort,Local,2026-07-28,5000.0,5500.0,5250.0,500.0,9.523809523809524,2026,7,28
Tamil Nadu,Madurai,Palanganatham(Uzhavar Sandhai ),Green Peas,Green Peas,Local,2026-07-28,14000.0,15000.0,14500.0,1000.0,6.896551724137931,2026,7,28
Tamil Nadu,Madurai,Palanganatham(Uzhavar Sandhai ),Ashgourd,Gouard,Local,2026-07-28,2400.0,2600.0,2500.0,200.0,8.0,2026,7,28
Tamil Nadu,Madurai,Palanganatham(Uzhavar Sandhai ),Bhindi(Ladies Finger),Bhindi,Local,2026-07-28,4000.0,4200.0,4100.0,200.0,4.878048780487805,2026,7,28
Tamil Nadu,Madurai,Palanganatham(Uzhavar Sandhai ),Cabbage,Cabbage,Local,2026-07-28,3600.0,4000.0,3800.0,400.0,10.526315789473683,2026,7,28
Tamil Nadu,Madurai,Palanganatham(Uzhavar Sandhai ),Beetroot,Beetroot,Local,2026-07-28,5000.0,5500.0,5250.0,500.0,9.523809523809524,2026,7,28
Tamil Nadu,Madurai,Palanganatham(Uzhavar Sandhai ),Drumstick,Drumstick,Local,2026-07-28,6000.0,7000.0,6500.0,1000.0,15.384615384615385,2026,7,28
Tamil Nadu,Madurai,Palanganatham(Uzhavar Sandhai ),Lemon,Lemon,Local,2026-07-28,6000.0,7000.0,6500.0,1000.0,15.384615384615385,2026,7,28
Tamil Nadu,Madurai,Palanganatham(Uzhavar Sandhai ),Mashrooms,Mashrooms,Local,2026-07-28,22500.0,25000.0,23750.0,2500.0,10.526315789473683,2026,7,28
Tamil Nadu,Madurai,Anna nagar(Uzhavar Sandhai ),Mousambi(Sweet Lime),Mousambi,Local,2026-07-28,10000.0,10000.0,10000.0,0.0,0.0,2026,7,28
Tamil Nadu,Madurai,Anna nagar(Uzhavar Sandhai ),Mango,Other,Local,2026-07-28,5000.0,5000.0,5000.0,0.0,0.0,2026,7,28
Tamil Nadu,Madurai,Anna nagar(Uzhavar Sandhai ),Cluster beans,Cluster Beans,Local,2026-07-28,4600.0,4600.0,4600.0,0.0,0.0,2026,7,28
Tamil Nadu,Madurai,Anna nagar(Uzhavar Sandhai ),Bitter gourd,Other,Local,2026-07-28,6600.0,6600.0,6600.0,0.0,0.0,2026,7,28
Tamil Nadu,Madurai,Anna nagar(Uzhavar Sandhai ),Bottle gourd,Bottle Gourd,Local,2026-07-28,2600.0,3000.0,2800.0,400.0,14.285714285714285,2026,7,28
Tamil Nadu,Madurai,Anna nagar(Uzhavar Sandhai ),Bhindi(Ladies Finger),Bhindi,Local,2026-07-28,3600.0,4000.0,3800.0,400.0,10.526315789473683,2026,7,28
Tamil Nadu,Madurai,Anna nagar(Uzhavar Sandhai ),Ginger(Green),Green Ginger,Local,2026-07-28,12000.0,23000.0,17500.0,11000.0,62.857142857142854,2026,7,28
Tamil Nadu,Madurai,Anna nagar(Uzhavar Sandhai ),Beetroot,Beetroot,Local,2026-07-28,5200.0,5200.0,5200.0,0.0,0.0,2026,7,28
Tamil Nadu,Madurai,Anna nagar(Uzhavar Sandhai ),Raddish,Raddish,Local,2026-07-28,3600.0,3600.0,3600.0,0.0,0.0,2026,7,28
Tamil Nadu,Madurai,Anna nagar(Uzhavar Sandhai ),Thondekai,Thondekai,Local,2026-07-28,5600.0,6600.0,6100.0,1000.0,16.39344262295082,2026,7,28
Tamil Nadu,Madurai,Anna nagar(Uzhavar Sandhai ),Chow Chow,Chow Chow,Local,2026-07-28,3600.0,4000.0,3800.0,400.0,10.526315789473683,2026,7,28
Tamil Nadu,Madurai,Anna nagar(Uzhavar Sandhai ),Mango(Raw-Ripe),Mango - Raw-Ripe,Local,2026-07-28,3600.0,4000.0,3800.0,400.0,10.526315789473683,2026,7,28
Tamil Nadu,Madurai,Anna nagar(Uzhavar Sandhai ),Jasmine,Jasmine,Local,2026-07-28,35000.0,35000.0,35000.0,0.0,0.0,2026,7,28
Tamil Nadu,Madurai,Anna nagar(Uzhavar Sandhai ),Indian Beans(Seam),Indian Beans (Seam),Local,2026-07-28,5600.0,6600.0,6100.0,1000.0,16.39344262295082,2026,7,28
Tamil Nadu,Madurai,Anna nagar(Uzhavar Sandhai ),Lemon,Lemon,Local,2026-07-28,6000.0,7000.0,6500.0,1000.0,15.384615384615385,2026,7,28
Tamil Nadu,Madurai,Anna nagar(Uzhavar Sandhai ),Mashrooms,Mashrooms,Local,2026-07-28,22000.0,22000.0,22000.0,0.0,0.0,2026,7,28
Tamil Nadu,Madurai,Anna nagar(Uzhavar Sandhai ),Tube Rose(Loose),Tube Rose (Loose),Local,2026-07-28,24000.0,24000.0,24000.0,0.0,0.0,2026,7,28
Tamil Nadu,Madurai,Anna nagar(Uzhavar Sandhai ),Sweet Corn,Sweet Corn,Local,2026-07-28,3000.0,3000.0,3000.0,0.0,0.0,2026,7,28
Tamil Nadu,Perambalur,Perambalur(Uzhavar Sandhai ),Groundnut,Big (With Shell),Local,2026-07-28,7000.0,8000.0,7500.0,1000.0,13.333333333333334,2026,7,28
Tamil Nadu,Perambalur,Perambalur(Uzhavar Sandhai ),Banana,Red Banana,Local,2026-07-28,6000.0,7000.0,6500.0,1000.0,15.384615384615385,2026,7,28
Tamil Nadu,Perambalur,Perambalur(Uzhavar Sandhai ),Beans,Beans (Whole),Local,2026-07-28,11200.0,11200.0,11200.0,0.0,0.0,2026,7,28
Tamil Nadu,Perambalur,Perambalur(Uzhavar Sandhai ),Snakeguard,Snakeguard,Local,2026-07-28,3600.0,4000.0,3800.0,400.0,10.526315789473683,2026,7,28
Tamil Nadu,Perambalur,Perambalur(Uzhavar Sandhai ),Green Avare(W),Other,Local,2026-07-28,7200.0,11600.0,9400.0,4400.0,46.808510638297875,2026,7,28
Tamil Nadu,Perambalur,Perambalur(Uzhavar Sandhai ),Mango(Raw-Ripe),Mango - Raw-Ripe,Local,2026-07-28,3000.0,5000.0,4000.0,2000.0,50.0,2026,7,28
Tamil Nadu,Perambalur,Perambalur(Uzhavar Sandhai ),Tender Coconut,Tender Coconut,Local,2026-07-28,3000.0,4000.0,3500.0,1000.0,28.57142857142857,2026,7,28
Tamil Nadu,Perambalur,Perambalur(Uzhavar Sandhai ),Mint(Pudina),Mint(Pudina),Local,2026-07-28,5500.0,6200.0,5850.0,700.0,11.965811965811966,2026,7,28
Tamil Nadu,Salem,Mecheri(Uzhavar Sandhai),Coriander(Leaves),I Sort,Local,2026-07-28,2600.0,3000.0,2800.0,400.0,14.285714285714285,2026,7,28
Tamil Nadu,Salem,Mecheri(Uzhavar Sandhai),Bottle gourd,Bottle Gourd,Local,2026-07-28,2000.0,2500.0,2250.0,500.0,22.22222222222222,2026,7,28
Tamil Nadu,Salem,Mecheri(Uzhavar Sandhai),Ridgeguard(Tori),Ridgeguard(Tori),Local,2026-07-28,4500.0,5000.0,4750.0,500.0,10.526315789473683,2026,7,28
Tamil Nadu,Ranipet,Ranipettai(Uzhavar Sandhai ),Papaya,Papaya,Local,2026-07-28,4000.0,4000.0,4000.0,0.0,0.0,2026,7,28
Tamil Nadu,Ranipet,Ranipettai(Uzhavar Sandhai ),Ashgourd,Gouard,Local,2026-07-28,3000.0,3000.0,3000.0,0.0,0.0,2026,7,28
Tamil Nadu,Ranipet,Ranipettai(Uzhavar Sandhai ),Bhindi(Ladies Finger),Bhindi,Local,2026-07-28,3400.0,3400.0,3400.0,0.0,0.0,2026,7,28
Tamil Nadu,Ranipet,Ranipettai(Uzhavar Sandhai ),Coconut,Coconut,Local,2026-07-28,4000.0,5000.0,4500.0,1000.0,22.22222222222222,2026,7,28
Tamil Nadu,Ranipet,Ranipettai(Uzhavar Sandhai ),Cabbage,Cabbage,Local,2026-07-28,3600.0,3600.0,3600.0,0.0,0.0,2026,7,28
Tamil Nadu,Ranipet,Ranipettai(Uzhavar Sandhai ),Cucumbar(Kheera),Cucumbar,Local,2026-07-28,4000.0,4000.0,4000.0,0.0,0.0,2026,7,28
Tamil Nadu,Ranipet,Ranipettai(Uzhavar Sandhai ),Thondekai,Thondekai,Local,2026-07-28,4000.0,4000.0,4000.0,0.0,0.0,2026,7,28
Tamil Nadu,Ranipet,Ranipettai(Uzhavar Sandhai ),Amla(Nelli Kai),Amla,Local,2026-07-28,6000.0,8000.0,7000.0,2000.0,28.57142857142857,2026,7,28
Tamil Nadu,Ranipet,Ranipettai(Uzhavar Sandhai ),Rose(Local),Rose (Local),Local,2026-07-28,24000.0,24000.0,24000.0,0.0,0.0,2026,7,28
Tamil Nadu,Salem,Ammapet(Uzhavar Sandhai ),Groundnut,Big (With Shell),Local,2026-07-28,6500.0,7000.0,6750.0,500.0,7.4074074074074066,2026,7,28
Tamil Nadu,Salem,Ammapet(Uzhavar Sandhai ),Banana,Red Banana,Local,2026-07-28,7000.0,7500.0,7250.0,500.0,6.896551724137931,2026,7,28
Tamil Nadu,Salem,Ammapet(Uzhavar Sandhai ),Cluster beans,Cluster Beans,Local,2026-07-28,3000.0,3400.0,3200.0,400.0,12.5,2026,7,28
Tamil Nadu,Salem,Ammapet(Uzhavar Sandhai ),Ashgourd,Gouard,Local,2026-07-28,2000.0,2400.0,2200.0,400.0,18.181818181818183,2026,7,28
Tamil Nadu,Salem,Ammapet(Uzhavar Sandhai ),Amaranthus,Amaranthus,Local,2026-07-28,2500.0,2800.0,2650.0,300.0,11.320754716981133,2026,7,28
Tamil Nadu,Salem,Ammapet(Uzhavar Sandhai ),Tapioca,Tapioca,Local,2026-07-28,2500.0,3000.0,2750.0,500.0,18.181818181818183,2026,7,28
Tamil Nadu,Salem,Ammapet(Uzhavar Sandhai ),Ginger(Green),Green Ginger,Local,2026-07-28,19000.0,20000.0,19500.0,1000.0,5.128205128205128,2026,7,28
Tamil Nadu,Salem,Ammapet(Uzhavar Sandhai ),Coconut,Coconut,Local,2026-07-28,4500.0,5500.0,5000.0,1000.0,20.0,2026,7,28
Tamil Nadu,Salem,Ammapet(Uzhavar Sandhai ),Beetroot,Beetroot,Local,2026-07-28,6000.0,6400.0,6200.0,400.0,6.451612903225806,2026,7,28
Tamil Nadu,Salem,Ammapet(Uzhavar Sandhai ),Thondekai,Thondekai,Local,2026-07-28,4500.0,5000.0,4750.0,500.0,10.526315789473683,2026,7,28
Tamil Nadu,Salem,Mettur(Uzhavar Sandhai ),Onion,Bellary,Local,2026-07-28,3500.0,4000.0,3750.0,500.0,13.333333333333334,2026,7,28
Tamil Nadu,Salem,Mettur(Uzhavar Sandhai ),Potato,Other,Local,2026-07-28,3500.0,4000.0,3750.0,500.0,13.333333333333334,2026,7,28
Tamil Nadu,Salem,Mettur(Uzhavar Sandhai ),Garlic,Garlic,Local,2026-07-28,24000.0,26000.0,25000.0,2000.0,8.0,2026,7,28
Tamil Nadu,Salem,Mettur(Uzhavar Sandhai ),Brinjal,Other,Local,2026-07-28,3500.0,4000.0,3750.0,500.0,13.333333333333334,2026,7,28
Tamil Nadu,Salem,Mettur(Uzhavar Sandhai ),Tomato,Local,Local,2026-07-28,1500.0,1800.0,1650.0,300.0,18.181818181818183,2026,7,28
Tamil Nadu,Salem,Mettur(Uzhavar Sandhai ),Bottle gourd,Bottle Gourd,Local,2026-07-28,1500.0,2000.0,1750.0,500.0,28.57142857142857,2026,7,28
Tamil Nadu,Salem,Mettur(Uzhavar Sandhai ),Ashgourd,Gouard,Local,2026-07-28,2000.0,2500.0,2250.0,500.0,22.22222222222222,2026,7,28
Tamil Nadu,Salem,Mettur(Uzhavar Sandhai ),Tapioca,Tapioca,Local,2026-07-28,2500.0,3000.0,2750.0,500.0,18.181818181818183,2026,7,28
Tamil Nadu,Salem,Mettur(Uzhavar Sandhai ),Cabbage,Cabbage,Local,2026-07-28,3500.0,4000.0,3750.0,500.0,13.333333333333334,2026,7,28
Tamil Nadu,Salem,Mettur(Uzhavar Sandhai ),Guava,Guava Allahabad,Local,2026-07-28,5000.0,6000.0,5500.0,1000.0,18.181818181818183,2026,7,28
Tamil Nadu,Salem,Mettur(Uzhavar Sandhai ),Indian Beans(Seam),Indian Beans (Seam),Local,2026-07-28,6000.0,6500.0,6250.0,500.0,8.0,2026,7,28
Tamil Nadu,Salem,Mettur(Uzhavar Sandhai ),Sweet Corn,Sweet Corn,Local,2026-07-28,3500.0,4000.0,3750.0,500.0,13.333333333333334,2026,7,28
Tamil Nadu,Salem,Sooramangalam(Uzhavar Sandhai ),Mousambi(Sweet Lime),Mousambi,Local,2026-07-28,3000.0,3500.0,3250.0,500.0,15.384615384615385,2026,7,28
Tamil Nadu,Salem,Sooramangalam(Uzhavar Sandhai ),Amaranthus,Amaranthus,Local,2026-07-28,1800.0,2000.0,1900.0,200.0,10.526315789473683,2026,7,28
Tamil Nadu,Salem,Sooramangalam(Uzhavar Sandhai ),Green Chilli,Green Chilly,Local,2026-07-28,4000.0,4200.0,4100.0,200.0,4.878048780487805,2026,7,28
Tamil Nadu,Salem,Sooramangalam(Uzhavar Sandhai ),Ginger(Green),Green Ginger,Local,2026-07-28,19000.0,20000.0,19500.0,1000.0,5.128205128205128,2026,7,28
Tamil Nadu,Salem,Sooramangalam(Uzhavar Sandhai ),Mango(Raw-Ripe),Mango - Raw-Ripe,Local,2026-07-28,3000.0,4000.0,3500.0,1000.0,28.57142857142857,2026,7,28
Tamil Nadu,Salem,Sooramangalam(Uzhavar Sandhai ),Marigold(Calcutta),Marigold(Calcutta),Local,2026-07-28,16000.0,18000.0,17000.0,2000.0,11.76470588235294,2026,7,28
Tamil Nadu,Salem,Sooramangalam(Uzhavar Sandhai ),Rose(Local),Rose (Local),Local,2026-07-28,7000.0,8000.0,7500.0,1000.0,13.333333333333334,2026,7,28
Tamil Nadu,Salem,Thammampatti (Uzhavar Sandhai ),Papaya,Papaya,Local,2026-07-28,2500.0,3000.0,2750.0,500.0,18.181818181818183,2026,7,28
Tamil Nadu,Salem,Thammampatti (Uzhavar Sandhai ),Groundnut,Big (With Shell),Local,2026-07-28,7000.0,7000.0,7000.0,0.0,0.0,2026,7,28
Tamil Nadu,Salem,Thammampatti (Uzhavar Sandhai ),Onion,Bellary,Local,2026-07-28,3800.0,4200.0,4000.0,400.0,10.0,2026,7,28
Tamil Nadu,Salem,Thammampatti (Uzhavar Sandhai ),Bhindi(Ladies Finger),Bhindi,Local,2026-07-28,3000.0,3500.0,3250.0,500.0,15.384615384615385,2026,7,28
Tamil Nadu,Salem,Thammampatti (Uzhavar Sandhai ),Beans,Beans (Whole),Local,2026-07-28,7000.0,7500.0,7250.0,500.0,6.896551724137931,2026,7,28
Tamil Nadu,Salem,Thammampatti (Uzhavar Sandhai ),Ginger(Green),Green Ginger,Local,2026-07-28,14000.0,20000.0,17000.0,6000.0,35.294117647058826,2026,7,28
Tamil Nadu,Salem,Thammampatti (Uzhavar Sandhai ),Snakeguard,Snakeguard,Local,2026-07-28,3500.0,3800.0,3650.0,300.0,8.21917808219178,2026,7,28
Tamil Nadu,Salem,Thammampatti (Uzhavar Sandhai ),Yam(Ratalu),Yam (Ratalu),Local,2026-07-28,3000.0,4000.0,3500.0,1000.0,28.57142857142857,2026,7,28
Tamil Nadu,Salem,Thammampatti (Uzhavar Sandhai ),Amla(Nelli Kai),Amla,Local,2026-07-28,6000.0,7000.0,6500.0,1000.0,15.384615384615385,2026,7,28
Tamil Nadu,Salem,Thathakapatti(Uzhavar Sandhai ),Mango,Safeda,Local,2026-07-28,4000.0,5000.0,4500.0,1000.0,22.22222222222222,2026,7,28
Tamil Nadu,Salem,Thathakapatti(Uzhavar Sandhai ),Mousambi(Sweet Lime),Mousambi,Local,2026-07-28,3000.0,3500.0,3250.0,500.0,15.384615384615385,2026,7,28
Tamil Nadu,Salem,Thathakapatti(Uzhavar Sandhai ),Brinjal,Round,Local,2026-07-28,4000.0,4800.0,4400.0,800.0,18.181818181818183,2026,7,28
Tamil Nadu,Salem,Thathakapatti(Uzhavar Sandhai ),Coriander(Leaves),I Sort,Local,2026-07-28,4000.0,4500.0,4250.0,500.0,11.76470588235294,2026,7,28
Tamil Nadu,Salem,Thathakapatti(Uzhavar Sandhai ),Bottle gourd,Bottle Gourd,Local,2026-07-28,2500.0,3000.0,2750.0,500.0,18.181818181818183,2026,7,28
Tamil Nadu,Salem,Thathakapatti(Uzhavar Sandhai ),Amaranthus,Amaranthus,Local,2026-07-28,2000.0,2400.0,2200.0,400.0,18.181818181818183,2026,7,28
Tamil Nadu,Salem,Thathakapatti(Uzhavar Sandhai ),Coconut,Coconut,Local,2026-07-28,5000.0,6000.0,5500.0,1000.0,18.181818181818183,2026,7,28
Tamil Nadu,Salem,Thathakapatti(Uzhavar Sandhai ),Carrot,Pusakesar,Local,2026-07-28,8500.0,9000.0,8750.0,500.0,5.714285714285714,2026,7,28
Tamil Nadu,Salem,Thathakapatti(Uzhavar Sandhai ),Beetroot,Beetroot,Local,2026-07-28,7000.0,8000.0,7500.0,1000.0,13.333333333333334,2026,7,28
Tamil Nadu,Salem,Thathakapatti(Uzhavar Sandhai ),Thondekai,Thondekai,Local,2026-07-28,4000.0,5000.0,4500.0,1000.0,22.22222222222222,2026,7,28
Tamil Nadu,Salem,Thathakapatti(Uzhavar Sandhai ),Capsicum,Capsicum,Local,2026-07-28,7000.0,7400.0,7200.0,400.0,5.555555555555555,2026,7,28
Tamil Nadu,Salem,Thathakapatti(Uzhavar Sandhai ),Mango(Raw-Ripe),Mango - Raw-Ripe,Local,2026-07-28,4000.0,5000.0,4500.0,1000.0,22.22222222222222,2026,7,28
Tamil Nadu,Salem,Thathakapatti(Uzhavar Sandhai ),Lime,Lime,Local,2026-07-28,3500.0,4000.0,3750.0,500.0,13.333333333333334,2026,7,28
Tamil Nadu,Salem,Thathakapatti(Uzhavar Sandhai ),Pomegranate,Pomogranate,Local,2026-07-28,16000.0,18000.0,17000.0,2000.0,11.76470588235294,2026,7,28
Tamil Nadu,Salem,Thathakapatti(Uzhavar Sandhai ),Fig(Anjura/Anjeer),Anjura,Local,2026-07-28,10000.0,12000.0,11000.0,2000.0,18.181818181818183,2026,7,28
Tamil Nadu,Salem,Thathakapatti(Uzhavar Sandhai ),Yam(Ratalu),Yam (Ratalu),Local,2026-07-28,7000.0,8000.0,7500.0,1000.0,13.333333333333334,2026,7,28
Tamil Nadu,Salem,Thathakapatti(Uzhavar Sandhai ),Rose(Local),Rose (Local),Local,2026-07-28,13000.0,14000.0,13500.0,1000.0,7.4074074074074066,2026,7,28
Tamil Nadu,Pudukkottai,Pudukottai(Uzhavar Sandhai ),Potato,Other,Local,2026-07-28,6500.0,7000.0,6750.0,500.0,7.4074074074074066,2026,7,28
Tamil Nadu,Pudukkottai,Pudukottai(Uzhavar Sandhai ),Cauliflower,Ranchi,Local,2026-07-28,4500.0,5000.0,4750.0,500.0,10.526315789473683,2026,7,28
Tamil Nadu,Pudukkottai,Pudukottai(Uzhavar Sandhai ),Banana - Green,Banana - Green,Local,2026-07-28,2500.0,3000.0,2750.0,500.0,18.181818181818183,2026,7,28
Tamil Nadu,Pudukkottai,Pudukottai(Uzhavar Sandhai ),Tapioca,Tapioca,Local,2026-07-28,3000.0,4000.0,3500.0,1000.0,28.57142857142857,2026,7,28
Tamil Nadu,Pudukkottai,Pudukottai(Uzhavar Sandhai ),Coconut,Coconut,Local,2026-07-28,3000.0,4000.0,3500.0,1000.0,28.57142857142857,2026,7,28
Tamil Nadu,Pudukkottai,Pudukottai(Uzhavar Sandhai ),Cabbage,Cabbage,Local,2026-07-28,4000.0,4500.0,4250.0,500.0,11.76470588235294,2026,7,28
Tamil Nadu,Pudukkottai,Pudukottai(Uzhavar Sandhai ),Ridgeguard(Tori),Ridgeguard(Tori),Local,2026-07-28,6000.0,7000.0,6500.0,1000.0,15.384615384615385,2026,7,28
Tamil Nadu,Pudukkottai,Pudukottai(Uzhavar Sandhai ),Capsicum,Capsicum,Local,2026-07-28,6000.0,7000.0,6500.0,1000.0,15.384615384615385,2026,7,28
Tamil Nadu,Pudukkottai,Pudukottai(Uzhavar Sandhai ),Chow Chow,Chow Chow,Local,2026-07-28,4000.0,4500.0,4250.0,500.0,11.76470588235294,2026,7,28
Tamil Nadu,Pudukkottai,Pudukottai(Uzhavar Sandhai ),Guava,Guava Allahabad,Local,2026-07-28,7000.0,8000.0,7500.0,1000.0,13.333333333333334,2026,7,28
Tamil Nadu,Pudukkottai,Pudukottai(Uzhavar Sandhai ),Pomegranate,Pomogranate,Local,2026-07-28,24500.0,25000.0,24750.0,500.0,2.0202020202020203,2026,7,28
Tamil Nadu,Pudukkottai,Pudukottai(Uzhavar Sandhai ),Elephant Yam(Suran)/Amorphophallus,Elephant Yam (Suran),Local,2026-07-28,5000.0,6000.0,5500.0,1000.0,18.181818181818183,2026,7,28
Tamil Nadu,Pudukkottai,Pudukottai(Uzhavar Sandhai ),Colacasia,Colacasia,Local,2026-07-28,5500.0,6000.0,5750.0,500.0,8.695652173913043,2026,7,28
Tamil Nadu,Thanjavur,Kumbakonam (Uzhavar Sandhai ),Potato,Red Nanital,Local,2026-07-28,3000.0,3600.0,3300.0,600.0,18.181818181818183,2026,7,28
Tamil Nadu,Thanjavur,Kumbakonam (Uzhavar Sandhai ),Cauliflower,Ranchi,Local,2026-07-28,4800.0,4800.0,4800.0,0.0,0.0,2026,7,28
Tamil Nadu,Thanjavur,Kumbakonam (Uzhavar Sandhai ),Ashgourd,Gouard,Local,2026-07-28,2400.0,2400.0,2400.0,0.0,0.0,2026,7,28
Tamil Nadu,Thanjavur,Kumbakonam (Uzhavar Sandhai ),Pumpkin,Pumpkin,Local,2026-07-28,2400.0,2400.0,2400.0,0.0,0.0,2026,7,28
Tamil Nadu,Thanjavur,Kumbakonam (Uzhavar Sandhai ),Bhindi(Ladies Finger),Bhindi,Local,2026-07-28,4800.0,4800.0,4800.0,0.0,0.0,2026,7,28
Tamil Nadu,Thanjavur,Kumbakonam (Uzhavar Sandhai ),Carrot,Pusakesar,Local,2026-07-28,8400.0,10200.0,9300.0,1800.0,19.35483870967742,2026,7,28
Tamil Nadu,Thanjavur,Kumbakonam (Uzhavar Sandhai ),Beetroot,Beetroot,Local,2026-07-28,4800.0,6000.0,5400.0,1200.0,22.22222222222222,2026,7,28
Tamil Nadu,Thanjavur,Kumbakonam (Uzhavar Sandhai ),Green Avare(W),Green Avare (W),Local,2026-07-28,7200.0,7200.0,7200.0,0.0,0.0,2026,7,28
Tamil Nadu,Thanjavur,Kumbakonam (Uzhavar Sandhai ),Jack Fruit(Ripe),Jack Fruit,Local,2026-07-28,3000.0,3000.0,3000.0,0.0,0.0,2026,7,28
Tamil Nadu,Thanjavur,Kumbakonam (Uzhavar Sandhai ),Elephant Yam(Suran)/Amorphophallus,Elephant Yam (Suran),Local,2026-07-28,4800.0,4800.0,4800.0,0.0,0.0,2026,7,28
Tamil Nadu,Thanjavur,Kumbakonam (Uzhavar Sandhai ),Colacasia,Colacasia,Local,2026-07-28,6000.0,6000.0,6000.0,0.0,0.0,2026,7,28
Tamil Nadu,The Nilgiris,Udhagamandalam(Uzhavar Sandhai ),Papaya,Papaya,Local,2026-07-28,4000.0,4500.0,4250.0,500.0,11.76470588235294,2026,7,28
Tamil Nadu,The Nilgiris,Udhagamandalam(Uzhavar Sandhai ),Orange,Darjeeling,Local,2026-07-28,10000.0,15000.0,12500.0,5000.0,40.0,2026,7,28
Tamil Nadu,The Nilgiris,Udhagamandalam(Uzhavar Sandhai ),Mango,Safeda,Local,2026-07-28,7000.0,8000.0,7500.0,1000.0,13.333333333333334,2026,7,28
Tamil Nadu,The Nilgiris,Udhagamandalam(Uzhavar Sandhai ),Garlic,Garlic,Local,2026-07-28,20000.0,22000.0,21000.0,2000.0,9.523809523809524,2026,7,28
Tamil Nadu,The Nilgiris,Udhagamandalam(Uzhavar Sandhai ),Amaranthus,Amaranthus,Local,2026-07-28,5500.0,6000.0,5750.0,500.0,8.695652173913043,2026,7,28
Tamil Nadu,The Nilgiris,Udhagamandalam(Uzhavar Sandhai ),Raddish,Raddish,Local,2026-07-28,2500.0,3000.0,2750.0,500.0,18.181818181818183,2026,7,28
Tamil Nadu,The Nilgiris,Udhagamandalam(Uzhavar Sandhai ),Thondekai,Thondekai,Local,2026-07-28,4000.0,4500.0,4250.0,500.0,11.76470588235294,2026,7,28
Tamil Nadu,Theni,Andipatti(Uzhavar Sandhai ),Bitter gourd,Bitter Gourd,Local,2026-07-28,5000.0,5400.0,5200.0,400.0,7.6923076923076925,2026,7,28
Tamil Nadu,Theni,Andipatti(Uzhavar Sandhai ),Green Chilli,Green Chilly,Local,2026-07-28,5000.0,5400.0,5200.0,400.0,7.6923076923076925,2026,7,28
Tamil Nadu,Theni,Andipatti(Uzhavar Sandhai ),Beans,Beans (Whole),Local,2026-07-28,8000.0,9000.0,8500.0,1000.0,11.76470588235294,2026,7,28
Tamil Nadu,Theni,Andipatti(Uzhavar Sandhai ),Carrot,Pusakesar,Local,2026-07-28,8000.0,8400.0,8200.0,400.0,4.878048780487805,2026,7,28
Tamil Nadu,Theni,Andipatti(Uzhavar Sandhai ),Ridgeguard(Tori),Ridgeguard(Tori),Local,2026-07-28,4400.0,4800.0,4600.0,400.0,8.695652173913043,2026,7,28
Tamil Nadu,Theni,Andipatti(Uzhavar Sandhai ),Mango(Raw-Ripe),Mango - Raw-Ripe,Local,2026-07-28,3000.0,3500.0,3250.0,500.0,15.384615384615385,2026,7,28
Tamil Nadu,Theni,Andipatti(Uzhavar Sandhai ),Knool Khol,Knool Khol,Local,2026-07-28,4000.0,4400.0,4200.0,400.0,9.523809523809524,2026,7,28
Tamil Nadu,Theni,Andipatti(Uzhavar Sandhai ),Elephant Yam(Suran)/Amorphophallus,Elephant Yam (Suran),Local,2026-07-28,3500.0,4000.0,3750.0,500.0,13.333333333333334,2026,7,28
Tamil Nadu,Theni,Andipatti(Uzhavar Sandhai ),Yam(Ratalu),Yam (Ratalu),Local,2026-07-28,7000.0,7500.0,7250.0,500.0,6.896551724137931,2026,7,28
Tamil Nadu,Theni,Andipatti(Uzhavar Sandhai ),Indian Beans(Seam),Indian Beans (Seam),Local,2026-07-28,5000.0,5500.0,5250.0,500.0,9.523809523809524,2026,7,28
Tamil Nadu,Theni,Bodinayakanur(Uzhavar Sandhai ),Mango,Safeda,Local,2026-07-28,5000.0,5000.0,5000.0,0.0,0.0,2026,7,28
Tamil Nadu,Theni,Bodinayakanur(Uzhavar Sandhai ),Onion,Bellary,Local,2026-07-28,3800.0,3800.0,3800.0,0.0,0.0,2026,7,28
Tamil Nadu,Theni,Bodinayakanur(Uzhavar Sandhai ),Pumpkin,Pumpkin,Local,2026-07-28,1800.0,1800.0,1800.0,0.0,0.0,2026,7,28
Tamil Nadu,Theni,Bodinayakanur(Uzhavar Sandhai ),Coconut,Coconut,Local,2026-07-28,5400.0,5400.0,5400.0,0.0,0.0,2026,7,28
Tamil Nadu,Theni,Bodinayakanur(Uzhavar Sandhai ),Sweet Potato,Hosur Red,Local,2026-07-28,4000.0,4000.0,4000.0,0.0,0.0,2026,7,28
Tamil Nadu,Theni,Bodinayakanur(Uzhavar Sandhai ),Beetroot,Beetroot,Local,2026-07-28,4500.0,4500.0,4500.0,0.0,0.0,2026,7,28
Tamil Nadu,Theni,Bodinayakanur(Uzhavar Sandhai ),Chow Chow,Chow Chow,Local,2026-07-28,3400.0,3400.0,3400.0,0.0,0.0,2026,7,28
Tamil Nadu,Theni,Bodinayakanur(Uzhavar Sandhai ),Lemon,Lemon,Local,2026-07-28,5000.0,5000.0,5000.0,0.0,0.0,2026,7,28
Tamil Nadu,Theni,Bodinayakanur(Uzhavar Sandhai ),Onion Green,Onion Green,Local,2026-07-28,6000.0,6000.0,6000.0,0.0,0.0,2026,7,28
Tamil Nadu,Theni,Chinnamanur(Uzhavar Sandhai ),Garlic,Garlic,Local,2026-07-28,14000.0,24000.0,19000.0,10000.0,52.63157894736842,2026,7,28
Tamil Nadu,Theni,Chinnamanur(Uzhavar Sandhai ),Brinjal,Other,Local,2026-07-28,4000.0,4400.0,4200.0,400.0,9.523809523809524,2026,7,28
Tamil Nadu,Theni,Chinnamanur(Uzhavar Sandhai ),Tomato,Local,Local,2026-07-28,2200.0,2200.0,2200.0,0.0,0.0,2026,7,28
Tamil Nadu,Theni,Chinnamanur(Uzhavar Sandhai ),Amaranthus,Amaranthus,Local,2026-07-28,2500.0,2500.0,2500.0,0.0,0.0,2026,7,28
Tamil Nadu,Theni,Chinnamanur(Uzhavar Sandhai ),Beetroot,Beetroot,Local,2026-07-28,4500.0,4500.0,4500.0,0.0,0.0,2026,7,28
Tamil Nadu,Theni,Chinnamanur(Uzhavar Sandhai ),Drumstick,Drumstick,Local,2026-07-28,4000.0,4000.0,4000.0,0.0,0.0,2026,7,28
Tamil Nadu,Theni,Kambam(Uzhavar Sandhai ),Papaya,Papaya,Local,2026-07-28,2500.0,3000.0,2750.0,500.0,18.181818181818183,2026,7,28
Tamil Nadu,Theni,Kambam(Uzhavar Sandhai ),Banana,Red Banana,Local,2026-07-28,6000.0,6000.0,6000.0,0.0,0.0,2026,7,28
Tamil Nadu,Theni,Kambam(Uzhavar Sandhai ),Mango,Safeda,Local,2026-07-28,4000.0,4000.0,4000.0,0.0,0.0,2026,7,28
Tamil Nadu,Theni,Kambam(Uzhavar Sandhai ),Brinjal,Other,Local,2026-07-28,3800.0,4000.0,3900.0,200.0,5.128205128205128,2026,7,28
Tamil Nadu,Theni,Kambam(Uzhavar Sandhai ),Snakeguard,Snakeguard,Local,2026-07-28,2800.0,2800.0,2800.0,0.0,0.0,2026,7,28
Tamil Nadu,Theni,Kambam(Uzhavar Sandhai ),Beetroot,Beetroot,Local,2026-07-28,3500.0,4400.0,3950.0,900.0,22.78481012658228,2026,7,28
Tamil Nadu,Theni,Kambam(Uzhavar Sandhai ),Lemon,Lemon,Local,2026-07-28,4000.0,5000.0,4500.0,1000.0,22.22222222222222,2026,7,28
Tamil Nadu,Theni,Theni(Uzhavar Sandhai ),Apple,American,Local,2026-07-28,14000.0,26000.0,20000.0,12000.0,60.0,2026,7,28
Tamil Nadu,Theni,Theni(Uzhavar Sandhai ),Orange,Darjeeling,Local,2026-07-28,12000.0,16000.0,14000.0,4000.0,28.57142857142857,2026,7,28
Tamil Nadu,Theni,Theni(Uzhavar Sandhai ),Banana,Red Banana,Local,2026-07-28,5000.0,6000.0,5500.0,1000.0,18.181818181818183,2026,7,28
Tamil Nadu,Theni,Theni(Uzhavar Sandhai ),Onion,Bellary,Local,2026-07-28,3500.0,3800.0,3650.0,300.0,8.21917808219178,2026,7,28
Tamil Nadu,Theni,Theni(Uzhavar Sandhai ),Garlic,Garlic,Local,2026-07-28,10000.0,20000.0,15000.0,10000.0,66.66666666666666,2026,7,28
Tamil Nadu,Theni,Theni(Uzhavar Sandhai ),Cauliflower,Ranchi,Local,2026-07-28,1500.0,2500.0,2000.0,1000.0,50.0,2026,7,28
Tamil Nadu,Theni,Theni(Uzhavar Sandhai ),Pumpkin,Pumpkin,Local,2026-07-28,1500.0,1800.0,1650.0,300.0,18.181818181818183,2026,7,28
Tamil Nadu,Theni,Theni(Uzhavar Sandhai ),Banana - Green,Banana - Green,Local,2026-07-28,3000.0,3500.0,3250.0,500.0,15.384615384615385,2026,7,28
Tamil Nadu,Theni,Theni(Uzhavar Sandhai ),Raddish,Raddish,Local,2026-07-28,2800.0,2800.0,2800.0,0.0,0.0,2026,7,28
Tamil Nadu,Theni,Theni(Uzhavar Sandhai ),Chow Chow,Chow Chow,Local,2026-07-28,3400.0,3400.0,3400.0,0.0,0.0,2026,7,28
Tamil Nadu,Theni,Theni(Uzhavar Sandhai ),Karbuja(Musk Melon),Karbhuja,Local,2026-07-28,6000.0,6000.0,6000.0,0.0,0.0,2026,7,28
Tamil Nadu,Theni,Theni(Uzhavar Sandhai ),Colacasia,Colacasia,Local,2026-07-28,5000.0,5000.0,5000.0,0.0,0.0,2026,7,28
Tamil Nadu,Thirunelveli,Kandiyaperi(Uzhavar Sandhai ),Pumpkin,Pumpkin,Local,2026-07-28,1000.0,1200.0,1100.0,200.0,18.181818181818183,2026,7,28
Tamil Nadu,Thirunelveli,Melapalayam(Uzhavar Sandhai ),Bitter gourd,Other,Local,2026-07-28,5500.0,6500.0,6000.0,1000.0,16.666666666666664,2026,7,28
Tamil Nadu,Thirunelveli,Melapalayam(Uzhavar Sandhai ),Bottle gourd,Bottle Gourd,Local,2026-07-28,1000.0,1200.0,1100.0,200.0,18.181818181818183,2026,7,28
Tamil Nadu,Thirunelveli,Melapalayam(Uzhavar Sandhai ),Capsicum,Capsicum,Local,2026-07-28,5000.0,5500.0,5250.0,500.0,9.523809523809524,2026,7,28
Tamil Nadu,Thirunelveli,Palayamkottai(Uzhavar Sandhai ),Onion,Bellary,Local,2026-07-28,3400.0,3800.0,3600.0,400.0,11.11111111111111,2026,7,28
Tamil Nadu,Thirunelveli,Palayamkottai(Uzhavar Sandhai ),Garlic,Garlic,Local,2026-07-28,28000.0,33000.0,30500.0,5000.0,16.39344262295082,2026,7,28
Tamil Nadu,Thirunelveli,Palayamkottai(Uzhavar Sandhai ),Cucumbar(Kheera),Cucumbar,Local,2026-07-28,3800.0,6000.0,4900.0,2200.0,44.89795918367347,2026,7,28
Tamil Nadu,Thirupur,Kangayam(Uzhavar Sandhai ),Amaranthus,Amaranthus,Local,2026-07-28,2500.0,2500.0,2500.0,0.0,0.0,2026,7,28
Tamil Nadu,Thirupur,Kangayam(Uzhavar Sandhai ),Banana - Green,Banana - Green,Local,2026-07-28,3000.0,3000.0,3000.0,0.0,0.0,2026,7,28
Tamil Nadu,Thirupur,Kangayam(Uzhavar Sandhai ),Mint(Pudina),Mint(Pudina),Local,2026-07-28,2000.0,2000.0,2000.0,0.0,0.0,2026,7,28
Tamil Nadu,Thirupur,Tiruppur (North) (Uzhavar Sandhai ),Onion,Bellary,Local,2026-07-28,3000.0,3500.0,3250.0,500.0,15.384615384615385,2026,7,28
Tamil Nadu,Thirupur,Tiruppur (North) (Uzhavar Sandhai ),Cauliflower,Ranchi,Local,2026-07-28,3000.0,3600.0,3300.0,600.0,18.181818181818183,2026,7,28
Tamil Nadu,Thirupur,Tiruppur (North) (Uzhavar Sandhai ),Bitter gourd,Other,Local,2026-07-28,4500.0,5000.0,4750.0,500.0,10.526315789473683,2026,7,28
Tamil Nadu,Thirupur,Tiruppur (North) (Uzhavar Sandhai ),Ashgourd,Gouard,Local,2026-07-28,1500.0,2000.0,1750.0,500.0,28.57142857142857,2026,7,28
Tamil Nadu,Thirupur,Tiruppur (North) (Uzhavar Sandhai ),Cabbage,Cabbage,Local,2026-07-28,2500.0,3000.0,2750.0,500.0,18.181818181818183,2026,7,28
Tamil Nadu,Thirupur,Tiruppur (North) (Uzhavar Sandhai ),Tender Coconut,Tender Coconut,Local,2026-07-28,3000.0,3500.0,3250.0,500.0,15.384615384615385,2026,7,28
Tamil Nadu,Thirupur,Tiruppur (North) (Uzhavar Sandhai ),Yam(Ratalu),Yam (Ratalu),Local,2026-07-28,5000.0,6000.0,5500.0,1000.0,18.181818181818183,2026,7,28
Tamil Nadu,Thirupur,Tiruppur (North) (Uzhavar Sandhai ),Onion Green,Onion Green,Local,2026-07-28,5000.0,6000.0,5500.0,1000.0,18.181818181818183,2026,7,28
Tamil Nadu,Thirupur,Tiruppur (North) (Uzhavar Sandhai ),Mint(Pudina),Mint(Pudina),Local,2026-07-28,2000.0,2600.0,2300.0,600.0,26.08695652173913,2026,7,28
Tamil Nadu,Thirupur,Tiruppur (South) (Uzhavar Sandhai ),Garlic,Garlic,Local,2026-07-28,15000.0,18000.0,16500.0,3000.0,18.181818181818183,2026,7,28
Tamil Nadu,Thirupur,Tiruppur (South) (Uzhavar Sandhai ),Cauliflower,Ranchi,Local,2026-07-28,2500.0,3000.0,2750.0,500.0,18.181818181818183,2026,7,28
Tamil Nadu,Thirupur,Tiruppur (South) (Uzhavar Sandhai ),Tomato,Local,Local,2026-07-28,1500.0,1800.0,1650.0,300.0,18.181818181818183,2026,7,28
Tamil Nadu,Thirupur,Tiruppur (South) (Uzhavar Sandhai ),Bitter gourd,Other,Local,2026-07-28,6000.0,7000.0,6500.0,1000.0,15.384615384615385,2026,7,28
Tamil Nadu,Thirupur,Tiruppur (South) (Uzhavar Sandhai ),Green Chilli,Green Chilly,Local,2026-07-28,4000.0,5000.0,4500.0,1000.0,22.22222222222222,2026,7,28
Tamil Nadu,Thirupur,Tiruppur (South) (Uzhavar Sandhai ),Carrot,Pusakesar,Local,2026-07-28,7800.0,9000.0,8400.0,1200.0,14.285714285714285,2026,7,28
Tamil Nadu,Thirupur,Tiruppur (South) (Uzhavar Sandhai ),Raddish,Raddish,Local,2026-07-28,2500.0,3000.0,2750.0,500.0,18.181818181818183,2026,7,28
Tamil Nadu,Thiruvannamalai,Chengam(Uzhavar Sandhai ),Groundnut,Big (With Shell),Local,2026-07-28,7000.0,8000.0,7500.0,1000.0,13.333333333333334,2026,7,28
Tamil Nadu,Thiruvannamalai,Chengam(Uzhavar Sandhai ),Banana,Besrai,Local,2026-07-28,4000.0,5000.0,4500.0,1000.0,22.22222222222222,2026,7,28
Tamil Nadu,Thiruvannamalai,Chengam(Uzhavar Sandhai ),Mango,Safeda,Local,2026-07-28,3500.0,4000.0,3750.0,500.0,13.333333333333334,2026,7,28
Tamil Nadu,Thiruvannamalai,Chengam(Uzhavar Sandhai ),Garlic,Garlic,Local,2026-07-28,20000.0,25000.0,22500.0,5000.0,22.22222222222222,2026,7,28
Tamil Nadu,Thiruvannamalai,Chengam(Uzhavar Sandhai ),Bhindi(Ladies Finger),Bhindi,Local,2026-07-28,2500.0,3000.0,2750.0,500.0,18.181818181818183,2026,7,28
Tamil Nadu,Thiruvannamalai,Chengam(Uzhavar Sandhai ),Beans,Beans (Whole),Local,2026-07-28,7000.0,8000.0,7500.0,1000.0,13.333333333333334,2026,7,28
Tamil Nadu,Thiruvannamalai,Chengam(Uzhavar Sandhai ),Knool Khol,Knool Khol,Local,2026-07-28,4500.0,5000.0,4750.0,500.0,10.526315789473683,2026,7,28
Tamil Nadu,Thiruvannamalai,Chengam(Uzhavar Sandhai ),Jack Fruit(Ripe),Jack Fruit,Local,2026-07-28,1500.0,2000.0,1750.0,500.0,28.57142857142857,2026,7,28
Tamil Nadu,Thiruvannamalai,Chengam(Uzhavar Sandhai ),Mint(Pudina),Mint(Pudina),Local,2026-07-28,4000.0,5000.0,4500.0,1000.0,22.22222222222222,2026,7,28
Tamil Nadu,Thiruvannamalai,Chengam(Uzhavar Sandhai ),Sweet Corn,Sweet Corn,Local,2026-07-28,1500.0,2000.0,1750.0,500.0,28.57142857142857,2026,7,28
Tamil Nadu,Thiruvannamalai,Tamarainagar(Uzhavar Sandhai ),Papaya,Papaya,Local,2026-07-28,3000.0,3600.0,3300.0,600.0,18.181818181818183,2026,7,28
Tamil Nadu,Thiruvannamalai,Tamarainagar(Uzhavar Sandhai ),Tomato,Deshi,Local,2026-07-28,1800.0,2000.0,1900.0,200.0,10.526315789473683,2026,7,28
Tamil Nadu,Thiruvannamalai,Tamarainagar(Uzhavar Sandhai ),Ashgourd,Gouard,Local,2026-07-28,2000.0,2500.0,2250.0,500.0,22.22222222222222,2026,7,28
Tamil Nadu,Thiruvannamalai,Tamarainagar(Uzhavar Sandhai ),Tapioca,Tapioca,Local,2026-07-28,1500.0,2000.0,1750.0,500.0,28.57142857142857,2026,7,28
Tamil Nadu,Thiruvannamalai,Tamarainagar(Uzhavar Sandhai ),Raddish,Raddish,Local,2026-07-28,2000.0,2500.0,2250.0,500.0,22.22222222222222,2026,7,28
Tamil Nadu,Thiruvannamalai,Tamarainagar(Uzhavar Sandhai ),Mango(Raw-Ripe),Mango - Raw-Ripe,Local,2026-07-28,2500.0,3000.0,2750.0,500.0,18.181818181818183,2026,7,28
Tamil Nadu,Thiruvannamalai,Tamarainagar(Uzhavar Sandhai ),Lime,Lime,Local,2026-07-28,5000.0,6000.0,5500.0,1000.0,18.181818181818183,2026,7,28
Tamil Nadu,Thiruvannamalai,Tamarainagar(Uzhavar Sandhai ),Fig(Anjura/Anjeer),Anjura,Local,2026-07-28,5000.0,6000.0,5500.0,1000.0,18.181818181818183,2026,7,28
Tamil Nadu,Thiruvannamalai,Tamarainagar(Uzhavar Sandhai ),Rose(Local),Rose (Local),Local,2026-07-28,20000.0,24000.0,22000.0,4000.0,18.181818181818183,2026,7,28
Tamil Nadu,Thiruvannamalai,Vandavasi(Uzhavar Sandhai ),Coriander(Leaves),I Sort,Local,2026-07-28,4000.0,5000.0,4500.0,1000.0,22.22222222222222,2026,7,28
Tamil Nadu,Thiruvannamalai,Vandavasi(Uzhavar Sandhai ),Amaranthus,Amaranthus,Local,2026-07-28,2500.0,3000.0,2750.0,500.0,18.181818181818183,2026,7,28
Tamil Nadu,Thiruvannamalai,Vandavasi(Uzhavar Sandhai ),Beans,Beans (Whole),Local,2026-07-28,7200.0,8400.0,7800.0,1200.0,15.384615384615385,2026,7,28
Tamil Nadu,Thiruvannamalai,Vandavasi(Uzhavar Sandhai ),Beetroot,Beetroot,Local,2026-07-28,4000.0,4800.0,4400.0,800.0,18.181818181818183,2026,7,28
Tamil Nadu,Thiruvannamalai,Vandavasi(Uzhavar Sandhai ),Ridgeguard(Tori),Ridgeguard(Tori),Local,2026-07-28,3600.0,4200.0,3900.0,600.0,15.384615384615385,2026,7,28
Tamil Nadu,Thiruvannamalai,Vandavasi(Uzhavar Sandhai ),Guava,Guava Allahabad,Local,2026-07-28,4000.0,5000.0,4500.0,1000.0,22.22222222222222,2026,7,28
Tamil Nadu,Thiruvannamalai,Vandavasi(Uzhavar Sandhai ),Yam(Ratalu),Yam (Ratalu),Local,2026-07-28,5000.0,6000.0,5500.0,1000.0,18.181818181818183,2026,7,28
Tamil Nadu,Thiruvarur,Muthupettai(Uzhavar Sandhai ),Cluster beans,Cluster Beans,Local,2026-07-28,4400.0,4400.0,4400.0,0.0,0.0,2026,7,28
Tamil Nadu,Thiruvarur,Muthupettai(Uzhavar Sandhai ),Bitter gourd,Bitter Gourd,Local,2026-07-28,6600.0,6600.0,6600.0,0.0,0.0,2026,7,28
Tamil Nadu,Thiruvarur,Muthupettai(Uzhavar Sandhai ),Bhindi(Ladies Finger),Bhindi,Local,2026-07-28,3800.0,3800.0,3800.0,0.0,0.0,2026,7,28
Tamil Nadu,Thiruvarur,Muthupettai(Uzhavar Sandhai ),Lime,Lime,Local,2026-07-28,3000.0,3000.0,3000.0,0.0,0.0,2026,7,28
Tamil Nadu,Thiruvarur,Muthupettai(Uzhavar Sandhai ),Onion Green,Onion Green,Local,2026-07-28,6000.0,6000.0,6000.0,0.0,0.0,2026,7,28
Punjab,Ropar (Rupnagar),Morinda APMC,Cabbage,Cabbage,Medium,2026-07-28,2500.0,3000.0,2750.0,500.0,18.181818181818183,2026,7,28
Punjab,Ropar (Rupnagar),Morinda APMC,Cucumbar(Kheera),Cucumbar,Medium,2026-07-28,2000.0,3000.0,2500.0,1000.0,40.0,2026,7,28
Punjab,Ropar (Rupnagar),Morinda APMC,Carrot,Carrot,Medium,2026-07-28,3000.0,3000.0,3000.0,0.0,0.0,2026,7,28
Punjab,Ropar (Rupnagar),Morinda APMC,Cauliflower,Cauliflower,Medium,2026-07-28,4000.0,6000.0,5000.0,2000.0,40.0,2026,7,28
Punjab,Ropar (Rupnagar),Morinda APMC,Ginger(Green),Green Ginger,Medium,2026-07-28,10000.0,17000.0,13500.0,7000.0,51.85185185185185,2026,7,28
Punjab,Ropar (Rupnagar),Morinda APMC,Pumpkin,Pumpkin,Medium,2026-07-28,1200.0,1200.0,1200.0,0.0,0.0,2026,7,28
Bihar,East Champaran/ Motihari,Raxaul APMC,Bhindi(Ladies Finger),Bhindi,Grade A,2026-07-28,1100.0,1300.0,1200.0,200.0,16.666666666666664,2026,7,28
Bihar,East Champaran/ Motihari,Raxaul APMC,Onion,1st Sort,Grade A,2026-07-28,2400.0,2600.0,2500.0,200.0,8.0,2026,7,28
Bihar,Sheikhpura,Barbigha APMC,Bottle gourd,Bottle Gourd,FAQ,2026-07-28,2105.0,2210.0,2160.0,105.0,4.861111111111112,2026,7,28
Tamil Nadu,Villupuram,Gingee(Uzhavar Sandhai ),Potato,Red Nanital,Local,2026-07-28,3500.0,3500.0,3500.0,0.0,0.0,2026,7,28
Tamil Nadu,Villupuram,Gingee(Uzhavar Sandhai ),Carrot,Pusakesar,Local,2026-07-28,7500.0,7500.0,7500.0,0.0,0.0,2026,7,28
Tamil Nadu,Villupuram,Gingee(Uzhavar Sandhai ),Thondekai,Thondekai,Local,2026-07-28,3500.0,4500.0,4000.0,1000.0,25.0,2026,7,28
Tamil Nadu,Villupuram,Gingee(Uzhavar Sandhai ),Green Avare(W),Green Avare (W),Local,2026-07-28,7000.0,7000.0,7000.0,0.0,0.0,2026,7,28
Tamil Nadu,Villupuram,Gingee(Uzhavar Sandhai ),Knool Khol,Knool Khol,Local,2026-07-28,7000.0,7000.0,7000.0,0.0,0.0,2026,7,28
Tamil Nadu,Villupuram,Gingee(Uzhavar Sandhai ),Yam(Ratalu),Yam (Ratalu),Local,2026-07-28,6000.0,6000.0,6000.0,0.0,0.0,2026,7,28
Tamil Nadu,Thiruvarur,Valangaiman APMC,Brinjal,Round,Local,2026-07-28,4000.0,5000.0,4500.0,1000.0,22.22222222222222,2026,7,28
Tamil Nadu,Thiruvarur,Valangaiman APMC,Bitter gourd,Bitter Gourd,Local,2026-07-28,7000.0,7000.0,7000.0,0.0,0.0,2026,7,28
Tamil Nadu,Thiruvarur,Valangaiman APMC,Pumpkin,Pumpkin,Local,2026-07-28,2400.0,2400.0,2400.0,0.0,0.0,2026,7,28
Tamil Nadu,Thiruvarur,Valangaiman APMC,Amaranthus,Amaranthus,Local,2026-07-28,2000.0,2000.0,2000.0,0.0,0.0,2026,7,28
Tamil Nadu,Thiruvarur,Valangaiman APMC,Green Chilli,Green Chilly,Local,2026-07-28,4000.0,4000.0,4000.0,0.0,0.0,2026,7,28
Tamil Nadu,Thiruvarur,Valangaiman APMC,Snakeguard,Snakeguard,Local,2026-07-28,4000.0,4000.0,4000.0,0.0,0.0,2026,7,28
Tamil Nadu,Thiruvellore,Tiruthani(Uzhavar Sandhai ),Onion,Bellary,Local,2026-07-28,3000.0,3000.0,3000.0,0.0,0.0,2026,7,28
Tamil Nadu,Thiruvellore,Tiruthani(Uzhavar Sandhai ),Potato,Red Nanital,Local,2026-07-28,3000.0,3000.0,3000.0,0.0,0.0,2026,7,28
Tamil Nadu,Thiruvellore,Tiruthani(Uzhavar Sandhai ),Cauliflower,Ranchi,Local,2026-07-28,4000.0,4000.0,4000.0,0.0,0.0,2026,7,28
Tamil Nadu,Thiruvellore,Tiruthani(Uzhavar Sandhai ),Tomato,Deshi,Local,2026-07-28,2500.0,2500.0,2500.0,0.0,0.0,2026,7,28
Tamil Nadu,Thiruvellore,Tiruthani(Uzhavar Sandhai ),Cluster beans,Cluster Beans,Local,2026-07-28,4000.0,4000.0,4000.0,0.0,0.0,2026,7,28
Tamil Nadu,Thiruvellore,Tiruthani(Uzhavar Sandhai ),Green Chilli,Green Chilly,Local,2026-07-28,5000.0,5000.0,5000.0,0.0,0.0,2026,7,28
Tamil Nadu,Thiruvellore,Tiruthani(Uzhavar Sandhai ),Raddish,Raddish,Local,2026-07-28,4000.0,4000.0,4000.0,0.0,0.0,2026,7,28
Telangana,Khammam,"Sattupalli (Ramalayam),RBZ",Tomato,Tomato,FAQ,2026-07-28,2000.0,2800.0,2400.0,800.0,33.33333333333333,2026,7,28
Tamil Nadu,Madurai,Thirumangalam(Uzhavar Sandhai ),Cluster beans,Cluster Beans,Local,2026-07-28,3000.0,3600.0,3300.0,600.0,18.181818181818183,2026,7,28
Tamil Nadu,Madurai,Thirumangalam(Uzhavar Sandhai ),Amaranthus,Amaranthus,Local,2026-07-28,3000.0,3600.0,3300.0,600.0,18.181818181818183,2026,7,28
Tamil Nadu,Madurai,Thirumangalam(Uzhavar Sandhai ),Green Chilli,Green Chilly,Local,2026-07-28,4500.0,5500.0,5000.0,1000.0,20.0,2026,7,28
Tamil Nadu,Madurai,Thirumangalam(Uzhavar Sandhai ),Green Avare(W),Green Avare (W),Local,2026-07-28,6000.0,7000.0,6500.0,1000.0,15.384615384615385,2026,7,28
Tamil Nadu,Madurai,Thirumangalam(Uzhavar Sandhai ),Drumstick,Drumstick,Local,2026-07-28,6000.0,7000.0,6500.0,1000.0,15.384615384615385,2026,7,28
Tamil Nadu,Madurai,Thirumangalam(Uzhavar Sandhai ),Lemon,Lemon,Local,2026-07-28,6000.0,7000.0,6500.0,1000.0,15.384615384615385,2026,7,28
Tamil Nadu,Madurai,Melur(Uzhavar Sandhai ),Tomato,Deshi,Local,2026-07-28,2000.0,2200.0,2100.0,200.0,9.523809523809524,2026,7,28
Tamil Nadu,Madurai,Melur(Uzhavar Sandhai ),Banana,Besrai,Local,2026-07-28,3500.0,4000.0,3750.0,500.0,13.333333333333334,2026,7,28
Tamil Nadu,Madurai,Melur(Uzhavar Sandhai ),Bitter gourd,Other,Local,2026-07-28,5500.0,6000.0,5750.0,500.0,8.695652173913043,2026,7,28
Tamil Nadu,Madurai,Melur(Uzhavar Sandhai ),Bottle gourd,Bottle Gourd,Local,2026-07-28,3000.0,3200.0,3100.0,200.0,6.451612903225806,2026,7,28
Tamil Nadu,Madurai,Melur(Uzhavar Sandhai ),Bhindi(Ladies Finger),Bhindi,Local,2026-07-28,4000.0,4200.0,4100.0,200.0,4.878048780487805,2026,7,28
Tamil Nadu,Madurai,Melur(Uzhavar Sandhai ),Amaranthus,Amaranthus,Local,2026-07-28,3000.0,3600.0,3300.0,600.0,18.181818181818183,2026,7,28
Tamil Nadu,Madurai,Melur(Uzhavar Sandhai ),Sweet Potato,Hosur Red,Local,2026-07-28,3600.0,4000.0,3800.0,400.0,10.526315789473683,2026,7,28
Tamil Nadu,Madurai,Melur(Uzhavar Sandhai ),Mango(Raw-Ripe),Mango - Raw-Ripe,Local,2026-07-28,2500.0,3500.0,3000.0,1000.0,33.33333333333333,2026,7,28
Tamil Nadu,Salem,Vazhapadi(Uzhavar Sandhai),Garlic,Garlic,Local,2026-07-28,20000.0,20000.0,20000.0,0.0,0.0,2026,7,28
Tamil Nadu,Salem,Vazhapadi(Uzhavar Sandhai),Pumpkin,Pumpkin,Local,2026-07-28,2400.0,2400.0,2400.0,0.0,0.0,2026,7,28
Tamil Nadu,Salem,Vazhapadi(Uzhavar Sandhai),Tamarind Fruit,Tamarind Fruit,Local,2026-07-28,13000.0,13000.0,13000.0,0.0,0.0,2026,7,28
Tamil Nadu,Karur,Gandhigramam(Uzhavar Sandhai),Banana,Other,Local,2026-07-28,5000.0,6000.0,5500.0,1000.0,18.181818181818183,2026,7,28
Tamil Nadu,Karur,Gandhigramam(Uzhavar Sandhai),Mango,Neelam,Local,2026-07-28,5000.0,8000.0,6500.0,3000.0,46.15384615384615,2026,7,28
Tamil Nadu,Karur,Gandhigramam(Uzhavar Sandhai),Tomato,Other,Local,2026-07-28,1800.0,2000.0,1900.0,200.0,10.526315789473683,2026,7,28
Tamil Nadu,Karur,Gandhigramam(Uzhavar Sandhai),Green Chilli,Green Chilly,Local,2026-07-28,4000.0,5000.0,4500.0,1000.0,22.22222222222222,2026,7,28
Tamil Nadu,Karur,Gandhigramam(Uzhavar Sandhai),Sweet Potato,Hosur Red,Local,2026-07-28,3500.0,4000.0,3750.0,500.0,13.333333333333334,2026,7,28
Tamil Nadu,Karur,Gandhigramam(Uzhavar Sandhai),Chow Chow,Chow Chow,Local,2026-07-28,3500.0,4000.0,3750.0,500.0,13.333333333333334,2026,7,28
Tamil Nadu,Karur,Gandhigramam(Uzhavar Sandhai),Mint(Pudina),Mint(Pudina),Local,2026-07-28,6500.0,7000.0,6750.0,500.0,7.4074074074074066,2026,7,28
Tamil Nadu,Karur,Gandhigramam(Uzhavar Sandhai),Baby Corn,Baby Corn,Grade A,2026-07-28,3500.0,4000.0,3750.0,500.0,13.333333333333334,2026,7,28
Tamil Nadu,Pudukkottai,Aranthangi(Uzhavar Sandhai ),Banana,Besrai,Local,2026-07-28,4500.0,5000.0,4750.0,500.0,10.526315789473683,2026,7,28
Tamil Nadu,Pudukkottai,Aranthangi(Uzhavar Sandhai ),Onion,Bellary,Local,2026-07-28,4500.0,5000.0,4750.0,500.0,10.526315789473683,2026,7,28
Tamil Nadu,Pudukkottai,Aranthangi(Uzhavar Sandhai ),Brinjal,Round,Local,2026-07-28,5500.0,6000.0,5750.0,500.0,8.695652173913043,2026,7,28
Tamil Nadu,Pudukkottai,Aranthangi(Uzhavar Sandhai ),Coriander(Leaves),I Sort,Local,2026-07-28,4500.0,5000.0,4750.0,500.0,10.526315789473683,2026,7,28
Tamil Nadu,Pudukkottai,Aranthangi(Uzhavar Sandhai ),Green Chilli,Green Chilly,Local,2026-07-28,4500.0,5000.0,4750.0,500.0,10.526315789473683,2026,7,28
Tamil Nadu,Pudukkottai,Aranthangi(Uzhavar Sandhai ),Banana - Green,Banana - Green,Local,2026-07-28,3500.0,4000.0,3750.0,500.0,13.333333333333334,2026,7,28
Tamil Nadu,Pudukkottai,Aranthangi(Uzhavar Sandhai ),Ridgeguard(Tori),Ridgeguard(Tori),Local,2026-07-28,6500.0,7000.0,6750.0,500.0,7.4074074074074066,2026,7,28
Tamil Nadu,Pudukkottai,Aranthangi(Uzhavar Sandhai ),Green Avare(W),Green Avare (W),Local,2026-07-28,6500.0,7000.0,6750.0,500.0,7.4074074074074066,2026,7,28
Tamil Nadu,Pudukkottai,Aranthangi(Uzhavar Sandhai ),Lemon,Lemon,Local,2026-07-28,3500.0,4000.0,3750.0,500.0,13.333333333333334,2026,7,28
Tamil Nadu,Coimbatore,Sulur(Uzhavar Sandhai ),Garlic,Garlic,Local,2026-07-28,18000.0,22000.0,20000.0,4000.0,20.0,2026,7,28
Tamil Nadu,Coimbatore,Sulur(Uzhavar Sandhai ),Cluster beans,Cluster Beans,Local,2026-07-28,3600.0,4000.0,3800.0,400.0,10.526315789473683,2026,7,28
Tamil Nadu,Coimbatore,Sulur(Uzhavar Sandhai ),Bhindi(Ladies Finger),Bhindi,Local,2026-07-28,4400.0,5000.0,4700.0,600.0,12.76595744680851,2026,7,28
Tamil Nadu,Coimbatore,Sulur(Uzhavar Sandhai ),Ginger(Green),Green Ginger,Local,2026-07-28,15000.0,18000.0,16500.0,3000.0,18.181818181818183,2026,7,28
Tamil Nadu,Coimbatore,Sulur(Uzhavar Sandhai ),Ridgeguard(Tori),Ridgeguard(Tori),Local,2026-07-28,5000.0,5600.0,5300.0,600.0,11.320754716981133,2026,7,28
Tamil Nadu,Coimbatore,Sulur(Uzhavar Sandhai ),Thondekai,Thondekai,Local,2026-07-28,4600.0,5200.0,4900.0,600.0,12.244897959183673,2026,7,28
Keralam,Thiruvananthapuram,Kattakkada  VFPCK Market,Banana,Nendra Bale,Grade A,2026-07-28,6200.0,6800.0,6500.0,600.0,9.230769230769232,2026,7,28
Tamil Nadu,Cuddalore,Panruti(Uzhavar Sandhai ),Cluster beans,Cluster Beans,Local,2026-07-28,4000.0,4000.0,4000.0,0.0,0.0,2026,7,28
Tamil Nadu,Cuddalore,Panruti(Uzhavar Sandhai ),Bitter gourd,Bitter Gourd,Local,2026-07-28,6000.0,6000.0,6000.0,0.0,0.0,2026,7,28
Tamil Nadu,Cuddalore,Panruti(Uzhavar Sandhai ),Ashgourd,Gouard,Local,2026-07-28,3500.0,3500.0,3500.0,0.0,0.0,2026,7,28
Tamil Nadu,Cuddalore,Panruti(Uzhavar Sandhai ),Bhindi(Ladies Finger),Bhindi,Local,2026-07-28,3500.0,3500.0,3500.0,0.0,0.0,2026,7,28
Tamil Nadu,Cuddalore,Panruti(Uzhavar Sandhai ),Drumstick,Drumstick,Local,2026-07-28,5000.0,5000.0,5000.0,0.0,0.0,2026,7,28
Tamil Nadu,Cuddalore,Panruti(Uzhavar Sandhai ),Guava,Guava Allahabad,Local,2026-07-28,5000.0,5000.0,5000.0,0.0,0.0,2026,7,28
Tamil Nadu,Cuddalore,Vadalur(Uzhavar Sandhai ),Potato,Other,Local,2026-07-28,4000.0,4500.0,4250.0,500.0,11.76470588235294,2026,7,28
Tamil Nadu,Cuddalore,Vadalur(Uzhavar Sandhai ),Bitter gourd,Other,Local,2026-07-28,7000.0,7000.0,7000.0,0.0,0.0,2026,7,28
Tamil Nadu,Cuddalore,Vadalur(Uzhavar Sandhai ),Pumpkin,Pumpkin,Local,2026-07-28,3000.0,3000.0,3000.0,0.0,0.0,2026,7,28
Tamil Nadu,Cuddalore,Vadalur(Uzhavar Sandhai ),Amaranthus,Amaranthus,Local,2026-07-28,3000.0,3500.0,3250.0,500.0,15.384615384615385,2026,7,28
Tamil Nadu,Cuddalore,Vadalur(Uzhavar Sandhai ),Beans,Beans (Whole),Local,2026-07-28,8000.0,8000.0,8000.0,0.0,0.0,2026,7,28
Tamil Nadu,Cuddalore,Vadalur(Uzhavar Sandhai ),Carrot,Pusakesar,Local,2026-07-28,6000.0,6000.0,6000.0,0.0,0.0,2026,7,28
Tamil Nadu,Cuddalore,Vadalur(Uzhavar Sandhai ),Cabbage,Cabbage,Local,2026-07-28,4000.0,4000.0,4000.0,0.0,0.0,2026,7,28
Tamil Nadu,Cuddalore,Vadalur(Uzhavar Sandhai ),Beetroot,Beetroot,Local,2026-07-28,5000.0,5000.0,5000.0,0.0,0.0,2026,7,28
Tamil Nadu,Cuddalore,Vadalur(Uzhavar Sandhai ),Cucumbar(Kheera),Cucumbar,Local,2026-07-28,4000.0,4000.0,4000.0,0.0,0.0,2026,7,28
Tamil Nadu,Cuddalore,Vadalur(Uzhavar Sandhai ),Raddish,Raddish,Local,2026-07-28,3000.0,3000.0,3000.0,0.0,0.0,2026,7,28
Tamil Nadu,Dharmapuri,AJattihalli(Uzhavar Sandhai ),Potato,Other,Local,2026-07-28,2500.0,3000.0,2750.0,500.0,18.181818181818183,2026,7,28
Tamil Nadu,Dharmapuri,AJattihalli(Uzhavar Sandhai ),Garlic,Garlic,Local,2026-07-28,20000.0,23800.0,21900.0,3800.0,17.35159817351598,2026,7,28
Tamil Nadu,Dharmapuri,AJattihalli(Uzhavar Sandhai ),Cauliflower,Ranchi,Local,2026-07-28,3500.0,3500.0,3500.0,0.0,0.0,2026,7,28
Tamil Nadu,Dharmapuri,AJattihalli(Uzhavar Sandhai ),Ginger(Green),Green Ginger,Local,2026-07-28,23600.0,23600.0,23600.0,0.0,0.0,2026,7,28
Tamil Nadu,Dharmapuri,AJattihalli(Uzhavar Sandhai ),Thondekai,Thondekai,Local,2026-07-28,4800.0,4800.0,4800.0,0.0,0.0,2026,7,28
Tamil Nadu,Dharmapuri,AJattihalli(Uzhavar Sandhai ),Drumstick,Drumstick,Local,2026-07-28,5000.0,6000.0,5500.0,1000.0,18.181818181818183,2026,7,28
Tamil Nadu,Dharmapuri,AJattihalli(Uzhavar Sandhai ),Tamarind Fruit,Tamarind Fruit,Local,2026-07-28,11500.0,11500.0,11500.0,0.0,0.0,2026,7,28
Tamil Nadu,Dharmapuri,AJattihalli(Uzhavar Sandhai ),Elephant Yam(Suran)/Amorphophallus,Elephant Yam (Suran),Local,2026-07-28,5600.0,5600.0,5600.0,0.0,0.0,2026,7,28
Andhra Pradesh,Annamayya,B.Kothakota H/Q Angallu,Tomato,Local,FAQ,2026-07-28,1100.0,1600.0,1200.0,500.0,41.66666666666667,2026,7,28
Tamil Nadu,Nagapattinam,Vedaranyam(Uzhavar Sandhai),Tomato,Deshi,Local,2026-07-28,3000.0,3500.0,3250.0,500.0,15.384615384615385,2026,7,28
Tamil Nadu,Nagapattinam,Vedaranyam(Uzhavar Sandhai),Cluster beans,Cluster Beans,Local,2026-07-28,3200.0,3500.0,3350.0,300.0,8.955223880597014,2026,7,28
Tamil Nadu,Nagapattinam,Vedaranyam(Uzhavar Sandhai),Green Chilli,Green Chilly,Local,2026-07-28,3600.0,3800.0,3700.0,200.0,5.405405405405405,2026,7,28
Tamil Nadu,Nagapattinam,Vedaranyam(Uzhavar Sandhai),Ridgeguard(Tori),Ridgeguard(Tori),Local,2026-07-28,4400.0,4600.0,4500.0,200.0,4.444444444444445,2026,7,28
Tamil Nadu,Nagapattinam,Vedaranyam(Uzhavar Sandhai),Raddish,Raddish,Local,2026-07-28,2800.0,3000.0,2900.0,200.0,6.896551724137931,2026,7,28
Tamil Nadu,Nagapattinam,Vedaranyam(Uzhavar Sandhai),Drumstick,Drumstick,Local,2026-07-28,3000.0,3200.0,3100.0,200.0,6.451612903225806,2026,7,28
Tamil Nadu,Nagapattinam,Vedaranyam(Uzhavar Sandhai),Mango(Raw-Ripe),Mango - Raw-Ripe,Local,2026-07-28,3800.0,4000.0,3900.0,200.0,5.128205128205128,2026,7,28
Tamil Nadu,Nagapattinam,Vedaranyam(Uzhavar Sandhai),Lemon,Lemon,Local,2026-07-28,4500.0,5000.0,4750.0,500.0,10.526315789473683,2026,7,28
Tamil Nadu,Vellore,Perampet(Uzhavar Sandhai),Tomato,Deshi,Local,2026-07-28,1400.0,1600.0,1500.0,200.0,13.333333333333334,2026,7,28
Tamil Nadu,Vellore,Perampet(Uzhavar Sandhai),Ashgourd,Gouard,Local,2026-07-28,2400.0,2400.0,2400.0,0.0,0.0,2026,7,28
Tamil Nadu,Vellore,Perampet(Uzhavar Sandhai),Pumpkin,Pumpkin,Local,2026-07-28,2400.0,2400.0,2400.0,0.0,0.0,2026,7,28
Tamil Nadu,Vellore,Perampet(Uzhavar Sandhai),Beans,Beans (Whole),Local,2026-07-28,7000.0,7000.0,7000.0,0.0,0.0,2026,7,28
Tamil Nadu,Vellore,Perampet(Uzhavar Sandhai),Coconut,Coconut,Local,2026-07-28,2500.0,3000.0,2750.0,500.0,18.181818181818183,2026,7,28
Tamil Nadu,Vellore,Perampet(Uzhavar Sandhai),Snakeguard,Snakeguard,Local,2026-07-28,4000.0,4000.0,4000.0,0.0,0.0,2026,7,28
Tamil Nadu,Vellore,Perampet(Uzhavar Sandhai),Chow Chow,Chow Chow,Local,2026-07-28,4000.0,4600.0,4300.0,600.0,13.953488372093023,2026,7,28
Tamil Nadu,Vellore,Perampet(Uzhavar Sandhai),Guava,Guava Allahabad,Local,2026-07-28,4000.0,4000.0,4000.0,0.0,0.0,2026,7,28
Tamil Nadu,Vellore,Perampet(Uzhavar Sandhai),Amla(Nelli Kai),Amla,Local,2026-07-28,10000.0,10000.0,10000.0,0.0,0.0,2026,7,28
Tamil Nadu,Vellore,Perampet(Uzhavar Sandhai),Sweet Corn,Sweet Corn,Local,2026-07-28,3000.0,3000.0,3000.0,0.0,0.0,2026,7,28
Maharashtra,Pune,Pune(Pimpri) APMC,Bhindi(Ladies Finger),Other,Local,2026-07-28,2500.0,3500.0,3000.0,1000.0,33.33333333333333,2026,7,28
Madhya Pradesh,Badwani,Sendhwa(F&V) APMC,Cabbage,Cabbage,Medium,2026-07-28,1000.0,1200.0,1100.0,200.0,18.181818181818183,2026,7,28
Madhya Pradesh,Badwani,Sendhwa(F&V) APMC,Cucumbar(Kheera),Cucumbar,Medium,2026-07-28,600.0,1000.0,800.0,400.0,50.0,2026,7,28
Tamil Nadu,Karur,Kulithalai(Uzhavar Sandhai ),Onion,Bellary,Local,2026-07-28,3600.0,4000.0,3800.0,400.0,10.526315789473683,2026,7,28
Tamil Nadu,Karur,Kulithalai(Uzhavar Sandhai ),Brinjal,Other,Local,2026-07-28,4000.0,4400.0,4200.0,400.0,9.523809523809524,2026,7,28
Tamil Nadu,Karur,Kulithalai(Uzhavar Sandhai ),Cluster beans,Cluster Beans,Local,2026-07-28,3600.0,4000.0,3800.0,400.0,10.526315789473683,2026,7,28
Tamil Nadu,Karur,Kulithalai(Uzhavar Sandhai ),Bitter gourd,Other,Local,2026-07-28,5000.0,5500.0,5250.0,500.0,9.523809523809524,2026,7,28
Tamil Nadu,Karur,Kulithalai(Uzhavar Sandhai ),Amaranthus,Amaranthus,Local,2026-07-28,2000.0,3000.0,2500.0,1000.0,40.0,2026,7,28
Tamil Nadu,Karur,Kulithalai(Uzhavar Sandhai ),Beans,Beans (Whole),Local,2026-07-28,6000.0,7000.0,6500.0,1000.0,15.384615384615385,2026,7,28
Tamil Nadu,Karur,Kulithalai(Uzhavar Sandhai ),Betal Leaves,Mysore,Local,2026-07-28,9000.0,10000.0,9500.0,1000.0,10.526315789473683,2026,7,28
Tamil Nadu,Karur,Kulithalai(Uzhavar Sandhai ),Beetroot,Beetroot,Local,2026-07-28,4400.0,5000.0,4700.0,600.0,12.76595744680851,2026,7,28
Tamil Nadu,Karur,Kulithalai(Uzhavar Sandhai ),Drumstick,Drumstick,Local,2026-07-28,3500.0,4000.0,3750.0,500.0,13.333333333333334,2026,7,28
Tamil Nadu,Karur,Kulithalai(Uzhavar Sandhai ),Elephant Yam(Suran)/Amorphophallus,Elephant Yam (Suran),Local,2026-07-28,5000.0,5500.0,5250.0,500.0,9.523809523809524,2026,7,28
Tamil Nadu,Karur,Pallapatti (Uzhavar Sandhai ),Chikoos(Sapota),Sapota,Local,2026-07-28,3500.0,4000.0,3750.0,500.0,13.333333333333334,2026,7,28
Tamil Nadu,Karur,Pallapatti (Uzhavar Sandhai ),Mango,Safeda,Local,2026-07-28,4500.0,5000.0,4750.0,500.0,10.526315789473683,2026,7,28
Tamil Nadu,Karur,Pallapatti (Uzhavar Sandhai ),Cluster beans,Cluster Beans,Local,2026-07-28,3600.0,4000.0,3800.0,400.0,10.526315789473683,2026,7,28
Tamil Nadu,Karur,Pallapatti (Uzhavar Sandhai ),Bitter gourd,Other,Local,2026-07-28,5500.0,6000.0,5750.0,500.0,8.695652173913043,2026,7,28
Tamil Nadu,Karur,Pallapatti (Uzhavar Sandhai ),Amaranthus,Amaranthus,Local,2026-07-28,2500.0,3000.0,2750.0,500.0,18.181818181818183,2026,7,28
Tamil Nadu,Karur,Pallapatti (Uzhavar Sandhai ),Tapioca,Tapioca,Local,2026-07-28,2500.0,3000.0,2750.0,500.0,18.181818181818183,2026,7,28
Tamil Nadu,Karur,Pallapatti (Uzhavar Sandhai ),Lime,Lime,Local,2026-07-28,3500.0,4000.0,3750.0,500.0,13.333333333333334,2026,7,28
Tamil Nadu,Karur,Pallapatti (Uzhavar Sandhai ),Guava,Guava Allahabad,Local,2026-07-28,5500.0,6000.0,5750.0,500.0,8.695652173913043,2026,7,28
Tamil Nadu,Karur,Velayuthampalayam(Uzhavar Sandhai ),Bhindi(Ladies Finger),Bhindi,Local,2026-07-28,3400.0,4000.0,3700.0,600.0,16.216216216216218,2026,7,28
Tamil Nadu,Karur,Velayuthampalayam(Uzhavar Sandhai ),Drumstick,Drumstick,Local,2026-07-28,3000.0,3500.0,3250.0,500.0,15.384615384615385,2026,7,28
Tamil Nadu,Karur,Vengamedu(Uzhavar Sandhai ),Tomato,Deshi,Local,2026-07-28,1500.0,2000.0,1750.0,500.0,28.57142857142857,2026,7,28
Tamil Nadu,Karur,Vengamedu(Uzhavar Sandhai ),Cluster beans,Cluster Beans,Local,2026-07-28,3500.0,4000.0,3750.0,500.0,13.333333333333334,2026,7,28
Tamil Nadu,Karur,Vengamedu(Uzhavar Sandhai ),Green Chilli,Green Chilly,Local,2026-07-28,4000.0,5000.0,4500.0,1000.0,22.22222222222222,2026,7,28
Tamil Nadu,Karur,Vengamedu(Uzhavar Sandhai ),Banana - Green,Banana - Green,Local,2026-07-28,2500.0,3000.0,2750.0,500.0,18.181818181818183,2026,7,28
Tamil Nadu,Karur,Vengamedu(Uzhavar Sandhai ),Coconut,Coconut,Local,2026-07-28,5500.0,6000.0,5750.0,500.0,8.695652173913043,2026,7,28
Tamil Nadu,Theni,Devaram(Uzhavar Sandhai ),Brinjal,Round,Local,2026-07-28,4000.0,4200.0,4100.0,200.0,4.878048780487805,2026,7,28
Tamil Nadu,Theni,Devaram(Uzhavar Sandhai ),Cluster beans,Cluster Beans,Local,2026-07-28,3500.0,3500.0,3500.0,0.0,0.0,2026,7,28
Tamil Nadu,Theni,Devaram(Uzhavar Sandhai ),Amaranthus,Amaranthus,Local,2026-07-28,2000.0,2500.0,2250.0,500.0,22.22222222222222,2026,7,28
Tamil Nadu,Theni,Devaram(Uzhavar Sandhai ),Tapioca,Tapioca,Local,2026-07-28,2500.0,2500.0,2500.0,0.0,0.0,2026,7,28
Tamil Nadu,Theni,Devaram(Uzhavar Sandhai ),Raddish,Raddish,Local,2026-07-28,2800.0,2800.0,2800.0,0.0,0.0,2026,7,28
Tamil Nadu,Theni,Devaram(Uzhavar Sandhai ),Mango(Raw-Ripe),Mango - Raw-Ripe,Local,2026-07-28,3200.0,3500.0,3350.0,300.0,8.955223880597014,2026,7,28
Tamil Nadu,Theni,Devaram(Uzhavar Sandhai ),Amla(Nelli Kai),Amla,Local,2026-07-28,5000.0,6000.0,5500.0,1000.0,18.181818181818183,2026,7,28
Tamil Nadu,Theni,Devaram(Uzhavar Sandhai ),Onion Green,Onion Green,Local,2026-07-28,4500.0,5500.0,5000.0,1000.0,20.0,2026,7,28
Tamil Nadu,Salem,Attayampatti(Uzhavar Sandhai ),Papaya,Papaya,Local,2026-07-28,2800.0,3000.0,2900.0,200.0,6.896551724137931,2026,7,28
Tamil Nadu,Salem,Attayampatti(Uzhavar Sandhai ),Cluster beans,Cluster Beans,Local,2026-07-28,3400.0,3400.0,3400.0,0.0,0.0,2026,7,28
Tamil Nadu,Salem,Attayampatti(Uzhavar Sandhai ),Bottle gourd,Bottle Gourd,Local,2026-07-28,2000.0,3000.0,2500.0,1000.0,40.0,2026,7,28
Tamil Nadu,Salem,Attayampatti(Uzhavar Sandhai ),Bhindi(Ladies Finger),Bhindi,Local,2026-07-28,3000.0,3500.0,3250.0,500.0,15.384615384615385,2026,7,28
Tamil Nadu,Salem,Attayampatti(Uzhavar Sandhai ),Lemon,Lemon,Local,2026-07-28,4000.0,5000.0,4500.0,1000.0,22.22222222222222,2026,7,28
Tamil Nadu,Salem,Attayampatti(Uzhavar Sandhai ),Onion Green,Onion Green,Local,2026-07-28,4500.0,5000.0,4750.0,500.0,10.526315789473683,2026,7,28
Tamil Nadu,Sivaganga,Sivagangai (Uzhavar Sandhai ),Mango,Safeda,Local,2026-07-28,4200.0,5500.0,4850.0,1300.0,26.804123711340207,2026,7,28
Tamil Nadu,Sivaganga,Sivagangai (Uzhavar Sandhai ),Brinjal,Other,Local,2026-07-28,5200.0,5600.0,5400.0,400.0,7.4074074074074066,2026,7,28
Tamil Nadu,Sivaganga,Sivagangai (Uzhavar Sandhai ),Tomato,Deshi,Local,2026-07-28,2200.0,2400.0,2300.0,200.0,8.695652173913043,2026,7,28
Tamil Nadu,Sivaganga,Sivagangai (Uzhavar Sandhai ),Beans,Beans (Whole),Local,2026-07-28,8200.0,10200.0,9200.0,2000.0,21.73913043478261,2026,7,28
Tamil Nadu,Sivaganga,Sivagangai (Uzhavar Sandhai ),Ginger(Green),Green Ginger,Local,2026-07-28,16000.0,16000.0,16000.0,0.0,0.0,2026,7,28
Tamil Nadu,Sivaganga,Sivagangai (Uzhavar Sandhai ),Chow Chow,Chow Chow,Local,2026-07-28,3200.0,3600.0,3400.0,400.0,11.76470588235294,2026,7,28
Tamil Nadu,Sivaganga,Sivagangai (Uzhavar Sandhai ),Knool Khol,Knool Khol,Local,2026-07-28,5600.0,6600.0,6100.0,1000.0,16.39344262295082,2026,7,28
Tamil Nadu,Sivaganga,Sivagangai (Uzhavar Sandhai ),Lemon,Lemon,Local,2026-07-28,6200.0,7200.0,6700.0,1000.0,14.925373134328357,2026,7,28
Tamil Nadu,Sivaganga,Devakottai (Uzhavar Sandhai ),Cauliflower,Ranchi,Local,2026-07-28,3000.0,3200.0,3100.0,200.0,6.451612903225806,2026,7,28
Tamil Nadu,Sivaganga,Devakottai (Uzhavar Sandhai ),Cluster beans,Cluster Beans,Local,2026-07-28,3200.0,3800.0,3500.0,600.0,17.142857142857142,2026,7,28
Tamil Nadu,Sivaganga,Devakottai (Uzhavar Sandhai ),Green Chilli,Green Chilly,Local,2026-07-28,4200.0,4800.0,4500.0,600.0,13.333333333333334,2026,7,28
Tamil Nadu,Sivaganga,Devakottai (Uzhavar Sandhai ),Cabbage,Cabbage,Local,2026-07-28,3500.0,4200.0,3850.0,700.0,18.181818181818183,2026,7,28
Tamil Nadu,Sivaganga,Devakottai (Uzhavar Sandhai ),Beetroot,Beetroot,Local,2026-07-28,4200.0,5800.0,5000.0,1600.0,32.0,2026,7,28
Tamil Nadu,Sivaganga,Devakottai (Uzhavar Sandhai ),Chow Chow,Chow Chow,Local,2026-07-28,3000.0,3800.0,3400.0,800.0,23.52941176470588,2026,7,28
Tamil Nadu,Salem,Edapadi (Uzhavar Sandhai ),Brinjal,Other,Local,2026-07-28,4200.0,4600.0,4400.0,400.0,9.090909090909092,2026,7,28
Tamil Nadu,Salem,Edapadi (Uzhavar Sandhai ),Pumpkin,Pumpkin,Local,2026-07-28,2000.0,2500.0,2250.0,500.0,22.22222222222222,2026,7,28
Tamil Nadu,Salem,Edapadi (Uzhavar Sandhai ),Beans,Beans (Whole),Local,2026-07-28,10000.0,11000.0,10500.0,1000.0,9.523809523809524,2026,7,28
Tamil Nadu,Salem,Edapadi (Uzhavar Sandhai ),Snakeguard,Snakeguard,Local,2026-07-28,3600.0,4000.0,3800.0,400.0,10.526315789473683,2026,7,28
Tamil Nadu,Salem,Edapadi (Uzhavar Sandhai ),Elephant Yam(Suran)/Amorphophallus,Elephant Yam (Suran),Local,2026-07-28,3500.0,4000.0,3750.0,500.0,13.333333333333334,2026,7,28
Tamil Nadu,Salem,Edapadi (Uzhavar Sandhai ),Lemon,Lemon,Local,2026-07-28,7500.0,8000.0,7750.0,500.0,6.451612903225806,2026,7,28
Tamil Nadu,Salem,Edapadi (Uzhavar Sandhai ),Onion Green,Onion Green,Local,2026-07-28,4500.0,5000.0,4750.0,500.0,10.526315789473683,2026,7,28
Tamil Nadu,Salem,Elampillai(Uzhavar Sandhai ),Ashgourd,Gouard,Local,2026-07-28,2000.0,2400.0,2200.0,400.0,18.181818181818183,2026,7,28
Tamil Nadu,Salem,Elampillai(Uzhavar Sandhai ),Raddish,Raddish,Local,2026-07-28,2500.0,3000.0,2750.0,500.0,18.181818181818183,2026,7,28
Tamil Nadu,Salem,Elampillai(Uzhavar Sandhai ),Lime,Lime,Local,2026-07-28,2500.0,3000.0,2750.0,500.0,18.181818181818183,2026,7,28
Tamil Nadu,Salem,Elampillai(Uzhavar Sandhai ),Lemon,Lemon,Local,2026-07-28,5000.0,6000.0,5500.0,1000.0,18.181818181818183,2026,7,28
Tamil Nadu,Salem,Hasthampatti(Uzhavar Sandhai ),Mango,Neelam,Local,2026-07-28,4000.0,5000.0,4500.0,1000.0,22.22222222222222,2026,7,28
Tamil Nadu,Salem,Hasthampatti(Uzhavar Sandhai ),Tapioca,Tapioca,Local,2026-07-28,2500.0,3000.0,2750.0,500.0,18.181818181818183,2026,7,28
Tamil Nadu,Salem,Hasthampatti(Uzhavar Sandhai ),Ginger(Green),Green Ginger,Local,2026-07-28,19500.0,20000.0,19750.0,500.0,2.5316455696202533,2026,7,28
Tamil Nadu,Salem,Hasthampatti(Uzhavar Sandhai ),Raddish,Raddish,Local,2026-07-28,2500.0,3000.0,2750.0,500.0,18.181818181818183,2026,7,28
Tamil Nadu,Salem,Hasthampatti(Uzhavar Sandhai ),Green Avare(W),Other,Local,2026-07-28,5500.0,6000.0,5750.0,500.0,8.695652173913043,2026,7,28
Tamil Nadu,Salem,Hasthampatti(Uzhavar Sandhai ),Knool Khol,Knool Khol,Local,2026-07-28,5000.0,5500.0,5250.0,500.0,9.523809523809524,2026,7,28
Tamil Nadu,Salem,Hasthampatti(Uzhavar Sandhai ),Pomegranate,Pomogranate,Local,2026-07-28,12000.0,13000.0,12500.0,1000.0,8.0,2026,7,28
Tamil Nadu,Salem,Hasthampatti(Uzhavar Sandhai ),Colacasia,Colacasia,Local,2026-07-28,5500.0,6000.0,5750.0,500.0,8.695652173913043,2026,7,28
Tamil Nadu,Salem,Hasthampatti(Uzhavar Sandhai ),Pear(Marasebu),Pears,Local,2026-07-28,10000.0,11000.0,10500.0,1000.0,9.523809523809524,2026,7,28
Tamil Nadu,Salem,Jalagandapuram(Uzhavar Sandhai ),Papaya,Papaya,Local,2026-07-28,2500.0,3000.0,2750.0,500.0,18.181818181818183,2026,7,28
Tamil Nadu,Salem,Jalagandapuram(Uzhavar Sandhai ),Banana,Red Banana,Local,2026-07-28,6000.0,6500.0,6250.0,500.0,8.0,2026,7,28
Tamil Nadu,Salem,Jalagandapuram(Uzhavar Sandhai ),Onion,Bellary,Local,2026-07-28,3500.0,4000.0,3750.0,500.0,13.333333333333334,2026,7,28
Tamil Nadu,Salem,Jalagandapuram(Uzhavar Sandhai ),Bottle gourd,Bottle Gourd,Local,2026-07-28,2000.0,2500.0,2250.0,500.0,22.22222222222222,2026,7,28
Tamil Nadu,Salem,Jalagandapuram(Uzhavar Sandhai ),Amaranthus,Amaranthus,Local,2026-07-28,2000.0,2400.0,2200.0,400.0,18.181818181818183,2026,7,28
Tamil Nadu,Salem,Jalagandapuram(Uzhavar Sandhai ),Green Chilli,Green Chilly,Local,2026-07-28,4000.0,4500.0,4250.0,500.0,11.76470588235294,2026,7,28
Tamil Nadu,Salem,Jalagandapuram(Uzhavar Sandhai ),Beans,Beans (Whole),Local,2026-07-28,10000.0,12000.0,11000.0,2000.0,18.181818181818183,2026,7,28
Tamil Nadu,Salem,Jalagandapuram(Uzhavar Sandhai ),Coconut,Coconut,Local,2026-07-28,4000.0,5000.0,4500.0,1000.0,22.22222222222222,2026,7,28
Tamil Nadu,Salem,Jalagandapuram(Uzhavar Sandhai ),Mint(Pudina),Mint(Pudina),Local,2026-07-28,4000.0,4500.0,4250.0,500.0,11.76470588235294,2026,7,28
Tamil Nadu,Sivaganga,Singampunari(Uzhavar Sandhai ),Papaya,Papaya,Local,2026-07-28,4200.0,4600.0,4400.0,400.0,9.090909090909092,2026,7,28
Tamil Nadu,Sivaganga,Singampunari(Uzhavar Sandhai ),Banana,Karpura,Local,2026-07-28,3500.0,4000.0,3750.0,500.0,13.333333333333334,2026,7,28
Tamil Nadu,Sivaganga,Singampunari(Uzhavar Sandhai ),Cauliflower,Ranchi,Local,2026-07-28,2600.0,3000.0,2800.0,400.0,14.285714285714285,2026,7,28
Tamil Nadu,Sivaganga,Singampunari(Uzhavar Sandhai ),Tomato,Other,Local,2026-07-28,2200.0,2400.0,2300.0,200.0,8.695652173913043,2026,7,28
Tamil Nadu,Sivaganga,Singampunari(Uzhavar Sandhai ),Bottle gourd,Bottle Gourd,Local,2026-07-28,3200.0,3600.0,3400.0,400.0,11.76470588235294,2026,7,28
Tamil Nadu,Sivaganga,Singampunari(Uzhavar Sandhai ),Amaranthus,Amaranthus,Local,2026-07-28,3000.0,4000.0,3500.0,1000.0,28.57142857142857,2026,7,28
Tamil Nadu,Sivaganga,Singampunari(Uzhavar Sandhai ),Green Chilli,Green Chilly,Local,2026-07-28,4200.0,4600.0,4400.0,400.0,9.090909090909092,2026,7,28
Tamil Nadu,Sivaganga,Singampunari(Uzhavar Sandhai ),Cabbage,Cabbage,Local,2026-07-28,3800.0,4200.0,4000.0,400.0,10.0,2026,7,28
Tamil Nadu,Sivaganga,Singampunari(Uzhavar Sandhai ),Beetroot,Beetroot,Local,2026-07-28,5200.0,5600.0,5400.0,400.0,7.4074074074074066,2026,7,28
Tamil Nadu,Sivaganga,Singampunari(Uzhavar Sandhai ),Ridgeguard(Tori),Ridgeguard(Tori),Local,2026-07-28,3600.0,4200.0,3900.0,600.0,15.384615384615385,2026,7,28
Tamil Nadu,Sivaganga,Singampunari(Uzhavar Sandhai ),Drumstick,Drumstick,Local,2026-07-28,4400.0,7200.0,5800.0,2800.0,48.275862068965516,2026,7,28
Tamil Nadu,Sivaganga,Karaikudi(Uzhavar Sandhai ),Potato,Red Nanital,Local,2026-07-28,6000.0,6500.0,6250.0,500.0,8.0,2026,7,28
Tamil Nadu,Sivaganga,Karaikudi(Uzhavar Sandhai ),Beans,Beans (Whole),Local,2026-07-28,8500.0,10500.0,9500.0,2000.0,21.052631578947366,2026,7,28
Tamil Nadu,Sivaganga,Karaikudi(Uzhavar Sandhai ),Cabbage,Cabbage,Local,2026-07-28,4000.0,4400.0,4200.0,400.0,9.523809523809524,2026,7,28
Tamil Nadu,Sivaganga,Karaikudi(Uzhavar Sandhai ),Ridgeguard(Tori),Ridgeguard(Tori),Local,2026-07-28,4000.0,4500.0,4250.0,500.0,11.76470588235294,2026,7,28
Tamil Nadu,Sivaganga,Karaikudi(Uzhavar Sandhai ),Green Avare(W),Green Avare (W),Local,2026-07-28,6500.0,7500.0,7000.0,1000.0,14.285714285714285,2026,7,28
Tamil Nadu,Sivaganga,Karaikudi(Uzhavar Sandhai ),Chow Chow,Chow Chow,Local,2026-07-28,3500.0,4000.0,3750.0,500.0,13.333333333333334,2026,7,28
Tamil Nadu,Sivaganga,Karaikudi(Uzhavar Sandhai ),Onion Green,Onion Green,Local,2026-07-28,6000.0,6500.0,6250.0,500.0,8.0,2026,7,28
Tamil Nadu,Thanjavur,Pattukottai(Uzhavar Sandhai ),Banana,Besrai,Local,2026-07-28,3500.0,3500.0,3500.0,0.0,0.0,2026,7,28
Tamil Nadu,Thanjavur,Pattukottai(Uzhavar Sandhai ),Potato,Red Nanital,Local,2026-07-28,3000.0,3000.0,3000.0,0.0,0.0,2026,7,28
Tamil Nadu,Thanjavur,Pattukottai(Uzhavar Sandhai ),Cauliflower,Ranchi,Local,2026-07-28,4800.0,4800.0,4800.0,0.0,0.0,2026,7,28
Tamil Nadu,Thanjavur,Pattukottai(Uzhavar Sandhai ),Brinjal,Round,Local,2026-07-28,3000.0,4400.0,3700.0,1400.0,37.83783783783784,2026,7,28
Tamil Nadu,Thanjavur,Pattukottai(Uzhavar Sandhai ),Pumpkin,Pumpkin,Local,2026-07-28,2600.0,2600.0,2600.0,0.0,0.0,2026,7,28
Tamil Nadu,Thanjavur,Pattukottai(Uzhavar Sandhai ),Bhindi(Ladies Finger),Bhindi,Local,2026-07-28,3800.0,3800.0,3800.0,0.0,0.0,2026,7,28
Tamil Nadu,Thanjavur,Pattukottai(Uzhavar Sandhai ),Ridgeguard(Tori),Ridgeguard(Tori),Local,2026-07-28,5600.0,5600.0,5600.0,0.0,0.0,2026,7,28
Tamil Nadu,Thanjavur,Pattukottai(Uzhavar Sandhai ),Chow Chow,Chow Chow,Local,2026-07-28,4400.0,4400.0,4400.0,0.0,0.0,2026,7,28
Tamil Nadu,Thanjavur,Pattukottai(Uzhavar Sandhai ),Drumstick,Drumstick,Local,2026-07-28,6400.0,6400.0,6400.0,0.0,0.0,2026,7,28
Tamil Nadu,Thiruchirappalli,KKNagar(Uzhavar Sandhai ),Apple,American,Local,2026-07-28,28000.0,28000.0,28000.0,0.0,0.0,2026,7,28
Tamil Nadu,Thiruchirappalli,KKNagar(Uzhavar Sandhai ),Bottle gourd,Bottle Gourd,Local,2026-07-28,3000.0,3000.0,3000.0,0.0,0.0,2026,7,28
Tamil Nadu,Thiruchirappalli,KKNagar(Uzhavar Sandhai ),Pumpkin,Pumpkin,Local,2026-07-28,2000.0,2000.0,2000.0,0.0,0.0,2026,7,28
Tamil Nadu,Thiruchirappalli,KKNagar(Uzhavar Sandhai ),Green Chilli,Green Chilly,Local,2026-07-28,5000.0,5000.0,5000.0,0.0,0.0,2026,7,28
Tamil Nadu,Thiruchirappalli,KKNagar(Uzhavar Sandhai ),Cowpea(Veg),Cowpea (Veg),Local,2026-07-28,4600.0,4600.0,4600.0,0.0,0.0,2026,7,28
Tamil Nadu,Thiruchirappalli,KKNagar(Uzhavar Sandhai ),Banana - Green,Banana - Green,Local,2026-07-28,3000.0,3000.0,3000.0,0.0,0.0,2026,7,28
Tamil Nadu,Thiruchirappalli,KKNagar(Uzhavar Sandhai ),Tapioca,Tapioca,Local,2026-07-28,4800.0,4800.0,4800.0,0.0,0.0,2026,7,28
Tamil Nadu,Thiruchirappalli,KKNagar(Uzhavar Sandhai ),Cucumbar(Kheera),Cucumbar,Local,2026-07-28,5000.0,5000.0,5000.0,0.0,0.0,2026,7,28
Tamil Nadu,Thiruchirappalli,KKNagar(Uzhavar Sandhai ),Ridgeguard(Tori),Ridgeguard(Tori),Local,2026-07-28,6600.0,6600.0,6600.0,0.0,0.0,2026,7,28
Tamil Nadu,Thiruchirappalli,KKNagar(Uzhavar Sandhai ),Drumstick,Drumstick,Local,2026-07-28,6000.0,6000.0,6000.0,0.0,0.0,2026,7,28
Tamil Nadu,Thiruchirappalli,KKNagar(Uzhavar Sandhai ),Mango(Raw-Ripe),Mango - Raw-Ripe,Local,2026-07-28,4000.0,4000.0,4000.0,0.0,0.0,2026,7,28
Tamil Nadu,Thiruchirappalli,KKNagar(Uzhavar Sandhai ),Guava,Guava Allahabad,Local,2026-07-28,13000.0,13000.0,13000.0,0.0,0.0,2026,7,28
Tamil Nadu,Thiruchirappalli,KKNagar(Uzhavar Sandhai ),Elephant Yam(Suran)/Amorphophallus,Elephant Yam (Suran),Local,2026-07-28,5800.0,5800.0,5800.0,0.0,0.0,2026,7,28
Tamil Nadu,Thiruchirappalli,KKNagar(Uzhavar Sandhai ),Custard Apple(Sharifa),Custard Apple(Sharifa),Local,2026-07-28,8000.0,8000.0,8000.0,0.0,0.0,2026,7,28
Tamil Nadu,Thiruchirappalli,KKNagar(Uzhavar Sandhai ),Sweet Corn,Sweet Corn,Local,2026-07-28,3000.0,3000.0,3000.0,0.0,0.0,2026,7,28
Tamil Nadu,Thiruchirappalli,Lalgudi(Uzhavar Sandhai ),Papaya,Papaya,Local,2026-07-28,4000.0,4000.0,4000.0,0.0,0.0,2026,7,28
Tamil Nadu,Thiruchirappalli,Lalgudi(Uzhavar Sandhai ),Onion,Bellary,Local,2026-07-28,3500.0,4200.0,3850.0,700.0,18.181818181818183,2026,7,28
Tamil Nadu,Thiruchirappalli,Lalgudi(Uzhavar Sandhai ),Potato,Other,Local,2026-07-28,3000.0,3000.0,3000.0,0.0,0.0,2026,7,28
Tamil Nadu,Thiruchirappalli,Lalgudi(Uzhavar Sandhai ),Coriander(Leaves),I Sort,Local,2026-07-28,4000.0,4000.0,4000.0,0.0,0.0,2026,7,28
Tamil Nadu,Thiruchirappalli,Lalgudi(Uzhavar Sandhai ),Bhindi(Ladies Finger),Bhindi,Local,2026-07-28,4000.0,4000.0,4000.0,0.0,0.0,2026,7,28
Tamil Nadu,Thiruchirappalli,Lalgudi(Uzhavar Sandhai ),Green Chilli,Green Chilly,Local,2026-07-28,5000.0,5000.0,5000.0,0.0,0.0,2026,7,28
Tamil Nadu,Thiruchirappalli,Lalgudi(Uzhavar Sandhai ),Tapioca,Tapioca,Local,2026-07-28,4000.0,4000.0,4000.0,0.0,0.0,2026,7,28
Tamil Nadu,Thiruchirappalli,Lalgudi(Uzhavar Sandhai ),Coconut,Coconut,Local,2026-07-28,6000.0,6000.0,6000.0,0.0,0.0,2026,7,28
Tamil Nadu,Thiruchirappalli,Lalgudi(Uzhavar Sandhai ),Carrot,Pusakesar,Local,2026-07-28,10000.0,10000.0,10000.0,0.0,0.0,2026,7,28
Tamil Nadu,Thiruchirappalli,Lalgudi(Uzhavar Sandhai ),Beetroot,Beetroot,Local,2026-07-28,5000.0,5000.0,5000.0,0.0,0.0,2026,7,28
Tamil Nadu,Thiruchirappalli,Lalgudi(Uzhavar Sandhai ),Mango(Raw-Ripe),Mango - Raw-Ripe,Local,2026-07-28,4000.0,4500.0,4250.0,500.0,11.76470588235294,2026,7,28
Tamil Nadu,Thiruchirappalli,Lalgudi(Uzhavar Sandhai ),Lemon,Lemon,Local,2026-07-28,6000.0,6000.0,6000.0,0.0,0.0,2026,7,28
Tamil Nadu,Thiruchirappalli,Lalgudi(Uzhavar Sandhai ),Mint(Pudina),Mint(Pudina),Local,2026-07-28,6000.0,6000.0,6000.0,0.0,0.0,2026,7,28
Tamil Nadu,Thiruchirappalli,Manachanallur(Uzhavar Sandhai ),Green Chilli,Green Chilly,Local,2026-07-28,5000.0,5000.0,5000.0,0.0,0.0,2026,7,28
Tamil Nadu,Thiruchirappalli,Manachanallur(Uzhavar Sandhai ),Banana - Green,Banana - Green,Local,2026-07-28,2500.0,2500.0,2500.0,0.0,0.0,2026,7,28
Tamil Nadu,Thiruchirappalli,Manachanallur(Uzhavar Sandhai ),Raddish,Raddish,Local,2026-07-28,3500.0,3500.0,3500.0,0.0,0.0,2026,7,28
Tamil Nadu,Thiruchirappalli,Manachanallur(Uzhavar Sandhai ),Green Avare(W),Other,Local,2026-07-28,6000.0,7000.0,6500.0,1000.0,15.384615384615385,2026,7,28
Tamil Nadu,Thiruchirappalli,Manachanallur(Uzhavar Sandhai ),Drumstick,Drumstick,Local,2026-07-28,6000.0,6000.0,6000.0,0.0,0.0,2026,7,28
Tamil Nadu,Thiruchirappalli,Manachanallur(Uzhavar Sandhai ),Mango(Raw-Ripe),Mango - Raw-Ripe,Local,2026-07-28,3500.0,4000.0,3750.0,500.0,13.333333333333334,2026,7,28
Tamil Nadu,Thiruchirappalli,Manachanallur(Uzhavar Sandhai ),Knool Khol,Knool Khol,Local,2026-07-28,4000.0,4000.0,4000.0,0.0,0.0,2026,7,28
Tamil Nadu,Thiruchirappalli,Manachanallur(Uzhavar Sandhai ),Guava,Guava Allahabad,Local,2026-07-28,6000.0,7000.0,6500.0,1000.0,15.384615384615385,2026,7,28
Tamil Nadu,Thiruchirappalli,Manachanallur(Uzhavar Sandhai ),Tender Coconut,Tender Coconut,Local,2026-07-28,3500.0,4500.0,4000.0,1000.0,25.0,2026,7,28
Tamil Nadu,Thiruchirappalli,Manapparai(Uzhavar Sandhai ),Green Chilli,Green Chilly,Local,2026-07-28,5000.0,5000.0,5000.0,0.0,0.0,2026,7,28
Tamil Nadu,Thiruchirappalli,Manapparai(Uzhavar Sandhai ),Mango(Raw-Ripe),Mango - Raw-Ripe,Local,2026-07-28,4000.0,4000.0,4000.0,0.0,0.0,2026,7,28
Tamil Nadu,Thiruchirappalli,Musiri(Uzhavar Sandhai ),Bitter gourd,Bitter Gourd,Local,2026-07-28,6000.0,6500.0,6250.0,500.0,8.0,2026,7,28
Tamil Nadu,Thiruchirappalli,Musiri(Uzhavar Sandhai ),Green Chilli,Green Chilly,Local,2026-07-28,3500.0,4000.0,3750.0,500.0,13.333333333333334,2026,7,28
Tamil Nadu,Thiruchirappalli,Musiri(Uzhavar Sandhai ),Betal Leaves,Mysore,Local,2026-07-28,7000.0,8000.0,7500.0,1000.0,13.333333333333334,2026,7,28
Tamil Nadu,Thiruchirappalli,Musiri(Uzhavar Sandhai ),Carrot,Pusakesar,Local,2026-07-28,9000.0,10000.0,9500.0,1000.0,10.526315789473683,2026,7,28
Tamil Nadu,Thiruchirappalli,Musiri(Uzhavar Sandhai ),Capsicum,Capsicum,Local,2026-07-28,5000.0,6000.0,5500.0,1000.0,18.181818181818183,2026,7,28
Tamil Nadu,Thiruchirappalli,Musiri(Uzhavar Sandhai ),Mango(Raw-Ripe),Mango - Raw-Ripe,Local,2026-07-28,3500.0,4000.0,3750.0,500.0,13.333333333333334,2026,7,28
Tamil Nadu,Thiruchirappalli,Musiri(Uzhavar Sandhai ),Guava,Guava Allahabad,Local,2026-07-28,4000.0,5000.0,4500.0,1000.0,22.22222222222222,2026,7,28
Tamil Nadu,Thiruchirappalli,Musiri(Uzhavar Sandhai ),Mint(Pudina),Mint(Pudina),Local,2026-07-28,5000.0,6000.0,5500.0,1000.0,18.181818181818183,2026,7,28
Tamil Nadu,Thiruchirappalli,Thiruverumbur(Uzhavar Sandhai ),Potato,Other,Local,2026-07-28,3000.0,3000.0,3000.0,0.0,0.0,2026,7,28
Tamil Nadu,Thiruchirappalli,Thiruverumbur(Uzhavar Sandhai ),Garlic,Garlic,Local,2026-07-28,18000.0,18000.0,18000.0,0.0,0.0,2026,7,28
Tamil Nadu,Thiruchirappalli,Thiruverumbur(Uzhavar Sandhai ),Bhindi(Ladies Finger),Bhindi,Local,2026-07-28,3600.0,3600.0,3600.0,0.0,0.0,2026,7,28
Tamil Nadu,Thiruchirappalli,Thiruverumbur(Uzhavar Sandhai ),Beans,Beans (Whole),Local,2026-07-28,10000.0,10000.0,10000.0,0.0,0.0,2026,7,28
Tamil Nadu,Thiruchirappalli,Thiruverumbur(Uzhavar Sandhai ),Sweet Potato,Hosur Red,Local,2026-07-28,5000.0,5000.0,5000.0,0.0,0.0,2026,7,28
Tamil Nadu,Thiruchirappalli,Thiruverumbur(Uzhavar Sandhai ),Beetroot,Beetroot,Local,2026-07-28,5000.0,5000.0,5000.0,0.0,0.0,2026,7,28
Tamil Nadu,Thiruchirappalli,Thiruverumbur(Uzhavar Sandhai ),Raddish,Raddish,Local,2026-07-28,3600.0,3600.0,3600.0,0.0,0.0,2026,7,28
Tamil Nadu,Thiruchirappalli,Thiruverumbur(Uzhavar Sandhai ),Capsicum,Capsicum,Local,2026-07-28,6000.0,6000.0,6000.0,0.0,0.0,2026,7,28
Tamil Nadu,Thiruchirappalli,Thiruverumbur(Uzhavar Sandhai ),Mango(Raw-Ripe),Mango - Raw-Ripe,Local,2026-07-28,4000.0,4000.0,4000.0,0.0,0.0,2026,7,28
Tamil Nadu,Thiruchirappalli,Thiruverumbur(Uzhavar Sandhai ),Onion Green,Onion Green,Local,2026-07-28,7000.0,7000.0,7000.0,0.0,0.0,2026,7,28
Tamil Nadu,Cuddalore,Veppur APMC,Maize,Other,Local,2026-07-28,2659.0,2659.0,2659.0,0.0,0.0,2026,7,28
Tamil Nadu,Virudhunagar,Rajapalayam(Uzhavar Sandhai ),Cauliflower,Ranchi,Local,2026-07-28,2500.0,3000.0,2750.0,500.0,18.181818181818183,2026,7,28
Tamil Nadu,Virudhunagar,Rajapalayam(Uzhavar Sandhai ),Brinjal,Round,Local,2026-07-28,4000.0,4500.0,4250.0,500.0,11.76470588235294,2026,7,28
Tamil Nadu,Virudhunagar,Rajapalayam(Uzhavar Sandhai ),Coconut,Coconut,Local,2026-07-28,5000.0,5700.0,5350.0,700.0,13.084112149532709,2026,7,28
Tamil Nadu,Virudhunagar,Rajapalayam(Uzhavar Sandhai ),Beetroot,Beetroot,Local,2026-07-28,5000.0,5500.0,5250.0,500.0,9.523809523809524,2026,7,28
Tamil Nadu,Virudhunagar,Rajapalayam(Uzhavar Sandhai ),Raddish,Raddish,Local,2026-07-28,3500.0,4000.0,3750.0,500.0,13.333333333333334,2026,7,28
Tamil Nadu,Virudhunagar,Rajapalayam(Uzhavar Sandhai ),Green Avare(W),Green Avare (W),Local,2026-07-28,6000.0,7000.0,6500.0,1000.0,15.384615384615385,2026,7,28
Tamil Nadu,Virudhunagar,Sathur(Uzhavar Sandhai ),Brinjal,Round,Local,2026-07-28,3500.0,4000.0,3750.0,500.0,13.333333333333334,2026,7,28
Tamil Nadu,Virudhunagar,Sathur(Uzhavar Sandhai ),Coriander(Leaves),I Sort,Local,2026-07-28,5500.0,6000.0,5750.0,500.0,8.695652173913043,2026,7,28
Tamil Nadu,Virudhunagar,Sathur(Uzhavar Sandhai ),Tomato,Deshi,Local,2026-07-28,2000.0,2500.0,2250.0,500.0,22.22222222222222,2026,7,28
Tamil Nadu,Virudhunagar,Sathur(Uzhavar Sandhai ),Cluster beans,Cluster Beans,Local,2026-07-28,3500.0,4000.0,3750.0,500.0,13.333333333333334,2026,7,28
Tamil Nadu,Virudhunagar,Sathur(Uzhavar Sandhai ),Chow Chow,Chow Chow,Local,2026-07-28,3000.0,3500.0,3250.0,500.0,15.384615384615385,2026,7,28
Tamil Nadu,Virudhunagar,Thalavaipuram(Uzhavar Sandhai ),Tomato,Deshi,Local,2026-07-28,1300.0,1800.0,1550.0,500.0,32.25806451612903,2026,7,28
Tamil Nadu,Virudhunagar,Thalavaipuram(Uzhavar Sandhai ),Ashgourd,Gouard,Local,2026-07-28,3500.0,4000.0,3750.0,500.0,13.333333333333334,2026,7,28
Tamil Nadu,Virudhunagar,Thalavaipuram(Uzhavar Sandhai ),Pumpkin,Pumpkin,Local,2026-07-28,2500.0,3000.0,2750.0,500.0,18.181818181818183,2026,7,28
Tamil Nadu,Virudhunagar,Thalavaipuram(Uzhavar Sandhai ),Green Chilli,Green Chilly,Local,2026-07-28,6000.0,7000.0,6500.0,1000.0,15.384615384615385,2026,7,28
Tamil Nadu,Virudhunagar,Thalavaipuram(Uzhavar Sandhai ),Snakeguard,Snakeguard,Local,2026-07-28,4000.0,4800.0,4400.0,800.0,18.181818181818183,2026,7,28
Tamil Nadu,Virudhunagar,Thalavaipuram(Uzhavar Sandhai ),Lime,Lime,Local,2026-07-28,14000.0,16000.0,15000.0,2000.0,13.333333333333334,2026,7,28
Tamil Nadu,Chengalpattu,Nanganallur(Uzhavar Sandhai ),Green Chilli,Green Chilly,Local,2026-07-28,5500.0,6000.0,5750.0,500.0,8.695652173913043,2026,7,28
Tamil Nadu,Chengalpattu,Nanganallur(Uzhavar Sandhai ),Ginger(Green),Green Ginger,Local,2026-07-28,11000.0,12000.0,11500.0,1000.0,8.695652173913043,2026,7,28
Tamil Nadu,Chengalpattu,Nanganallur(Uzhavar Sandhai ),Thondekai,Thondekai,Local,2026-07-28,5500.0,6000.0,5750.0,500.0,8.695652173913043,2026,7,28
Tamil Nadu,Chengalpattu,Nanganallur(Uzhavar Sandhai ),Capsicum,Capsicum,Local,2026-07-28,3500.0,4000.0,3750.0,500.0,13.333333333333334,2026,7,28
Tamil Nadu,Chengalpattu,Nanganallur(Uzhavar Sandhai ),Colacasia,Colacasia,Local,2026-07-28,4500.0,5000.0,4750.0,500.0,10.526315789473683,2026,7,28
Tamil Nadu,Chengalpattu,Pallavaram(Uzhavar Sandhai ),Cauliflower,Ranchi,Local,2026-07-28,2500.0,3000.0,2750.0,500.0,18.181818181818183,2026,7,28
Tamil Nadu,Chengalpattu,Pallavaram(Uzhavar Sandhai ),Tomato,Other,Local,2026-07-28,2000.0,2500.0,2250.0,500.0,22.22222222222222,2026,7,28
Tamil Nadu,Chengalpattu,Pallavaram(Uzhavar Sandhai ),Cowpea(Veg),Cowpea (Veg),Local,2026-07-28,6000.0,7000.0,6500.0,1000.0,15.384615384615385,2026,7,28
Tamil Nadu,Chengalpattu,Pallavaram(Uzhavar Sandhai ),Carrot,Pusakesar,Local,2026-07-28,10000.0,12000.0,11000.0,2000.0,18.181818181818183,2026,7,28
Tamil Nadu,Chengalpattu,Pallavaram(Uzhavar Sandhai ),Cabbage,Cabbage,Local,2026-07-28,3000.0,3500.0,3250.0,500.0,15.384615384615385,2026,7,28
Tamil Nadu,Chengalpattu,Pallavaram(Uzhavar Sandhai ),Ridgeguard(Tori),Ridgeguard(Tori),Local,2026-07-28,7000.0,8000.0,7500.0,1000.0,13.333333333333334,2026,7,28
Tamil Nadu,Chengalpattu,Pallavaram(Uzhavar Sandhai ),Green Avare(W),Other,Local,2026-07-28,7000.0,8000.0,7500.0,1000.0,13.333333333333334,2026,7,28
Tamil Nadu,Chengalpattu,Pallavaram(Uzhavar Sandhai ),Drumstick,Drumstick,Local,2026-07-28,6000.0,7000.0,6500.0,1000.0,15.384615384615385,2026,7,28
Tamil Nadu,Chengalpattu,Pallavaram(Uzhavar Sandhai ),Elephant Yam(Suran)/Amorphophallus,Elephant Yam (Suran),Local,2026-07-28,6000.0,7000.0,6500.0,1000.0,15.384615384615385,2026,7,28
Tamil Nadu,Chengalpattu,Pallavaram(Uzhavar Sandhai ),Sweet Corn,Sweet Corn,Local,2026-07-28,4000.0,5000.0,4500.0,1000.0,22.22222222222222,2026,7,28
Tamil Nadu,Nagercoil (Kannyiakumari),Myladi(Uzhavar Sandhai ),Cauliflower,Ranchi,Local,2026-07-28,5000.0,5500.0,5250.0,500.0,9.523809523809524,2026,7,28
Tamil Nadu,Nagercoil (Kannyiakumari),Myladi(Uzhavar Sandhai ),Pumpkin,Pumpkin,Local,2026-07-28,1800.0,2000.0,1900.0,200.0,10.526315789473683,2026,7,28
Tamil Nadu,Nagercoil (Kannyiakumari),Myladi(Uzhavar Sandhai ),Amaranthus,Amaranthus,Local,2026-07-28,1200.0,1500.0,1350.0,300.0,22.22222222222222,2026,7,28
Tamil Nadu,Nagercoil (Kannyiakumari),Myladi(Uzhavar Sandhai ),Beans,Beans (Whole),Local,2026-07-28,13000.0,14000.0,13500.0,1000.0,7.4074074074074066,2026,7,28
Tamil Nadu,Nagercoil (Kannyiakumari),Myladi(Uzhavar Sandhai ),Ginger(Green),Green Ginger,Local,2026-07-28,22000.0,24000.0,23000.0,2000.0,8.695652173913043,2026,7,28
Tamil Nadu,Nagercoil (Kannyiakumari),Myladi(Uzhavar Sandhai ),Carrot,Pusakesar,Local,2026-07-28,9000.0,10000.0,9500.0,1000.0,10.526315789473683,2026,7,28
Tamil Nadu,Nagercoil (Kannyiakumari),Myladi(Uzhavar Sandhai ),Snakeguard,Snakeguard,Local,2026-07-28,3500.0,4000.0,3750.0,500.0,13.333333333333334,2026,7,28
Tamil Nadu,Nagercoil (Kannyiakumari),Myladi(Uzhavar Sandhai ),Drumstick,Drumstick,Local,2026-07-28,3500.0,4000.0,3750.0,500.0,13.333333333333334,2026,7,28
Tamil Nadu,Nagercoil (Kannyiakumari),Myladi(Uzhavar Sandhai ),Tamarind Fruit,Tamarind Fruit,Local,2026-07-28,12000.0,13000.0,12500.0,1000.0,8.0,2026,7,28
Tamil Nadu,Chengalpattu,Jameenrayapettai(Uzhavar Sandhai ),Papaya,Papaya,Local,2026-07-28,4000.0,5000.0,4500.0,1000.0,22.22222222222222,2026,7,28
Tamil Nadu,Chengalpattu,Jameenrayapettai(Uzhavar Sandhai ),Mousambi(Sweet Lime),Mousambi,Local,2026-07-28,7000.0,8000.0,7500.0,1000.0,13.333333333333334,2026,7,28
Tamil Nadu,Chengalpattu,Jameenrayapettai(Uzhavar Sandhai ),Grapes,Annabesahai,Local,2026-07-28,10000.0,11000.0,10500.0,1000.0,9.523809523809524,2026,7,28
Tamil Nadu,Chengalpattu,Jameenrayapettai(Uzhavar Sandhai ),Potato,Other,Local,2026-07-28,2500.0,3000.0,2750.0,500.0,18.181818181818183,2026,7,28
Tamil Nadu,Chengalpattu,Jameenrayapettai(Uzhavar Sandhai ),Cauliflower,Ranchi,Local,2026-07-28,2500.0,3000.0,2750.0,500.0,18.181818181818183,2026,7,28
Tamil Nadu,Chengalpattu,Jameenrayapettai(Uzhavar Sandhai ),Tomato,Other,Local,2026-07-28,2000.0,2500.0,2250.0,500.0,22.22222222222222,2026,7,28
Tamil Nadu,Chengalpattu,Jameenrayapettai(Uzhavar Sandhai ),Bitter gourd,Other,Local,2026-07-28,6000.0,7000.0,6500.0,1000.0,15.384615384615385,2026,7,28
Tamil Nadu,Chengalpattu,Jameenrayapettai(Uzhavar Sandhai ),Pumpkin,Pumpkin,Local,2026-07-28,2500.0,3000.0,2750.0,500.0,18.181818181818183,2026,7,28
Tamil Nadu,Chengalpattu,Jameenrayapettai(Uzhavar Sandhai ),Bhindi(Ladies Finger),Bhindi,Local,2026-07-28,3500.0,4000.0,3750.0,500.0,13.333333333333334,2026,7,28
Tamil Nadu,Chengalpattu,Jameenrayapettai(Uzhavar Sandhai ),Snakeguard,Snakeguard,Local,2026-07-28,4000.0,5000.0,4500.0,1000.0,22.22222222222222,2026,7,28
Tamil Nadu,Chengalpattu,Jameenrayapettai(Uzhavar Sandhai ),Thondekai,Thondekai,Local,2026-07-28,5000.0,6000.0,5500.0,1000.0,18.181818181818183,2026,7,28
Tamil Nadu,Chengalpattu,Jameenrayapettai(Uzhavar Sandhai ),Lemon,Lemon,Local,2026-07-28,11000.0,12000.0,11500.0,1000.0,8.695652173913043,2026,7,28
Tamil Nadu,Chengalpattu,Guduvancheri(Uzhavar Sandhai ),Papaya,Papaya,Local,2026-07-28,4000.0,5000.0,4500.0,1000.0,22.22222222222222,2026,7,28
Tamil Nadu,Chengalpattu,Guduvancheri(Uzhavar Sandhai ),Apple,American,Local,2026-07-28,24000.0,25000.0,24500.0,1000.0,4.081632653061225,2026,7,28
Tamil Nadu,Chengalpattu,Guduvancheri(Uzhavar Sandhai ),Banana,Red Banana,Local,2026-07-28,7000.0,8000.0,7500.0,1000.0,13.333333333333334,2026,7,28
Tamil Nadu,Chengalpattu,Guduvancheri(Uzhavar Sandhai ),Onion,Bellary,Local,2026-07-28,3500.0,4000.0,3750.0,500.0,13.333333333333334,2026,7,28
Tamil Nadu,Chengalpattu,Guduvancheri(Uzhavar Sandhai ),Mousambi(Sweet Lime),Mousambi,Local,2026-07-28,7000.0,8000.0,7500.0,1000.0,13.333333333333334,2026,7,28
Tamil Nadu,Chengalpattu,Guduvancheri(Uzhavar Sandhai ),Amaranthus,Amaranthus,Local,2026-07-28,2500.0,3000.0,2750.0,500.0,18.181818181818183,2026,7,28
Tamil Nadu,Chengalpattu,Guduvancheri(Uzhavar Sandhai ),Ginger(Green),Green Ginger,Local,2026-07-28,20000.0,22000.0,21000.0,2000.0,9.523809523809524,2026,7,28
Tamil Nadu,Chengalpattu,Guduvancheri(Uzhavar Sandhai ),Drumstick,Drumstick,Local,2026-07-28,6000.0,7000.0,6500.0,1000.0,15.384615384615385,2026,7,28
Tamil Nadu,Chengalpattu,Guduvancheri(Uzhavar Sandhai ),Tender Coconut,Tender Coconut,Local,2026-07-28,3500.0,4000.0,3750.0,500.0,13.333333333333334,2026,7,28
Tamil Nadu,Chengalpattu,Guduvancheri(Uzhavar Sandhai ),Onion Green,Onion Green,Local,2026-07-28,6000.0,7000.0,6500.0,1000.0,15.384615384615385,2026,7,28
Tamil Nadu,Chengalpattu,Guduvancheri(Uzhavar Sandhai ),Mint(Pudina),Mint(Pudina),Local,2026-07-28,4000.0,5000.0,4500.0,1000.0,22.22222222222222,2026,7,28
Tamil Nadu,Thirupur,Dharapuram(Uzhavar Sandhai ),Onion,Bellary,Local,2026-07-28,4000.0,4000.0,4000.0,0.0,0.0,2026,7,28
Tamil Nadu,Thirupur,Dharapuram(Uzhavar Sandhai ),Chikoos(Sapota),Sapota,Local,2026-07-28,4000.0,4000.0,4000.0,0.0,0.0,2026,7,28
Tamil Nadu,Thirupur,Dharapuram(Uzhavar Sandhai ),Bottle gourd,Bottle Gourd,Local,2026-07-28,2000.0,2000.0,2000.0,0.0,0.0,2026,7,28
Tamil Nadu,Thirupur,Dharapuram(Uzhavar Sandhai ),Ashgourd,Gouard,Local,2026-07-28,2000.0,2000.0,2000.0,0.0,0.0,2026,7,28
Tamil Nadu,Thirupur,Dharapuram(Uzhavar Sandhai ),Pumpkin,Pumpkin,Local,2026-07-28,2300.0,2300.0,2300.0,0.0,0.0,2026,7,28
Tamil Nadu,Thirupur,Dharapuram(Uzhavar Sandhai ),Bhindi(Ladies Finger),Bhindi,Local,2026-07-28,5000.0,5000.0,5000.0,0.0,0.0,2026,7,28
Tamil Nadu,Thirupur,Dharapuram(Uzhavar Sandhai ),Carrot,Pusakesar,Local,2026-07-28,9600.0,9600.0,9600.0,0.0,0.0,2026,7,28
Tamil Nadu,Thirupur,Dharapuram(Uzhavar Sandhai ),Green Avare(W),Green Avare (W),Local,2026-07-28,8500.0,8500.0,8500.0,0.0,0.0,2026,7,28
Tamil Nadu,Thirupur,Dharapuram(Uzhavar Sandhai ),Onion Green,Onion Green,Local,2026-07-28,5600.0,5600.0,5600.0,0.0,0.0,2026,7,28
Tamil Nadu,Thirupur,Palladam(Uzhavar Sandhai ),Cauliflower,Ranchi,Local,2026-07-28,3000.0,3500.0,3250.0,500.0,15.384615384615385,2026,7,28
Tamil Nadu,Thirupur,Palladam(Uzhavar Sandhai ),Coriander(Leaves),I Sort,Local,2026-07-28,4000.0,5000.0,4500.0,1000.0,22.22222222222222,2026,7,28
Tamil Nadu,Thirupur,Palladam(Uzhavar Sandhai ),Ashgourd,Gouard,Local,2026-07-28,1500.0,2000.0,1750.0,500.0,28.57142857142857,2026,7,28
Tamil Nadu,Thirupur,Palladam(Uzhavar Sandhai ),Cowpea(Veg),Cowpea (Veg),Local,2026-07-28,3500.0,4000.0,3750.0,500.0,13.333333333333334,2026,7,28
Tamil Nadu,Thirupur,Palladam(Uzhavar Sandhai ),Banana - Green,Banana - Green,Local,2026-07-28,2500.0,3000.0,2750.0,500.0,18.181818181818183,2026,7,28
Tamil Nadu,Thirupur,Palladam(Uzhavar Sandhai ),Beans,Beans (Whole),Local,2026-07-28,9000.0,9500.0,9250.0,500.0,5.405405405405405,2026,7,28
Tamil Nadu,Thirupur,Palladam(Uzhavar Sandhai ),Snakeguard,Snakeguard,Local,2026-07-28,3500.0,4000.0,3750.0,500.0,13.333333333333334,2026,7,28
Tamil Nadu,Thirupur,Palladam(Uzhavar Sandhai ),Chow Chow,Chow Chow,Local,2026-07-28,2500.0,3000.0,2750.0,500.0,18.181818181818183,2026,7,28
Andhra Pradesh,East Godavari,Mandapeta APMC,Paddy(Common),1001,FAQ,2026-07-28,2369.0,2400.0,2389.0,31.0,1.297614064462118,2026,7,28
Uttar Pradesh,Baghpat,Khekda APMC,Bottle gourd,Bottle Gourd,FAQ,2026-07-28,1500.0,1700.0,1600.0,200.0,12.5,2026,7,28
Tamil Nadu,Kallakuruchi,Kallakurichi(Uzhavar Sandhai ),Coriander(Leaves),I Sort,Local,2026-07-28,6000.0,6000.0,6000.0,0.0,0.0,2026,7,28
Tamil Nadu,Kallakuruchi,Kallakurichi(Uzhavar Sandhai ),Cabbage,Cabbage,Local,2026-07-28,5000.0,5000.0,5000.0,0.0,0.0,2026,7,28
Tamil Nadu,Kallakuruchi,Kallakurichi(Uzhavar Sandhai ),Snakeguard,Snakeguard,Local,2026-07-28,5000.0,5000.0,5000.0,0.0,0.0,2026,7,28
Tamil Nadu,Kallakuruchi,Kallakurichi(Uzhavar Sandhai ),Raddish,Raddish,Local,2026-07-28,4000.0,4000.0,4000.0,0.0,0.0,2026,7,28
Tamil Nadu,Kallakuruchi,Kallakurichi(Uzhavar Sandhai ),Jasmine,Jasmine,Local,2026-07-28,35000.0,35000.0,35000.0,0.0,0.0,2026,7,28
Tamil Nadu,Kallakuruchi,Kallakurichi(Uzhavar Sandhai ),Yam(Ratalu),Yam (Ratalu),Local,2026-07-28,3000.0,3000.0,3000.0,0.0,0.0,2026,7,28
Tamil Nadu,Kallakuruchi,Kallakurichi(Uzhavar Sandhai ),Lemon,Lemon,Local,2026-07-28,7000.0,7000.0,7000.0,0.0,0.0,2026,7,28
Tamil Nadu,Kallakuruchi,Kallakurichi(Uzhavar Sandhai ),Mashrooms,Mashrooms,Local,2026-07-28,22500.0,22500.0,22500.0,0.0,0.0,2026,7,28
Punjab,Gurdaspur,Gurdaspur APMC,Bhindi(Ladies Finger),Other,Grade A,2026-07-28,2600.0,2600.0,2600.0,0.0,0.0,2026,7,28
Punjab,Gurdaspur,Gurdaspur APMC,Cauliflower,Other,Grade A,2026-07-28,4850.0,4850.0,4850.0,0.0,0.0,2026,7,28
Punjab,Gurdaspur,Gurdaspur APMC,Capsicum,Other,Grade A,2026-07-28,3250.0,3250.0,3250.0,0.0,0.0,2026,7,28
Punjab,Gurdaspur,Gurdaspur APMC,Garlic,Other,Grade Range-2,2026-07-28,8500.0,8500.0,8500.0,0.0,0.0,2026,7,28
Punjab,Gurdaspur,Gurdaspur APMC,Green Chilli,Other,Grade A,2026-07-28,2500.0,2500.0,2500.0,0.0,0.0,2026,7,28
Punjab,Gurdaspur,Gurdaspur APMC,Lemon,Other,Grade A,2026-07-28,4500.0,4500.0,4500.0,0.0,0.0,2026,7,28
Tamil Nadu,Thirupathur,Natrampalli(Uzhavar Sandhai ),Papaya,Papaya,Local,2026-07-28,2000.0,3000.0,2500.0,1000.0,40.0,2026,7,28
Tamil Nadu,Thirupathur,Natrampalli(Uzhavar Sandhai ),Garlic,Garlic,Local,2026-07-28,25000.0,30000.0,27500.0,5000.0,18.181818181818183,2026,7,28
Tamil Nadu,Thirupathur,Natrampalli(Uzhavar Sandhai ),Cauliflower,Ranchi,Local,2026-07-28,2500.0,3000.0,2750.0,500.0,18.181818181818183,2026,7,28
Tamil Nadu,Thirupathur,Natrampalli(Uzhavar Sandhai ),Coriander(Leaves),I Sort,Local,2026-07-28,5000.0,6000.0,5500.0,1000.0,18.181818181818183,2026,7,28
Tamil Nadu,Thirupathur,Natrampalli(Uzhavar Sandhai ),Tomato,Deshi,Local,2026-07-28,1000.0,1500.0,1250.0,500.0,40.0,2026,7,28
Tamil Nadu,Thirupathur,Natrampalli(Uzhavar Sandhai ),Cluster beans,Cluster Beans,Local,2026-07-28,3000.0,4000.0,3500.0,1000.0,28.57142857142857,2026,7,28
Tamil Nadu,Thirupathur,Natrampalli(Uzhavar Sandhai ),Bottle gourd,Bottle Gourd,Local,2026-07-28,1500.0,2000.0,1750.0,500.0,28.57142857142857,2026,7,28
Tamil Nadu,Thirupathur,Natrampalli(Uzhavar Sandhai ),Coconut,Coconut,Local,2026-07-28,2500.0,3000.0,2750.0,500.0,18.181818181818183,2026,7,28
Tamil Nadu,Thirupathur,Natrampalli(Uzhavar Sandhai ),Snakeguard,Snakeguard,Local,2026-07-28,3000.0,4000.0,3500.0,1000.0,28.57142857142857,2026,7,28
Tamil Nadu,Thirupathur,Natrampalli(Uzhavar Sandhai ),Ridgeguard(Tori),Ridgeguard(Tori),Local,2026-07-28,3000.0,4000.0,3500.0,1000.0,28.57142857142857,2026,7,28
Tamil Nadu,Thirupathur,Natrampalli(Uzhavar Sandhai ),Mango(Raw-Ripe),Mango - Raw-Ripe,Local,2026-07-28,1500.0,2000.0,1750.0,500.0,28.57142857142857,2026,7,28
Tamil Nadu,Thirupathur,Natrampalli(Uzhavar Sandhai ),Onion Green,Onion Green,Local,2026-07-28,5000.0,6000.0,5500.0,1000.0,18.181818181818183,2026,7,28
Punjab,Bhatinda,Bathinda APMC,Apple,Kasmir/Shimla - II,Grade B,2026-07-28,8000.0,26000.0,16000.0,18000.0,112.5,2026,7,28
Punjab,Bhatinda,Bathinda APMC,Tomato,Other,Grade B,2026-07-28,2000.0,2800.0,2200.0,800.0,36.36363636363637,2026,7,28
Andhra Pradesh,Palnadu,Ipur APMC,"Sesamum(Sesame,Gingelly,Til)",Black,FAQ,2026-07-28,8900.0,9900.0,9500.0,1000.0,10.526315789473683,2026,7,28
Andhra Pradesh,East Godavari,Gopalapuram APMC,Maize,Local,Local,2026-07-28,2420.0,2420.0,2420.0,0.0,0.0,2026,7,28
Andhra Pradesh,Dr.B.R.A.Konaseema,Ravulapalem (Kothapeta APMC),Banana,Chakkarakeli(Red),Local,2026-07-28,4400.0,4900.0,4700.0,500.0,10.638297872340425,2026,7,28
Andhra Pradesh,Ananthapuramu,Gooti APMC,Cotton,Bramha,Grade Range-1,2026-07-28,9179.0,9575.0,9367.0,396.0,4.227607558449877,2026,7,28
Andhra Pradesh,Ananthapuramu,Gooti APMC,Red gram/Arhar/Tur(whole),Local,Grade Range-1,2026-07-28,4560.0,5730.0,4980.0,1170.0,23.49397590361446,2026,7,28
Andhra Pradesh,Anakapally,Payakaraopeta APMC,Green Gram(Moong)(Whole),Local,Local,2026-07-28,8748.0,8768.0,8758.0,20.0,0.22836263987211694,2026,7,28
Andhra Pradesh,Anakapally,Payakaraopeta APMC,Cashewnuts,Local(Raw),Local,2026-07-28,11500.0,12500.0,12000.0,1000.0,8.333333333333332,2026,7,28
Andhra Pradesh,Anakapally,Payakaraopeta APMC,Banana,Karpura,Local,2026-07-28,1800.0,2000.0,1900.0,200.0,10.526315789473683,2026,7,28
Andhra Pradesh,Dr.B.R.A.Konaseema,Razole APMC,Coconut,Medium,FAQ,2026-07-28,15342.0,15500.0,15342.0,158.0,1.0298526919567201,2026,7,28
Andhra Pradesh,NTR,Tiruvuru APMC,Maize,Hybrid,Local,2026-07-28,2400.0,2400.0,2400.0,0.0,0.0,2026,7,28
Andhra Pradesh,Guntur,Phirangipuram APMC,Cotton,Cotton (Unginned),Local,2026-07-28,7200.0,8300.0,7800.0,1100.0,14.102564102564102,2026,7,28
Telangana,Karimnagar,V.Saidapur APMC,Paddy(Common),MTU-1010,FAQ,2026-07-28,2389.0,2389.0,2389.0,0.0,0.0,2026,7,28
Telangana,Karimnagar,V.Saidapur APMC,Paddy(Common),1001,Non-FAQ,2026-07-28,2369.0,2369.0,2369.0,0.0,0.0,2026,7,28
Tamil Nadu,Salem,Athur(Uzhavar Sandhai ),Banana,Red Banana,Local,2026-07-28,6500.0,7000.0,6750.0,500.0,7.4074074074074066,2026,7,28
Tamil Nadu,Salem,Athur(Uzhavar Sandhai ),Onion,Bellary,Local,2026-07-28,3500.0,4200.0,3850.0,700.0,18.181818181818183,2026,7,28
Tamil Nadu,Salem,Athur(Uzhavar Sandhai ),Potato,Other,Local,2026-07-28,2800.0,3000.0,2900.0,200.0,6.896551724137931,2026,7,28
Tamil Nadu,Salem,Athur(Uzhavar Sandhai ),Cauliflower,Ranchi,Local,2026-07-28,3000.0,3000.0,3000.0,0.0,0.0,2026,7,28
Tamil Nadu,Salem,Athur(Uzhavar Sandhai ),Chikoos(Sapota),Sapota,Local,2026-07-28,3500.0,4000.0,3750.0,500.0,13.333333333333334,2026,7,28
Tamil Nadu,Salem,Athur(Uzhavar Sandhai ),Green Chilli,Green Chilly,Local,2026-07-28,4500.0,4800.0,4650.0,300.0,6.451612903225806,2026,7,28
Tamil Nadu,Salem,Athur(Uzhavar Sandhai ),Beans,Beans (Whole),Local,2026-07-28,6000.0,7000.0,6500.0,1000.0,15.384615384615385,2026,7,28
Tamil Nadu,Salem,Athur(Uzhavar Sandhai ),Onion Green,Onion Green,Local,2026-07-28,4500.0,5000.0,4750.0,500.0,10.526315789473683,2026,7,28
Tamil Nadu,Salem,Athur(Uzhavar Sandhai ),Tube Rose(Loose),Tube Rose (Loose),Local,2026-07-28,12000.0,16000.0,14000.0,4000.0,28.57142857142857,2026,7,28
Tamil Nadu,Theni,Periyakulam(Uzhavar Sandhai ),Papaya,Papaya,Local,2026-07-28,2500.0,3000.0,2750.0,500.0,18.181818181818183,2026,7,28
Tamil Nadu,Theni,Periyakulam(Uzhavar Sandhai ),Brinjal,Other,Local,2026-07-28,4400.0,4600.0,4500.0,200.0,4.444444444444445,2026,7,28
Tamil Nadu,Theni,Periyakulam(Uzhavar Sandhai ),Coriander(Leaves),I Sort,Local,2026-07-28,4800.0,5000.0,4900.0,200.0,4.081632653061225,2026,7,28
Tamil Nadu,Theni,Periyakulam(Uzhavar Sandhai ),Cluster beans,Cluster Beans,Local,2026-07-28,3600.0,3800.0,3700.0,200.0,5.405405405405405,2026,7,28
Tamil Nadu,Theni,Periyakulam(Uzhavar Sandhai ),Green Chilli,Green Chilly,Local,2026-07-28,5000.0,5400.0,5200.0,400.0,7.6923076923076925,2026,7,28
Tamil Nadu,Theni,Periyakulam(Uzhavar Sandhai ),Drumstick,Drumstick,Local,2026-07-28,3000.0,4000.0,3500.0,1000.0,28.57142857142857,2026,7,28
Tamil Nadu,Theni,Periyakulam(Uzhavar Sandhai ),Knool Khol,Knool Khol,Local,2026-07-28,4200.0,4400.0,4300.0,200.0,4.651162790697675,2026,7,28
Tamil Nadu,Theni,Periyakulam(Uzhavar Sandhai ),Elephant Yam(Suran)/Amorphophallus,Elephant Yam (Suran),Local,2026-07-28,3800.0,4000.0,3900.0,200.0,5.128205128205128,2026,7,28
Tamil Nadu,Theni,Periyakulam(Uzhavar Sandhai ),Lemon,Lemon,Local,2026-07-28,4000.0,4500.0,4250.0,500.0,11.76470588235294,2026,7,28
Tamil Nadu,Virudhunagar,Srivilliputhur(Uzhavar Sandhai ),Onion,Bellary,Local,2026-07-28,3500.0,4000.0,3750.0,500.0,13.333333333333334,2026,7,28
Tamil Nadu,Virudhunagar,Srivilliputhur(Uzhavar Sandhai ),Tomato,Deshi,Local,2026-07-28,1700.0,2000.0,1850.0,300.0,16.216216216216218,2026,7,28
Tamil Nadu,Virudhunagar,Srivilliputhur(Uzhavar Sandhai ),Bhindi(Ladies Finger),Bhindi,Local,2026-07-28,2500.0,3000.0,2750.0,500.0,18.181818181818183,2026,7,28
Tamil Nadu,Virudhunagar,Srivilliputhur(Uzhavar Sandhai ),Banana - Green,Banana - Green,Local,2026-07-28,2500.0,3000.0,2750.0,500.0,18.181818181818183,2026,7,28
Tamil Nadu,Virudhunagar,Srivilliputhur(Uzhavar Sandhai ),Ginger(Green),Green Ginger,Local,2026-07-28,19000.0,20000.0,19500.0,1000.0,5.128205128205128,2026,7,28
Tamil Nadu,Virudhunagar,Srivilliputhur(Uzhavar Sandhai ),Cabbage,Cabbage,Local,2026-07-28,4000.0,4500.0,4250.0,500.0,11.76470588235294,2026,7,28
Tamil Nadu,Virudhunagar,Srivilliputhur(Uzhavar Sandhai ),Ridgeguard(Tori),Ridgeguard(Tori),Local,2026-07-28,4500.0,5000.0,4750.0,500.0,10.526315789473683,2026,7,28
Tamil Nadu,Virudhunagar,Srivilliputhur(Uzhavar Sandhai ),Mango(Raw-Ripe),Mango - Raw-Ripe,Local,2026-07-28,2500.0,3000.0,2750.0,500.0,18.181818181818183,2026,7,28
Uttar Pradesh,Badaun,Shahaswan APMC,Mango,Other,Medium,2026-07-28,2500.0,3200.0,3000.0,700.0,23.333333333333332,2026,7,28
Uttar Pradesh,Hathras,Shadabad APMC,Bottle gourd,Bottle Gourd,Small,2026-07-28,800.0,900.0,850.0,100.0,11.76470588235294,2026,7,28
Rajasthan,Rajsamand,Rajsamand APMC,Onion,Onion,FAQ,2026-07-28,1800.0,2200.0,2000.0,400.0,20.0,2026,7,28
Rajasthan,Rajsamand,Rajsamand APMC,Potato,Potato,FAQ,2026-07-28,600.0,800.0,700.0,200.0,28.57142857142857,2026,7,28
Punjab,Ludhiana,Sahnewal APMC,Bitter gourd,Bitter Gourd,FAQ,2026-07-28,2500.0,2500.0,2500.0,0.0,0.0,2026,7,28
Punjab,Sangrur,Bhawanigarh APMC,Banana,Medium,Local,2026-07-28,3000.0,3500.0,3250.0,500.0,15.384615384615385,2026,7,28
Punjab,Sangrur,Bhawanigarh APMC,Onion,Other,Medium,2026-07-28,2500.0,2700.0,2600.0,200.0,7.6923076923076925,2026,7,28
Punjab,Sangrur,Bhawanigarh APMC,Bhindi(Ladies Finger),Other,Medium,2026-07-28,2100.0,2300.0,2200.0,200.0,9.090909090909092,2026,7,28
Punjab,Sangrur,Bhawanigarh APMC,Green Chilli,Green Chilly,Medium,2026-07-28,2600.0,2800.0,2700.0,200.0,7.4074074074074066,2026,7,28
Punjab,Sangrur,Bhawanigarh APMC,Tomato,Other,Medium,2026-07-28,2000.0,2200.0,2100.0,200.0,9.523809523809524,2026,7,28
Punjab,Sangrur,Bhawanigarh APMC,Potato,Other,Medium,2026-07-28,600.0,600.0,600.0,0.0,0.0,2026,7,28
West Bengal,Paschim Bardhaman,Durgapur APMC,Mustard,Other,FAQ,2026-07-28,6200.0,6500.0,6375.0,300.0,4.705882352941177,2026,7,28
West Bengal,Paschim Bardhaman,Durgapur APMC,Mustard Oil,Other,FAQ,2026-07-28,16650.0,17200.0,16800.0,550.0,3.273809523809524,2026,7,28
West Bengal,Paschim Bardhaman,Durgapur APMC,Brinjal,Other,FAQ,2026-07-28,3250.0,3700.0,3500.0,450.0,12.857142857142856,2026,7,28
Tamil Nadu,Coimbatore,Vadavalli(Uzhavar Sandhai ),Orange,Darjeeling,Local,2026-07-28,12000.0,14000.0,13000.0,2000.0,15.384615384615385,2026,7,28
Tamil Nadu,Coimbatore,Vadavalli(Uzhavar Sandhai ),Mousambi(Sweet Lime),Mousambi,Local,2026-07-28,7500.0,9000.0,8250.0,1500.0,18.181818181818183,2026,7,28
Tamil Nadu,Coimbatore,Vadavalli(Uzhavar Sandhai ),Onion,Bellary,Local,2026-07-28,3000.0,3500.0,3250.0,500.0,15.384615384615385,2026,7,28
Tamil Nadu,Coimbatore,Vadavalli(Uzhavar Sandhai ),Potato,Other,Local,2026-07-28,5500.0,6800.0,6150.0,1300.0,21.138211382113823,2026,7,28
Tamil Nadu,Coimbatore,Vadavalli(Uzhavar Sandhai ),Tomato,Local,Local,2026-07-28,1500.0,2000.0,1750.0,500.0,28.57142857142857,2026,7,28
Tamil Nadu,Coimbatore,Vadavalli(Uzhavar Sandhai ),Green Chilli,Green Chilly,Local,2026-07-28,4400.0,5000.0,4700.0,600.0,12.76595744680851,2026,7,28
Tamil Nadu,Coimbatore,Vadavalli(Uzhavar Sandhai ),Thondekai,Thondekai,Local,2026-07-28,4200.0,4800.0,4500.0,600.0,13.333333333333334,2026,7,28
Tamil Nadu,Coimbatore,Vadavalli(Uzhavar Sandhai ),Chow Chow,Chow Chow,Local,2026-07-28,3200.0,3800.0,3500.0,600.0,17.142857142857142,2026,7,28
Tamil Nadu,Coimbatore,Vadavalli(Uzhavar Sandhai ),Indian Beans(Seam),Indian Beans (Seam),Local,2026-07-28,4500.0,5000.0,4750.0,500.0,10.526315789473683,2026,7,28
Tamil Nadu,Coimbatore,Vadavalli(Uzhavar Sandhai ),Lemon,Lemon,Local,2026-07-28,7500.0,8000.0,7750.0,500.0,6.451612903225806,2026,7,28
Tamil Nadu,Coimbatore,Vadavalli(Uzhavar Sandhai ),Onion Green,Onion Green,Local,2026-07-28,5200.0,5800.0,5500.0,600.0,10.909090909090908,2026,7,28
Tamil Nadu,Coimbatore,Vadavalli(Uzhavar Sandhai ),Mint(Pudina),Mint(Pudina),Local,2026-07-28,5500.0,6000.0,5750.0,500.0,8.695652173913043,2026,7,28
West Bengal,Darjeeling,Karsiyang(Matigara) APMC,Potato,Red,FAQ,2026-07-28,1400.0,1600.0,1500.0,200.0,13.333333333333334,2026,7,28
West Bengal,Darjeeling,Karsiyang(Matigara) APMC,Onion,Nasik,FAQ,2026-07-28,3800.0,4000.0,3900.0,200.0,5.128205128205128,2026,7,28
West Bengal,Darjeeling,Darjeeling APMC,Raddish,Raddish,FAQ,2026-07-28,3100.0,3300.0,3200.0,200.0,6.25,2026,7,28
Andhra Pradesh,Annamayya,Piler APMC,Gur(Jaggery),NO 3,Local,2026-07-28,4000.0,5000.0,4500.0,1000.0,22.22222222222222,2026,7,28
Haryana,Palwal,Hassanpur APMC,Onion,Onion,Local,2026-07-28,2500.0,2500.0,2500.0,0.0,0.0,2026,7,28
Uttar Pradesh,Bulandshahar,Gulavati APMC,Sponge gourd,Other,FAQ,2026-07-28,2000.0,2200.0,2100.0,200.0,9.523809523809524,2026,7,28
Uttar Pradesh,Bulandshahar,Gulavati APMC,Cauliflower,Cauliflower,FAQ,2026-07-28,2100.0,2300.0,2200.0,200.0,9.090909090909092,2026,7,28
Uttar Pradesh,Bulandshahar,Gulavati APMC,Brinjal,Brinjal,FAQ,2026-07-28,1500.0,1700.0,1600.0,200.0,12.5,2026,7,28
Haryana,Hissar,Barwala(Hisar) APMC,Cauliflower,Cauliflower,Local,2026-07-28,4000.0,5000.0,4500.0,1000.0,22.22222222222222,2026,7,28
Haryana,Hissar,Barwala(Hisar) APMC,Tomato,Tomato,Local,2026-07-28,2000.0,2500.0,2400.0,500.0,20.833333333333336,2026,7,28
Haryana,Hissar,Barwala(Hisar) APMC,Apple,Apple,Local,2026-07-28,8000.0,10000.0,9000.0,2000.0,22.22222222222222,2026,7,28
Haryana,Hissar,Barwala(Hisar) APMC,Brinjal,Brinjal,Local,2026-07-28,2000.0,2500.0,2250.0,500.0,22.22222222222222,2026,7,28
Haryana,Hissar,Barwala(Hisar) APMC,Guava,Guava,Local,2026-07-28,2500.0,4000.0,3500.0,1500.0,42.857142857142854,2026,7,28
Punjab,Fazilka,Jalalabad APMC,Water Melon,Water Melon,Medium,2026-07-28,3500.0,3500.0,3500.0,0.0,0.0,2026,7,28
Punjab,Fazilka,Jalalabad APMC,Papaya,Papaya,Medium,2026-07-28,3900.0,4100.0,4000.0,200.0,5.0,2026,7,28
Punjab,Fazilka,Jalalabad APMC,Carrot,Carrot,Medium,2026-07-28,3200.0,3200.0,3200.0,0.0,0.0,2026,7,28
Punjab,Fazilka,Jalalabad APMC,Lemon,Lemon,Medium,2026-07-28,3200.0,3500.0,3300.0,300.0,9.090909090909092,2026,7,28
Punjab,Fazilka,Jalalabad APMC,Ridgeguard(Tori),Other,Medium,2026-07-28,2800.0,3000.0,2900.0,200.0,6.896551724137931,2026,7,28
Punjab,Fazilka,Jalalabad APMC,Tomato,Tomato,Medium,2026-07-28,2300.0,2700.0,2500.0,400.0,16.0,2026,7,28
Tripura,South Tripura,Barpathari APMC,Brinjal,Round/Long,Local,2026-07-28,6900.0,7100.0,7000.0,200.0,2.857142857142857,2026,7,28
Tamil Nadu,Coimbatore,Udumalpet APMC,Onion,Bellary,Local,2026-07-28,3500.0,4300.0,3900.0,800.0,20.51282051282051,2026,7,28
Tamil Nadu,Coimbatore,Udumalpet APMC,Cauliflower,Ranchi,Local,2026-07-28,2500.0,3500.0,3000.0,1000.0,33.33333333333333,2026,7,28
Tamil Nadu,Coimbatore,Udumalpet APMC,Cluster beans,Cluster Beans,Local,2026-07-28,3500.0,4200.0,3850.0,700.0,18.181818181818183,2026,7,28
Tamil Nadu,Coimbatore,Udumalpet APMC,Pumpkin,Pumpkin,Local,2026-07-28,1500.0,2000.0,1750.0,500.0,28.57142857142857,2026,7,28
Tamil Nadu,Coimbatore,Udumalpet APMC,Cabbage,Cabbage,Local,2026-07-28,3500.0,4000.0,3750.0,500.0,13.333333333333334,2026,7,28
Tamil Nadu,Coimbatore,Udumalpet APMC,Elephant Yam(Suran)/Amorphophallus,Elephant Yam (Suran),Local,2026-07-28,5000.0,6000.0,5500.0,1000.0,18.181818181818183,2026,7,28
Tamil Nadu,Coimbatore,Udumalpet APMC,Amla(Nelli Kai),Amla,Local,2026-07-28,7000.0,8000.0,7500.0,1000.0,13.333333333333334,2026,7,28
Tamil Nadu,Coimbatore,Udumalpet APMC,Sweet Corn,Sweet Corn,Local,2026-07-28,4000.0,4500.0,4250.0,500.0,11.76470588235294,2026,7,28
Andhra Pradesh,Kakinada,Karapa APMC,Paddy(Common),1001,FAQ,2026-07-28,2366.0,2369.0,2369.0,3.0,0.1266357112705783,2026,7,28
Madhya Pradesh,Dhar,Manawar APMC,Soyabean,Soyabeen,Non-FAQ,2026-07-28,6535.0,6585.0,6580.0,50.0,0.7598784194528876,2026,7,28
West Bengal,Darjeeling,Siliguri APMC,Rice,Fine(Basmati),FAQ,2026-07-28,5100.0,5300.0,5200.0,200.0,3.8461538461538463,2026,7,28
West Bengal,Darjeeling,Siliguri APMC,Potato,Jyoti,FAQ,2026-07-28,700.0,740.0,720.0,40.0,5.555555555555555,2026,7,28
Punjab,Tarntaran,Bhikhiwind APMC,Ridgeguard(Tori),Ridgeguard(Tori),Local,2026-07-28,900.0,900.0,900.0,0.0,0.0,2026,7,28
Tamil Nadu,Erode,Gobichettipalayam(Uzhavar Sandhai ),Papaya,Papaya,Local,2026-07-28,3000.0,3500.0,3250.0,500.0,15.384615384615385,2026,7,28
Tamil Nadu,Erode,Gobichettipalayam(Uzhavar Sandhai ),Ridgeguard(Tori),Ridgeguard(Tori),Local,2026-07-28,4600.0,4800.0,4700.0,200.0,4.25531914893617,2026,7,28
Tamil Nadu,Erode,Gobichettipalayam(Uzhavar Sandhai ),Chow Chow,Chow Chow,Local,2026-07-28,3500.0,4000.0,3750.0,500.0,13.333333333333334,2026,7,28
Tamil Nadu,Erode,Gobichettipalayam(Uzhavar Sandhai ),Guava,Guava Allahabad,Local,2026-07-28,5500.0,6000.0,5750.0,500.0,8.695652173913043,2026,7,28
Tamil Nadu,Erode,Gobichettipalayam(Uzhavar Sandhai ),Elephant Yam(Suran)/Amorphophallus,Elephant Yam (Suran),Local,2026-07-28,4500.0,4800.0,4650.0,300.0,6.451612903225806,2026,7,28
Himachal Pradesh,Shimla,SMY Rohroo,Banana,Other,Grade B,2026-07-28,2500.0,2750.0,2625.0,250.0,9.523809523809524,2026,7,28
Himachal Pradesh,Shimla,SMY Rohroo,Guava,Guava,Grade B,2026-07-28,11000.0,13000.0,12000.0,2000.0,16.666666666666664,2026,7,28
Himachal Pradesh,Shimla,SMY Rohroo,Pomegranate,Other,Grade B,2026-07-28,17000.0,18000.0,17500.0,1000.0,5.714285714285714,2026,7,28
Himachal Pradesh,Shimla,SMY Rohroo,Bottle gourd,Bottle Gourd,Grade B,2026-07-28,2500.0,2800.0,2650.0,300.0,11.320754716981133,2026,7,28
Himachal Pradesh,Shimla,SMY Rohroo,Green Chilli,Green Chilly,Grade B,2026-07-28,4500.0,5000.0,4800.0,500.0,10.416666666666668,2026,7,28
Himachal Pradesh,Shimla,SMY Rohroo,Cabbage,Other,Grade B,2026-07-28,2000.0,2200.0,2100.0,200.0,9.523809523809524,2026,7,28
Himachal Pradesh,Shimla,SMY Rohroo,Ginger(Green),Green Ginger,Grade B,2026-07-28,9000.0,11000.0,10000.0,2000.0,20.0,2026,7,28
Himachal Pradesh,Shimla,SMY Rohroo,Potato,Local,Grade B,2026-07-28,1800.0,2000.0,1900.0,200.0,10.526315789473683,2026,7,28
Tamil Nadu,Pudukkottai,Ponnamaravathi(Uzhavar Sandhai),Bitter gourd,Bitter Gourd,Local,2026-07-28,8500.0,9000.0,8750.0,500.0,5.714285714285714,2026,7,28
Tamil Nadu,Pudukkottai,Ponnamaravathi(Uzhavar Sandhai),Cowpea(Veg),Cowpea (Veg),Local,2026-07-28,1500.0,2000.0,1750.0,500.0,28.57142857142857,2026,7,28
Tamil Nadu,Pudukkottai,Ponnamaravathi(Uzhavar Sandhai),Coconut,Coconut,Local,2026-07-28,3500.0,4000.0,3750.0,500.0,13.333333333333334,2026,7,28
Tamil Nadu,Pudukkottai,Ponnamaravathi(Uzhavar Sandhai),Snakeguard,Snakeguard,Local,2026-07-28,3500.0,4000.0,3750.0,500.0,13.333333333333334,2026,7,28
Tamil Nadu,Nagapattinam,Mayiladuthurai(Uzhavar Sandhai ),Tomato,Deshi,Local,2026-07-28,2000.0,2500.0,2250.0,500.0,22.22222222222222,2026,7,28
Tamil Nadu,Nagapattinam,Mayiladuthurai(Uzhavar Sandhai ),Ashgourd,Gouard,Local,2026-07-28,1500.0,2000.0,1750.0,500.0,28.57142857142857,2026,7,28
Tamil Nadu,Nagapattinam,Mayiladuthurai(Uzhavar Sandhai ),Bhindi(Ladies Finger),Bhindi,Local,2026-07-28,4500.0,5000.0,4750.0,500.0,10.526315789473683,2026,7,28
Tamil Nadu,Nagapattinam,Mayiladuthurai(Uzhavar Sandhai ),Onion Green,Onion Green,Local,2026-07-28,5500.0,6000.0,5750.0,500.0,8.695652173913043,2026,7,28
Tamil Nadu,Pudukkottai,Viralimalai(Uzhavar Sandhai ),Onion,Bellary,Local,2026-07-28,4500.0,5000.0,4750.0,500.0,10.526315789473683,2026,7,28
Tamil Nadu,Pudukkottai,Viralimalai(Uzhavar Sandhai ),Tomato,Deshi,Local,2026-07-28,2000.0,2500.0,2250.0,500.0,22.22222222222222,2026,7,28
Tamil Nadu,Pudukkottai,Viralimalai(Uzhavar Sandhai ),Cluster beans,Cluster Beans,Local,2026-07-28,5000.0,5500.0,5250.0,500.0,9.523809523809524,2026,7,28
Tamil Nadu,Pudukkottai,Viralimalai(Uzhavar Sandhai ),Amaranthus,Amaranthus,Local,2026-07-28,1500.0,2000.0,1750.0,500.0,28.57142857142857,2026,7,28
Tamil Nadu,Pudukkottai,Viralimalai(Uzhavar Sandhai ),Green Chilli,Green Chilly,Local,2026-07-28,4500.0,5000.0,4750.0,500.0,10.526315789473683,2026,7,28
Tamil Nadu,Pudukkottai,Viralimalai(Uzhavar Sandhai ),Ridgeguard(Tori),Ridgeguard(Tori),Local,2026-07-28,6500.0,7000.0,6750.0,500.0,7.4074074074074066,2026,7,28
Tamil Nadu,Pudukkottai,Viralimalai(Uzhavar Sandhai ),Guava,Guava Allahabad,Local,2026-07-28,7000.0,8000.0,7500.0,1000.0,13.333333333333334,2026,7,28
Tamil Nadu,Pudukkottai,Viralimalai(Uzhavar Sandhai ),Onion Green,Onion Green,Local,2026-07-28,6500.0,7000.0,6750.0,500.0,7.4074074074074066,2026,7,28
Rajasthan,Jodhpur,Osiyan Mathania APMC,Cummin Seed(Jeera),Other,Local,2026-07-28,16000.0,18000.0,17000.0,2000.0,11.76470588235294,2026,7,28
Tamil Nadu,Ramanathapuram,Paramakudi(Uzhavar Sandhai ),Brinjal,Round,Local,2026-07-28,5000.0,5500.0,5250.0,500.0,9.523809523809524,2026,7,28
Tamil Nadu,Ramanathapuram,Paramakudi(Uzhavar Sandhai ),Tomato,Deshi,Local,2026-07-28,2000.0,2500.0,2250.0,500.0,22.22222222222222,2026,7,28
Tamil Nadu,Ramanathapuram,Paramakudi(Uzhavar Sandhai ),Banana - Green,Banana - Green,Local,2026-07-28,3000.0,3500.0,3250.0,500.0,15.384615384615385,2026,7,28
Tamil Nadu,Ramanathapuram,Paramakudi(Uzhavar Sandhai ),Beans,Beans (Whole),Local,2026-07-28,9000.0,10000.0,9500.0,1000.0,10.526315789473683,2026,7,28
Tamil Nadu,Ramanathapuram,Paramakudi(Uzhavar Sandhai ),Green Avare(W),Green Avare (W),Local,2026-07-28,7000.0,8000.0,7500.0,1000.0,13.333333333333334,2026,7,28
Tamil Nadu,Ramanathapuram,Paramakudi(Uzhavar Sandhai ),Knool Khol,Knool Khol,Local,2026-07-28,4800.0,5000.0,4900.0,200.0,4.081632653061225,2026,7,28
Tamil Nadu,Ramanathapuram,Paramakudi(Uzhavar Sandhai ),Lime,Lime,Local,2026-07-28,11500.0,12000.0,11750.0,500.0,4.25531914893617,2026,7,28
Tamil Nadu,Ramanathapuram,Paramakudi(Uzhavar Sandhai ),Kakada,Kakada,Local,2026-07-28,45000.0,50000.0,47500.0,5000.0,10.526315789473683,2026,7,28
Tamil Nadu,Ramanathapuram,Paramakudi(Uzhavar Sandhai ),Tube Flower,Tube Flower,Local,2026-07-28,65000.0,70000.0,67500.0,5000.0,7.4074074074074066,2026,7,28
Tamil Nadu,Ramanathapuram,Paramakudi(Uzhavar Sandhai ),Colacasia,Colacasia,Local,2026-07-28,6000.0,7000.0,6500.0,1000.0,15.384615384615385,2026,7,28
Tamil Nadu,Ramanathapuram,Ramanathapuram(Uzhavar Sandhai ),Banana - Green,Banana - Green,Local,2026-07-28,3500.0,3800.0,3650.0,300.0,8.21917808219178,2026,7,28
Tamil Nadu,Ramanathapuram,Ramanathapuram(Uzhavar Sandhai ),Beans,Beans (Whole),Local,2026-07-28,11000.0,11500.0,11250.0,500.0,4.444444444444445,2026,7,28
Tamil Nadu,Ramanathapuram,Ramanathapuram(Uzhavar Sandhai ),Cabbage,Cabbage,Local,2026-07-28,4200.0,4500.0,4350.0,300.0,6.896551724137931,2026,7,28
Tamil Nadu,Ramanathapuram,Ramanathapuram(Uzhavar Sandhai ),Drumstick,Drumstick,Local,2026-07-28,6500.0,7000.0,6750.0,500.0,7.4074074074074066,2026,7,28
Tamil Nadu,Ramanathapuram,Ramanathapuram(Uzhavar Sandhai ),Lime,Lime,Local,2026-07-28,12500.0,13000.0,12750.0,500.0,3.9215686274509802,2026,7,28
Tamil Nadu,Ramanathapuram,Ramanathapuram(Uzhavar Sandhai ),Elephant Yam(Suran)/Amorphophallus,Elephant Yam (Suran),Local,2026-07-28,7000.0,7500.0,7250.0,500.0,6.896551724137931,2026,7,28
Tamil Nadu,Ramanathapuram,Ramanathapuram(Uzhavar Sandhai ),Mint(Pudina),Mint(Pudina),Local,2026-07-28,7500.0,8000.0,7750.0,500.0,6.451612903225806,2026,7,28
Tamil Nadu,Pudukkottai,Alangudi(Uzhavar Sandhai ),Papaya,Papaya,Local,2026-07-28,2500.0,3000.0,2750.0,500.0,18.181818181818183,2026,7,28
Tamil Nadu,Pudukkottai,Alangudi(Uzhavar Sandhai ),Onion,Bellary,Local,2026-07-28,4500.0,5000.0,4750.0,500.0,10.526315789473683,2026,7,28
Tamil Nadu,Pudukkottai,Alangudi(Uzhavar Sandhai ),Snakeguard,Snakeguard,Local,2026-07-28,3500.0,4000.0,3750.0,500.0,13.333333333333334,2026,7,28
Tamil Nadu,Pudukkottai,Alangudi(Uzhavar Sandhai ),Lemon,Lemon,Local,2026-07-28,4500.0,5000.0,4750.0,500.0,10.526315789473683,2026,7,28
Tamil Nadu,Thiruvannamalai,Arani(Uzhavar Sandhai ),Papaya,Papaya,Local,2026-07-28,3000.0,4000.0,3500.0,1000.0,28.57142857142857,2026,7,28
Tamil Nadu,Thiruvannamalai,Arani(Uzhavar Sandhai ),Banana,Other,Local,2026-07-28,4000.0,5000.0,4500.0,1000.0,22.22222222222222,2026,7,28
Tamil Nadu,Thiruvannamalai,Arani(Uzhavar Sandhai ),Mango,Safeda,Local,2026-07-28,4000.0,5000.0,4500.0,1000.0,22.22222222222222,2026,7,28
Tamil Nadu,Thiruvannamalai,Arani(Uzhavar Sandhai ),Onion,Bellary,Local,2026-07-28,3500.0,4000.0,3750.0,500.0,13.333333333333334,2026,7,28
Tamil Nadu,Thiruvannamalai,Arani(Uzhavar Sandhai ),Sweet Potato,Hosur Red,Local,2026-07-28,3500.0,4000.0,3750.0,500.0,13.333333333333334,2026,7,28
Tamil Nadu,Thiruvannamalai,Arani(Uzhavar Sandhai ),Carrot,Pusakesar,Local,2026-07-28,7200.0,8400.0,7800.0,1200.0,15.384615384615385,2026,7,28
Tamil Nadu,Thiruvannamalai,Arani(Uzhavar Sandhai ),Cabbage,Cabbage,Local,2026-07-28,3800.0,4500.0,4150.0,700.0,16.867469879518072,2026,7,28
Tamil Nadu,Thiruvannamalai,Arani(Uzhavar Sandhai ),Thondekai,Thondekai,Local,2026-07-28,3500.0,4000.0,3750.0,500.0,13.333333333333334,2026,7,28
Tamil Nadu,Thiruvannamalai,Arani(Uzhavar Sandhai ),Chow Chow,Chow Chow,Local,2026-07-28,4000.0,4800.0,4400.0,800.0,18.181818181818183,2026,7,28
Tamil Nadu,Thiruvannamalai,Arani(Uzhavar Sandhai ),Drumstick,Drumstick,Local,2026-07-28,5000.0,6000.0,5500.0,1000.0,18.181818181818183,2026,7,28
Tamil Nadu,Thiruvannamalai,Arani(Uzhavar Sandhai ),Yam(Ratalu),Yam (Ratalu),Local,2026-07-28,5000.0,6000.0,5500.0,1000.0,18.181818181818183,2026,7,28
Tamil Nadu,Thiruvannamalai,Arani(Uzhavar Sandhai ),Onion Green,Onion Green,Local,2026-07-28,4000.0,5000.0,4500.0,1000.0,22.22222222222222,2026,7,28
Tamil Nadu,Thiruvannamalai,Polur(Uzhavar Sandhai ),Papaya,Papaya,Local,2026-07-28,2500.0,3000.0,2750.0,500.0,18.181818181818183,2026,7,28
Tamil Nadu,Thiruvannamalai,Polur(Uzhavar Sandhai ),Groundnut,Big (With Shell),Local,2026-07-28,5000.0,6000.0,5500.0,1000.0,18.181818181818183,2026,7,28
Tamil Nadu,Thiruvannamalai,Polur(Uzhavar Sandhai ),Mango,Safeda,Local,2026-07-28,4200.0,5000.0,4600.0,800.0,17.391304347826086,2026,7,28
Tamil Nadu,Thiruvannamalai,Polur(Uzhavar Sandhai ),Cauliflower,Ranchi,Local,2026-07-28,3300.0,4000.0,3650.0,700.0,19.17808219178082,2026,7,28
Tamil Nadu,Thiruvannamalai,Polur(Uzhavar Sandhai ),Bitter gourd,Bitter Gourd,Local,2026-07-28,4000.0,4800.0,4400.0,800.0,18.181818181818183,2026,7,28
Tamil Nadu,Thiruvannamalai,Polur(Uzhavar Sandhai ),Pumpkin,Pumpkin,Local,2026-07-28,1600.0,2000.0,1800.0,400.0,22.22222222222222,2026,7,28
Tamil Nadu,Thiruvannamalai,Polur(Uzhavar Sandhai ),Green Chilli,Green Chilly,Local,2026-07-28,5000.0,6000.0,5500.0,1000.0,18.181818181818183,2026,7,28
Tamil Nadu,Thiruvannamalai,Polur(Uzhavar Sandhai ),Beans,Beans (Whole),Local,2026-07-28,7000.0,8400.0,7700.0,1400.0,18.181818181818183,2026,7,28
Tamil Nadu,Thiruvannamalai,Polur(Uzhavar Sandhai ),Ginger(Green),Green Ginger,Local,2026-07-28,20000.0,24000.0,22000.0,4000.0,18.181818181818183,2026,7,28
Tamil Nadu,Thiruvannamalai,Polur(Uzhavar Sandhai ),Snakeguard,Snakeguard,Local,2026-07-28,3000.0,3600.0,3300.0,600.0,18.181818181818183,2026,7,28
Tamil Nadu,Thiruvannamalai,Polur(Uzhavar Sandhai ),Knool Khol,Knool Khol,Local,2026-07-28,5000.0,6000.0,5500.0,1000.0,18.181818181818183,2026,7,28
Tamil Nadu,Thiruvannamalai,Polur(Uzhavar Sandhai ),Guava,Guava Allahabad,Local,2026-07-28,3300.0,4000.0,3650.0,700.0,19.17808219178082,2026,7,28
Tamil Nadu,Thiruvannamalai,Polur(Uzhavar Sandhai ),Lemon,Lemon,Local,2026-07-28,5000.0,6000.0,5500.0,1000.0,18.181818181818183,2026,7,28
Tamil Nadu,Thiruvannamalai,Tiruvannamalai(Uzhavar Sandhai ),Papaya,Papaya,Local,2026-07-28,2500.0,3000.0,2750.0,500.0,18.181818181818183,2026,7,28
Tamil Nadu,Thiruvannamalai,Tiruvannamalai(Uzhavar Sandhai ),Groundnut,Big (With Shell),Local,2026-07-28,7000.0,8000.0,7500.0,1000.0,13.333333333333334,2026,7,28
Tamil Nadu,Thiruvannamalai,Tiruvannamalai(Uzhavar Sandhai ),Cauliflower,Ranchi,Local,2026-07-28,3500.0,4000.0,3750.0,500.0,13.333333333333334,2026,7,28
Tamil Nadu,Thiruvannamalai,Tiruvannamalai(Uzhavar Sandhai ),Bhindi(Ladies Finger),Bhindi,Local,2026-07-28,2400.0,3000.0,2700.0,600.0,22.22222222222222,2026,7,28
Tamil Nadu,Thiruvannamalai,Tiruvannamalai(Uzhavar Sandhai ),Banana - Green,Banana - Green,Local,2026-07-28,2500.0,3000.0,2750.0,500.0,18.181818181818183,2026,7,28
Tamil Nadu,Thiruvannamalai,Tiruvannamalai(Uzhavar Sandhai ),Sweet Potato,Hosur Red,Local,2026-07-28,3000.0,3500.0,3250.0,500.0,15.384615384615385,2026,7,28
Tamil Nadu,Thiruvannamalai,Tiruvannamalai(Uzhavar Sandhai ),Cucumbar(Kheera),Cucumbar,Local,2026-07-28,4000.0,5000.0,4500.0,1000.0,22.22222222222222,2026,7,28
Tamil Nadu,Thiruvannamalai,Tiruvannamalai(Uzhavar Sandhai ),Karbuja(Musk Melon),Karbhuja,Local,2026-07-28,2500.0,3000.0,2750.0,500.0,18.181818181818183,2026,7,28
Tamil Nadu,Thiruvannamalai,Tiruvannamalai(Uzhavar Sandhai ),Elephant Yam(Suran)/Amorphophallus,Elephant Yam (Suran),Local,2026-07-28,5000.0,6000.0,5500.0,1000.0,18.181818181818183,2026,7,28
Tamil Nadu,Thiruvellore,Ambattur(Uzhavar Sandhai ),Green Chilli,Green Chilly,Local,2026-07-28,5000.0,5000.0,5000.0,0.0,0.0,2026,7,28
Tamil Nadu,Thiruvellore,Ambattur(Uzhavar Sandhai ),Coconut,Coconut,Local,2026-07-28,6000.0,6000.0,6000.0,0.0,0.0,2026,7,28
Tamil Nadu,Thiruvellore,Perambakkam(Uzhavar Sandhai ),Bhindi(Ladies Finger),Bhindi,Local,2026-07-28,4500.0,4500.0,4500.0,0.0,0.0,2026,7,28
Tamil Nadu,Tuticorin,Kovilpatti(Uzhavar Sandhai ),Chikoos(Sapota),Sapota,Local,2026-07-28,4500.0,5000.0,4750.0,500.0,10.526315789473683,2026,7,28
Tamil Nadu,Tuticorin,Kovilpatti(Uzhavar Sandhai ),Bhindi(Ladies Finger),Bhindi,Local,2026-07-28,3000.0,3500.0,3250.0,500.0,15.384615384615385,2026,7,28
Tamil Nadu,Tuticorin,Kovilpatti(Uzhavar Sandhai ),Green Chilli,Green Chilly,Local,2026-07-28,5000.0,5500.0,5250.0,500.0,9.523809523809524,2026,7,28
Tamil Nadu,Tuticorin,Kovilpatti(Uzhavar Sandhai ),Banana - Green,Banana - Green,Local,2026-07-28,2500.0,3000.0,2750.0,500.0,18.181818181818183,2026,7,28
Tamil Nadu,Tuticorin,Kovilpatti(Uzhavar Sandhai ),Beans,Beans (Whole),Local,2026-07-28,10000.0,11000.0,10500.0,1000.0,9.523809523809524,2026,7,28
Tamil Nadu,Tuticorin,Kovilpatti(Uzhavar Sandhai ),Snakeguard,Snakeguard,Local,2026-07-28,4000.0,4500.0,4250.0,500.0,11.76470588235294,2026,7,28
Tamil Nadu,Tuticorin,Kovilpatti(Uzhavar Sandhai ),Raddish,Raddish,Local,2026-07-28,3500.0,4000.0,3750.0,500.0,13.333333333333334,2026,7,28
Tamil Nadu,Tuticorin,Kovilpatti(Uzhavar Sandhai ),Drumstick,Drumstick,Local,2026-07-28,4000.0,4500.0,4250.0,500.0,11.76470588235294,2026,7,28
Tamil Nadu,Tuticorin,Kovilpatti(Uzhavar Sandhai ),Yam(Ratalu),Yam (Ratalu),Local,2026-07-28,8000.0,8500.0,8250.0,500.0,6.0606060606060606,2026,7,28
Tamil Nadu,Tuticorin,Kovilpatti(Uzhavar Sandhai ),Indian Beans(Seam),Indian Beans (Seam),Local,2026-07-28,6500.0,7000.0,6750.0,500.0,7.4074074074074066,2026,7,28
Tamil Nadu,Tuticorin,Kovilpatti(Uzhavar Sandhai ),Onion Green,Onion Green,Local,2026-07-28,5500.0,6000.0,5750.0,500.0,8.695652173913043,2026,7,28
Tamil Nadu,Tuticorin,Kovilpatti(Uzhavar Sandhai ),Mint(Pudina),Mint(Pudina),Local,2026-07-28,6500.0,7000.0,6750.0,500.0,7.4074074074074066,2026,7,28
Tamil Nadu,Vellore,Gudiyatham(Uzhavar Sandhai ),Coriander(Leaves),I Sort,Local,2026-07-28,5000.0,5000.0,5000.0,0.0,0.0,2026,7,28
Tamil Nadu,Vellore,Gudiyatham(Uzhavar Sandhai ),Bottle gourd,Bottle Gourd,Local,2026-07-28,2400.0,2400.0,2400.0,0.0,0.0,2026,7,28
Tamil Nadu,Vellore,Gudiyatham(Uzhavar Sandhai ),Bhindi(Ladies Finger),Bhindi,Local,2026-07-28,2400.0,2400.0,2400.0,0.0,0.0,2026,7,28
Tamil Nadu,Vellore,Gudiyatham(Uzhavar Sandhai ),Cowpea(Veg),Cowpea (Veg),Local,2026-07-28,5000.0,5000.0,5000.0,0.0,0.0,2026,7,28
Tamil Nadu,Vellore,Gudiyatham(Uzhavar Sandhai ),Lime,Lime,Local,2026-07-28,5000.0,5000.0,5000.0,0.0,0.0,2026,7,28
Tamil Nadu,Vellore,Gudiyatham(Uzhavar Sandhai ),Marigold(Calcutta),Marigold(Calcutta),Local,2026-07-28,20000.0,20000.0,20000.0,0.0,0.0,2026,7,28
Tamil Nadu,Vellore,Gudiyatham(Uzhavar Sandhai ),Yam(Ratalu),Yam (Ratalu),Local,2026-07-28,6600.0,6600.0,6600.0,0.0,0.0,2026,7,28
Tamil Nadu,Vellore,Gudiyatham(Uzhavar Sandhai ),Lemon,Lemon,Local,2026-07-28,4000.0,4000.0,4000.0,0.0,0.0,2026,7,28
Tamil Nadu,Vellore,Kahithapattarai(Uzhavar Sandhai ),Potato,Other,Local,2026-07-28,2200.0,2200.0,2200.0,0.0,0.0,2026,7,28
Tamil Nadu,Vellore,Kahithapattarai(Uzhavar Sandhai ),Carrot,Pusakesar,Local,2026-07-28,6600.0,6600.0,6600.0,0.0,0.0,2026,7,28
Tamil Nadu,Vellore,Kahithapattarai(Uzhavar Sandhai ),Beetroot,Beetroot,Local,2026-07-28,4500.0,4500.0,4500.0,0.0,0.0,2026,7,28
Tamil Nadu,Vellore,Kahithapattarai(Uzhavar Sandhai ),Green Avare(W),Other,Local,2026-07-28,4500.0,4500.0,4500.0,0.0,0.0,2026,7,28
Tamil Nadu,Vellore,Kahithapattarai(Uzhavar Sandhai ),Guava,Guava Allahabad,Local,2026-07-28,3500.0,4000.0,3750.0,500.0,13.333333333333334,2026,7,28
Tamil Nadu,Vellore,Kahithapattarai(Uzhavar Sandhai ),Tender Coconut,Tender Coconut,Local,2026-07-28,3000.0,3000.0,3000.0,0.0,0.0,2026,7,28
Tamil Nadu,Vellore,Kahithapattarai(Uzhavar Sandhai ),Mint(Pudina),Mint(Pudina),Local,2026-07-28,7000.0,9000.0,8000.0,2000.0,25.0,2026,7,28
Andhra Pradesh,Palnadu,Chilakaluripet APMC,Cotton,MCU,Local,2026-07-28,7200.0,8200.0,7700.0,1000.0,12.987012987012985,2026,7,28
Andhra Pradesh,Prakasam,Darsi APMC,Cotton,Desi,Local,2026-07-28,8100.0,8200.0,8200.0,100.0,1.2195121951219512,2026,7,28
Andhra Pradesh,Sri Sathya Sai,Penukonda APMC,Maize,Hybrid/Local,FAQ,2026-07-28,2400.0,2500.0,2450.0,100.0,4.081632653061225,2026,7,28
Haryana,Rewari,Rewari APMC,Apple,Apple,Medium,2026-07-28,4000.0,25000.0,15000.0,21000.0,140.0,2026,7,28
Haryana,Rewari,Rewari APMC,Tomato,Other,Medium,2026-07-28,1000.0,3000.0,2000.0,2000.0,100.0,2026,7,28
Telangana,Hanumakonda,Kamalapur APMC,Paddy(Common),1001,FAQ,2026-07-28,2369.0,2389.0,2369.0,20.0,0.8442380751371887,2026,7,28
Punjab,Hoshiarpur,Mukerian APMC,Tomato,Tomato,Grade B,2026-07-28,1500.0,2100.0,1800.0,600.0,33.33333333333333,2026,7,28
Punjab,Ludhiana,Ludhiana APMC,Plum,Other,Medium,2026-07-28,2000.0,4000.0,3000.0,2000.0,66.66666666666666,2026,7,28
Punjab,Ludhiana,Ludhiana APMC,Mousambi(Sweet Lime),Other,Medium,2026-07-28,1500.0,5000.0,2000.0,3500.0,175.0,2026,7,28
Punjab,Ludhiana,Ludhiana APMC,Potato,Other,FAQ,2026-07-28,200.0,800.0,400.0,600.0,150.0,2026,7,28
Punjab,Ludhiana,Ludhiana APMC,Green Chilli,Other,FAQ,2026-07-28,1800.0,2800.0,2300.0,1000.0,43.47826086956522,2026,7,28
Punjab,Ludhiana,Ludhiana APMC,Capsicum,Other,FAQ,2026-07-28,1400.0,3300.0,2000.0,1900.0,95.0,2026,7,28
Punjab,Ludhiana,Ludhiana APMC,Bhindi(Ladies Finger),Other,FAQ,2026-07-28,1800.0,2800.0,2500.0,1000.0,40.0,2026,7,28
Punjab,Ludhiana,Ludhiana APMC,Bitter gourd,Bitter Gourd,FAQ,2026-07-28,1200.0,2000.0,1500.0,800.0,53.333333333333336,2026,7,28
Punjab,Ludhiana,Ludhiana APMC,Pumpkin,Other,FAQ,2026-07-28,400.0,800.0,500.0,400.0,80.0,2026,7,28
Punjab,Ludhiana,Ludhiana APMC,Colacasia,Arabi,FAQ,2026-07-28,1000.0,1300.0,1200.0,300.0,25.0,2026,7,28
Punjab,Ludhiana,Ludhiana APMC,Beetroot,Other,FAQ,2026-07-28,700.0,1000.0,800.0,300.0,37.5,2026,7,28
Punjab,Ludhiana,Ludhiana APMC,Mango(Raw-Ripe),Mango - Raw-Ripe,FAQ,2026-07-28,1400.0,2800.0,2000.0,1400.0,70.0,2026,7,28
Odisha,Dhenkanal,Hindol APMC,Brinjal,Brinjal,Grade B,2026-07-28,5000.0,6000.0,5500.0,1000.0,18.181818181818183,2026,7,28
Odisha,Dhenkanal,Hindol APMC,Cucumbar(Kheera),Cucumbar,Grade B,2026-07-28,4800.0,5200.0,5000.0,400.0,8.0,2026,7,28
Odisha,Dhenkanal,Hindol APMC,Banana - Green,Other,Grade B,2026-07-28,2400.0,2600.0,2500.0,200.0,8.0,2026,7,28
Odisha,Dhenkanal,Hindol APMC,Bhindi(Ladies Finger),Bhindi,Grade B,2026-07-28,5000.0,5500.0,5200.0,500.0,9.615384615384617,2026,7,28
Odisha,Dhenkanal,Hindol APMC,Pointed gourd(Parval),Other,Grade B,2026-07-28,3700.0,4000.0,3800.0,300.0,7.894736842105263,2026,7,28
Odisha,Dhenkanal,Hindol APMC,Pumpkin,Pumpkin,Grade B,2026-07-28,1500.0,1800.0,1700.0,300.0,17.647058823529413,2026,7,28
Andaman and Nicobar,North and Middle Andaman,Diglipur Vegetable Market (Subhashgram),Green Chilli,Other,FAQ,2026-07-28,40000.0,50000.0,45000.0,10000.0,22.22222222222222,2026,7,28
Andaman and Nicobar,North and Middle Andaman,Diglipur Vegetable Market (Subhashgram),Green Gram(Moong)(Whole),Other,FAQ,2026-07-28,8000.0,12000.0,9500.0,4000.0,42.10526315789473,2026,7,28
Andaman and Nicobar,North and Middle Andaman,Diglipur Vegetable Market (Subhashgram),Ashgourd,Other,FAQ,2026-07-28,2000.0,4000.0,3000.0,2000.0,66.66666666666666,2026,7,28
Andaman and Nicobar,North and Middle Andaman,Diglipur Vegetable Market (Subhashgram),Bottle gourd,Other,FAQ,2026-07-28,3000.0,6000.0,4500.0,3000.0,66.66666666666666,2026,7,28
Andaman and Nicobar,North and Middle Andaman,Diglipur Vegetable Market (Subhashgram),Coriander(Leaves),Local,FAQ,2026-07-28,20000.0,30000.0,25000.0,10000.0,40.0,2026,7,28
Andaman and Nicobar,North and Middle Andaman,Diglipur Vegetable Market (Subhashgram),Pumpkin,Other,FAQ,2026-07-28,4000.0,8000.0,6000.0,4000.0,66.66666666666666,2026,7,28
Andaman and Nicobar,North and Middle Andaman,Diglipur Vegetable Market (Subhashgram),Snakeguard,Other,FAQ,2026-07-28,3000.0,6000.0,4500.0,3000.0,66.66666666666666,2026,7,28
Keralam,Kottayam,Pampady Market,Amaranthus,Amaranthus,FAQ,2026-07-28,3000.0,4500.0,3500.0,1500.0,42.857142857142854,2026,7,28
Keralam,Kottayam,Pampady Market,Bhindi(Ladies Finger),Bhindi,FAQ,2026-07-28,4000.0,5000.0,4500.0,1000.0,22.22222222222222,2026,7,28
Keralam,Kottayam,Pampady Market,Brinjal,Brinjal,FAQ,2026-07-28,2500.0,3500.0,3000.0,1000.0,33.33333333333333,2026,7,28
Keralam,Kottayam,Pampady Market,Cabbage,Cabbage,FAQ,2026-07-28,3000.0,4500.0,3500.0,1500.0,42.857142857142854,2026,7,28
Keralam,Kottayam,Pampady Market,Tomato,Tomato,FAQ,2026-07-28,3600.0,5000.0,4500.0,1400.0,31.11111111111111,2026,7,28
Andhra Pradesh,Vijayanagaram,Bobbili APMC,Maize,Local,FAQ,2026-07-28,4800.0,4800.0,4800.0,0.0,0.0,2026,7,28
Tamil Nadu,Thiruvannamalai,Cheyyar(Uzhavar Sandhai ),Coriander(Leaves),I Sort,Local,2026-07-28,4000.0,5000.0,4500.0,1000.0,22.22222222222222,2026,7,28
Tamil Nadu,Thiruvannamalai,Cheyyar(Uzhavar Sandhai ),Tomato,Local,Local,2026-07-28,1500.0,2000.0,1750.0,500.0,28.57142857142857,2026,7,28
Tamil Nadu,Thiruvannamalai,Cheyyar(Uzhavar Sandhai ),Cluster beans,Cluster Beans,Local,2026-07-28,4000.0,4800.0,4400.0,800.0,18.181818181818183,2026,7,28
Tamil Nadu,Thiruvannamalai,Cheyyar(Uzhavar Sandhai ),Ashgourd,Gouard,Local,2026-07-28,2000.0,2500.0,2250.0,500.0,22.22222222222222,2026,7,28
Tamil Nadu,Thiruvannamalai,Cheyyar(Uzhavar Sandhai ),Amaranthus,Amaranthus,Local,2026-07-28,2000.0,2500.0,2250.0,500.0,22.22222222222222,2026,7,28
Tamil Nadu,Thiruvannamalai,Cheyyar(Uzhavar Sandhai ),Coconut,Coconut,Local,2026-07-28,4000.0,5000.0,4500.0,1000.0,22.22222222222222,2026,7,28
Tamil Nadu,Thiruvannamalai,Cheyyar(Uzhavar Sandhai ),Green Avare(W),Other,Local,2026-07-28,4000.0,4800.0,4400.0,800.0,18.181818181818183,2026,7,28
Tamil Nadu,Thiruvannamalai,Cheyyar(Uzhavar Sandhai ),Mango(Raw-Ripe),Mango - Raw-Ripe,Local,2026-07-28,1500.0,2000.0,1750.0,500.0,28.57142857142857,2026,7,28
Tamil Nadu,Thiruvannamalai,Cheyyar(Uzhavar Sandhai ),Knool Khol,Knool Khol,Local,2026-07-28,4800.0,6000.0,5400.0,1200.0,22.22222222222222,2026,7,28
Tamil Nadu,Thiruvannamalai,Cheyyar(Uzhavar Sandhai ),Lemon,Lemon,Local,2026-07-28,4800.0,6000.0,5400.0,1200.0,22.22222222222222,2026,7,28
Andhra Pradesh,Krishna,Divi (HQ-Avanigadda) APMC,Bengal Gram(Gram)(Whole),Desi (Whole),FAQ,2026-07-28,8200.0,9000.0,8650.0,800.0,9.248554913294797,2026,7,28
Andhra Pradesh,Anakapally,Chodavaram APMC,Paddy(Common),Paddy,Local,2026-07-28,2200.0,2400.0,2300.0,200.0,8.695652173913043,2026,7,28
Andhra Pradesh,Eluru,Chintalapudi APMC,Lemon,Lemon,FAQ,2026-07-28,4000.0,5000.0,4500.0,1000.0,22.22222222222222,2026,7,28
Tamil Nadu,Ariyalur,Ariyalur(Uzhavar Sandhai),Tomato,Deshi,Local,2026-07-28,2000.0,2500.0,2250.0,500.0,22.22222222222222,2026,7,28
Tamil Nadu,Ariyalur,Ariyalur(Uzhavar Sandhai),Green Chilli,Green Chilly,Local,2026-07-28,4500.0,5500.0,5000.0,1000.0,20.0,2026,7,28
Tamil Nadu,Ariyalur,Ariyalur(Uzhavar Sandhai),Raddish,Raddish,Local,2026-07-28,3500.0,4000.0,3750.0,500.0,13.333333333333334,2026,7,28
Tamil Nadu,Ariyalur,Ariyalur(Uzhavar Sandhai),Green Avare(W),Green Avare (W),Local,2026-07-28,7000.0,8000.0,7500.0,1000.0,13.333333333333334,2026,7,28
Tamil Nadu,Ariyalur,Ariyalur(Uzhavar Sandhai),Drumstick,Drumstick,Local,2026-07-28,5500.0,6000.0,5750.0,500.0,8.695652173913043,2026,7,28
Tamil Nadu,Ariyalur,Ariyalur(Uzhavar Sandhai),Mango(Raw-Ripe),Mango - Raw-Ripe,Local,2026-07-28,2500.0,3000.0,2750.0,500.0,18.181818181818183,2026,7,28
Andhra Pradesh,Annamayya,Valmikipuram APMC,Tomato,Hybrid,FAQ,2026-07-28,968.0,1200.0,1080.0,232.0,21.48148148148148,2026,7,28
Haryana,Mahendragarh-Narnaul,Narnaul APMC,Cauliflower,Cauliflower,Medium,2026-07-28,4000.0,6000.0,5000.0,2000.0,40.0,2026,7,28
Haryana,Mahendragarh-Narnaul,Narnaul APMC,Pointed gourd(Parval),Pointed gourd (Parval),Medium,2026-07-28,1500.0,2500.0,2000.0,1000.0,50.0,2026,7,28
Haryana,Mahendragarh-Narnaul,Narnaul APMC,Lemon,Lemon,Medium,2026-07-28,4000.0,5500.0,5000.0,1500.0,30.0,2026,7,28
Haryana,Mahendragarh-Narnaul,Narnaul APMC,Apple,Apple,Medium,2026-07-28,10000.0,20000.0,20000.0,10000.0,50.0,2026,7,28
Haryana,Mahendragarh-Narnaul,Narnaul APMC,Pear(Marasebu),Pears,Medium,2026-07-28,8000.0,10000.0,10000.0,2000.0,20.0,2026,7,28
Himachal Pradesh,Kangra,PMY Kangra,Banana,Other,Medium,2026-07-28,5000.0,6000.0,5500.0,1000.0,18.181818181818183,2026,7,28
Himachal Pradesh,Kangra,PMY Kangra,Apple,Apple,Medium,2026-07-28,7000.0,20000.0,12000.0,13000.0,108.33333333333333,2026,7,28
Uttarakhand,Haridwar,Haridwar Union APMC,Green Chilli,Green Chilly,FAQ,2026-07-28,2500.0,3500.0,3000.0,1000.0,33.33333333333333,2026,7,28
Uttarakhand,Haridwar,Haridwar Union APMC,Mango,Chausa,Grade C,2026-07-28,3500.0,4200.0,3800.0,700.0,18.421052631578945,2026,7,28
Uttarakhand,Haridwar,Haridwar Union APMC,Cabbage,Other,FAQ,2026-07-28,600.0,1000.0,800.0,400.0,50.0,2026,7,28
Uttarakhand,Haridwar,Haridwar Union APMC,Pumpkin,Pumpkin,FAQ,2026-07-28,500.0,800.0,600.0,300.0,50.0,2026,7,28
Uttar Pradesh,Amroha,Hasanpur APMC,Bitter gourd,Bitter Gourd,FAQ,2026-07-28,1450.0,1520.0,1500.0,70.0,4.666666666666667,2026,7,28
Uttar Pradesh,Amroha,Hasanpur APMC,Bottle gourd,Bottle Gourd,FAQ,2026-07-28,1450.0,1520.0,1500.0,70.0,4.666666666666667,2026,7,28
Uttar Pradesh,Amroha,Hasanpur APMC,Cucumbar(Kheera),Cucumbar,FAQ,2026-07-28,2500.0,3100.0,3000.0,600.0,20.0,2026,7,28
Uttar Pradesh,Amroha,Hasanpur APMC,Cauliflower,Local,FAQ,2026-07-28,2500.0,3010.0,3000.0,510.0,17.0,2026,7,28
Telangana,Siddipet,Dubbak APMC,Paddy(Common),I.R.-64,FAQ,2026-07-28,2400.0,2400.0,2400.0,0.0,0.0,2026,7,28
Punjab,Ludhiana,Doraha APMC,Cauliflower,Local,Local,2026-07-28,3500.0,4000.0,3850.0,500.0,12.987012987012985,2026,7,28
Gujarat,Narmada,Garudeshwal APMC,Maize,Deshi Red,Local,2026-07-28,2360.0,2360.0,2360.0,0.0,0.0,2026,7,28
Keralam,Idukki,Munnar Market,Galgal(Lemon),Galgal(Lemon),Medium,2026-07-28,6500.0,6500.0,6500.0,0.0,0.0,2026,7,28
Keralam,Alappuzha,Chengannur Market,Green Chilli,Green Chilly,FAQ,2026-07-28,4800.0,5100.0,5000.0,300.0,6.0,2026,7,28
Keralam,Alappuzha,Chengannur Market,Bottle gourd,Other,FAQ,2026-07-28,1900.0,2200.0,2000.0,300.0,15.0,2026,7,28
Keralam,Alappuzha,Chengannur Market,Bitter gourd,Other,FAQ,2026-07-28,5900.0,6200.0,6000.0,300.0,5.0,2026,7,28
Keralam,Alappuzha,Chengannur Market,Lemon,Lemon,FAQ,2026-07-28,7800.0,8300.0,8000.0,500.0,6.25,2026,7,28
Keralam,Alappuzha,Chengannur Market,Onion,Small,FAQ,2026-07-28,6800.0,7100.0,7000.0,300.0,4.285714285714286,2026,7,28
Haryana,Gurgaon,Gurgaon APMC,Apple,Apple,Grade B,2026-07-28,10000.0,20000.0,15000.0,10000.0,66.66666666666666,2026,7,28
Punjab,Gurdaspur,Kalanaur APMC,Pumpkin,Pumpkin,Grade A,2026-07-28,1300.0,1300.0,1300.0,0.0,0.0,2026,7,28
Uttar Pradesh,Khiri (Lakhimpur),Maigalganj APMC,Cauliflower,Cauliflower,FAQ,2026-07-28,1600.0,1650.0,1625.0,50.0,3.076923076923077,2026,7,28
Punjab,Hoshiarpur,Garhshankar(Saila Khurd) APMC,Maize,Local,FAQ,2026-07-28,1300.0,1300.0,1300.0,0.0,0.0,2026,7,28
Himachal Pradesh,Kangra,SMY Baijnath,Apple,Apple,Grade B,2026-07-28,6000.0,15000.0,11000.0,9000.0,81.81818181818183,2026,7,28
Himachal Pradesh,Kangra,SMY Baijnath,Mango,Dusheri,Grade B,2026-07-28,6000.0,8000.0,8000.0,2000.0,25.0,2026,7,28
Himachal Pradesh,Kangra,SMY Jaisinghpur,Banana,Other,Medium,2026-07-28,4500.0,5600.0,5000.0,1100.0,22.0,2026,7,28
Himachal Pradesh,Kangra,SMY Jaisinghpur,Mango,Other,Medium,2026-07-28,5000.0,9500.0,7500.0,4500.0,60.0,2026,7,28
Himachal Pradesh,Kangra,SMY Jaisinghpur,Cauliflower,Cauliflower,FAQ,2026-07-28,4200.0,5000.0,4600.0,800.0,17.391304347826086,2026,7,28
Himachal Pradesh,Kangra,SMY Jaisinghpur,Potato,Potato,FAQ,2026-07-28,1200.0,2400.0,1800.0,1200.0,66.66666666666666,2026,7,28
Keralam,Kozhikode(Calicut),Quilandy Market,Cluster beans,Other,FAQ,2026-07-28,4500.0,4800.0,4600.0,300.0,6.521739130434782,2026,7,28
Keralam,Kozhikode(Calicut),Quilandy Market,Cowpea(Veg),Other,FAQ,2026-07-28,5600.0,6000.0,5800.0,400.0,6.896551724137931,2026,7,28
Keralam,Kozhikode(Calicut),Quilandy Market,Cucumbar(Kheera),Other,FAQ,2026-07-28,3300.0,3400.0,3400.0,100.0,2.941176470588235,2026,7,28
Keralam,Kozhikode(Calicut),Quilandy Market,Green Chilli,Other,FAQ,2026-07-28,4300.0,4800.0,4500.0,500.0,11.11111111111111,2026,7,28
Tamil Nadu,Coimbatore,Mettupalayam(Uzhavar Sandhai ),Potato,Red Nanital,Local,2026-07-28,4000.0,6500.0,5250.0,2500.0,47.61904761904761,2026,7,28
Tamil Nadu,Coimbatore,Mettupalayam(Uzhavar Sandhai ),Chikoos(Sapota),Sapota,Local,2026-07-28,4500.0,5000.0,4750.0,500.0,10.526315789473683,2026,7,28
Tamil Nadu,Coimbatore,Mettupalayam(Uzhavar Sandhai ),Tomato,Deshi,Local,2026-07-28,1500.0,2000.0,1750.0,500.0,28.57142857142857,2026,7,28
Tamil Nadu,Coimbatore,Mettupalayam(Uzhavar Sandhai ),Amaranthus,Amaranthus,Local,2026-07-28,3500.0,4000.0,3750.0,500.0,13.333333333333334,2026,7,28
Tamil Nadu,Coimbatore,Mettupalayam(Uzhavar Sandhai ),Chow Chow,Chow Chow,Local,2026-07-28,2500.0,3000.0,2750.0,500.0,18.181818181818183,2026,7,28
Tamil Nadu,Coimbatore,Mettupalayam(Uzhavar Sandhai ),Tender Coconut,Tender Coconut,Local,2026-07-28,3500.0,4000.0,3750.0,500.0,13.333333333333334,2026,7,28
Tamil Nadu,Coimbatore,Mettupalayam(Uzhavar Sandhai ),Mashrooms,Mashrooms,Local,2026-07-28,18000.0,20000.0,19000.0,2000.0,10.526315789473683,2026,7,28
Tamil Nadu,Coimbatore,Mettupalayam(Uzhavar Sandhai ),Baby Corn,Baby Corn,Grade A,2026-07-28,2500.0,3000.0,2750.0,500.0,18.181818181818183,2026,7,28
Tamil Nadu,Coimbatore,Mettupalayam(Uzhavar Sandhai ),Sweet Corn,Sweet Corn,Local,2026-07-28,3500.0,4000.0,3750.0,500.0,13.333333333333334,2026,7,28
Tamil Nadu,Erode,Sathiyamagalam(Uzhavar Sandhai ),Onion,Bellary,Local,2026-07-28,3400.0,3800.0,3600.0,400.0,11.11111111111111,2026,7,28
Tamil Nadu,Erode,Sathiyamagalam(Uzhavar Sandhai ),Cauliflower,Ranchi,Local,2026-07-28,3000.0,3500.0,3250.0,500.0,15.384615384615385,2026,7,28
Tamil Nadu,Erode,Sathiyamagalam(Uzhavar Sandhai ),Ashgourd,Gouard,Local,2026-07-28,1800.0,2200.0,2000.0,400.0,20.0,2026,7,28
Tamil Nadu,Erode,Sathiyamagalam(Uzhavar Sandhai ),Bhindi(Ladies Finger),Bhindi,Local,2026-07-28,3000.0,3600.0,3300.0,600.0,18.181818181818183,2026,7,28
Tamil Nadu,Erode,Sathiyamagalam(Uzhavar Sandhai ),Green Chilli,Green Chilly,Local,2026-07-28,4400.0,4800.0,4600.0,400.0,8.695652173913043,2026,7,28
Tamil Nadu,Erode,Sathiyamagalam(Uzhavar Sandhai ),Cowpea(Veg),Cowpea (Veg),Local,2026-07-28,2000.0,2500.0,2250.0,500.0,22.22222222222222,2026,7,28
Tamil Nadu,Erode,Sathiyamagalam(Uzhavar Sandhai ),Coconut,Coconut,Local,2026-07-28,4400.0,4800.0,4600.0,400.0,8.695652173913043,2026,7,28
Tamil Nadu,Erode,Sathiyamagalam(Uzhavar Sandhai ),Beetroot,Beetroot,Local,2026-07-28,8000.0,8500.0,8250.0,500.0,6.0606060606060606,2026,7,28
Tamil Nadu,Erode,Sathiyamagalam(Uzhavar Sandhai ),Mint(Pudina),Mint(Pudina),Local,2026-07-28,4500.0,5000.0,4750.0,500.0,10.526315789473683,2026,7,28
Tamil Nadu,Erode,Sathiyamagalam(Uzhavar Sandhai ),Sweet Corn,Sweet Corn,Local,2026-07-28,2500.0,3000.0,2750.0,500.0,18.181818181818183,2026,7,28
Odisha,Angul,Pallahara APMC,Banana - Green,Other,FAQ,2026-07-28,1400.0,1600.0,1500.0,200.0,13.333333333333334,2026,7,28
Tamil Nadu,Namakkal,Tiruchengode APMC,Mango,Other,Local,2026-07-28,6200.0,7000.0,6600.0,800.0,12.121212121212121,2026,7,28
Tamil Nadu,Namakkal,Tiruchengode APMC,Potato,Other,Local,2026-07-28,2600.0,3000.0,2800.0,400.0,14.285714285714285,2026,7,28
Tamil Nadu,Namakkal,Tiruchengode APMC,Mousambi(Sweet Lime),Mousambi,Local,2026-07-28,3000.0,3500.0,3250.0,500.0,15.384615384615385,2026,7,28
Tamil Nadu,Namakkal,Tiruchengode APMC,Cauliflower,Ranchi,Local,2026-07-28,2600.0,3000.0,2800.0,400.0,14.285714285714285,2026,7,28
Tamil Nadu,Namakkal,Tiruchengode APMC,Brinjal,Other,Local,2026-07-28,5400.0,6000.0,5700.0,600.0,10.526315789473683,2026,7,28
Tamil Nadu,Namakkal,Tiruchengode APMC,Cluster beans,Cluster Beans,Local,2026-07-28,4500.0,5000.0,4750.0,500.0,10.526315789473683,2026,7,28
Tamil Nadu,Namakkal,Tiruchengode APMC,Pumpkin,Pumpkin,Local,2026-07-28,2400.0,2800.0,2600.0,400.0,15.384615384615385,2026,7,28
Tamil Nadu,Namakkal,Tiruchengode APMC,Beans,Beans (Whole),Local,2026-07-28,8000.0,9000.0,8500.0,1000.0,11.76470588235294,2026,7,28
Tamil Nadu,Namakkal,Tiruchengode APMC,Tapioca,Tapioca,Local,2026-07-28,2600.0,3000.0,2800.0,400.0,14.285714285714285,2026,7,28
Tamil Nadu,Namakkal,Tiruchengode APMC,Chow Chow,Chow Chow,Local,2026-07-28,2600.0,3000.0,2800.0,400.0,14.285714285714285,2026,7,28
Tamil Nadu,Namakkal,Tiruchengode APMC,Tender Coconut,Tender Coconut,Local,2026-07-28,3500.0,4000.0,3750.0,500.0,13.333333333333334,2026,7,28
Tamil Nadu,Namakkal,Tiruchengode APMC,Yam(Ratalu),Yam (Ratalu),Local,2026-07-28,6200.0,7000.0,6600.0,800.0,12.121212121212121,2026,7,28
Andhra Pradesh,Kakinada,Sampara (Kakinada Rural) APMC,Paddy(Common),Paddy Medium,FAQ,2026-07-28,2369.0,2380.0,2379.0,11.0,0.46237915090374104,2026,7,28
Tamil Nadu,Ariyalur,Jeyankondam (Uzhavar Sandhai ),Tomato,Deshi,Local,2026-07-28,2000.0,2400.0,2200.0,400.0,18.181818181818183,2026,7,28
Tamil Nadu,Ariyalur,Jeyankondam (Uzhavar Sandhai ),Brinjal,Round,Local,2026-07-28,5000.0,5600.0,5300.0,600.0,11.320754716981133,2026,7,28
Tamil Nadu,Ariyalur,Jeyankondam (Uzhavar Sandhai ),Bhindi(Ladies Finger),Bhindi,Local,2026-07-28,3600.0,4000.0,3800.0,400.0,10.526315789473683,2026,7,28
Tamil Nadu,Ariyalur,Jeyankondam (Uzhavar Sandhai ),Amaranthus,Amaranthus,Local,2026-07-28,2500.0,3000.0,2750.0,500.0,18.181818181818183,2026,7,28
Tamil Nadu,Ariyalur,Jeyankondam (Uzhavar Sandhai ),Coconut,Coconut,Local,2026-07-28,5400.0,6000.0,5700.0,600.0,10.526315789473683,2026,7,28
Tamil Nadu,Ariyalur,Jeyankondam (Uzhavar Sandhai ),Snakeguard,Snakeguard,Local,2026-07-28,3600.0,4000.0,3800.0,400.0,10.526315789473683,2026,7,28
Tamil Nadu,Ariyalur,Jeyankondam (Uzhavar Sandhai ),Mango(Raw-Ripe),Mango - Raw-Ripe,Local,2026-07-28,2800.0,3200.0,3000.0,400.0,13.333333333333334,2026,7,28
Tamil Nadu,Ariyalur,Jeyankondam (Uzhavar Sandhai ),Onion Green,Onion Green,Local,2026-07-28,5600.0,6200.0,5900.0,600.0,10.16949152542373,2026,7,28
Tamil Nadu,Ariyalur,Jeyankondam (Uzhavar Sandhai ),Mint(Pudina),Mint(Pudina),Local,2026-07-28,5000.0,5000.0,5000.0,0.0,0.0,2026,7,28
Tamil Nadu,Coimbatore,RSPuram(Uzhavar Sandhai ),Water Melon,Water Melon,Local,2026-07-28,2200.0,2500.0,2350.0,300.0,12.76595744680851,2026,7,28
Tamil Nadu,Coimbatore,RSPuram(Uzhavar Sandhai ),Mousambi(Sweet Lime),Mousambi,Local,2026-07-28,8000.0,9000.0,8500.0,1000.0,11.76470588235294,2026,7,28
Tamil Nadu,Coimbatore,RSPuram(Uzhavar Sandhai ),Coriander(Leaves),I Sort,Local,2026-07-28,5500.0,6000.0,5750.0,500.0,8.695652173913043,2026,7,28
Tamil Nadu,Coimbatore,RSPuram(Uzhavar Sandhai ),Tomato,Local,Local,2026-07-28,1700.0,1900.0,1800.0,200.0,11.11111111111111,2026,7,28
Tamil Nadu,Coimbatore,RSPuram(Uzhavar Sandhai ),Banana - Green,Banana - Green,Local,2026-07-28,3200.0,3800.0,3500.0,600.0,17.142857142857142,2026,7,28
Tamil Nadu,Coimbatore,RSPuram(Uzhavar Sandhai ),Beans,Beans (Whole),Local,2026-07-28,8000.0,8800.0,8400.0,800.0,9.523809523809524,2026,7,28
Tamil Nadu,Coimbatore,RSPuram(Uzhavar Sandhai ),Coconut,Coconut,Local,2026-07-28,5400.0,5700.0,5550.0,300.0,5.405405405405405,2026,7,28
Tamil Nadu,Coimbatore,RSPuram(Uzhavar Sandhai ),Carrot,Pusakesar,Local,2026-07-28,8000.0,8600.0,8300.0,600.0,7.228915662650602,2026,7,28
Tamil Nadu,Coimbatore,RSPuram(Uzhavar Sandhai ),Raddish,Raddish,Local,2026-07-28,3600.0,4200.0,3900.0,600.0,15.384615384615385,2026,7,28
Tamil Nadu,Coimbatore,RSPuram(Uzhavar Sandhai ),Thondekai,Thondekai,Local,2026-07-28,4000.0,4600.0,4300.0,600.0,13.953488372093023,2026,7,28
Tamil Nadu,Coimbatore,RSPuram(Uzhavar Sandhai ),Capsicum,Capsicum,Local,2026-07-28,6500.0,7000.0,6750.0,500.0,7.4074074074074066,2026,7,28
Tamil Nadu,Coimbatore,RSPuram(Uzhavar Sandhai ),Mango(Raw-Ripe),Mango - Raw-Ripe,Local,2026-07-28,4000.0,4500.0,4250.0,500.0,11.76470588235294,2026,7,28
Tamil Nadu,Coimbatore,RSPuram(Uzhavar Sandhai ),Pomegranate,Pomogranate,Local,2026-07-28,22000.0,23500.0,22750.0,1500.0,6.593406593406594,2026,7,28
Tamil Nadu,Coimbatore,RSPuram(Uzhavar Sandhai ),Elephant Yam(Suran)/Amorphophallus,Elephant Yam (Suran),Local,2026-07-28,3800.0,4200.0,4000.0,400.0,10.0,2026,7,28
Tamil Nadu,Coimbatore,Singanallur(Uzhavar Sandhai ),Cowpea(Veg),Cowpea (Veg),Local,2026-07-28,3500.0,4000.0,3750.0,500.0,13.333333333333334,2026,7,28
Tamil Nadu,Coimbatore,Singanallur(Uzhavar Sandhai ),Beans,Beans (Whole),Local,2026-07-28,8000.0,9000.0,8500.0,1000.0,11.76470588235294,2026,7,28
Tamil Nadu,Coimbatore,Singanallur(Uzhavar Sandhai ),Betal Leaves,Mysore,Local,2026-07-28,18000.0,21000.0,19500.0,3000.0,15.384615384615385,2026,7,28
Tamil Nadu,Coimbatore,Singanallur(Uzhavar Sandhai ),Carrot,Pusakesar,Local,2026-07-28,8000.0,8500.0,8250.0,500.0,6.0606060606060606,2026,7,28
Tamil Nadu,Coimbatore,Singanallur(Uzhavar Sandhai ),Knool Khol,Knool Khol,Local,2026-07-28,5000.0,5500.0,5250.0,500.0,9.523809523809524,2026,7,28
Tamil Nadu,Coimbatore,Singanallur(Uzhavar Sandhai ),Pomegranate,Pomogranate,Local,2026-07-28,15000.0,20000.0,17500.0,5000.0,28.57142857142857,2026,7,28
Tamil Nadu,Coimbatore,Singanallur(Uzhavar Sandhai ),Colacasia,Colacasia,Local,2026-07-28,4500.0,5000.0,4750.0,500.0,10.526315789473683,2026,7,28
Tamil Nadu,Coimbatore,Singanallur(Uzhavar Sandhai ),Amla(Nelli Kai),Amla,Local,2026-07-28,7500.0,8000.0,7750.0,500.0,6.451612903225806,2026,7,28
Tamil Nadu,Coimbatore,Pollachi(Uzhavar Sandhai ),Chikoos(Sapota),Sapota,Local,2026-07-28,4000.0,4500.0,4250.0,500.0,11.76470588235294,2026,7,28
Tamil Nadu,Coimbatore,Pollachi(Uzhavar Sandhai ),Tomato,Deshi,Local,2026-07-28,1500.0,1800.0,1650.0,300.0,18.181818181818183,2026,7,28
Tamil Nadu,Coimbatore,Pollachi(Uzhavar Sandhai ),Pumpkin,Pumpkin,Local,2026-07-28,2000.0,2500.0,2250.0,500.0,22.22222222222222,2026,7,28
Tamil Nadu,Coimbatore,Pollachi(Uzhavar Sandhai ),Cowpea(Veg),Cowpea (Veg),Local,2026-07-28,3500.0,4000.0,3750.0,500.0,13.333333333333334,2026,7,28
Tamil Nadu,Coimbatore,Pollachi(Uzhavar Sandhai ),Coconut,Coconut,Local,2026-07-28,5500.0,6000.0,5750.0,500.0,8.695652173913043,2026,7,28
Tamil Nadu,Coimbatore,Pollachi(Uzhavar Sandhai ),Ridgeguard(Tori),Ridgeguard(Tori),Local,2026-07-28,6000.0,6500.0,6250.0,500.0,8.0,2026,7,28
Tamil Nadu,Coimbatore,Pollachi(Uzhavar Sandhai ),Thondekai,Thondekai,Local,2026-07-28,5000.0,5500.0,5250.0,500.0,9.523809523809524,2026,7,28
Tamil Nadu,Coimbatore,Pollachi(Uzhavar Sandhai ),Yam(Ratalu),Yam (Ratalu),Local,2026-07-28,5000.0,6000.0,5500.0,1000.0,18.181818181818183,2026,7,28
Tamil Nadu,Coimbatore,Pollachi(Uzhavar Sandhai ),Mashrooms,Mashrooms,Local,2026-07-28,18000.0,20000.0,19000.0,2000.0,10.526315789473683,2026,7,28
Telangana,Ranga Reddy,"Vanasthalipuram,RBZ",Tomato,Other,Local,2026-07-28,1700.0,1700.0,1700.0,0.0,0.0,2026,7,28
Telangana,Ranga Reddy,"Vanasthalipuram,RBZ",Cluster beans,Cluster Beans,Local,2026-07-28,3500.0,3500.0,3500.0,0.0,0.0,2026,7,28
Telangana,Ranga Reddy,"Vanasthalipuram,RBZ",Little gourd(Kundru),Little gourd (Kundru),Local,2026-07-28,3500.0,3500.0,3500.0,0.0,0.0,2026,7,28
Telangana,Ranga Reddy,"Vanasthalipuram,RBZ",Wild Cucumber,Wild Cucumber,Grade A,2026-07-28,1500.0,1500.0,1500.0,0.0,0.0,2026,7,28
Tamil Nadu,Karur,Karur(Uzhavar Sandhai ),Amaranthus,Amaranthus,Local,2026-07-28,2000.0,2500.0,2250.0,500.0,22.22222222222222,2026,7,28
Tamil Nadu,Karur,Karur(Uzhavar Sandhai ),Carrot,Pusakesar,Local,2026-07-28,9500.0,10000.0,9750.0,500.0,5.128205128205128,2026,7,28
Tamil Nadu,Karur,Karur(Uzhavar Sandhai ),Cucumbar(Kheera),Cucumbar,Local,2026-07-28,7500.0,8000.0,7750.0,500.0,6.451612903225806,2026,7,28
Tamil Nadu,Karur,Karur(Uzhavar Sandhai ),Ridgeguard(Tori),Ridgeguard(Tori),Local,2026-07-28,5500.0,6000.0,5750.0,500.0,8.695652173913043,2026,7,28
Tamil Nadu,Karur,Karur(Uzhavar Sandhai ),Chow Chow,Chow Chow,Local,2026-07-28,3500.0,4000.0,3750.0,500.0,13.333333333333334,2026,7,28
Tamil Nadu,Karur,Karur(Uzhavar Sandhai ),Drumstick,Drumstick,Local,2026-07-28,3000.0,3500.0,3250.0,500.0,15.384615384615385,2026,7,28
Tamil Nadu,Karur,Karur(Uzhavar Sandhai ),Guava,Guava Allahabad,Local,2026-07-28,6500.0,7000.0,6750.0,500.0,7.4074074074074066,2026,7,28
Tamil Nadu,Karur,Karur(Uzhavar Sandhai ),Lemon,Lemon,Local,2026-07-28,7500.0,8000.0,7750.0,500.0,6.451612903225806,2026,7,28
Tamil Nadu,Karur,Karur(Uzhavar Sandhai ),Amla(Nelli Kai),Amla,Local,2026-07-28,7500.0,8000.0,7750.0,500.0,6.451612903225806,2026,7,28
Tripura,South Tripura,Manubazar,Bitter gourd,Bitter Gourd,FAQ,2026-07-28,6800.0,7000.0,6900.0,200.0,2.898550724637681,2026,7,28
Tripura,South Tripura,Manubazar,Bottle gourd,Bottle Gourd,FAQ,2026-07-28,2500.0,2700.0,2600.0,200.0,7.6923076923076925,2026,7,28
Tripura,South Tripura,Manubazar,Green Chilli,Green Chilly,FAQ,2026-07-28,10000.0,12000.0,11000.0,2000.0,18.181818181818183,2026,7,28
Tripura,South Tripura,Manubazar,Ridgeguard(Tori),Ridgeguard(Tori),Grade A,2026-07-28,5800.0,6000.0,5900.0,200.0,3.389830508474576,2026,7,28
Tripura,South Tripura,Manubazar,Banana - Green,Banana - Green,FAQ,2026-07-28,2300.0,2500.0,2400.0,200.0,8.333333333333332,2026,7,28
Tripura,South Tripura,Manubazar,Cowpea(Veg),Cowpea (Veg),FAQ,2026-07-28,3200.0,3400.0,3300.0,200.0,6.0606060606060606,2026,7,28
Tripura,South Tripura,Manubazar,Tomato,Hybrid,Grade A,2026-07-28,4800.0,5000.0,4900.0,200.0,4.081632653061225,2026,7,28
Tamil Nadu,Coimbatore,Kurichi(Uzhavar Sandhai ),Cluster beans,Cluster Beans,Local,2026-07-28,3600.0,4000.0,3800.0,400.0,10.526315789473683,2026,7,28
Tamil Nadu,Coimbatore,Kurichi(Uzhavar Sandhai ),Bottle gourd,Bottle Gourd,Local,2026-07-28,2500.0,3000.0,2750.0,500.0,18.181818181818183,2026,7,28
Tamil Nadu,Coimbatore,Kurichi(Uzhavar Sandhai ),Bhindi(Ladies Finger),Bhindi,Local,2026-07-28,5000.0,5500.0,5250.0,500.0,9.523809523809524,2026,7,28
Tamil Nadu,Coimbatore,Kurichi(Uzhavar Sandhai ),Cucumbar(Kheera),Cucumbar,Local,2026-07-28,3500.0,4000.0,3750.0,500.0,13.333333333333334,2026,7,28
Tamil Nadu,Cuddalore,Cuddalore(Uzhavar Sandhai ),Papaya,Papaya,Local,2026-07-28,4000.0,4000.0,4000.0,0.0,0.0,2026,7,28
Tamil Nadu,Cuddalore,Cuddalore(Uzhavar Sandhai ),Bitter gourd,Bitter Gourd,Local,2026-07-28,7000.0,8000.0,7500.0,1000.0,13.333333333333334,2026,7,28
Tamil Nadu,Cuddalore,Cuddalore(Uzhavar Sandhai ),Banana - Green,Banana - Green,Local,2026-07-28,2000.0,3000.0,2500.0,1000.0,40.0,2026,7,28
Tamil Nadu,Cuddalore,Cuddalore(Uzhavar Sandhai ),Beans,Beans (Whole),Local,2026-07-28,8000.0,8000.0,8000.0,0.0,0.0,2026,7,28
Tamil Nadu,Cuddalore,Cuddalore(Uzhavar Sandhai ),Coconut,Coconut,Local,2026-07-28,5000.0,6000.0,5500.0,1000.0,18.181818181818183,2026,7,28
Tamil Nadu,Cuddalore,Cuddalore(Uzhavar Sandhai ),Snakeguard,Snakeguard,Local,2026-07-28,4500.0,4500.0,4500.0,0.0,0.0,2026,7,28
Tamil Nadu,Cuddalore,Cuddalore(Uzhavar Sandhai ),Mango(Raw-Ripe),Mango - Raw-Ripe,Local,2026-07-28,3000.0,3000.0,3000.0,0.0,0.0,2026,7,28
Tamil Nadu,Cuddalore,Cuddalore(Uzhavar Sandhai ),Guava,Guava Allahabad,Local,2026-07-28,4000.0,5000.0,4500.0,1000.0,22.22222222222222,2026,7,28
Tamil Nadu,Cuddalore,Cuddalore(Uzhavar Sandhai ),Lemon,Lemon,Local,2026-07-28,5000.0,6000.0,5500.0,1000.0,18.181818181818183,2026,7,28
Tamil Nadu,Chengalpattu,Thirukalukundram(Uzhavar Sandhai ),Ashgourd,Gouard,Local,2026-07-28,2100.0,2500.0,2300.0,400.0,17.391304347826086,2026,7,28
Tamil Nadu,Chengalpattu,Thirukalukundram(Uzhavar Sandhai ),Amaranthus,Amaranthus,Local,2026-07-28,2000.0,2200.0,2100.0,200.0,9.523809523809524,2026,7,28
Tamil Nadu,Chengalpattu,Thirukalukundram(Uzhavar Sandhai ),Thondekai,Thondekai,Local,2026-07-28,4400.0,5000.0,4700.0,600.0,12.76595744680851,2026,7,28
Tamil Nadu,Chengalpattu,Thirukalukundram(Uzhavar Sandhai ),Drumstick,Drumstick,Local,2026-07-28,5500.0,6000.0,5750.0,500.0,8.695652173913043,2026,7,28
Tamil Nadu,Chengalpattu,Thirukalukundram(Uzhavar Sandhai ),Onion Green,Onion Green,Local,2026-07-28,5500.0,6500.0,6000.0,1000.0,16.666666666666664,2026,7,28
Tamil Nadu,Tuticorin,Tuticorin(Uzhavar Sandhai ),Potato,Other,Local,2026-07-28,3000.0,3500.0,3250.0,500.0,15.384615384615385,2026,7,28
Tamil Nadu,Tuticorin,Tuticorin(Uzhavar Sandhai ),Brinjal,Round,Local,2026-07-28,4500.0,5000.0,4750.0,500.0,10.526315789473683,2026,7,28
Tamil Nadu,Tuticorin,Tuticorin(Uzhavar Sandhai ),Cowpea(Veg),Cowpea (Veg),Local,2026-07-28,3500.0,4000.0,3750.0,500.0,13.333333333333334,2026,7,28
Tamil Nadu,Tuticorin,Tuticorin(Uzhavar Sandhai ),Banana - Green,Banana - Green,Local,2026-07-28,2500.0,3000.0,2750.0,500.0,18.181818181818183,2026,7,28
Tamil Nadu,Tuticorin,Tuticorin(Uzhavar Sandhai ),Raddish,Raddish,Local,2026-07-28,3500.0,4000.0,3750.0,500.0,13.333333333333334,2026,7,28
Tamil Nadu,Tuticorin,Tuticorin(Uzhavar Sandhai ),Green Avare(W),Other,Local,2026-07-28,9000.0,10000.0,9500.0,1000.0,10.526315789473683,2026,7,28
Tamil Nadu,Tuticorin,Tuticorin(Uzhavar Sandhai ),Jack Fruit(Ripe),Jack Fruit,Local,2026-07-28,3500.0,4000.0,3750.0,500.0,13.333333333333334,2026,7,28
Tamil Nadu,Tuticorin,Tuticorin(Uzhavar Sandhai ),Lemon,Lemon,Local,2026-07-28,7000.0,8000.0,7500.0,1000.0,13.333333333333334,2026,7,28
Tamil Nadu,Tuticorin,Tuticorin(Uzhavar Sandhai ),Colacasia,Colacasia,Local,2026-07-28,6500.0,7000.0,6750.0,500.0,7.4074074074074066,2026,7,28
Tamil Nadu,Tuticorin,Tuticorin(Uzhavar Sandhai ),Mashrooms,Mashrooms,Local,2026-07-28,24000.0,25000.0,24500.0,1000.0,4.081632653061225,2026,7,28
Tamil Nadu,Tuticorin,Tuticorin(Uzhavar Sandhai ),Onion Green,Onion Green,Local,2026-07-28,6500.0,7000.0,6750.0,500.0,7.4074074074074066,2026,7,28
Tamil Nadu,Nagercoil (Kannyiakumari),Vadaseri APMC,Onion,Bellary,Local,2026-07-28,4000.0,4500.0,4250.0,500.0,11.76470588235294,2026,7,28
Tamil Nadu,Nagercoil (Kannyiakumari),Vadaseri APMC,Garlic,Garlic,Local,2026-07-28,20000.0,22000.0,21000.0,2000.0,9.523809523809524,2026,7,28
Tamil Nadu,Nagercoil (Kannyiakumari),Vadaseri APMC,Pumpkin,Pumpkin,Local,2026-07-28,1700.0,2000.0,1850.0,300.0,16.216216216216218,2026,7,28
Tamil Nadu,Nagercoil (Kannyiakumari),Vadaseri APMC,Bhindi(Ladies Finger),Bhindi,Local,2026-07-28,4000.0,4500.0,4250.0,500.0,11.76470588235294,2026,7,28
Tamil Nadu,Nagercoil (Kannyiakumari),Vadaseri APMC,Amaranthus,Amaranthus,Local,2026-07-28,1500.0,2000.0,1750.0,500.0,28.57142857142857,2026,7,28
Tamil Nadu,Nagercoil (Kannyiakumari),Vadaseri APMC,Beans,Beans (Whole),Local,2026-07-28,12000.0,14000.0,13000.0,2000.0,15.384615384615385,2026,7,28
Tamil Nadu,Nagercoil (Kannyiakumari),Vadaseri APMC,Sweet Potato,Hosur Red,Local,2026-07-28,3500.0,4000.0,3750.0,500.0,13.333333333333334,2026,7,28
Tamil Nadu,Nagercoil (Kannyiakumari),Vadaseri APMC,Raddish,Raddish,Local,2026-07-28,4500.0,5000.0,4750.0,500.0,10.526315789473683,2026,7,28
Tamil Nadu,Nagercoil (Kannyiakumari),Vadaseri APMC,Green Avare(W),Green Avare (W),Local,2026-07-28,4000.0,4500.0,4250.0,500.0,11.76470588235294,2026,7,28
Tamil Nadu,Nagercoil (Kannyiakumari),Vadaseri APMC,Lime,Lime,Local,2026-07-28,5500.0,6000.0,5750.0,500.0,8.695652173913043,2026,7,28
Tamil Nadu,Nagercoil (Kannyiakumari),Vadaseri APMC,Tamarind Fruit,Tamarind Fruit,Local,2026-07-28,13000.0,14000.0,13500.0,1000.0,7.4074074074074066,2026,7,28
Tamil Nadu,Nagercoil (Kannyiakumari),Vadaseri APMC,Colacasia,Colacasia,Local,2026-07-28,8000.0,8500.0,8250.0,500.0,6.0606060606060606,2026,7,28
Tamil Nadu,Pudukkottai,Karambakkudi(Uzhavar Sandhai ),Banana,Poovan,Local,2026-07-28,7000.0,8000.0,7500.0,1000.0,13.333333333333334,2026,7,28
Tamil Nadu,Pudukkottai,Karambakkudi(Uzhavar Sandhai ),Cluster beans,Cluster Beans,Local,2026-07-28,4000.0,5000.0,4500.0,1000.0,22.22222222222222,2026,7,28
Tamil Nadu,Pudukkottai,Karambakkudi(Uzhavar Sandhai ),Snakeguard,Snakeguard,Local,2026-07-28,3500.0,4000.0,3750.0,500.0,13.333333333333334,2026,7,28
Tamil Nadu,Pudukkottai,Karambakkudi(Uzhavar Sandhai ),Raddish,Raddish,Local,2026-07-28,4000.0,5000.0,4500.0,1000.0,22.22222222222222,2026,7,28
Tamil Nadu,Pudukkottai,Karambakkudi(Uzhavar Sandhai ),Green Avare(W),Other,Local,2026-07-28,9000.0,10000.0,9500.0,1000.0,10.526315789473683,2026,7,28
Tamil Nadu,Pudukkottai,Karambakkudi(Uzhavar Sandhai ),Onion Green,Onion Green,Local,2026-07-28,6000.0,7000.0,6500.0,1000.0,15.384615384615385,2026,7,28
Madhya Pradesh,Morena,Kailaras APMC,Lemon,Lemon,Medium,2026-07-28,2000.0,2000.0,2000.0,0.0,0.0,2026,7,28
Tamil Nadu,Vellore,Thirupathur APMC,Chikoos(Sapota),Sapota,Local,2026-07-28,4000.0,4000.0,4000.0,0.0,0.0,2026,7,28
Tamil Nadu,Vellore,Thirupathur APMC,Tomato,Deshi,Local,2026-07-28,2000.0,2000.0,2000.0,0.0,0.0,2026,7,28
Tamil Nadu,Vellore,Thirupathur APMC,Cluster beans,Cluster Beans,Local,2026-07-28,4000.0,4000.0,4000.0,0.0,0.0,2026,7,28
Tamil Nadu,Vellore,Thirupathur APMC,Pumpkin,Pumpkin,Local,2026-07-28,2000.0,2000.0,2000.0,0.0,0.0,2026,7,28
Tamil Nadu,Vellore,Thirupathur APMC,Banana - Green,Banana - Green,Local,2026-07-28,2500.0,2500.0,2500.0,0.0,0.0,2026,7,28
Tamil Nadu,Vellore,Thirupathur APMC,Coconut,Coconut,Local,2026-07-28,5000.0,5000.0,5000.0,0.0,0.0,2026,7,28
Tamil Nadu,Vellore,Thirupathur APMC,Green Avare(W),Green Avare (W),Local,2026-07-28,6000.0,6000.0,6000.0,0.0,0.0,2026,7,28
Tamil Nadu,Vellore,Thirupathur APMC,Knool Khol,Knool Khol,Local,2026-07-28,5500.0,5500.0,5500.0,0.0,0.0,2026,7,28
Tamil Nadu,Vellore,Thirupathur APMC,Indian Beans(Seam),Indian Beans (Seam),Local,2026-07-28,6000.0,6000.0,6000.0,0.0,0.0,2026,7,28
Tamil Nadu,Vellore,Thirupathur APMC,Lemon,Lemon,Local,2026-07-28,5000.0,5000.0,5000.0,0.0,0.0,2026,7,28
Tamil Nadu,Vellore,Thirupathur APMC,Amla(Nelli Kai),Amla,Local,2026-07-28,8000.0,8000.0,8000.0,0.0,0.0,2026,7,28
Tamil Nadu,Vellore,Thirupathur APMC,Mint(Pudina),Mint(Pudina),Local,2026-07-28,5000.0,5000.0,5000.0,0.0,0.0,2026,7,28
Tamil Nadu,Vellore,Vellore APMC,Ashgourd,Gouard,Local,2026-07-28,2500.0,2500.0,2500.0,0.0,0.0,2026,7,28
Tamil Nadu,Vellore,Vellore APMC,Bhindi(Ladies Finger),Bhindi,Local,2026-07-28,3500.0,3500.0,3500.0,0.0,0.0,2026,7,28
Tamil Nadu,Vellore,Vellore APMC,Green Chilli,Green Chilly,Local,2026-07-28,4500.0,4500.0,4500.0,0.0,0.0,2026,7,28
Tamil Nadu,Vellore,Vellore APMC,Coconut,Coconut,Local,2026-07-28,3000.0,3000.0,3000.0,0.0,0.0,2026,7,28
Tamil Nadu,Vellore,Vellore APMC,Cabbage,Cabbage,Local,2026-07-28,3500.0,3500.0,3500.0,0.0,0.0,2026,7,28
Tamil Nadu,Vellore,Vellore APMC,Chow Chow,Chow Chow,Local,2026-07-28,3500.0,3500.0,3500.0,0.0,0.0,2026,7,28
Tamil Nadu,Vellore,Vellore APMC,Colacasia,Colacasia,Local,2026-07-28,4000.0,4000.0,4000.0,0.0,0.0,2026,7,28
Bihar,Supaul,Supaul APMC,Cucumbar(Kheera),Cucumbar,Grade A,2026-07-28,3100.0,3500.0,3200.0,400.0,12.5,2026,7,28
Tamil Nadu,Dharmapuri,Harur(Uzhavar Sandhai ),Garlic,Garlic,Local,2026-07-28,19000.0,20000.0,19500.0,1000.0,5.128205128205128,2026,7,28
Tamil Nadu,Dharmapuri,Harur(Uzhavar Sandhai ),Brinjal,Other,Local,2026-07-28,3500.0,4000.0,3750.0,500.0,13.333333333333334,2026,7,28
Tamil Nadu,Dharmapuri,Harur(Uzhavar Sandhai ),Bottle gourd,Bottle Gourd,Local,2026-07-28,1500.0,1800.0,1650.0,300.0,18.181818181818183,2026,7,28
Tamil Nadu,Dharmapuri,Harur(Uzhavar Sandhai ),Green Avare(W),Other,Local,2026-07-28,5000.0,6000.0,5500.0,1000.0,18.181818181818183,2026,7,28
Tamil Nadu,Dharmapuri,Harur(Uzhavar Sandhai ),Drumstick,Drumstick,Local,2026-07-28,5000.0,6000.0,5500.0,1000.0,18.181818181818183,2026,7,28
Tamil Nadu,Dharmapuri,Harur(Uzhavar Sandhai ),Knool Khol,Knool Khol,Local,2026-07-28,5000.0,6000.0,5500.0,1000.0,18.181818181818183,2026,7,28
Tamil Nadu,Dharmapuri,Harur(Uzhavar Sandhai ),Amla(Nelli Kai),Amla,Local,2026-07-28,5000.0,6000.0,5500.0,1000.0,18.181818181818183,2026,7,28
Tamil Nadu,Krishnagiri,Kaveripattinam(Uzhavar Sandhai ),Bitter gourd,Bitter Gourd,Local,2026-07-28,6000.0,6000.0,6000.0,0.0,0.0,2026,7,28
Tamil Nadu,Krishnagiri,Kaveripattinam(Uzhavar Sandhai ),Bhindi(Ladies Finger),Bhindi,Local,2026-07-28,3000.0,3000.0,3000.0,0.0,0.0,2026,7,28
Tamil Nadu,Krishnagiri,Kaveripattinam(Uzhavar Sandhai ),Green Chilli,Green Chilly,Local,2026-07-28,4000.0,4000.0,4000.0,0.0,0.0,2026,7,28
Tamil Nadu,Krishnagiri,Kaveripattinam(Uzhavar Sandhai ),Green Avare(W),Green Avare (W),Local,2026-07-28,7000.0,7000.0,7000.0,0.0,0.0,2026,7,28
Tamil Nadu,Krishnagiri,Kaveripattinam(Uzhavar Sandhai ),Onion Green,Onion Green,Local,2026-07-28,6000.0,7000.0,6500.0,1000.0,15.384615384615385,2026,7,28
Tamil Nadu,The Nilgiris,Coonoor(Uzhavar Sandhai ),Cauliflower,Ranchi,Local,2026-07-28,4200.0,4600.0,4400.0,400.0,9.090909090909092,2026,7,28
Tamil Nadu,The Nilgiris,Coonoor(Uzhavar Sandhai ),Coriander(Leaves),I Sort,Local,2026-07-28,6500.0,7000.0,6750.0,500.0,7.4074074074074066,2026,7,28
Tamil Nadu,The Nilgiris,Coonoor(Uzhavar Sandhai ),Banana - Green,Banana - Green,Local,2026-07-28,4500.0,5000.0,4750.0,500.0,10.526315789473683,2026,7,28
Tamil Nadu,The Nilgiris,Gudalur(Uzhavar Sandhai ),Banana,Besrai,Local,2026-07-28,3500.0,4000.0,3750.0,500.0,13.333333333333334,2026,7,28
Tamil Nadu,The Nilgiris,Gudalur(Uzhavar Sandhai ),Brinjal,Other,Local,2026-07-28,4500.0,4800.0,4650.0,300.0,6.451612903225806,2026,7,28
Tamil Nadu,The Nilgiris,Gudalur(Uzhavar Sandhai ),Tapioca,Tapioca,Local,2026-07-28,3500.0,4000.0,3750.0,500.0,13.333333333333334,2026,7,28
Tamil Nadu,The Nilgiris,Gudalur(Uzhavar Sandhai ),Ginger(Green),Green Ginger,Local,2026-07-28,15000.0,19000.0,17000.0,4000.0,23.52941176470588,2026,7,28
Tamil Nadu,The Nilgiris,Gudalur(Uzhavar Sandhai ),Beetroot,Beetroot,Local,2026-07-28,5500.0,6000.0,5750.0,500.0,8.695652173913043,2026,7,28
Tamil Nadu,The Nilgiris,Gudalur(Uzhavar Sandhai ),Lemon,Lemon,Local,2026-07-28,7000.0,8000.0,7500.0,1000.0,13.333333333333334,2026,7,28
Tamil Nadu,The Nilgiris,Gudalur(Uzhavar Sandhai ),Mint(Pudina),Mint(Pudina),Local,2026-07-28,4500.0,5000.0,4750.0,500.0,10.526315789473683,2026,7,28
Himachal Pradesh,Kangra,SMY Palampur,Colacasia,Colacasia,FAQ,2026-07-28,2800.0,3000.0,2900.0,200.0,6.896551724137931,2026,7,28
Himachal Pradesh,Kangra,SMY Palampur,Cabbage,Cabbage,FAQ,2026-07-28,3000.0,3500.0,3200.0,500.0,15.625,2026,7,28
Haryana,Karnal,Tarori APMC,Mango,Other,Grade A,2026-07-28,3000.0,4000.0,3500.0,1000.0,28.57142857142857,2026,7,28
Punjab,Tarntaran,Patti APMC,Banana,Other,Grade B,2026-07-28,22.3,22.3,22.3,0.0,0.0,2026,7,28
Punjab,Tarntaran,Patti APMC,Green Chilli,Other,Local,2026-07-28,1.0,1.0,1.0,0.0,0.0,2026,7,28
Punjab,Tarntaran,Patti APMC,Garlic,Other,Local,2026-07-28,120.0,120.0,120.0,0.0,0.0,2026,7,28
Uttarakhand,Dehradoon,Vikasnagar APMC,Raddish,Other,Medium,2026-07-28,500.0,800.0,800.0,300.0,37.5,2026,7,28
Uttarakhand,Dehradoon,Vikasnagar APMC,Sponge gourd,Other,Medium,2026-07-28,700.0,1000.0,1000.0,300.0,30.0,2026,7,28
Punjab,Mohali,Lalru APMC,Bhindi(Ladies Finger),Other,Local,2026-07-28,2600.0,2600.0,2600.0,0.0,0.0,2026,7,28
Haryana,Sonipat,Gohana APMC,Brinjal,Other,Medium,2026-07-28,1500.0,3000.0,2000.0,1500.0,75.0,2026,7,28
Haryana,Sonipat,Gohana APMC,Cauliflower,Other,Medium,2026-07-28,4000.0,8000.0,6000.0,4000.0,66.66666666666666,2026,7,28
Haryana,Sonipat,Gohana APMC,Apple,Apple,Medium,2026-07-28,10000.0,15000.0,12000.0,5000.0,41.66666666666667,2026,7,28
Odisha,Jagatsinghpur,Jagatsinghpur APMC,Potato,Potato,FAQ,2026-07-28,1300.0,1500.0,1400.0,200.0,14.285714285714285,2026,7,28
Uttar Pradesh,Mau(Maunathbhanjan),Kopaganj APMC,Cauliflower,Cauliflower,FAQ,2026-07-28,2260.0,2290.0,2280.0,30.0,1.3157894736842104,2026,7,28
Uttar Pradesh,Mau(Maunathbhanjan),Kopaganj APMC,Banana,Medium,Grade B,2026-07-28,3780.0,3950.0,3790.0,170.0,4.485488126649076,2026,7,28
Uttar Pradesh,Mau(Maunathbhanjan),Kopaganj APMC,Mango,Dusheri,Grade B,2026-07-28,3325.0,3390.0,3350.0,65.0,1.9402985074626864,2026,7,28
Uttar Pradesh,Mau(Maunathbhanjan),Kopaganj APMC,Bitter gourd,Bitter Gourd,FAQ,2026-07-28,1990.0,2000.0,1999.0,10.0,0.5002501250625313,2026,7,28
Haryana,Hissar,Hansi APMC,Plum,Other,Grade B,2026-07-28,8000.0,10000.0,9000.0,2000.0,22.22222222222222,2026,7,28
Haryana,Hissar,Hansi APMC,Ginger(Dry),Other,FAQ,2026-07-28,12000.0,15000.0,13500.0,3000.0,22.22222222222222,2026,7,28
Haryana,Hissar,Hansi APMC,Pomegranate,Other,Grade B,2026-07-28,8000.0,16000.0,12000.0,8000.0,66.66666666666666,2026,7,28
Haryana,Hissar,Hansi APMC,Beetroot,Other,FAQ,2026-07-28,2000.0,2500.0,2250.0,500.0,22.22222222222222,2026,7,28
Haryana,Hissar,Hansi APMC,Cabbage,Other,FAQ,2026-07-28,1500.0,2500.0,2000.0,1000.0,50.0,2026,7,28
Haryana,Hissar,Hansi APMC,Guar,Other,FAQ,2026-07-28,4000.0,6000.0,5000.0,2000.0,40.0,2026,7,28
Haryana,Hissar,Hansi APMC,Lemon,Other,FAQ,2026-07-28,5000.0,6000.0,5500.0,1000.0,18.181818181818183,2026,7,28
Haryana,Hissar,Hansi APMC,Potato,Other,FAQ,2026-07-28,1000.0,4000.0,1000.0,3000.0,300.0,2026,7,28
Punjab,Amritsar,Rayya APMC,Bhindi(Ladies Finger),Bhindi,FAQ,2026-07-28,705.0,705.0,705.0,0.0,0.0,2026,7,28
Punjab,Amritsar,Rayya APMC,Onion,Other,FAQ,2026-07-28,1535.0,1535.0,1535.0,0.0,0.0,2026,7,28
Punjab,Amritsar,Rayya APMC,Tomato,Other,FAQ,2026-07-28,720.0,720.0,720.0,0.0,0.0,2026,7,28
Gujarat,Amreli,Bagasara APMC,Soyabean,Yellow,Local,2026-07-28,5250.0,6830.0,6040.0,1580.0,26.158940397350992,2026,7,28
Andhra Pradesh,Prakasam,Maddipadu APMC,Paddy(Common),B P T,FAQ,2026-07-28,2500.0,2500.0,2500.0,0.0,0.0,2026,7,28
Keralam,Kozhikode(Calicut),Mukkom Market,Ginger(Green),Green Ginger,FAQ,2026-07-28,19500.0,20500.0,20000.0,1000.0,5.0,2026,7,28
Keralam,Kozhikode(Calicut),Mukkom Market,Amaranthus,Amaranthus,FAQ,2026-07-28,3000.0,3300.0,3100.0,300.0,9.67741935483871,2026,7,28
Keralam,Kozhikode(Calicut),Mukkom Market,Brinjal,Brinjal,FAQ,2026-07-28,4000.0,4500.0,4200.0,500.0,11.904761904761903,2026,7,28
Haryana,Sonipat,Ganaur APMC,Cabbage,Cabbage,Medium,2026-07-28,2000.0,3000.0,2200.0,1000.0,45.45454545454545,2026,7,28
Haryana,Sonipat,Ganaur APMC,Water Melon,Water Melon,Medium,2026-07-28,2500.0,3000.0,2800.0,500.0,17.857142857142858,2026,7,28
Haryana,Sonipat,Ganaur APMC,Bhindi(Ladies Finger),Bhindi,Medium,2026-07-28,3000.0,4000.0,3500.0,1000.0,28.57142857142857,2026,7,28
Haryana,Sonipat,Ganaur APMC,Coriander(Leaves),Coriander,Medium,2026-07-28,5000.0,6000.0,5500.0,1000.0,18.181818181818183,2026,7,28
Haryana,Sonipat,Ganaur APMC,Tinda,Tinda,Medium,2026-07-28,4000.0,5000.0,4500.0,1000.0,22.22222222222222,2026,7,28
Haryana,Sonipat,Ganaur APMC,Green Chilli,Green Chilly,Medium,2026-07-28,4000.0,5000.0,4500.0,1000.0,22.22222222222222,2026,7,28
Haryana,Kurukshetra,Shahabad APMC,Pear(Marasebu),Other,Medium,2026-07-28,4400.0,7000.0,5000.0,2600.0,52.0,2026,7,28
Haryana,Kurukshetra,Shahabad APMC,Apple,Apple,Medium,2026-07-28,7000.0,10000.0,7500.0,3000.0,40.0,2026,7,28
Haryana,Kurukshetra,Shahabad APMC,Bottle gourd,Bottle Gourd,Medium,2026-07-28,1500.0,2000.0,1800.0,500.0,27.77777777777778,2026,7,28
Haryana,Kurukshetra,Shahabad APMC,Plum,Other,Medium,2026-07-28,5000.0,6000.0,5500.0,1000.0,18.181818181818183,2026,7,28
Rajasthan,Jalore,Jalore APMC,Bottle gourd,Bottle Gourd,Local,2026-07-28,1200.0,1500.0,1300.0,300.0,23.076923076923077,2026,7,28
Rajasthan,Jalore,Jalore APMC,Brinjal,Brinjal,Local,2026-07-28,800.0,1000.0,900.0,200.0,22.22222222222222,2026,7,28
Keralam,Kottayam,Athirampuzha Market,Ashgourd,Ashgourd,FAQ,2026-07-28,1600.0,1800.0,1700.0,200.0,11.76470588235294,2026,7,28
Keralam,Alappuzha,Harippad Market,Amaranthus,Other,FAQ,2026-07-28,5000.0,5500.0,5000.0,500.0,10.0,2026,7,28
Keralam,Alappuzha,Harippad Market,Bottle gourd,Other,FAQ,2026-07-28,2000.0,2500.0,2000.0,500.0,25.0,2026,7,28
Keralam,Ernakulam,Perumbavoor Market,Beetroot,Beetroot,Medium,2026-07-28,4200.0,5000.0,4600.0,800.0,17.391304347826086,2026,7,28
Keralam,Ernakulam,Perumbavoor Market,Carrot,Carrot,Medium,2026-07-28,5400.0,6200.0,5800.0,800.0,13.793103448275861,2026,7,28
Keralam,Ernakulam,Perumbavoor Market,Ginger(Green),Green Ginger,Medium,2026-07-28,9000.0,10000.0,9500.0,1000.0,10.526315789473683,2026,7,28
Keralam,Ernakulam,Perumbavoor Market,Drumstick,Drumstick,Large,2026-07-28,3900.0,4800.0,4400.0,900.0,20.454545454545457,2026,7,28
Keralam,Ernakulam,Perumbavoor Market,Indian Beans(Seam),Indian Beans (Seam),Medium,2026-07-28,5500.0,6500.0,6000.0,1000.0,16.666666666666664,2026,7,28
Keralam,Ernakulam,Perumbavoor Market,Lemon,Lemon,Medium,2026-07-28,4500.0,5500.0,5000.0,1000.0,20.0,2026,7,28
Keralam,Ernakulam,Perumbavoor Market,Mango(Raw-Ripe),Mango - Raw-Ripe,Medium,2026-07-28,4200.0,5000.0,4600.0,800.0,17.391304347826086,2026,7,28
Keralam,Ernakulam,Perumbavoor Market,Banana,Palayamthodan,Medium,2026-07-28,2800.0,3500.0,3200.0,700.0,21.875,2026,7,28
Keralam,Ernakulam,Perumbavoor Market,Banana,Poovan,Medium,2026-07-28,5200.0,5900.0,5600.0,700.0,12.5,2026,7,28
Keralam,Ernakulam,Perumbavoor Market,Pineapple,Pine Apple,Medium,2026-07-28,4600.0,5500.0,5000.0,900.0,18.0,2026,7,28
Andhra Pradesh,Bapatla,Parchur APMC,Maize,Local,FAQ,2026-07-28,2000.0,2200.0,2000.0,200.0,10.0,2026,7,28
Andhra Pradesh,East Godavari,Anaparthy APMC,Paddy(Common),Paddy,FAQ,2026-07-28,2369.0,2450.0,2369.0,81.0,3.4191642043056145,2026,7,28
Madhya Pradesh,Balaghat,Balaghat APMC,Wheat,Wheat,FAQ,2026-07-28,2100.0,2200.0,2200.0,100.0,4.545454545454546,2026,7,28
Tamil Nadu,Thanjavur,Tirukattupalli(Uzhavar Sandhai ),Potato,Red Nanital,Local,2026-07-28,2800.0,2800.0,2800.0,0.0,0.0,2026,7,28
Tamil Nadu,Thanjavur,Tirukattupalli(Uzhavar Sandhai ),Brinjal,Round,Local,2026-07-28,4000.0,4000.0,4000.0,0.0,0.0,2026,7,28
Tamil Nadu,Thanjavur,Tirukattupalli(Uzhavar Sandhai ),Green Chilli,Green Chilly,Local,2026-07-28,6000.0,6000.0,6000.0,0.0,0.0,2026,7,28
Tamil Nadu,Thanjavur,Tirukattupalli(Uzhavar Sandhai ),Banana - Green,Banana - Green,Local,2026-07-28,4000.0,4000.0,4000.0,0.0,0.0,2026,7,28
Tamil Nadu,Thanjavur,Tirukattupalli(Uzhavar Sandhai ),Raddish,Raddish,Local,2026-07-28,3600.0,3900.0,3750.0,300.0,8.0,2026,7,28
Tamil Nadu,Thiruchirappalli,Thuraiyur APMC,Potato,Red Nanital,Local,2026-07-28,3000.0,3000.0,3000.0,0.0,0.0,2026,7,28
Tamil Nadu,Thiruchirappalli,Thuraiyur APMC,Bitter gourd,Bitter Gourd,Local,2026-07-28,6500.0,6500.0,6500.0,0.0,0.0,2026,7,28
Tamil Nadu,Thiruchirappalli,Thuraiyur APMC,Mango(Raw-Ripe),Mango - Raw-Ripe,Local,2026-07-28,3500.0,4500.0,4000.0,1000.0,25.0,2026,7,28
Tamil Nadu,Thiruchirappalli,Thuraiyur APMC,Lime,Lime,Local,2026-07-28,4000.0,4000.0,4000.0,0.0,0.0,2026,7,28
Tamil Nadu,Thiruchirappalli,Thuraiyur APMC,Tender Coconut,Tender Coconut,Local,2026-07-28,4000.0,5000.0,4500.0,1000.0,22.22222222222222,2026,7,28
Tamil Nadu,Thiruchirappalli,Thuraiyur APMC,Lemon,Lemon,Local,2026-07-28,6000.0,7000.0,6500.0,1000.0,15.384615384615385,2026,7,28
Tamil Nadu,Thiruchirappalli,Thuraiyur APMC,Onion Green,Onion Green,Local,2026-07-28,6000.0,7000.0,6500.0,1000.0,15.384615384615385,2026,7,28
Tamil Nadu,Villupuram,Tindivanam APMC,Potato,Red Nanital,Local,2026-07-28,3600.0,3600.0,3600.0,0.0,0.0,2026,7,28
Tamil Nadu,Villupuram,Tindivanam APMC,Green Chilli,Green Chilly,Local,2026-07-28,5000.0,5000.0,5000.0,0.0,0.0,2026,7,28
Tamil Nadu,Villupuram,Tindivanam APMC,Coconut,Coconut,Local,2026-07-28,5500.0,5500.0,5500.0,0.0,0.0,2026,7,28
Tamil Nadu,Villupuram,Tindivanam APMC,Sweet Potato,Hosur Red,Local,2026-07-28,4500.0,4500.0,4500.0,0.0,0.0,2026,7,28
Tamil Nadu,Villupuram,Tindivanam APMC,Ridgeguard(Tori),Ridgeguard(Tori),Local,2026-07-28,5800.0,5800.0,5800.0,0.0,0.0,2026,7,28
Tamil Nadu,Villupuram,Tindivanam APMC,Capsicum,Capsicum,Local,2026-07-28,8500.0,8500.0,8500.0,0.0,0.0,2026,7,28
Tamil Nadu,Villupuram,Tindivanam APMC,Mango(Raw-Ripe),Mango - Raw-Ripe,Local,2026-07-28,2500.0,2500.0,2500.0,0.0,0.0,2026,7,28
Tamil Nadu,Villupuram,Tindivanam APMC,Knool Khol,Knool Khol,Local,2026-07-28,7000.0,7000.0,7000.0,0.0,0.0,2026,7,28
Tamil Nadu,Villupuram,Tindivanam APMC,Guava,Guava Allahabad,Local,2026-07-28,4000.0,4000.0,4000.0,0.0,0.0,2026,7,28
Tamil Nadu,Villupuram,Tindivanam APMC,Lemon,Lemon,Local,2026-07-28,7000.0,7000.0,7000.0,0.0,0.0,2026,7,28
Tamil Nadu,Villupuram,Tindivanam APMC,Sweet Corn,Sweet Corn,Local,2026-07-28,3800.0,3800.0,3800.0,0.0,0.0,2026,7,28
Tamil Nadu,Villupuram,Ulundurpettai APMC,Banana,Besrai,Local,2026-07-28,3000.0,4000.0,3500.0,1000.0,28.57142857142857,2026,7,28
Tamil Nadu,Villupuram,Ulundurpettai APMC,Onion,Bellary,Local,2026-07-28,4000.0,4000.0,4000.0,0.0,0.0,2026,7,28
Tamil Nadu,Villupuram,Ulundurpettai APMC,Ginger(Green),Green Ginger,Local,2026-07-28,13000.0,13000.0,13000.0,0.0,0.0,2026,7,28
Tamil Nadu,Villupuram,Ulundurpettai APMC,Raddish,Raddish,Local,2026-07-28,4000.0,4000.0,4000.0,0.0,0.0,2026,7,28
Tamil Nadu,Villupuram,Ulundurpettai APMC,Mango(Raw-Ripe),Mango - Raw-Ripe,Local,2026-07-28,2000.0,2000.0,2000.0,0.0,0.0,2026,7,28
Tamil Nadu,Villupuram,Ulundurpettai APMC,Amla(Nelli Kai),Amla,Local,2026-07-28,8000.0,8000.0,8000.0,0.0,0.0,2026,7,28
Maharashtra,Ahilyanagar,Rahuri APMC,Tomato,Other,Local,2026-07-28,500.0,1500.0,1000.0,1000.0,100.0,2026,7,28
Maharashtra,Pune,Pune(Moshi) APMC,Beetroot,Other,Local,2026-07-28,1000.0,2000.0,1500.0,1000.0,66.66666666666666,2026,7,28
Maharashtra,Pune,Pune(Moshi) APMC,Bhindi(Ladies Finger),Other,Local,2026-07-28,2500.0,3000.0,2750.0,500.0,18.181818181818183,2026,7,28
Maharashtra,Pune,Pune(Moshi) APMC,Mango(Raw-Ripe),Other,Local,2026-07-28,2000.0,4000.0,3000.0,2000.0,66.66666666666666,2026,7,28
Maharashtra,Pune,Pune(Moshi) APMC,Methi(Leaves),Other,Local,2026-07-28,15.0,20.0,18.0,5.0,27.77777777777778,2026,7,28
Maharashtra,Pune,Pune(Moshi) APMC,Brinjal,Other,Local,2026-07-28,1000.0,2000.0,1500.0,1000.0,66.66666666666666,2026,7,28
Maharashtra,Pune,Pune(Moshi) APMC,Green Chilli,Other,Local,2026-07-28,3000.0,4000.0,3500.0,1000.0,28.57142857142857,2026,7,28
Maharashtra,Pune,Pune(Moshi) APMC,Pineapple,Other,Local,2026-07-28,5000.0,5000.0,5000.0,0.0,0.0,2026,7,28
Maharashtra,Pune,Pune(Moshi) APMC,Orange,Other,Local,2026-07-28,7000.0,10000.0,8500.0,3000.0,35.294117647058826,2026,7,28
Maharashtra,Ratnagiri,Ratnagiri (Nachane) APMC,Cabbage,Other,Local,2026-07-28,2500.0,2700.0,2600.0,200.0,7.6923076923076925,2026,7,28
Maharashtra,Ratnagiri,Ratnagiri (Nachane) APMC,Carrot,Other,Local,2026-07-28,3500.0,4000.0,3600.0,500.0,13.88888888888889,2026,7,28
Gujarat,Surat,Songadh(Umrada) APMC,Guar,Guaar,FAQ,2026-07-28,7000.0,7000.0,7000.0,0.0,0.0,2026,7,28
Gujarat,Surat,Songadh(Umrada) APMC,Bhindi(Ladies Finger),Bhindi,FAQ,2026-07-28,1500.0,4000.0,3000.0,2500.0,83.33333333333334,2026,7,28
Gujarat,Jamnagar,Kalawad APMC,Green Gram(Moong)(Whole),Other,Local,2026-07-28,7925.0,8075.0,8000.0,150.0,1.875,2026,7,28
Gujarat,Amreli,Babra APMC,Cummin Seed(Jeera),Other,FAQ,2026-07-28,15100.0,19000.0,17050.0,3900.0,22.87390029325513,2026,7,28
Gujarat,Amreli,Damnagar APMC,Coriander(Leaves),Coriander,Local,2026-07-28,8500.0,8500.0,8500.0,0.0,0.0,2026,7,28
Gujarat,Amreli,Damnagar APMC,Brinjal,Other,Local,2026-07-28,1500.0,1500.0,1500.0,0.0,0.0,2026,7,28
Gujarat,Amreli,Damnagar APMC,Ginger(Green),Green Ginger,Local,2026-07-28,9500.0,9500.0,9500.0,0.0,0.0,2026,7,28
Tamil Nadu,Madurai,Chokkikulam(Uzhavar Sandhai ),Banana,Besrai,Local,2026-07-28,4000.0,5000.0,4500.0,1000.0,22.22222222222222,2026,7,28
Tamil Nadu,Madurai,Chokkikulam(Uzhavar Sandhai ),Mousambi(Sweet Lime),Mousambi,Local,2026-07-28,9000.0,10000.0,9500.0,1000.0,10.526315789473683,2026,7,28
Tamil Nadu,Madurai,Chokkikulam(Uzhavar Sandhai ),Pineapple,Pine Apple,Local,2026-07-28,6000.0,7000.0,6500.0,1000.0,15.384615384615385,2026,7,28
Tamil Nadu,Madurai,Chokkikulam(Uzhavar Sandhai ),Potato,Red Nanital,Local,2026-07-28,2800.0,6000.0,4400.0,3200.0,72.72727272727273,2026,7,28
Tamil Nadu,Madurai,Chokkikulam(Uzhavar Sandhai ),Cauliflower,Ranchi,Local,2026-07-28,2500.0,2800.0,2650.0,300.0,11.320754716981133,2026,7,28
Tamil Nadu,Madurai,Chokkikulam(Uzhavar Sandhai ),Cluster beans,Cluster Beans,Local,2026-07-28,3000.0,3600.0,3300.0,600.0,18.181818181818183,2026,7,28
Tamil Nadu,Madurai,Chokkikulam(Uzhavar Sandhai ),Bitter gourd,Bitter Gourd,Local,2026-07-28,6000.0,7000.0,6500.0,1000.0,15.384615384615385,2026,7,28
Tamil Nadu,Madurai,Chokkikulam(Uzhavar Sandhai ),Beans,Beans (Whole),Local,2026-07-28,8000.0,10000.0,9000.0,2000.0,22.22222222222222,2026,7,28
Tamil Nadu,Madurai,Chokkikulam(Uzhavar Sandhai ),Thondekai,Thondekai,Local,2026-07-28,4500.0,6000.0,5250.0,1500.0,28.57142857142857,2026,7,28
Tamil Nadu,Madurai,Chokkikulam(Uzhavar Sandhai ),Green Avare(W),Green Avare (W),Local,2026-07-28,7000.0,9500.0,8250.0,2500.0,30.303030303030305,2026,7,28
Andhra Pradesh,West Godavari,Attili APMC,Paddy(Common),Paddy,Local,2026-07-28,2369.0,2389.0,2369.0,20.0,0.8442380751371887,2026,7,28
Gujarat,Amreli,The Agricultural Produce Market Committee-Amreli,Soyabean,Soyabeen,FAQ,2026-07-28,6250.0,6850.0,6675.0,600.0,8.98876404494382,2026,7,28
Gujarat,Surat,Surat APMC,Cluster beans,Other,FAQ,2026-07-28,3000.0,7000.0,5000.0,4000.0,80.0,2026,7,28
Gujarat,Surat,Surat APMC,Lemon,Other,FAQ,2026-07-28,1500.0,5000.0,3250.0,3500.0,107.6923076923077,2026,7,28
Gujarat,Surat,Surat APMC,Mango(Raw-Ripe),Other,FAQ,2026-07-28,1500.0,4500.0,3000.0,3000.0,100.0,2026,7,28
Gujarat,Surat,Surat APMC,Potato,Other,FAQ,2026-07-28,500.0,1700.0,1100.0,1200.0,109.09090909090908,2026,7,28
Gujarat,Surat,Surat APMC,Spiny Gourd / Kartali(Kantola),Other,FAQ,2026-07-28,6000.0,19000.0,12500.0,13000.0,104.0,2026,7,28
Telangana,Warangal,Warangal APMC,Bitter gourd,Bitter Gourd,FAQ,2026-07-28,2000.0,2500.0,2250.0,500.0,22.22222222222222,2026,7,28
Telangana,Warangal,Warangal APMC,Brinjal,Brinjal,FAQ,2026-07-28,1000.0,1500.0,1250.0,500.0,40.0,2026,7,28
Telangana,Warangal,Warangal APMC,Cluster beans,Cluster Beans,FAQ,2026-07-28,2500.0,3000.0,2750.0,500.0,18.181818181818183,2026,7,28
Telangana,Warangal,Warangal APMC,Carrot,Carrot,FAQ,2026-07-28,3500.0,4000.0,3750.0,500.0,13.333333333333334,2026,7,28
Telangana,Warangal,Warangal APMC,Cucumbar(Kheera),Cucumbar,FAQ,2026-07-28,2500.0,3000.0,2750.0,500.0,18.181818181818183,2026,7,28
Andhra Pradesh,Prakasam,Kondapi APMC,Bengal Gram(Gram)(Whole),Average (Whole),Local,2026-07-28,4600.0,5000.0,4800.0,400.0,8.333333333333332,2026,7,28
Andhra Pradesh,Tirupathi,Srikalahasti APMC,Paddy(Common),Paddy Medium,Local,2026-07-28,2200.0,2500.0,2350.0,300.0,12.76595744680851,2026,7,28
Keralam,Kozhikode(Calicut),Vengeri(Kozhikode) Market,Bhindi(Ladies Finger),Bhindi,FAQ,2026-07-28,3000.0,3300.0,3300.0,300.0,9.090909090909092,2026,7,28
Keralam,Kozhikode(Calicut),Vengeri(Kozhikode) Market,Ashgourd,Ashgourd,FAQ,2026-07-28,1400.0,1700.0,1700.0,300.0,17.647058823529413,2026,7,28
Keralam,Thiruvananthapuram,Chala Market,Apple,Other,Small,2026-07-28,18000.0,19000.0,18000.0,1000.0,5.555555555555555,2026,7,28
Keralam,Thiruvananthapuram,Chala Market,Banana,Robusta,Medium,2026-07-28,3100.0,3200.0,3200.0,100.0,3.125,2026,7,28
Uttarakhand,Haridwar,Roorkee APMC,Bottle gourd,Other,Local,2026-07-28,650.0,850.0,750.0,200.0,26.666666666666668,2026,7,28
Uttarakhand,Haridwar,Roorkee APMC,Brinjal,Other,Local,2026-07-28,650.0,850.0,750.0,200.0,26.666666666666668,2026,7,28
Uttarakhand,Haridwar,Roorkee APMC,Potato,Other,Medium,2026-07-28,800.0,1200.0,1000.0,400.0,40.0,2026,7,28
Keralam,Kannur,Payyannur Market,Arecanut(Betelnut/Supari),Other,Local,2026-07-28,39000.0,41000.0,40000.0,2000.0,5.0,2026,7,28
Keralam,Kannur,Payyannur Market,Black pepper,Other,Local,2026-07-28,64000.0,66000.0,65000.0,2000.0,3.076923076923077,2026,7,28
Tamil Nadu,Cuddalore,Viruthachalam(Uzhavar Sandhai ),Brinjal,Round,Local,2026-07-28,5000.0,6000.0,5500.0,1000.0,18.181818181818183,2026,7,28
Tamil Nadu,Cuddalore,Viruthachalam(Uzhavar Sandhai ),Coriander(Leaves),I Sort,Local,2026-07-28,7000.0,7000.0,7000.0,0.0,0.0,2026,7,28
Tamil Nadu,Cuddalore,Viruthachalam(Uzhavar Sandhai ),Tomato,Deshi,Local,2026-07-28,2000.0,2000.0,2000.0,0.0,0.0,2026,7,28
Tamil Nadu,Cuddalore,Viruthachalam(Uzhavar Sandhai ),Ashgourd,Gouard,Local,2026-07-28,4000.0,4000.0,4000.0,0.0,0.0,2026,7,28
Tamil Nadu,Cuddalore,Viruthachalam(Uzhavar Sandhai ),Amaranthus,Amaranthus,Local,2026-07-28,2000.0,2500.0,2250.0,500.0,22.22222222222222,2026,7,28
Tamil Nadu,Cuddalore,Viruthachalam(Uzhavar Sandhai ),Ginger(Green),Green Ginger,Local,2026-07-28,10000.0,20000.0,15000.0,10000.0,66.66666666666666,2026,7,28
Tamil Nadu,Cuddalore,Viruthachalam(Uzhavar Sandhai ),Cabbage,Cabbage,Local,2026-07-28,4000.0,4000.0,4000.0,0.0,0.0,2026,7,28
Tamil Nadu,Cuddalore,Viruthachalam(Uzhavar Sandhai ),Beetroot,Beetroot,Local,2026-07-28,4000.0,4000.0,4000.0,0.0,0.0,2026,7,28
Tamil Nadu,Cuddalore,Viruthachalam(Uzhavar Sandhai ),Mint(Pudina),Mint(Pudina),Local,2026-07-28,6000.0,6000.0,6000.0,0.0,0.0,2026,7,28
Tamil Nadu,Dharmapuri,Dharmapuri(Uzhavar Sandhai ),Potato,Red Nanital,Local,2026-07-28,2800.0,3000.0,2900.0,200.0,6.896551724137931,2026,7,28
Tamil Nadu,Dharmapuri,Dharmapuri(Uzhavar Sandhai ),Cauliflower,Ranchi,Local,2026-07-28,3200.0,3500.0,3350.0,300.0,8.955223880597014,2026,7,28
Tamil Nadu,Dharmapuri,Dharmapuri(Uzhavar Sandhai ),Coriander(Leaves),I Sort,Local,2026-07-28,9600.0,10000.0,9800.0,400.0,4.081632653061225,2026,7,28
Tamil Nadu,Dharmapuri,Dharmapuri(Uzhavar Sandhai ),Cluster beans,Cluster Beans,Local,2026-07-28,3400.0,3600.0,3500.0,200.0,5.714285714285714,2026,7,28
Tamil Nadu,Dharmapuri,Dharmapuri(Uzhavar Sandhai ),Bottle gourd,Bottle Gourd,Local,2026-07-28,1300.0,1500.0,1400.0,200.0,14.285714285714285,2026,7,28
Tamil Nadu,Dharmapuri,Dharmapuri(Uzhavar Sandhai ),Tapioca,Tapioca,Local,2026-07-28,2200.0,2500.0,2350.0,300.0,12.76595744680851,2026,7,28
Tamil Nadu,Dharmapuri,Dharmapuri(Uzhavar Sandhai ),Cabbage,Cabbage,Local,2026-07-28,4200.0,4400.0,4300.0,200.0,4.651162790697675,2026,7,28
Tamil Nadu,Dharmapuri,Dharmapuri(Uzhavar Sandhai ),Cucumbar(Kheera),Cucumbar,Local,2026-07-28,4200.0,4500.0,4350.0,300.0,6.896551724137931,2026,7,28
Tamil Nadu,Dharmapuri,Dharmapuri(Uzhavar Sandhai ),Mango(Raw-Ripe),Mango - Raw-Ripe,Local,2026-07-28,2800.0,3000.0,2900.0,200.0,6.896551724137931,2026,7,28
Tamil Nadu,Dharmapuri,Dharmapuri(Uzhavar Sandhai ),Mashrooms,Mashrooms,Local,2026-07-28,13600.0,14000.0,13800.0,400.0,2.898550724637681,2026,7,28
Tamil Nadu,Dharmapuri,Dharmapuri(Uzhavar Sandhai ),Sweet Corn,Sweet Corn,Local,2026-07-28,2200.0,2500.0,2350.0,300.0,12.76595744680851,2026,7,28
Tamil Nadu,Dharmapuri,Palacode(Uzhavar Sandhai ),Cauliflower,Ranchi,Local,2026-07-28,3000.0,3500.0,3250.0,500.0,15.384615384615385,2026,7,28
Tamil Nadu,Dharmapuri,Palacode(Uzhavar Sandhai ),Brinjal,Other,Local,2026-07-28,3000.0,3400.0,3200.0,400.0,12.5,2026,7,28
Tamil Nadu,Dharmapuri,Palacode(Uzhavar Sandhai ),Amaranthus,Amaranthus,Local,2026-07-28,2000.0,2500.0,2250.0,500.0,22.22222222222222,2026,7,28
Tamil Nadu,Dharmapuri,Palacode(Uzhavar Sandhai ),Coconut,Coconut,Local,2026-07-28,6000.0,6500.0,6250.0,500.0,8.0,2026,7,28
Tamil Nadu,Dharmapuri,Palacode(Uzhavar Sandhai ),Knool Khol,Knool Khol,Local,2026-07-28,5800.0,6000.0,5900.0,200.0,3.389830508474576,2026,7,28
Tamil Nadu,Dharmapuri,Palacode(Uzhavar Sandhai ),Elephant Yam(Suran)/Amorphophallus,Elephant Yam (Suran),Local,2026-07-28,4200.0,4600.0,4400.0,400.0,9.090909090909092,2026,7,28
Tamil Nadu,Erode,Periyar Nagar(Uzhavar Sandhai ),Cluster beans,Cluster Beans,Local,2026-07-28,3000.0,3500.0,3250.0,500.0,15.384615384615385,2026,7,28
Tamil Nadu,Erode,Periyar Nagar(Uzhavar Sandhai ),Ridgeguard(Tori),Ridgeguard(Tori),Local,2026-07-28,3600.0,4000.0,3800.0,400.0,10.526315789473683,2026,7,28
Tamil Nadu,Erode,Periyar Nagar(Uzhavar Sandhai ),Drumstick,Drumstick,Local,2026-07-28,4600.0,5000.0,4800.0,400.0,8.333333333333332,2026,7,28
Tamil Nadu,Erode,Periyar Nagar(Uzhavar Sandhai ),Mint(Pudina),Mint(Pudina),Local,2026-07-28,4500.0,5000.0,4750.0,500.0,10.526315789473683,2026,7,28
Tamil Nadu,Erode,Perundurai(Uzhavar Sandhai ),Cluster beans,Cluster Beans,Local,2026-07-28,3200.0,3600.0,3400.0,400.0,11.76470588235294,2026,7,28
Tamil Nadu,Erode,Perundurai(Uzhavar Sandhai ),Amaranthus,Amaranthus,Local,2026-07-28,4000.0,4500.0,4250.0,500.0,11.76470588235294,2026,7,28
Tamil Nadu,Erode,Perundurai(Uzhavar Sandhai ),Banana - Green,Banana - Green,Local,2026-07-28,2500.0,2800.0,2650.0,300.0,11.320754716981133,2026,7,28
Tamil Nadu,Erode,Perundurai(Uzhavar Sandhai ),Cabbage,Cabbage,Local,2026-07-28,3500.0,3800.0,3650.0,300.0,8.21917808219178,2026,7,28
Tamil Nadu,Erode,Perundurai(Uzhavar Sandhai ),Raddish,Raddish,Local,2026-07-28,2600.0,3000.0,2800.0,400.0,14.285714285714285,2026,7,28
Tamil Nadu,Erode,Perundurai(Uzhavar Sandhai ),Lemon,Lemon,Local,2026-07-28,5500.0,6000.0,5750.0,500.0,8.695652173913043,2026,7,28
Tamil Nadu,Erode,Perundurai(Uzhavar Sandhai ),Onion Green,Onion Green,Local,2026-07-28,4000.0,4400.0,4200.0,400.0,9.523809523809524,2026,7,28
Tamil Nadu,Erode,Thalavadi(Uzhavar Sandhai ),Cauliflower,Ranchi,Local,2026-07-28,2800.0,3200.0,3000.0,400.0,13.333333333333334,2026,7,28
Tamil Nadu,Erode,Thalavadi(Uzhavar Sandhai ),Ashgourd,Gouard,Local,2026-07-28,1000.0,1300.0,1150.0,300.0,26.08695652173913,2026,7,28
Tamil Nadu,Erode,Thalavadi(Uzhavar Sandhai ),Banana - Green,Banana - Green,Local,2026-07-28,3000.0,3500.0,3250.0,500.0,15.384615384615385,2026,7,28
Tamil Nadu,Erode,Thalavadi(Uzhavar Sandhai ),Ginger(Green),Green Ginger,Local,2026-07-28,13000.0,14000.0,13500.0,1000.0,7.4074074074074066,2026,7,28
Tamil Nadu,Erode,Thalavadi(Uzhavar Sandhai ),Snakeguard,Snakeguard,Local,2026-07-28,2800.0,3200.0,3000.0,400.0,13.333333333333334,2026,7,28
Tamil Nadu,Kallakuruchi,Sankarapuram(Uzhavar Sandhai ),Tomato,Deshi,Local,2026-07-28,2500.0,2500.0,2500.0,0.0,0.0,2026,7,28
Tamil Nadu,Kallakuruchi,Sankarapuram(Uzhavar Sandhai ),Bhindi(Ladies Finger),Bhindi,Local,2026-07-28,4000.0,4000.0,4000.0,0.0,0.0,2026,7,28
Tamil Nadu,Kallakuruchi,Sankarapuram(Uzhavar Sandhai ),Yam(Ratalu),Yam (Ratalu),Local,2026-07-28,3000.0,3000.0,3000.0,0.0,0.0,2026,7,28
Tamil Nadu,Kancheepuram,Kundrathur(Uzhavar Sandhai ),Apple,American,Local,2026-07-28,16000.0,18000.0,17000.0,2000.0,11.76470588235294,2026,7,28
Tamil Nadu,Kancheepuram,Kundrathur(Uzhavar Sandhai ),Onion,Bellary,Local,2026-07-28,3000.0,3500.0,3250.0,500.0,15.384615384615385,2026,7,28
Tamil Nadu,Kancheepuram,Kundrathur(Uzhavar Sandhai ),Potato,Other,Local,2026-07-28,2500.0,2500.0,2500.0,0.0,0.0,2026,7,28
Tamil Nadu,Kancheepuram,Kundrathur(Uzhavar Sandhai ),Brinjal,Other,Local,2026-07-28,3500.0,4000.0,3750.0,500.0,13.333333333333334,2026,7,28
Tamil Nadu,Kancheepuram,Kundrathur(Uzhavar Sandhai ),Bottle gourd,Bottle Gourd,Local,2026-07-28,3000.0,3000.0,3000.0,0.0,0.0,2026,7,28
Tamil Nadu,Kancheepuram,Kundrathur(Uzhavar Sandhai ),Pumpkin,Pumpkin,Local,2026-07-28,2000.0,2000.0,2000.0,0.0,0.0,2026,7,28
Tamil Nadu,Kancheepuram,Kundrathur(Uzhavar Sandhai ),Yam(Ratalu),Yam (Ratalu),Local,2026-07-28,4000.0,4000.0,4000.0,0.0,0.0,2026,7,28
Tamil Nadu,Kancheepuram,Sunguvarchatram(Uzhavar Sandhai ),Potato,Other,Local,2026-07-28,2500.0,2500.0,2500.0,0.0,0.0,2026,7,28
Tamil Nadu,Kancheepuram,Sunguvarchatram(Uzhavar Sandhai ),Cauliflower,Ranchi,Local,2026-07-28,3000.0,3500.0,3250.0,500.0,15.384615384615385,2026,7,28
Tamil Nadu,Kancheepuram,Sunguvarchatram(Uzhavar Sandhai ),Banana - Green,Banana - Green,Local,2026-07-28,3000.0,3000.0,3000.0,0.0,0.0,2026,7,28
Tamil Nadu,Kancheepuram,Sunguvarchatram(Uzhavar Sandhai ),Chow Chow,Chow Chow,Local,2026-07-28,3000.0,3500.0,3250.0,500.0,15.384615384615385,2026,7,28
Tamil Nadu,Kancheepuram,Sunguvarchatram(Uzhavar Sandhai ),Yam(Ratalu),Yam (Ratalu),Local,2026-07-28,4000.0,4000.0,4000.0,0.0,0.0,2026,7,28
Tamil Nadu,Kancheepuram,Sunguvarchatram(Uzhavar Sandhai ),Onion Green,Onion Green,Local,2026-07-28,5000.0,5000.0,5000.0,0.0,0.0,2026,7,28
Tamil Nadu,Krishnagiri,Avallapalli(Uzhavar Sandhai ),Papaya,Papaya,Local,2026-07-28,3500.0,4000.0,3750.0,500.0,13.333333333333334,2026,7,28
Tamil Nadu,Krishnagiri,Avallapalli(Uzhavar Sandhai ),Garlic,Garlic,Local,2026-07-28,22000.0,24000.0,23000.0,2000.0,8.695652173913043,2026,7,28
Tamil Nadu,Krishnagiri,Avallapalli(Uzhavar Sandhai ),Green Peas,Green Peas,Local,2026-07-28,12000.0,14000.0,13000.0,2000.0,15.384615384615385,2026,7,28
Tamil Nadu,Krishnagiri,Avallapalli(Uzhavar Sandhai ),Bottle gourd,Bottle Gourd,Local,2026-07-28,2500.0,3000.0,2750.0,500.0,18.181818181818183,2026,7,28
Tamil Nadu,Krishnagiri,Avallapalli(Uzhavar Sandhai ),Green Chilli,Green Chilly,Local,2026-07-28,5500.0,6000.0,5750.0,500.0,8.695652173913043,2026,7,28
Tamil Nadu,Krishnagiri,Avallapalli(Uzhavar Sandhai ),Carrot,Pusakesar,Local,2026-07-28,6000.0,7000.0,6500.0,1000.0,15.384615384615385,2026,7,28
Tamil Nadu,Krishnagiri,Avallapalli(Uzhavar Sandhai ),Cabbage,Cabbage,Local,2026-07-28,2500.0,3000.0,2750.0,500.0,18.181818181818183,2026,7,28
Tamil Nadu,Krishnagiri,Avallapalli(Uzhavar Sandhai ),Thondekai,Thondekai,Local,2026-07-28,2500.0,3000.0,2750.0,500.0,18.181818181818183,2026,7,28
Tamil Nadu,Krishnagiri,Avallapalli(Uzhavar Sandhai ),Green Avare(W),Green Avare (W),Local,2026-07-28,5500.0,6000.0,5750.0,500.0,8.695652173913043,2026,7,28
Tamil Nadu,Krishnagiri,Avallapalli(Uzhavar Sandhai ),Drumstick,Drumstick,Local,2026-07-28,4500.0,5000.0,4750.0,500.0,10.526315789473683,2026,7,28
Tamil Nadu,Krishnagiri,Avallapalli(Uzhavar Sandhai ),Mint(Pudina),Mint(Pudina),Local,2026-07-28,4500.0,5000.0,4750.0,500.0,10.526315789473683,2026,7,28
Tamil Nadu,Dharmapuri,Karimangalam(Uzhavar Sandhai),Green Peas,Green Peas,Local,2026-07-28,15000.0,16000.0,15500.0,1000.0,6.451612903225806,2026,7,28
Tamil Nadu,Dharmapuri,Karimangalam(Uzhavar Sandhai),Tomato,Local,Local,2026-07-28,1400.0,1600.0,1500.0,200.0,13.333333333333334,2026,7,28
Tamil Nadu,Dharmapuri,Karimangalam(Uzhavar Sandhai),Cluster beans,Cluster Beans,Local,2026-07-28,3800.0,4000.0,3900.0,200.0,5.128205128205128,2026,7,28
Tamil Nadu,Dharmapuri,Karimangalam(Uzhavar Sandhai),Carrot,Pusakesar,Local,2026-07-28,8000.0,8500.0,8250.0,500.0,6.0606060606060606,2026,7,28
Tamil Nadu,Dharmapuri,Karimangalam(Uzhavar Sandhai),Beetroot,Beetroot,Local,2026-07-28,4800.0,5200.0,5000.0,400.0,8.0,2026,7,28
Tamil Nadu,Dharmapuri,Karimangalam(Uzhavar Sandhai),Ridgeguard(Tori),Ridgeguard(Tori),Local,2026-07-28,4000.0,4500.0,4250.0,500.0,11.76470588235294,2026,7,28
Tamil Nadu,Dharmapuri,Karimangalam(Uzhavar Sandhai),Chow Chow,Chow Chow,Local,2026-07-28,3800.0,4000.0,3900.0,200.0,5.128205128205128,2026,7,28
Tamil Nadu,Dharmapuri,Karimangalam(Uzhavar Sandhai),Drumstick,Drumstick,Local,2026-07-28,4500.0,5000.0,4750.0,500.0,10.526315789473683,2026,7,28
Tamil Nadu,Dharmapuri,Karimangalam(Uzhavar Sandhai),Mango(Raw-Ripe),Mango - Raw-Ripe,Local,2026-07-28,2800.0,3000.0,2900.0,200.0,6.896551724137931,2026,7,28
Tamil Nadu,Krishnagiri,Denkanikottai(Uzhavar Sandhai ),Onion,Bellary,Local,2026-07-28,3500.0,4000.0,3750.0,500.0,13.333333333333334,2026,7,28
Tamil Nadu,Krishnagiri,Denkanikottai(Uzhavar Sandhai ),Coriander(Leaves),I Sort,Local,2026-07-28,6000.0,6500.0,6250.0,500.0,8.0,2026,7,28
Tamil Nadu,Krishnagiri,Denkanikottai(Uzhavar Sandhai ),Ashgourd,Gouard,Local,2026-07-28,2000.0,2500.0,2250.0,500.0,22.22222222222222,2026,7,28
Tamil Nadu,Krishnagiri,Denkanikottai(Uzhavar Sandhai ),Beetroot,Beetroot,Local,2026-07-28,3500.0,4000.0,3750.0,500.0,13.333333333333334,2026,7,28
Tamil Nadu,Krishnagiri,Denkanikottai(Uzhavar Sandhai ),Green Avare(W),Green Avare (W),Local,2026-07-28,5500.0,6000.0,5750.0,500.0,8.695652173913043,2026,7,28
Tamil Nadu,Krishnagiri,Denkanikottai(Uzhavar Sandhai ),Elephant Yam(Suran)/Amorphophallus,Elephant Yam (Suran),Local,2026-07-28,4500.0,5000.0,4750.0,500.0,10.526315789473683,2026,7,28
Tamil Nadu,Krishnagiri,Denkanikottai(Uzhavar Sandhai ),Mint(Pudina),Mint(Pudina),Local,2026-07-28,3500.0,4000.0,3750.0,500.0,13.333333333333334,2026,7,28
Tamil Nadu,Krishnagiri,Hosur(Uzhavar Sandhai ),Apple,American,Local,2026-07-28,24000.0,28000.0,26000.0,4000.0,15.384615384615385,2026,7,28
Tamil Nadu,Krishnagiri,Hosur(Uzhavar Sandhai ),Water Melon,Water Melon,Local,2026-07-28,3000.0,3500.0,3250.0,500.0,15.384615384615385,2026,7,28
Tamil Nadu,Krishnagiri,Hosur(Uzhavar Sandhai ),Green Peas,Green Peas,Local,2026-07-28,12000.0,14000.0,13000.0,2000.0,15.384615384615385,2026,7,28
Tamil Nadu,Krishnagiri,Hosur(Uzhavar Sandhai ),Tomato,Local,Local,2026-07-28,1000.0,1500.0,1250.0,500.0,40.0,2026,7,28
Tamil Nadu,Krishnagiri,Hosur(Uzhavar Sandhai ),Green Avare(W),Green Avare (W),Local,2026-07-28,5000.0,6000.0,5500.0,1000.0,18.181818181818183,2026,7,28
Tamil Nadu,Krishnagiri,Hosur(Uzhavar Sandhai ),Mango(Raw-Ripe),Mango - Raw-Ripe,Local,2026-07-28,2500.0,3000.0,2750.0,500.0,18.181818181818183,2026,7,28
Tamil Nadu,Krishnagiri,Hosur(Uzhavar Sandhai ),Guava,Guava Allahabad,Local,2026-07-28,5000.0,6000.0,5500.0,1000.0,18.181818181818183,2026,7,28
Tamil Nadu,Krishnagiri,Hosur(Uzhavar Sandhai ),Elephant Yam(Suran)/Amorphophallus,Elephant Yam (Suran),Local,2026-07-28,4000.0,5000.0,4500.0,1000.0,22.22222222222222,2026,7,28
Tamil Nadu,Krishnagiri,Hosur(Uzhavar Sandhai ),Indian Beans(Seam),Indian Beans (Seam),Local,2026-07-28,5000.0,6000.0,5500.0,1000.0,18.181818181818183,2026,7,28
Tamil Nadu,Krishnagiri,Hosur(Uzhavar Sandhai ),Rose(Local),Rose (Local),Local,2026-07-28,12000.0,14000.0,13000.0,2000.0,15.384615384615385,2026,7,28
Tamil Nadu,Krishnagiri,Krishnagiri(Uzhavar Sandhai ),Banana,Besrai,Local,2026-07-28,6000.0,6500.0,6250.0,500.0,8.0,2026,7,28
Tamil Nadu,Krishnagiri,Krishnagiri(Uzhavar Sandhai ),Cauliflower,Ranchi,Local,2026-07-28,2500.0,3000.0,2750.0,500.0,18.181818181818183,2026,7,28
Tamil Nadu,Krishnagiri,Krishnagiri(Uzhavar Sandhai ),Bhindi(Ladies Finger),Bhindi,Local,2026-07-28,2500.0,3000.0,2750.0,500.0,18.181818181818183,2026,7,28
Tamil Nadu,Krishnagiri,Krishnagiri(Uzhavar Sandhai ),Cowpea(Veg),Cowpea (Veg),Local,2026-07-28,5000.0,6000.0,5500.0,1000.0,18.181818181818183,2026,7,28
Tamil Nadu,Krishnagiri,Krishnagiri(Uzhavar Sandhai ),Tapioca,Tapioca,Local,2026-07-28,2500.0,2800.0,2650.0,300.0,11.320754716981133,2026,7,28
Tamil Nadu,Krishnagiri,Krishnagiri(Uzhavar Sandhai ),Thondekai,Thondekai,Local,2026-07-28,4000.0,5000.0,4500.0,1000.0,22.22222222222222,2026,7,28
Tamil Nadu,Krishnagiri,Krishnagiri(Uzhavar Sandhai ),Green Avare(W),Green Avare (W),Local,2026-07-28,4000.0,4500.0,4250.0,500.0,11.76470588235294,2026,7,28
Tamil Nadu,Krishnagiri,Krishnagiri(Uzhavar Sandhai ),Knool Khol,Knool Khol,Local,2026-07-28,4000.0,5000.0,4500.0,1000.0,22.22222222222222,2026,7,28
Tamil Nadu,Krishnagiri,Krishnagiri(Uzhavar Sandhai ),Amla(Nelli Kai),Amla,Local,2026-07-28,7000.0,8000.0,7500.0,1000.0,13.333333333333334,2026,7,28
Tamil Nadu,Madurai,Anaiyur(Uzhavar Sandhai ),Banana,Besrai,Local,2026-07-28,4000.0,5000.0,4500.0,1000.0,22.22222222222222,2026,7,28
Tamil Nadu,Madurai,Anaiyur(Uzhavar Sandhai ),Onion,Bellary,Local,2026-07-28,3800.0,4000.0,3900.0,200.0,5.128205128205128,2026,7,28
Tamil Nadu,Madurai,Anaiyur(Uzhavar Sandhai ),Bhindi(Ladies Finger),Bhindi,Local,2026-07-28,4000.0,4200.0,4100.0,200.0,4.878048780487805,2026,7,28
Tamil Nadu,Madurai,Anaiyur(Uzhavar Sandhai ),Amaranthus,Amaranthus,Local,2026-07-28,3000.0,3600.0,3300.0,600.0,18.181818181818183,2026,7,28
Tamil Nadu,Madurai,Anaiyur(Uzhavar Sandhai ),Banana - Green,Banana - Green,Local,2026-07-28,2000.0,2400.0,2200.0,400.0,18.181818181818183,2026,7,28
Tamil Nadu,Madurai,Anaiyur(Uzhavar Sandhai ),Betal Leaves,Mysore,Local,2026-07-28,18000.0,24000.0,21000.0,6000.0,28.57142857142857,2026,7,28
Tamil Nadu,Madurai,Anaiyur(Uzhavar Sandhai ),Cabbage,Cabbage,Local,2026-07-28,3600.0,4000.0,3800.0,400.0,10.526315789473683,2026,7,28
Tamil Nadu,Madurai,Anaiyur(Uzhavar Sandhai ),Snakeguard,Snakeguard,Local,2026-07-28,4000.0,4500.0,4250.0,500.0,11.76470588235294,2026,7,28
Tamil Nadu,Madurai,Anaiyur(Uzhavar Sandhai ),Beetroot,Beetroot,Local,2026-07-28,5000.0,5500.0,5250.0,500.0,9.523809523809524,2026,7,28
Tamil Nadu,Madurai,Anaiyur(Uzhavar Sandhai ),Green Avare(W),Green Avare (W),Local,2026-07-28,6000.0,7000.0,6500.0,1000.0,15.384615384615385,2026,7,28
Tamil Nadu,Madurai,Anaiyur(Uzhavar Sandhai ),Chow Chow,Chow Chow,Local,2026-07-28,3000.0,3500.0,3250.0,500.0,15.384615384615385,2026,7,28
Tamil Nadu,Madurai,Anaiyur(Uzhavar Sandhai ),Onion Green,Onion Green,Local,2026-07-28,5500.0,6000.0,5750.0,500.0,8.695652173913043,2026,7,28
Tamil Nadu,Madurai,Anaiyur(Uzhavar Sandhai ),Mint(Pudina),Mint(Pudina),Local,2026-07-28,4000.0,4500.0,4250.0,500.0,11.76470588235294,2026,7,28
Tamil Nadu,Madurai,Usilampatti(Uzhavar Sandhai ),Amaranthus,Amaranthus,Local,2026-07-28,3000.0,3600.0,3300.0,600.0,18.181818181818183,2026,7,28
Tamil Nadu,Madurai,Usilampatti(Uzhavar Sandhai ),Drumstick,Drumstick,Local,2026-07-28,6000.0,7000.0,6500.0,1000.0,15.384615384615385,2026,7,28
Tamil Nadu,Nagapattinam,Nagapattinam(Uzhavar Sandhai ),Groundnut,Big (With Shell),Local,2026-07-28,4700.0,5500.0,5100.0,800.0,15.686274509803921,2026,7,28
Tamil Nadu,Nagapattinam,Nagapattinam(Uzhavar Sandhai ),Tomato,Deshi,Local,2026-07-28,2900.0,3300.0,3100.0,400.0,12.903225806451612,2026,7,28
Tamil Nadu,Nagapattinam,Nagapattinam(Uzhavar Sandhai ),Bottle gourd,Bottle Gourd,Local,2026-07-28,3100.0,3100.0,3100.0,0.0,0.0,2026,7,28
Tamil Nadu,Nagapattinam,Nagapattinam(Uzhavar Sandhai ),Beetroot,Beetroot,Local,2026-07-28,3400.0,4000.0,3700.0,600.0,16.216216216216218,2026,7,28
Tamil Nadu,Nagapattinam,Sirkali(Uzhavar Sandhai ),Potato,Red Nanital,Local,2026-07-28,3600.0,4000.0,3800.0,400.0,10.526315789473683,2026,7,28
Tamil Nadu,Nagapattinam,Sirkali(Uzhavar Sandhai ),Coriander(Leaves),I Sort,Local,2026-07-28,3500.0,4000.0,3750.0,500.0,13.333333333333334,2026,7,28
Tamil Nadu,Nagapattinam,Sirkali(Uzhavar Sandhai ),Ridgeguard(Tori),Ridgeguard(Tori),Local,2026-07-28,5500.0,6000.0,5750.0,500.0,8.695652173913043,2026,7,28
Tamil Nadu,Namakkal,Kumarapalayam(Uzhavar Sandhai ),Onion,Bellary,Local,2026-07-28,4000.0,4500.0,4250.0,500.0,11.76470588235294,2026,7,28
Tamil Nadu,Namakkal,Kumarapalayam(Uzhavar Sandhai ),Coriander(Leaves),I Sort,Local,2026-07-28,7500.0,8500.0,8000.0,1000.0,12.5,2026,7,28
Tamil Nadu,Namakkal,Kumarapalayam(Uzhavar Sandhai ),Tomato,Deshi,Local,2026-07-28,1800.0,2200.0,2000.0,400.0,20.0,2026,7,28
Tamil Nadu,Namakkal,Kumarapalayam(Uzhavar Sandhai ),Cluster beans,Cluster Beans,Local,2026-07-28,3500.0,4000.0,3750.0,500.0,13.333333333333334,2026,7,28
Tamil Nadu,Namakkal,Kumarapalayam(Uzhavar Sandhai ),Ashgourd,Gouard,Local,2026-07-28,2500.0,3000.0,2750.0,500.0,18.181818181818183,2026,7,28
Tamil Nadu,Namakkal,Kumarapalayam(Uzhavar Sandhai ),Bhindi(Ladies Finger),Bhindi,Local,2026-07-28,3000.0,3500.0,3250.0,500.0,15.384615384615385,2026,7,28
Tamil Nadu,Namakkal,Kumarapalayam(Uzhavar Sandhai ),Beans,Beans (Whole),Local,2026-07-28,8000.0,9000.0,8500.0,1000.0,11.76470588235294,2026,7,28
Tamil Nadu,Namakkal,Kumarapalayam(Uzhavar Sandhai ),Tapioca,Tapioca,Local,2026-07-28,3400.0,3800.0,3600.0,400.0,11.11111111111111,2026,7,28
Tamil Nadu,Namakkal,Kumarapalayam(Uzhavar Sandhai ),Carrot,Pusakesar,Local,2026-07-28,8500.0,9500.0,9000.0,1000.0,11.11111111111111,2026,7,28
Tamil Nadu,Namakkal,Kumarapalayam(Uzhavar Sandhai ),Snakeguard,Snakeguard,Local,2026-07-28,4000.0,4500.0,4250.0,500.0,11.76470588235294,2026,7,28
Tamil Nadu,Namakkal,Kumarapalayam(Uzhavar Sandhai ),Drumstick,Drumstick,Local,2026-07-28,5500.0,6000.0,5750.0,500.0,8.695652173913043,2026,7,28
Tamil Nadu,Namakkal,Kumarapalayam(Uzhavar Sandhai ),Lime,Lime,Local,2026-07-28,3400.0,3800.0,3600.0,400.0,11.11111111111111,2026,7,28
Tamil Nadu,Namakkal,Kumarapalayam(Uzhavar Sandhai ),Tender Coconut,Tender Coconut,Local,2026-07-28,3000.0,3500.0,3250.0,500.0,15.384615384615385,2026,7,28
Tamil Nadu,Namakkal,Kumarapalayam(Uzhavar Sandhai ),Lemon,Lemon,Local,2026-07-28,5000.0,5500.0,5250.0,500.0,9.523809523809524,2026,7,28
Tamil Nadu,Namakkal,Mohanur(Uzhavar Sandhai ),Papaya,Papaya,Local,2026-07-28,2500.0,3000.0,2750.0,500.0,18.181818181818183,2026,7,28
Tamil Nadu,Namakkal,Mohanur(Uzhavar Sandhai ),Bottle gourd,Bottle Gourd,Local,2026-07-28,1000.0,2000.0,1500.0,1000.0,66.66666666666666,2026,7,28
Tamil Nadu,Namakkal,Mohanur(Uzhavar Sandhai ),Ashgourd,Gouard,Local,2026-07-28,2400.0,3000.0,2700.0,600.0,22.22222222222222,2026,7,28
Tamil Nadu,Namakkal,Mohanur(Uzhavar Sandhai ),Beans,Beans (Whole),Local,2026-07-28,9500.0,10000.0,9750.0,500.0,5.128205128205128,2026,7,28
Tamil Nadu,Namakkal,Mohanur(Uzhavar Sandhai ),Coconut,Coconut,Local,2026-07-28,5500.0,6000.0,5750.0,500.0,8.695652173913043,2026,7,28
Tamil Nadu,Namakkal,Mohanur(Uzhavar Sandhai ),Chow Chow,Chow Chow,Local,2026-07-28,4000.0,5000.0,4500.0,1000.0,22.22222222222222,2026,7,28
Tamil Nadu,Namakkal,Mohanur(Uzhavar Sandhai ),Guava,Guava Allahabad,Local,2026-07-28,5400.0,6000.0,5700.0,600.0,10.526315789473683,2026,7,28
Tamil Nadu,Namakkal,Namakkal(Uzhavar Sandhai ),Water Melon,Water Melon,Local,2026-07-28,800.0,1000.0,900.0,200.0,22.22222222222222,2026,7,28
Tamil Nadu,Namakkal,Namakkal(Uzhavar Sandhai ),Pineapple,Pine Apple,Local,2026-07-28,3000.0,3500.0,3250.0,500.0,15.384615384615385,2026,7,28
Tamil Nadu,Namakkal,Namakkal(Uzhavar Sandhai ),Bhindi(Ladies Finger),Bhindi,Local,2026-07-28,3500.0,4000.0,3750.0,500.0,13.333333333333334,2026,7,28
Tamil Nadu,Namakkal,Namakkal(Uzhavar Sandhai ),Ridgeguard(Tori),Ridgeguard(Tori),Local,2026-07-28,4500.0,5500.0,5000.0,1000.0,20.0,2026,7,28
Tamil Nadu,Namakkal,Namakkal(Uzhavar Sandhai ),Amla(Nelli Kai),Amla,Local,2026-07-28,6000.0,7000.0,6500.0,1000.0,15.384615384615385,2026,7,28
Tamil Nadu,Namakkal,Paramathivelur(Uzhavar Sandhai ),Onion,Bellary,Local,2026-07-28,3500.0,4000.0,3750.0,500.0,13.333333333333334,2026,7,28
Tamil Nadu,Namakkal,Paramathivelur(Uzhavar Sandhai ),Cauliflower,Ranchi,Local,2026-07-28,3000.0,3500.0,3250.0,500.0,15.384615384615385,2026,7,28
Tamil Nadu,Namakkal,Paramathivelur(Uzhavar Sandhai ),Brinjal,Round,Local,2026-07-28,6000.0,6500.0,6250.0,500.0,8.0,2026,7,28
Tamil Nadu,Namakkal,Paramathivelur(Uzhavar Sandhai ),Bitter gourd,Bitter Gourd,Local,2026-07-28,6000.0,7000.0,6500.0,1000.0,15.384615384615385,2026,7,28
Tamil Nadu,Namakkal,Paramathivelur(Uzhavar Sandhai ),Bhindi(Ladies Finger),Bhindi,Local,2026-07-28,4000.0,4500.0,4250.0,500.0,11.76470588235294,2026,7,28
Tamil Nadu,Namakkal,Paramathivelur(Uzhavar Sandhai ),Green Chilli,Green Chilly,Local,2026-07-28,6000.0,6500.0,6250.0,500.0,8.0,2026,7,28
Tamil Nadu,Namakkal,Paramathivelur(Uzhavar Sandhai ),Ginger(Green),Green Ginger,Local,2026-07-28,20000.0,21000.0,20500.0,1000.0,4.878048780487805,2026,7,28
Tamil Nadu,Namakkal,Paramathivelur(Uzhavar Sandhai ),Coconut,Coconut,Local,2026-07-28,5200.0,5800.0,5500.0,600.0,10.909090909090908,2026,7,28
Tamil Nadu,Namakkal,Paramathivelur(Uzhavar Sandhai ),Cabbage,Cabbage,Local,2026-07-28,3000.0,3500.0,3250.0,500.0,15.384615384615385,2026,7,28
Tamil Nadu,Namakkal,Paramathivelur(Uzhavar Sandhai ),Guava,Guava Allahabad,Local,2026-07-28,6000.0,7000.0,6500.0,1000.0,15.384615384615385,2026,7,28
Tamil Nadu,Namakkal,Paramathivelur(Uzhavar Sandhai ),Amla(Nelli Kai),Amla,Local,2026-07-28,7000.0,8000.0,7500.0,1000.0,13.333333333333334,2026,7,28
Tamil Nadu,Namakkal,Rasipuram(Uzhavar Sandhai ),Papaya,Papaya,Local,2026-07-28,3000.0,3500.0,3250.0,500.0,15.384615384615385,2026,7,28
Tamil Nadu,Namakkal,Rasipuram(Uzhavar Sandhai ),Mango,Other,Local,2026-07-28,3000.0,5000.0,4000.0,2000.0,50.0,2026,7,28
Tamil Nadu,Namakkal,Rasipuram(Uzhavar Sandhai ),Pineapple,Pine Apple,Local,2026-07-28,4500.0,5500.0,5000.0,1000.0,20.0,2026,7,28
Tamil Nadu,Namakkal,Rasipuram(Uzhavar Sandhai ),Cluster beans,Cluster Beans,Local,2026-07-28,3800.0,4400.0,4100.0,600.0,14.634146341463413,2026,7,28
Tamil Nadu,Namakkal,Rasipuram(Uzhavar Sandhai ),Bitter gourd,Other,Local,2026-07-28,6400.0,7000.0,6700.0,600.0,8.955223880597014,2026,7,28
Tamil Nadu,Namakkal,Rasipuram(Uzhavar Sandhai ),Green Chilli,Green Chilly,Local,2026-07-28,6400.0,7000.0,6700.0,600.0,8.955223880597014,2026,7,28
Tamil Nadu,Namakkal,Rasipuram(Uzhavar Sandhai ),Beans,Beans (Whole),Local,2026-07-28,9000.0,10000.0,9500.0,1000.0,10.526315789473683,2026,7,28
Tamil Nadu,Namakkal,Rasipuram(Uzhavar Sandhai ),Ginger(Green),Green Ginger,Local,2026-07-28,19000.0,20000.0,19500.0,1000.0,5.128205128205128,2026,7,28
Tamil Nadu,Namakkal,Rasipuram(Uzhavar Sandhai ),Beetroot,Beetroot,Local,2026-07-28,6000.0,8000.0,7000.0,2000.0,28.57142857142857,2026,7,28
Tamil Nadu,Namakkal,Rasipuram(Uzhavar Sandhai ),Green Avare(W),Other,Local,2026-07-28,7000.0,9000.0,8000.0,2000.0,25.0,2026,7,28
Tamil Nadu,Namakkal,Rasipuram(Uzhavar Sandhai ),Marigold(Calcutta),Marigold(Calcutta),Local,2026-07-28,26000.0,28000.0,27000.0,2000.0,7.4074074074074066,2026,7,28
Tamil Nadu,Namakkal,Rasipuram(Uzhavar Sandhai ),Yam(Ratalu),Yam (Ratalu),Local,2026-07-28,6500.0,7000.0,6750.0,500.0,7.4074074074074066,2026,7,28
Tamil Nadu,Namakkal,Rasipuram(Uzhavar Sandhai ),Custard Apple(Sharifa),Custard Apple(Sharifa),Local,2026-07-28,3500.0,4000.0,3750.0,500.0,13.333333333333334,2026,7,28
Tamil Nadu,Madurai,Palanganatham(Uzhavar Sandhai ),Banana,Besrai,Local,2026-07-28,3000.0,4000.0,3500.0,1000.0,28.57142857142857,2026,7,28
Tamil Nadu,Madurai,Palanganatham(Uzhavar Sandhai ),Cluster beans,Cluster Beans,Local,2026-07-28,3000.0,3600.0,3300.0,600.0,18.181818181818183,2026,7,28
Tamil Nadu,Madurai,Palanganatham(Uzhavar Sandhai ),Banana - Green,Banana - Green,Local,2026-07-28,1500.0,2000.0,1750.0,500.0,28.57142857142857,2026,7,28
Tamil Nadu,Madurai,Palanganatham(Uzhavar Sandhai ),Lime,Lime,Local,2026-07-28,14000.0,15000.0,14500.0,1000.0,6.896551724137931,2026,7,28
Tamil Nadu,Madurai,Palanganatham(Uzhavar Sandhai ),Amla(Nelli Kai),Amla,Local,2026-07-28,6000.0,6500.0,6250.0,500.0,8.0,2026,7,28
Tamil Nadu,Madurai,Anna nagar(Uzhavar Sandhai ),Banana,Red Banana,Local,2026-07-28,9000.0,9000.0,9000.0,0.0,0.0,2026,7,28
Tamil Nadu,Madurai,Anna nagar(Uzhavar Sandhai ),Water Melon,Water Melon,Local,2026-07-28,3000.0,3000.0,3000.0,0.0,0.0,2026,7,28
Tamil Nadu,Madurai,Anna nagar(Uzhavar Sandhai ),Grapes,Annabesahai,Local,2026-07-28,9000.0,9000.0,9000.0,0.0,0.0,2026,7,28
Tamil Nadu,Madurai,Anna nagar(Uzhavar Sandhai ),Coriander(Leaves),I Sort,Local,2026-07-28,4000.0,4000.0,4000.0,0.0,0.0,2026,7,28
Tamil Nadu,Madurai,Anna nagar(Uzhavar Sandhai ),Green Peas,Green Peas,Local,2026-07-28,18000.0,18000.0,18000.0,0.0,0.0,2026,7,28
Tamil Nadu,Madurai,Anna nagar(Uzhavar Sandhai ),Ashgourd,Gouard,Local,2026-07-28,2400.0,2400.0,2400.0,0.0,0.0,2026,7,28
Tamil Nadu,Madurai,Anna nagar(Uzhavar Sandhai ),Amaranthus,Amaranthus,Local,2026-07-28,1500.0,2000.0,1750.0,500.0,28.57142857142857,2026,7,28
Tamil Nadu,Madurai,Anna nagar(Uzhavar Sandhai ),Green Chilli,Green Chilly,Local,2026-07-28,5000.0,5000.0,5000.0,0.0,0.0,2026,7,28
Tamil Nadu,Madurai,Anna nagar(Uzhavar Sandhai ),Coconut,Coconut,Local,2026-07-28,6200.0,6200.0,6200.0,0.0,0.0,2026,7,28
Tamil Nadu,Madurai,Anna nagar(Uzhavar Sandhai ),Snakeguard,Snakeguard,Local,2026-07-28,4600.0,4600.0,4600.0,0.0,0.0,2026,7,28
Tamil Nadu,Madurai,Anna nagar(Uzhavar Sandhai ),Ridgeguard(Tori),Ridgeguard(Tori),Local,2026-07-28,5600.0,6600.0,6100.0,1000.0,16.39344262295082,2026,7,28
Tamil Nadu,Madurai,Anna nagar(Uzhavar Sandhai ),Drumstick,Drumstick,Local,2026-07-28,4600.0,5600.0,5100.0,1000.0,19.607843137254903,2026,7,28
Tamil Nadu,Madurai,Anna nagar(Uzhavar Sandhai ),Guava,Guava Allahabad,Local,2026-07-28,8000.0,9000.0,8500.0,1000.0,11.76470588235294,2026,7,28
Tamil Nadu,Madurai,Anna nagar(Uzhavar Sandhai ),Pomegranate,Pomogranate,Local,2026-07-28,20000.0,20000.0,20000.0,0.0,0.0,2026,7,28
Tamil Nadu,Madurai,Anna nagar(Uzhavar Sandhai ),Marigold(Calcutta),Marigold(Calcutta),Local,2026-07-28,18000.0,18000.0,18000.0,0.0,0.0,2026,7,28
Tamil Nadu,Madurai,Anna nagar(Uzhavar Sandhai ),Tamarind Fruit,Tamarind Fruit,Local,2026-07-28,14000.0,14000.0,14000.0,0.0,0.0,2026,7,28
Tamil Nadu,Perambalur,Perambalur(Uzhavar Sandhai ),Mango,Neelam,Local,2026-07-28,6000.0,7000.0,6500.0,1000.0,15.384615384615385,2026,7,28
Tamil Nadu,Perambalur,Perambalur(Uzhavar Sandhai ),Grapes,Annabesahai,Local,2026-07-28,10000.0,12000.0,11000.0,2000.0,18.181818181818183,2026,7,28
Tamil Nadu,Perambalur,Perambalur(Uzhavar Sandhai ),Potato,Other,Local,2026-07-28,2600.0,3000.0,2800.0,400.0,14.285714285714285,2026,7,28
Tamil Nadu,Perambalur,Perambalur(Uzhavar Sandhai ),Bitter gourd,Other,Local,2026-07-28,6000.0,6800.0,6400.0,800.0,12.5,2026,7,28
Tamil Nadu,Perambalur,Perambalur(Uzhavar Sandhai ),Bhindi(Ladies Finger),Bhindi,Local,2026-07-28,3000.0,3600.0,3300.0,600.0,18.181818181818183,2026,7,28
Tamil Nadu,Perambalur,Perambalur(Uzhavar Sandhai ),Amaranthus,Amaranthus,Local,2026-07-28,2500.0,3000.0,2750.0,500.0,18.181818181818183,2026,7,28
Tamil Nadu,Perambalur,Perambalur(Uzhavar Sandhai ),Cowpea(Veg),Cowpea (Veg),Local,2026-07-28,4800.0,5200.0,5000.0,400.0,8.0,2026,7,28
Tamil Nadu,Perambalur,Perambalur(Uzhavar Sandhai ),Ginger(Green),Green Ginger,Local,2026-07-28,21000.0,21000.0,21000.0,0.0,0.0,2026,7,28
Tamil Nadu,Perambalur,Perambalur(Uzhavar Sandhai ),Cucumbar(Kheera),Cucumbar,Local,2026-07-28,5600.0,8400.0,7000.0,2800.0,40.0,2026,7,28
Tamil Nadu,Perambalur,Perambalur(Uzhavar Sandhai ),Indian Beans(Seam),Indian Beans (Seam),Local,2026-07-28,7000.0,8000.0,7500.0,1000.0,13.333333333333334,2026,7,28
Tamil Nadu,Perambalur,Perambalur(Uzhavar Sandhai ),Mashrooms,Mashrooms,Local,2026-07-28,20000.0,20000.0,20000.0,0.0,0.0,2026,7,28
Tamil Nadu,Salem,Mecheri(Uzhavar Sandhai),Banana,Karpura,Local,2026-07-28,3500.0,4000.0,3750.0,500.0,13.333333333333334,2026,7,28
Tamil Nadu,Salem,Mecheri(Uzhavar Sandhai),Tomato,Deshi,Local,2026-07-28,1500.0,2000.0,1750.0,500.0,28.57142857142857,2026,7,28
Tamil Nadu,Salem,Mecheri(Uzhavar Sandhai),Raddish,Raddish,Local,2026-07-28,3000.0,3500.0,3250.0,500.0,15.384615384615385,2026,7,28
Tamil Nadu,Ranipet,Ranipettai(Uzhavar Sandhai ),Brinjal,Other,Local,2026-07-28,5000.0,6000.0,5500.0,1000.0,18.181818181818183,2026,7,28
Tamil Nadu,Ranipet,Ranipettai(Uzhavar Sandhai ),Pumpkin,Pumpkin,Local,2026-07-28,3000.0,3000.0,3000.0,0.0,0.0,2026,7,28
Tamil Nadu,Ranipet,Ranipettai(Uzhavar Sandhai ),Beans,Beans (Whole),Local,2026-07-28,9200.0,9600.0,9400.0,400.0,4.25531914893617,2026,7,28
Tamil Nadu,Ranipet,Ranipettai(Uzhavar Sandhai ),Sweet Corn,Sweet Corn,Local,2026-07-28,4000.0,4000.0,4000.0,0.0,0.0,2026,7,28
Tamil Nadu,Salem,Ammapet(Uzhavar Sandhai ),Papaya,Papaya,Local,2026-07-28,3000.0,3500.0,3250.0,500.0,15.384615384615385,2026,7,28
Tamil Nadu,Salem,Ammapet(Uzhavar Sandhai ),Apple,American,Local,2026-07-28,24000.0,25000.0,24500.0,1000.0,4.081632653061225,2026,7,28
Tamil Nadu,Salem,Ammapet(Uzhavar Sandhai ),Mango,Neelam,Local,2026-07-28,6000.0,7000.0,6500.0,1000.0,15.384615384615385,2026,7,28
Tamil Nadu,Salem,Ammapet(Uzhavar Sandhai ),Coriander(Leaves),I Sort,Local,2026-07-28,4500.0,5000.0,4750.0,500.0,10.526315789473683,2026,7,28
Tamil Nadu,Salem,Ammapet(Uzhavar Sandhai ),Bottle gourd,Bottle Gourd,Local,2026-07-28,2500.0,2800.0,2650.0,300.0,11.320754716981133,2026,7,28
Tamil Nadu,Salem,Ammapet(Uzhavar Sandhai ),Bhindi(Ladies Finger),Bhindi,Local,2026-07-28,3400.0,3600.0,3500.0,200.0,5.714285714285714,2026,7,28
Tamil Nadu,Salem,Ammapet(Uzhavar Sandhai ),Green Chilli,Green Chilly,Local,2026-07-28,4200.0,4500.0,4350.0,300.0,6.896551724137931,2026,7,28
Tamil Nadu,Salem,Ammapet(Uzhavar Sandhai ),Banana - Green,Banana - Green,Local,2026-07-28,2500.0,2800.0,2650.0,300.0,11.320754716981133,2026,7,28
Tamil Nadu,Salem,Ammapet(Uzhavar Sandhai ),Beans,Beans (Whole),Local,2026-07-28,9500.0,10000.0,9750.0,500.0,5.128205128205128,2026,7,28
Tamil Nadu,Salem,Ammapet(Uzhavar Sandhai ),Snakeguard,Snakeguard,Local,2026-07-28,3800.0,4000.0,3900.0,200.0,5.128205128205128,2026,7,28
Tamil Nadu,Salem,Ammapet(Uzhavar Sandhai ),Capsicum,Capsicum,Local,2026-07-28,7500.0,8000.0,7750.0,500.0,6.451612903225806,2026,7,28
Tamil Nadu,Salem,Ammapet(Uzhavar Sandhai ),Chow Chow,Chow Chow,Local,2026-07-28,3500.0,4000.0,3750.0,500.0,13.333333333333334,2026,7,28
Tamil Nadu,Salem,Ammapet(Uzhavar Sandhai ),Guava,Guava Allahabad,Local,2026-07-28,5000.0,6000.0,5500.0,1000.0,18.181818181818183,2026,7,28
Tamil Nadu,Salem,Ammapet(Uzhavar Sandhai ),Elephant Yam(Suran)/Amorphophallus,Elephant Yam (Suran),Local,2026-07-28,3500.0,4000.0,3750.0,500.0,13.333333333333334,2026,7,28
Tamil Nadu,Salem,Ammapet(Uzhavar Sandhai ),Lemon,Lemon,Local,2026-07-28,4000.0,5000.0,4500.0,1000.0,22.22222222222222,2026,7,28
Tamil Nadu,Salem,Ammapet(Uzhavar Sandhai ),Mint(Pudina),Mint(Pudina),Local,2026-07-28,4500.0,5000.0,4750.0,500.0,10.526315789473683,2026,7,28
Tamil Nadu,Salem,Mettur(Uzhavar Sandhai ),Bitter gourd,Other,Local,2026-07-28,4500.0,5000.0,4750.0,500.0,10.526315789473683,2026,7,28
Tamil Nadu,Salem,Mettur(Uzhavar Sandhai ),Bhindi(Ladies Finger),Bhindi,Local,2026-07-28,2500.0,3000.0,2750.0,500.0,18.181818181818183,2026,7,28
Tamil Nadu,Salem,Mettur(Uzhavar Sandhai ),Green Chilli,Green Chilly,Local,2026-07-28,4500.0,5000.0,4750.0,500.0,10.526315789473683,2026,7,28
Tamil Nadu,Salem,Mettur(Uzhavar Sandhai ),Cowpea(Veg),Cowpea (Veg),Local,2026-07-28,5500.0,6000.0,5750.0,500.0,8.695652173913043,2026,7,28
Tamil Nadu,Salem,Mettur(Uzhavar Sandhai ),Beetroot,Beetroot,Local,2026-07-28,7500.0,8000.0,7750.0,500.0,6.451612903225806,2026,7,28
Tamil Nadu,Salem,Mettur(Uzhavar Sandhai ),Cucumbar(Kheera),Cucumbar,Local,2026-07-28,3500.0,4000.0,3750.0,500.0,13.333333333333334,2026,7,28
Tamil Nadu,Salem,Mettur(Uzhavar Sandhai ),Capsicum,Capsicum,Local,2026-07-28,8500.0,9000.0,8750.0,500.0,5.714285714285714,2026,7,28
Tamil Nadu,Salem,Mettur(Uzhavar Sandhai ),Tender Coconut,Tender Coconut,Local,2026-07-28,3500.0,4000.0,3750.0,500.0,13.333333333333334,2026,7,28
Tamil Nadu,Salem,Mettur(Uzhavar Sandhai ),Rose(Local),Rose (Local),Local,2026-07-28,11000.0,12000.0,11500.0,1000.0,8.695652173913043,2026,7,28
Tamil Nadu,Salem,Sooramangalam(Uzhavar Sandhai ),Groundnut,Big (With Shell),Local,2026-07-28,6000.0,7000.0,6500.0,1000.0,15.384615384615385,2026,7,28
Tamil Nadu,Salem,Sooramangalam(Uzhavar Sandhai ),Mango,Neelam,Local,2026-07-28,4000.0,5000.0,4500.0,1000.0,22.22222222222222,2026,7,28
Tamil Nadu,Salem,Sooramangalam(Uzhavar Sandhai ),Chikoos(Sapota),Sapota,Local,2026-07-28,4000.0,4500.0,4250.0,500.0,11.76470588235294,2026,7,28
Tamil Nadu,Salem,Sooramangalam(Uzhavar Sandhai ),Bottle gourd,Bottle Gourd,Local,2026-07-28,2000.0,3000.0,2500.0,1000.0,40.0,2026,7,28
Tamil Nadu,Salem,Sooramangalam(Uzhavar Sandhai ),Banana - Green,Banana - Green,Local,2026-07-28,2000.0,2400.0,2200.0,400.0,18.181818181818183,2026,7,28
Tamil Nadu,Salem,Sooramangalam(Uzhavar Sandhai ),Beans,Beans (Whole),Local,2026-07-28,11400.0,11600.0,11500.0,200.0,1.7391304347826086,2026,7,28
Tamil Nadu,Salem,Sooramangalam(Uzhavar Sandhai ),Sweet Potato,Hosur Red,Local,2026-07-28,4000.0,4500.0,4250.0,500.0,11.76470588235294,2026,7,28
Tamil Nadu,Salem,Sooramangalam(Uzhavar Sandhai ),Green Avare(W),Other,Local,2026-07-28,5500.0,5800.0,5650.0,300.0,5.3097345132743365,2026,7,28
Tamil Nadu,Salem,Sooramangalam(Uzhavar Sandhai ),Tender Coconut,Tender Coconut,Local,2026-07-28,3500.0,4000.0,3750.0,500.0,13.333333333333334,2026,7,28
Tamil Nadu,Salem,Sooramangalam(Uzhavar Sandhai ),Yam(Ratalu),Yam (Ratalu),Local,2026-07-28,8000.0,8500.0,8250.0,500.0,6.0606060606060606,2026,7,28
Tamil Nadu,Salem,Sooramangalam(Uzhavar Sandhai ),Lemon,Lemon,Local,2026-07-28,7000.0,8000.0,7500.0,1000.0,13.333333333333334,2026,7,28
Tamil Nadu,Salem,Sooramangalam(Uzhavar Sandhai ),Amla(Nelli Kai),Amla,Local,2026-07-28,5000.0,6000.0,5500.0,1000.0,18.181818181818183,2026,7,28
Tamil Nadu,Salem,Sooramangalam(Uzhavar Sandhai ),Onion Green,Onion Green,Local,2026-07-28,4500.0,5000.0,4750.0,500.0,10.526315789473683,2026,7,28
Tamil Nadu,Salem,Sooramangalam(Uzhavar Sandhai ),Mint(Pudina),Mint(Pudina),Local,2026-07-28,4000.0,4400.0,4200.0,400.0,9.523809523809524,2026,7,28
Tamil Nadu,Salem,Thammampatti (Uzhavar Sandhai ),Garlic,Garlic,Local,2026-07-28,20000.0,24000.0,22000.0,4000.0,18.181818181818183,2026,7,28
Tamil Nadu,Salem,Thammampatti (Uzhavar Sandhai ),Ashgourd,Gouard,Local,2026-07-28,2000.0,2000.0,2000.0,0.0,0.0,2026,7,28
Tamil Nadu,Salem,Thammampatti (Uzhavar Sandhai ),Cabbage,Cabbage,Local,2026-07-28,3500.0,4000.0,3750.0,500.0,13.333333333333334,2026,7,28
Tamil Nadu,Salem,Thammampatti (Uzhavar Sandhai ),Ridgeguard(Tori),Ridgeguard(Tori),Local,2026-07-28,4500.0,5000.0,4750.0,500.0,10.526315789473683,2026,7,28
Tamil Nadu,Salem,Thammampatti (Uzhavar Sandhai ),Drumstick,Drumstick,Local,2026-07-28,5000.0,6000.0,5500.0,1000.0,18.181818181818183,2026,7,28
Tamil Nadu,Salem,Thammampatti (Uzhavar Sandhai ),Mango(Raw-Ripe),Mango - Raw-Ripe,Local,2026-07-28,2000.0,2500.0,2250.0,500.0,22.22222222222222,2026,7,28
Tamil Nadu,Salem,Thammampatti (Uzhavar Sandhai ),Knool Khol,Knool Khol,Local,2026-07-28,6000.0,6000.0,6000.0,0.0,0.0,2026,7,28
Tamil Nadu,Salem,Thammampatti (Uzhavar Sandhai ),Tender Coconut,Tender Coconut,Local,2026-07-28,3000.0,4000.0,3500.0,1000.0,28.57142857142857,2026,7,28
Tamil Nadu,Salem,Thammampatti (Uzhavar Sandhai ),Elephant Yam(Suran)/Amorphophallus,Elephant Yam (Suran),Local,2026-07-28,2000.0,2500.0,2250.0,500.0,22.22222222222222,2026,7,28
Tamil Nadu,Salem,Thammampatti (Uzhavar Sandhai ),Custard Apple(Sharifa),Custard Apple(Sharifa),Local,2026-07-28,4000.0,4000.0,4000.0,0.0,0.0,2026,7,28
Tamil Nadu,Salem,Thammampatti (Uzhavar Sandhai ),Onion Green,Onion Green,Local,2026-07-28,4500.0,5000.0,4750.0,500.0,10.526315789473683,2026,7,28
Tamil Nadu,Salem,Thathakapatti(Uzhavar Sandhai ),Banana,Besrai,Local,2026-07-28,4000.0,7500.0,5750.0,3500.0,60.86956521739131,2026,7,28
Tamil Nadu,Salem,Thathakapatti(Uzhavar Sandhai ),Onion,Bellary,Local,2026-07-28,3500.0,4000.0,3750.0,500.0,13.333333333333334,2026,7,28
Tamil Nadu,Salem,Thathakapatti(Uzhavar Sandhai ),Tomato,Deshi,Local,2026-07-28,1500.0,2000.0,1750.0,500.0,28.57142857142857,2026,7,28
Tamil Nadu,Salem,Thathakapatti(Uzhavar Sandhai ),Bitter gourd,Bitter Gourd,Local,2026-07-28,5500.0,6000.0,5750.0,500.0,8.695652173913043,2026,7,28
Tamil Nadu,Salem,Thathakapatti(Uzhavar Sandhai ),Ashgourd,Gouard,Local,2026-07-28,2000.0,2400.0,2200.0,400.0,18.181818181818183,2026,7,28
Tamil Nadu,Salem,Thathakapatti(Uzhavar Sandhai ),Green Chilli,Green Chilly,Local,2026-07-28,4000.0,4400.0,4200.0,400.0,9.523809523809524,2026,7,28
Tamil Nadu,Salem,Thathakapatti(Uzhavar Sandhai ),Beans,Beans (Whole),Local,2026-07-28,11400.0,11600.0,11500.0,200.0,1.7391304347826086,2026,7,28
Tamil Nadu,Salem,Thathakapatti(Uzhavar Sandhai ),Ridgeguard(Tori),Ridgeguard(Tori),Local,2026-07-28,3000.0,4500.0,3750.0,1500.0,40.0,2026,7,28
Tamil Nadu,Salem,Thathakapatti(Uzhavar Sandhai ),Drumstick,Drumstick,Local,2026-07-28,4000.0,5000.0,4500.0,1000.0,22.22222222222222,2026,7,28
Tamil Nadu,Salem,Thathakapatti(Uzhavar Sandhai ),Knool Khol,Knool Khol,Local,2026-07-28,5000.0,5400.0,5200.0,400.0,7.6923076923076925,2026,7,28
Tamil Nadu,Salem,Thathakapatti(Uzhavar Sandhai ),Jamun(Narale Hannu),Jamun,Local,2026-07-28,16000.0,18000.0,17000.0,2000.0,11.76470588235294,2026,7,28
Tamil Nadu,Salem,Thathakapatti(Uzhavar Sandhai ),Jasmine,Jasmine,Local,2026-07-28,34000.0,36000.0,35000.0,2000.0,5.714285714285714,2026,7,28
Tamil Nadu,Salem,Thathakapatti(Uzhavar Sandhai ),Indian Beans(Seam),Indian Beans (Seam),Local,2026-07-28,5500.0,6000.0,5750.0,500.0,8.695652173913043,2026,7,28
Tamil Nadu,Salem,Thathakapatti(Uzhavar Sandhai ),Mint(Pudina),Mint(Pudina),Local,2026-07-28,4500.0,4800.0,4650.0,300.0,6.451612903225806,2026,7,28
Tamil Nadu,Salem,Thathakapatti(Uzhavar Sandhai ),Tube Rose(Loose),Tube Rose (Loose),Local,2026-07-28,10000.0,12000.0,11000.0,2000.0,18.181818181818183,2026,7,28
Tamil Nadu,Pudukkottai,Pudukottai(Uzhavar Sandhai ),Garlic,Garlic,Local,2026-07-28,29000.0,30000.0,29500.0,1000.0,3.389830508474576,2026,7,28
Tamil Nadu,Pudukkottai,Pudukottai(Uzhavar Sandhai ),Coriander(Leaves),I Sort,Local,2026-07-28,5000.0,6000.0,5500.0,1000.0,18.181818181818183,2026,7,28
Tamil Nadu,Pudukkottai,Pudukottai(Uzhavar Sandhai ),Tomato,Other,Local,2026-07-28,2000.0,2500.0,2250.0,500.0,22.22222222222222,2026,7,28
Tamil Nadu,Pudukkottai,Pudukottai(Uzhavar Sandhai ),Pumpkin,Pumpkin,Local,2026-07-28,1200.0,1500.0,1350.0,300.0,22.22222222222222,2026,7,28
Tamil Nadu,Pudukkottai,Pudukottai(Uzhavar Sandhai ),Cowpea(Veg),Cowpea (Veg),Local,2026-07-28,1500.0,2000.0,1750.0,500.0,28.57142857142857,2026,7,28
Tamil Nadu,Pudukkottai,Pudukottai(Uzhavar Sandhai ),Carrot,Pusakesar,Local,2026-07-28,9000.0,10000.0,9500.0,1000.0,10.526315789473683,2026,7,28
Tamil Nadu,Pudukkottai,Pudukottai(Uzhavar Sandhai ),Mango(Raw-Ripe),Mango - Raw-Ripe,Local,2026-07-28,3500.0,4000.0,3750.0,500.0,13.333333333333334,2026,7,28
Tamil Nadu,Pudukkottai,Pudukottai(Uzhavar Sandhai ),Jack Fruit(Ripe),Jack Fruit,Local,2026-07-28,1500.0,2000.0,1750.0,500.0,28.57142857142857,2026,7,28
Tamil Nadu,Thanjavur,Kumbakonam (Uzhavar Sandhai ),Mango,Safeda,Local,2026-07-28,3000.0,9000.0,6000.0,6000.0,100.0,2026,7,28
Tamil Nadu,Thanjavur,Kumbakonam (Uzhavar Sandhai ),Bitter gourd,Bitter Gourd,Local,2026-07-28,7200.0,7200.0,7200.0,0.0,0.0,2026,7,28
Tamil Nadu,Thanjavur,Kumbakonam (Uzhavar Sandhai ),Raddish,Raddish,Local,2026-07-28,4800.0,4800.0,4800.0,0.0,0.0,2026,7,28
Tamil Nadu,Thanjavur,Kumbakonam (Uzhavar Sandhai ),Mango(Raw-Ripe),Mango - Raw-Ripe,Local,2026-07-28,3600.0,3600.0,3600.0,0.0,0.0,2026,7,28
Tamil Nadu,Thanjavur,Kumbakonam (Uzhavar Sandhai ),Lime,Lime,Local,2026-07-28,4000.0,4000.0,4000.0,0.0,0.0,2026,7,28
Tamil Nadu,Thanjavur,Kumbakonam (Uzhavar Sandhai ),Yam(Ratalu),Yam (Ratalu),Local,2026-07-28,9600.0,9600.0,9600.0,0.0,0.0,2026,7,28
Tamil Nadu,The Nilgiris,Udhagamandalam(Uzhavar Sandhai ),Banana,Besrai,Local,2026-07-28,3500.0,5000.0,4250.0,1500.0,35.294117647058826,2026,7,28
Tamil Nadu,The Nilgiris,Udhagamandalam(Uzhavar Sandhai ),Green Peas,Green Peas,Local,2026-07-28,10000.0,13000.0,11500.0,3000.0,26.08695652173913,2026,7,28
Tamil Nadu,The Nilgiris,Udhagamandalam(Uzhavar Sandhai ),Bitter gourd,Bitter Gourd,Local,2026-07-28,6500.0,6800.0,6650.0,300.0,4.511278195488721,2026,7,28
Tamil Nadu,The Nilgiris,Udhagamandalam(Uzhavar Sandhai ),Pumpkin,Pumpkin,Local,2026-07-28,1500.0,2000.0,1750.0,500.0,28.57142857142857,2026,7,28
Tamil Nadu,The Nilgiris,Udhagamandalam(Uzhavar Sandhai ),Bhindi(Ladies Finger),Bhindi,Local,2026-07-28,4500.0,4800.0,4650.0,300.0,6.451612903225806,2026,7,28
Tamil Nadu,The Nilgiris,Udhagamandalam(Uzhavar Sandhai ),Cowpea(Veg),Cowpea (Veg),Local,2026-07-28,3000.0,3500.0,3250.0,500.0,15.384615384615385,2026,7,28
Tamil Nadu,The Nilgiris,Udhagamandalam(Uzhavar Sandhai ),Beans,Beans (Whole),Local,2026-07-28,5500.0,6000.0,5750.0,500.0,8.695652173913043,2026,7,28
Tamil Nadu,The Nilgiris,Udhagamandalam(Uzhavar Sandhai ),Tapioca,Tapioca,Local,2026-07-28,3500.0,4000.0,3750.0,500.0,13.333333333333334,2026,7,28
Tamil Nadu,The Nilgiris,Udhagamandalam(Uzhavar Sandhai ),Ginger(Green),Green Ginger,Local,2026-07-28,10000.0,16000.0,13000.0,6000.0,46.15384615384615,2026,7,28
Tamil Nadu,The Nilgiris,Udhagamandalam(Uzhavar Sandhai ),Carrot,Pusakesar,Local,2026-07-28,4500.0,5000.0,4750.0,500.0,10.526315789473683,2026,7,28
Tamil Nadu,The Nilgiris,Udhagamandalam(Uzhavar Sandhai ),Beetroot,Beetroot,Local,2026-07-28,4500.0,5000.0,4750.0,500.0,10.526315789473683,2026,7,28
Tamil Nadu,The Nilgiris,Udhagamandalam(Uzhavar Sandhai ),Knool Khol,Knool Khol,Local,2026-07-28,4000.0,4500.0,4250.0,500.0,11.76470588235294,2026,7,28
Tamil Nadu,The Nilgiris,Udhagamandalam(Uzhavar Sandhai ),Elephant Yam(Suran)/Amorphophallus,Elephant Yam (Suran),Local,2026-07-28,3500.0,4000.0,3750.0,500.0,13.333333333333334,2026,7,28
Tamil Nadu,The Nilgiris,Udhagamandalam(Uzhavar Sandhai ),Amla(Nelli Kai),Amla,Local,2026-07-28,8000.0,9000.0,8500.0,1000.0,11.76470588235294,2026,7,28
Tamil Nadu,The Nilgiris,Udhagamandalam(Uzhavar Sandhai ),Mint(Pudina),Mint(Pudina),Local,2026-07-28,5500.0,6000.0,5750.0,500.0,8.695652173913043,2026,7,28
Tamil Nadu,Theni,Andipatti(Uzhavar Sandhai ),Brinjal,Round,Local,2026-07-28,4000.0,4600.0,4300.0,600.0,13.953488372093023,2026,7,28
Tamil Nadu,Theni,Andipatti(Uzhavar Sandhai ),Cluster beans,Cluster Beans,Local,2026-07-28,3400.0,3800.0,3600.0,400.0,11.11111111111111,2026,7,28
Tamil Nadu,Theni,Andipatti(Uzhavar Sandhai ),Bottle gourd,Bottle Gourd,Local,2026-07-28,1600.0,1800.0,1700.0,200.0,11.76470588235294,2026,7,28
Tamil Nadu,Theni,Andipatti(Uzhavar Sandhai ),Banana - Green,Banana - Green,Local,2026-07-28,3200.0,3500.0,3350.0,300.0,8.955223880597014,2026,7,28
Tamil Nadu,Theni,Andipatti(Uzhavar Sandhai ),Chow Chow,Chow Chow,Local,2026-07-28,3000.0,3400.0,3200.0,400.0,12.5,2026,7,28
Tamil Nadu,Theni,Andipatti(Uzhavar Sandhai ),Colacasia,Colacasia,Local,2026-07-28,4500.0,5000.0,4750.0,500.0,10.526315789473683,2026,7,28
Tamil Nadu,Theni,Andipatti(Uzhavar Sandhai ),Mashrooms,Mashrooms,Local,2026-07-28,22000.0,23000.0,22500.0,1000.0,4.444444444444445,2026,7,28
Tamil Nadu,Theni,Andipatti(Uzhavar Sandhai ),Onion Green,Onion Green,Local,2026-07-28,5800.0,6200.0,6000.0,400.0,6.666666666666667,2026,7,28
Tamil Nadu,Theni,Bodinayakanur(Uzhavar Sandhai ),Banana,Besrai,Local,2026-07-28,5500.0,5500.0,5500.0,0.0,0.0,2026,7,28
Tamil Nadu,Theni,Bodinayakanur(Uzhavar Sandhai ),Brinjal,Round,Local,2026-07-28,4500.0,4500.0,4500.0,0.0,0.0,2026,7,28
Tamil Nadu,Theni,Bodinayakanur(Uzhavar Sandhai ),Drumstick,Drumstick,Local,2026-07-28,3600.0,3600.0,3600.0,0.0,0.0,2026,7,28
Tamil Nadu,Theni,Bodinayakanur(Uzhavar Sandhai ),Knool Khol,Knool Khol,Local,2026-07-28,4400.0,4400.0,4400.0,0.0,0.0,2026,7,28
Tamil Nadu,Theni,Bodinayakanur(Uzhavar Sandhai ),Colacasia,Colacasia,Local,2026-07-28,4000.0,4000.0,4000.0,0.0,0.0,2026,7,28
Tamil Nadu,Theni,Chinnamanur(Uzhavar Sandhai ),Green Chilli,Green Chilly,Local,2026-07-28,3000.0,5400.0,4200.0,2400.0,57.14285714285714,2026,7,28
Tamil Nadu,Theni,Chinnamanur(Uzhavar Sandhai ),Raddish,Raddish,Local,2026-07-28,3000.0,3000.0,3000.0,0.0,0.0,2026,7,28
Tamil Nadu,Theni,Chinnamanur(Uzhavar Sandhai ),Capsicum,Capsicum,Local,2026-07-28,5500.0,5500.0,5500.0,0.0,0.0,2026,7,28
Tamil Nadu,Theni,Chinnamanur(Uzhavar Sandhai ),Knool Khol,Knool Khol,Local,2026-07-28,4400.0,4400.0,4400.0,0.0,0.0,2026,7,28
Tamil Nadu,Theni,Chinnamanur(Uzhavar Sandhai ),Mint(Pudina),Mint(Pudina),Local,2026-07-28,5500.0,5500.0,5500.0,0.0,0.0,2026,7,28
Tamil Nadu,Theni,Kambam(Uzhavar Sandhai ),Onion,Bellary,Local,2026-07-28,3600.0,3800.0,3700.0,200.0,5.405405405405405,2026,7,28
Tamil Nadu,Theni,Kambam(Uzhavar Sandhai ),Cauliflower,Ranchi,Local,2026-07-28,2500.0,3000.0,2750.0,500.0,18.181818181818183,2026,7,28
Tamil Nadu,Theni,Kambam(Uzhavar Sandhai ),Cluster beans,Cluster Beans,Local,2026-07-28,3500.0,3500.0,3500.0,0.0,0.0,2026,7,28
Tamil Nadu,Theni,Kambam(Uzhavar Sandhai ),Amaranthus,Amaranthus,Local,2026-07-28,3000.0,3000.0,3000.0,0.0,0.0,2026,7,28
Tamil Nadu,Theni,Kambam(Uzhavar Sandhai ),Banana - Green,Banana - Green,Local,2026-07-28,3000.0,3200.0,3100.0,200.0,6.451612903225806,2026,7,28
Tamil Nadu,Theni,Kambam(Uzhavar Sandhai ),Sweet Potato,Hosur Red,Local,2026-07-28,3000.0,3000.0,3000.0,0.0,0.0,2026,7,28
Tamil Nadu,Theni,Kambam(Uzhavar Sandhai ),Carrot,Pusakesar,Local,2026-07-28,8000.0,8000.0,8000.0,0.0,0.0,2026,7,28
Tamil Nadu,Theni,Kambam(Uzhavar Sandhai ),Capsicum,Capsicum,Local,2026-07-28,6200.0,6200.0,6200.0,0.0,0.0,2026,7,28
Tamil Nadu,Theni,Kambam(Uzhavar Sandhai ),Green Avare(W),Other,Local,2026-07-28,5500.0,7000.0,6250.0,1500.0,24.0,2026,7,28
Tamil Nadu,Theni,Kambam(Uzhavar Sandhai ),Chow Chow,Chow Chow,Local,2026-07-28,3400.0,3400.0,3400.0,0.0,0.0,2026,7,28
Tamil Nadu,Theni,Kambam(Uzhavar Sandhai ),Knool Khol,Knool Khol,Local,2026-07-28,4200.0,4200.0,4200.0,0.0,0.0,2026,7,28
Tamil Nadu,Theni,Kambam(Uzhavar Sandhai ),Elephant Yam(Suran)/Amorphophallus,Elephant Yam (Suran),Local,2026-07-28,3800.0,3800.0,3800.0,0.0,0.0,2026,7,28
Tamil Nadu,Theni,Kambam(Uzhavar Sandhai ),Mashrooms,Mashrooms,Local,2026-07-28,25000.0,25000.0,25000.0,0.0,0.0,2026,7,28
Tamil Nadu,Theni,Theni(Uzhavar Sandhai ),Soyabean,Local,Local,2026-07-28,10000.0,10000.0,10000.0,0.0,0.0,2026,7,28
Tamil Nadu,Theni,Theni(Uzhavar Sandhai ),Mango,Neelam,Local,2026-07-28,3000.0,6000.0,4500.0,3000.0,66.66666666666666,2026,7,28
Tamil Nadu,Theni,Theni(Uzhavar Sandhai ),Tomato,Local,Local,2026-07-28,1800.0,1800.0,1800.0,0.0,0.0,2026,7,28
Tamil Nadu,Theni,Theni(Uzhavar Sandhai ),Bottle gourd,Bottle Gourd,Local,2026-07-28,1200.0,1800.0,1500.0,600.0,40.0,2026,7,28
Tamil Nadu,Theni,Theni(Uzhavar Sandhai ),Bhindi(Ladies Finger),Bhindi,Local,2026-07-28,3300.0,3600.0,3450.0,300.0,8.695652173913043,2026,7,28
Tamil Nadu,Theni,Theni(Uzhavar Sandhai ),Amaranthus,Amaranthus,Local,2026-07-28,1500.0,2000.0,1750.0,500.0,28.57142857142857,2026,7,28
Tamil Nadu,Theni,Theni(Uzhavar Sandhai ),Green Chilli,Green Chilly,Local,2026-07-28,5000.0,5400.0,5200.0,400.0,7.6923076923076925,2026,7,28
Tamil Nadu,Theni,Theni(Uzhavar Sandhai ),Beetroot,Beetroot,Local,2026-07-28,4500.0,4500.0,4500.0,0.0,0.0,2026,7,28
Tamil Nadu,Theni,Theni(Uzhavar Sandhai ),Ridgeguard(Tori),Ridgeguard(Tori),Local,2026-07-28,4500.0,4800.0,4650.0,300.0,6.451612903225806,2026,7,28
Tamil Nadu,Theni,Theni(Uzhavar Sandhai ),Thondekai,Thondekai,Local,2026-07-28,5000.0,5500.0,5250.0,500.0,9.523809523809524,2026,7,28
Tamil Nadu,Theni,Theni(Uzhavar Sandhai ),Green Avare(W),Other,Local,2026-07-28,6500.0,7800.0,7150.0,1300.0,18.181818181818183,2026,7,28
Tamil Nadu,Theni,Theni(Uzhavar Sandhai ),Lime,Lime,Local,2026-07-28,11500.0,13500.0,12500.0,2000.0,16.0,2026,7,28
Tamil Nadu,Thirunelveli,Kandiyaperi(Uzhavar Sandhai ),Tomato,Other,Local,2026-07-28,2500.0,2800.0,2650.0,300.0,11.320754716981133,2026,7,28
Tamil Nadu,Thirunelveli,Kandiyaperi(Uzhavar Sandhai ),Green Chilli,Green Chilly,Local,2026-07-28,3800.0,4200.0,4000.0,400.0,10.0,2026,7,28
Tamil Nadu,Thirunelveli,Kandiyaperi(Uzhavar Sandhai ),Onion Green,Onion Green,Local,2026-07-28,4500.0,6000.0,5250.0,1500.0,28.57142857142857,2026,7,28
Tamil Nadu,Thirunelveli,Melapalayam(Uzhavar Sandhai ),Banana - Green,Banana - Green,Local,2026-07-28,2500.0,3000.0,2750.0,500.0,18.181818181818183,2026,7,28
Tamil Nadu,Thirunelveli,Melapalayam(Uzhavar Sandhai ),Cabbage,Cabbage,Local,2026-07-28,4000.0,4400.0,4200.0,400.0,9.523809523809524,2026,7,28
Tamil Nadu,Thirunelveli,Melapalayam(Uzhavar Sandhai ),Green Avare(W),Other,Local,2026-07-28,5500.0,6000.0,5750.0,500.0,8.695652173913043,2026,7,28
Tamil Nadu,Thirunelveli,Palayamkottai(Uzhavar Sandhai ),Grapes,Annabesahai,Local,2026-07-28,11000.0,12000.0,11500.0,1000.0,8.695652173913043,2026,7,28
Tamil Nadu,Thirunelveli,Palayamkottai(Uzhavar Sandhai ),Potato,Red Nanital,Local,2026-07-28,2400.0,2600.0,2500.0,200.0,8.0,2026,7,28
Tamil Nadu,Thirunelveli,Palayamkottai(Uzhavar Sandhai ),Bottle gourd,Bottle Gourd,Local,2026-07-28,1000.0,1200.0,1100.0,200.0,18.181818181818183,2026,7,28
Tamil Nadu,Thirunelveli,Palayamkottai(Uzhavar Sandhai ),Ashgourd,Gouard,Local,2026-07-28,1600.0,1800.0,1700.0,200.0,11.76470588235294,2026,7,28
Tamil Nadu,Thirunelveli,Palayamkottai(Uzhavar Sandhai ),Pumpkin,Pumpkin,Local,2026-07-28,1000.0,1200.0,1100.0,200.0,18.181818181818183,2026,7,28
Tamil Nadu,Thirunelveli,Palayamkottai(Uzhavar Sandhai ),Carrot,Pusakesar,Local,2026-07-28,4600.0,8000.0,6300.0,3400.0,53.96825396825397,2026,7,28
Tamil Nadu,Thirunelveli,Palayamkottai(Uzhavar Sandhai ),Cabbage,Cabbage,Local,2026-07-28,4000.0,4400.0,4200.0,400.0,9.523809523809524,2026,7,28
Tamil Nadu,Thirunelveli,Palayamkottai(Uzhavar Sandhai ),Ridgeguard(Tori),Ridgeguard(Tori),Local,2026-07-28,3500.0,4000.0,3750.0,500.0,13.333333333333334,2026,7,28
Tamil Nadu,Thirunelveli,Palayamkottai(Uzhavar Sandhai ),Raddish,Raddish,Local,2026-07-28,3500.0,4000.0,3750.0,500.0,13.333333333333334,2026,7,28
Tamil Nadu,Thirunelveli,Palayamkottai(Uzhavar Sandhai ),Capsicum,Capsicum,Local,2026-07-28,5000.0,5500.0,5250.0,500.0,9.523809523809524,2026,7,28
Tamil Nadu,Thirunelveli,Palayamkottai(Uzhavar Sandhai ),Drumstick,Drumstick,Local,2026-07-28,2200.0,2400.0,2300.0,200.0,8.695652173913043,2026,7,28
Tamil Nadu,Thirunelveli,Palayamkottai(Uzhavar Sandhai ),Mango(Raw-Ripe),Mango - Raw-Ripe,Local,2026-07-28,3500.0,4000.0,3750.0,500.0,13.333333333333334,2026,7,28
Tamil Nadu,Thirunelveli,Palayamkottai(Uzhavar Sandhai ),Onion Green,Onion Green,Local,2026-07-28,6500.0,7000.0,6750.0,500.0,7.4074074074074066,2026,7,28
Tamil Nadu,Thirupur,Kangayam(Uzhavar Sandhai ),Brinjal,Round,Local,2026-07-28,6800.0,6800.0,6800.0,0.0,0.0,2026,7,28
Tamil Nadu,Thirupur,Kangayam(Uzhavar Sandhai ),Bhindi(Ladies Finger),Bhindi,Local,2026-07-28,4500.0,4500.0,4500.0,0.0,0.0,2026,7,28
Tamil Nadu,Thirupur,Kangayam(Uzhavar Sandhai ),Green Chilli,Green Chilly,Local,2026-07-28,5000.0,5000.0,5000.0,0.0,0.0,2026,7,28
Tamil Nadu,Thirupur,Tiruppur (North) (Uzhavar Sandhai ),Coriander(Leaves),I Sort,Local,2026-07-28,4500.0,5000.0,4750.0,500.0,10.526315789473683,2026,7,28
Tamil Nadu,Thirupur,Tiruppur (North) (Uzhavar Sandhai ),Bottle gourd,Bottle Gourd,Local,2026-07-28,1200.0,1600.0,1400.0,400.0,28.57142857142857,2026,7,28
Tamil Nadu,Thirupur,Tiruppur (North) (Uzhavar Sandhai ),Pumpkin,Pumpkin,Local,2026-07-28,1500.0,2000.0,1750.0,500.0,28.57142857142857,2026,7,28
Tamil Nadu,Thirupur,Tiruppur (North) (Uzhavar Sandhai ),Tapioca,Tapioca,Local,2026-07-28,2000.0,2500.0,2250.0,500.0,22.22222222222222,2026,7,28
Tamil Nadu,Thirupur,Tiruppur (North) (Uzhavar Sandhai ),Coconut,Coconut,Local,2026-07-28,5000.0,5500.0,5250.0,500.0,9.523809523809524,2026,7,28
Tamil Nadu,Thirupur,Tiruppur (North) (Uzhavar Sandhai ),Snakeguard,Snakeguard,Local,2026-07-28,3000.0,3600.0,3300.0,600.0,18.181818181818183,2026,7,28
Tamil Nadu,Thirupur,Tiruppur (North) (Uzhavar Sandhai ),Green Avare(W),Other,Local,2026-07-28,6000.0,7000.0,6500.0,1000.0,15.384615384615385,2026,7,28
Tamil Nadu,Thirupur,Tiruppur (North) (Uzhavar Sandhai ),Drumstick,Drumstick,Local,2026-07-28,5000.0,6000.0,5500.0,1000.0,18.181818181818183,2026,7,28
Tamil Nadu,Thirupur,Tiruppur (North) (Uzhavar Sandhai ),Mango(Raw-Ripe),Mango - Raw-Ripe,Local,2026-07-28,3000.0,3500.0,3250.0,500.0,15.384615384615385,2026,7,28
Tamil Nadu,Thirupur,Tiruppur (South) (Uzhavar Sandhai ),Coriander(Leaves),I Sort,Local,2026-07-28,4000.0,5000.0,4500.0,1000.0,22.22222222222222,2026,7,28
Tamil Nadu,Thirupur,Tiruppur (South) (Uzhavar Sandhai ),Ginger(Green),Green Ginger,Local,2026-07-28,17000.0,20000.0,18500.0,3000.0,16.216216216216218,2026,7,28
Tamil Nadu,Thirupur,Tiruppur (South) (Uzhavar Sandhai ),Chow Chow,Chow Chow,Local,2026-07-28,2500.0,3000.0,2750.0,500.0,18.181818181818183,2026,7,28
Tamil Nadu,Thirupur,Tiruppur (South) (Uzhavar Sandhai ),Onion Green,Onion Green,Local,2026-07-28,4500.0,6000.0,5250.0,1500.0,28.57142857142857,2026,7,28
Tamil Nadu,Thiruvannamalai,Chengam(Uzhavar Sandhai ),Papaya,Papaya,Local,2026-07-28,2500.0,3000.0,2750.0,500.0,18.181818181818183,2026,7,28
Tamil Nadu,Thiruvannamalai,Chengam(Uzhavar Sandhai ),Cauliflower,Ranchi,Local,2026-07-28,2500.0,3000.0,2750.0,500.0,18.181818181818183,2026,7,28
Tamil Nadu,Thiruvannamalai,Chengam(Uzhavar Sandhai ),Pumpkin,Pumpkin,Local,2026-07-28,2000.0,2500.0,2250.0,500.0,22.22222222222222,2026,7,28
Tamil Nadu,Thiruvannamalai,Chengam(Uzhavar Sandhai ),Carrot,Pusakesar,Local,2026-07-28,6500.0,7200.0,6850.0,700.0,10.218978102189782,2026,7,28
Tamil Nadu,Thiruvannamalai,Chengam(Uzhavar Sandhai ),Cabbage,Cabbage,Local,2026-07-28,3500.0,4000.0,3750.0,500.0,13.333333333333334,2026,7,28
Tamil Nadu,Thiruvannamalai,Chengam(Uzhavar Sandhai ),Snakeguard,Snakeguard,Local,2026-07-28,3500.0,4000.0,3750.0,500.0,13.333333333333334,2026,7,28
Tamil Nadu,Thiruvannamalai,Chengam(Uzhavar Sandhai ),Beetroot,Beetroot,Local,2026-07-28,4000.0,5000.0,4500.0,1000.0,22.22222222222222,2026,7,28
Tamil Nadu,Thiruvannamalai,Chengam(Uzhavar Sandhai ),Raddish,Raddish,Local,2026-07-28,2500.0,3000.0,2750.0,500.0,18.181818181818183,2026,7,28
Tamil Nadu,Thiruvannamalai,Chengam(Uzhavar Sandhai ),Thondekai,Thondekai,Local,2026-07-28,5000.0,6000.0,5500.0,1000.0,18.181818181818183,2026,7,28
Tamil Nadu,Thiruvannamalai,Chengam(Uzhavar Sandhai ),Green Avare(W),Green Avare (W),Local,2026-07-28,5000.0,6000.0,5500.0,1000.0,18.181818181818183,2026,7,28
Tamil Nadu,Thiruvannamalai,Chengam(Uzhavar Sandhai ),Lemon,Lemon,Local,2026-07-28,4000.0,5000.0,4500.0,1000.0,22.22222222222222,2026,7,28
Tamil Nadu,Thiruvannamalai,Chengam(Uzhavar Sandhai ),Onion Green,Onion Green,Local,2026-07-28,6000.0,7000.0,6500.0,1000.0,15.384615384615385,2026,7,28
Tamil Nadu,Thiruvannamalai,Tamarainagar(Uzhavar Sandhai ),Banana,Besrai,Local,2026-07-28,5000.0,6000.0,5500.0,1000.0,18.181818181818183,2026,7,28
Tamil Nadu,Thiruvannamalai,Tamarainagar(Uzhavar Sandhai ),Cluster beans,Cluster Beans,Local,2026-07-28,3500.0,4200.0,3850.0,700.0,18.181818181818183,2026,7,28
Tamil Nadu,Thiruvannamalai,Tamarainagar(Uzhavar Sandhai ),Banana - Green,Banana - Green,Local,2026-07-28,3600.0,4200.0,3900.0,600.0,15.384615384615385,2026,7,28
Tamil Nadu,Thiruvannamalai,Tamarainagar(Uzhavar Sandhai ),Coconut,Coconut,Local,2026-07-28,5000.0,6000.0,5500.0,1000.0,18.181818181818183,2026,7,28
Tamil Nadu,Thiruvannamalai,Tamarainagar(Uzhavar Sandhai ),Drumstick,Drumstick,Local,2026-07-28,4000.0,4800.0,4400.0,800.0,18.181818181818183,2026,7,28
Tamil Nadu,Thiruvannamalai,Tamarainagar(Uzhavar Sandhai ),Karbuja(Musk Melon),Karbhuja,Local,2026-07-28,3000.0,3600.0,3300.0,600.0,18.181818181818183,2026,7,28
Tamil Nadu,Thiruvannamalai,Tamarainagar(Uzhavar Sandhai ),Marigold(Calcutta),Marigold(Calcutta),Local,2026-07-28,30000.0,35000.0,32500.0,5000.0,15.384615384615385,2026,7,28
Tamil Nadu,Thiruvannamalai,Tamarainagar(Uzhavar Sandhai ),Elephant Yam(Suran)/Amorphophallus,Elephant Yam (Suran),Local,2026-07-28,4000.0,4800.0,4400.0,800.0,18.181818181818183,2026,7,28
Tamil Nadu,Thiruvannamalai,Tamarainagar(Uzhavar Sandhai ),Colacasia,Colacasia,Local,2026-07-28,3000.0,3500.0,3250.0,500.0,15.384615384615385,2026,7,28
Tamil Nadu,Thiruvannamalai,Tamarainagar(Uzhavar Sandhai ),Amla(Nelli Kai),Amla,Local,2026-07-28,8000.0,10000.0,9000.0,2000.0,22.22222222222222,2026,7,28
Tamil Nadu,Thiruvannamalai,Tamarainagar(Uzhavar Sandhai ),Mint(Pudina),Mint(Pudina),Local,2026-07-28,5000.0,6000.0,5500.0,1000.0,18.181818181818183,2026,7,28
Tamil Nadu,Thiruvannamalai,Vandavasi(Uzhavar Sandhai ),Tomato,Local,Local,2026-07-28,1500.0,2000.0,1750.0,500.0,28.57142857142857,2026,7,28
Tamil Nadu,Thiruvannamalai,Vandavasi(Uzhavar Sandhai ),Bitter gourd,Other,Local,2026-07-28,4000.0,4800.0,4400.0,800.0,18.181818181818183,2026,7,28
Tamil Nadu,Thiruvannamalai,Vandavasi(Uzhavar Sandhai ),Coconut,Coconut,Local,2026-07-28,4000.0,5000.0,4500.0,1000.0,22.22222222222222,2026,7,28
Tamil Nadu,Thiruvannamalai,Vandavasi(Uzhavar Sandhai ),Carrot,Pusakesar,Local,2026-07-28,7000.0,8000.0,7500.0,1000.0,13.333333333333334,2026,7,28
Tamil Nadu,Thiruvannamalai,Vandavasi(Uzhavar Sandhai ),Chow Chow,Chow Chow,Local,2026-07-28,3600.0,4200.0,3900.0,600.0,15.384615384615385,2026,7,28
Tamil Nadu,Thiruvannamalai,Vandavasi(Uzhavar Sandhai ),Knool Khol,Knool Khol,Local,2026-07-28,5000.0,6000.0,5500.0,1000.0,18.181818181818183,2026,7,28
Tamil Nadu,Thiruvannamalai,Vandavasi(Uzhavar Sandhai ),Lemon,Lemon,Local,2026-07-28,5000.0,6000.0,5500.0,1000.0,18.181818181818183,2026,7,28
Tamil Nadu,Thiruvannamalai,Vandavasi(Uzhavar Sandhai ),Onion Green,Onion Green,Local,2026-07-28,5000.0,6000.0,5500.0,1000.0,18.181818181818183,2026,7,28
Tamil Nadu,Thiruvannamalai,Vandavasi(Uzhavar Sandhai ),Mint(Pudina),Mint(Pudina),Local,2026-07-28,3500.0,4000.0,3750.0,500.0,13.333333333333334,2026,7,28
Tamil Nadu,Thiruvarur,Muthupettai(Uzhavar Sandhai ),Tomato,Deshi,Local,2026-07-28,2000.0,2000.0,2000.0,0.0,0.0,2026,7,28
Tamil Nadu,Thiruvarur,Muthupettai(Uzhavar Sandhai ),Pumpkin,Pumpkin,Local,2026-07-28,2400.0,2400.0,2400.0,0.0,0.0,2026,7,28
Tamil Nadu,Thiruvarur,Muthupettai(Uzhavar Sandhai ),Snakeguard,Snakeguard,Local,2026-07-28,4000.0,4000.0,4000.0,0.0,0.0,2026,7,28
Punjab,Ropar (Rupnagar),Morinda APMC,Banana,Medium,Medium,2026-07-28,3000.0,3200.0,3100.0,200.0,6.451612903225806,2026,7,28
Punjab,Ropar (Rupnagar),Morinda APMC,Mango,Dusheri,Medium,2026-07-28,4000.0,5000.0,4500.0,1000.0,22.22222222222222,2026,7,28
Punjab,Ropar (Rupnagar),Morinda APMC,Tender Coconut,Tender Coconut,Medium,2026-07-28,2500.0,2500.0,2500.0,0.0,0.0,2026,7,28
Punjab,Ropar (Rupnagar),Morinda APMC,Bottle gourd,Bottle Gourd,Local,2026-07-28,2000.0,3000.0,2500.0,1000.0,40.0,2026,7,28
Punjab,Ropar (Rupnagar),Morinda APMC,Bitter gourd,Bitter Gourd,Medium,2026-07-28,2000.0,3000.0,2500.0,1000.0,40.0,2026,7,28
Punjab,Ropar (Rupnagar),Morinda APMC,Bhindi(Ladies Finger),Bhindi,Medium,2026-07-28,3000.0,3000.0,3000.0,0.0,0.0,2026,7,28
Punjab,Ropar (Rupnagar),Morinda APMC,Green Chilli,Green Chilly,Local,2026-07-28,2000.0,5000.0,3500.0,3000.0,85.71428571428571,2026,7,28
Bihar,Sheikhpura,Barbigha APMC,Bitter gourd,Bitter Gourd,FAQ,2026-07-28,2930.0,3065.0,2990.0,135.0,4.51505016722408,2026,7,28
Tamil Nadu,Villupuram,Gingee(Uzhavar Sandhai ),Papaya,Papaya,Local,2026-07-28,5000.0,5000.0,5000.0,0.0,0.0,2026,7,28
Tamil Nadu,Villupuram,Gingee(Uzhavar Sandhai ),Banana,Karpura,Local,2026-07-28,4000.0,5000.0,4500.0,1000.0,22.22222222222222,2026,7,28
Tamil Nadu,Villupuram,Gingee(Uzhavar Sandhai ),Brinjal,Round,Local,2026-07-28,4000.0,4500.0,4250.0,500.0,11.76470588235294,2026,7,28
Tamil Nadu,Villupuram,Gingee(Uzhavar Sandhai ),Tomato,Deshi,Local,2026-07-28,1500.0,1500.0,1500.0,0.0,0.0,2026,7,28
Tamil Nadu,Villupuram,Gingee(Uzhavar Sandhai ),Ashgourd,Gouard,Local,2026-07-28,2000.0,2000.0,2000.0,0.0,0.0,2026,7,28
Tamil Nadu,Villupuram,Gingee(Uzhavar Sandhai ),Snakeguard,Snakeguard,Local,2026-07-28,5000.0,5000.0,5000.0,0.0,0.0,2026,7,28
Tamil Nadu,Villupuram,Gingee(Uzhavar Sandhai ),Ridgeguard(Tori),Ridgeguard(Tori),Local,2026-07-28,8000.0,8000.0,8000.0,0.0,0.0,2026,7,28
Tamil Nadu,Villupuram,Gingee(Uzhavar Sandhai ),Mango(Raw-Ripe),Mango - Raw-Ripe,Local,2026-07-28,2500.0,2500.0,2500.0,0.0,0.0,2026,7,28
Tamil Nadu,Villupuram,Gingee(Uzhavar Sandhai ),Onion Green,Onion Green,Local,2026-07-28,7000.0,7000.0,7000.0,0.0,0.0,2026,7,28
Tamil Nadu,Thiruvarur,Valangaiman APMC,Bhindi(Ladies Finger),Bhindi,Local,2026-07-28,4000.0,4000.0,4000.0,0.0,0.0,2026,7,28
Tamil Nadu,Thiruvarur,Valangaiman APMC,Coconut,Coconut,Local,2026-07-28,4000.0,4000.0,4000.0,0.0,0.0,2026,7,28
Tamil Nadu,Thiruvarur,Valangaiman APMC,Green Avare(W),Green Avare (W),Local,2026-07-28,6000.0,6000.0,6000.0,0.0,0.0,2026,7,28
Tamil Nadu,Thiruvellore,Tiruthani(Uzhavar Sandhai ),Garlic,Garlic,Local,2026-07-28,24000.0,24000.0,24000.0,0.0,0.0,2026,7,28
Tamil Nadu,Thiruvellore,Tiruthani(Uzhavar Sandhai ),Brinjal,Round,Local,2026-07-28,6000.0,6000.0,6000.0,0.0,0.0,2026,7,28
Tamil Nadu,Thiruvellore,Tiruthani(Uzhavar Sandhai ),Coriander(Leaves),I Sort,Local,2026-07-28,5000.0,5000.0,5000.0,0.0,0.0,2026,7,28
Tamil Nadu,Thiruvellore,Tiruthani(Uzhavar Sandhai ),Bhindi(Ladies Finger),Bhindi,Local,2026-07-28,4000.0,4000.0,4000.0,0.0,0.0,2026,7,28
Tamil Nadu,Thiruvellore,Tiruthani(Uzhavar Sandhai ),Banana - Green,Banana - Green,Local,2026-07-28,4000.0,4000.0,4000.0,0.0,0.0,2026,7,28
Tamil Nadu,Thiruvellore,Tiruthani(Uzhavar Sandhai ),Ginger(Green),Green Ginger,Local,2026-07-28,10000.0,10000.0,10000.0,0.0,0.0,2026,7,28
Tamil Nadu,Thiruvellore,Tiruthani(Uzhavar Sandhai ),Carrot,Pusakesar,Local,2026-07-28,7000.0,7000.0,7000.0,0.0,0.0,2026,7,28
Tamil Nadu,Thiruvellore,Tiruthani(Uzhavar Sandhai ),Beetroot,Beetroot,Local,2026-07-28,5000.0,5000.0,5000.0,0.0,0.0,2026,7,28
Tamil Nadu,Thiruvellore,Tiruthani(Uzhavar Sandhai ),Green Avare(W),Green Avare (W),Local,2026-07-28,8000.0,8000.0,8000.0,0.0,0.0,2026,7,28
Andhra Pradesh,Kakinada,Peddapuram APMC,Paddy(Common),1001,FAQ,2026-07-28,2369.0,2390.0,2369.0,21.0,0.8864499788940482,2026,7,28
Tamil Nadu,Madurai,Thirumangalam(Uzhavar Sandhai ),Chikoos(Sapota),Sapota,Local,2026-07-28,4000.0,6000.0,5000.0,2000.0,40.0,2026,7,28
Tamil Nadu,Madurai,Thirumangalam(Uzhavar Sandhai ),Tomato,Deshi,Local,2026-07-28,2000.0,2200.0,2100.0,200.0,9.523809523809524,2026,7,28
Tamil Nadu,Madurai,Thirumangalam(Uzhavar Sandhai ),Bottle gourd,Bottle Gourd,Local,2026-07-28,3000.0,3200.0,3100.0,200.0,6.451612903225806,2026,7,28
Tamil Nadu,Madurai,Thirumangalam(Uzhavar Sandhai ),Yam(Ratalu),Yam (Ratalu),Local,2026-07-28,7000.0,8000.0,7500.0,1000.0,13.333333333333334,2026,7,28
Tamil Nadu,Madurai,Thirumangalam(Uzhavar Sandhai ),Amla(Nelli Kai),Amla,Local,2026-07-28,6000.0,6500.0,6250.0,500.0,8.0,2026,7,28
Punjab,Hoshiarpur,GarhShankar (Kotfatuhi) APMC,Green Chilli,Other,FAQ,2026-07-28,2000.0,2000.0,2000.0,0.0,0.0,2026,7,28
Punjab,Hoshiarpur,GarhShankar (Kotfatuhi) APMC,Pumpkin,Other,FAQ,2026-07-28,1300.0,1300.0,1300.0,0.0,0.0,2026,7,28
Tamil Nadu,Madurai,Melur(Uzhavar Sandhai ),Mango,Safeda,Local,2026-07-28,5500.0,6000.0,5750.0,500.0,8.695652173913043,2026,7,28
Tamil Nadu,Madurai,Melur(Uzhavar Sandhai ),Cluster beans,Cluster Beans,Local,2026-07-28,3000.0,3600.0,3300.0,600.0,18.181818181818183,2026,7,28
Tamil Nadu,Madurai,Melur(Uzhavar Sandhai ),Elephant Yam(Suran)/Amorphophallus,Elephant Yam (Suran),Local,2026-07-28,4000.0,4500.0,4250.0,500.0,11.76470588235294,2026,7,28
Tamil Nadu,Madurai,Melur(Uzhavar Sandhai ),Yam(Ratalu),Yam (Ratalu),Local,2026-07-28,7000.0,8000.0,7500.0,1000.0,13.333333333333334,2026,7,28
Tamil Nadu,Madurai,Melur(Uzhavar Sandhai ),Lemon,Lemon,Local,2026-07-28,6000.0,7000.0,6500.0,1000.0,15.384615384615385,2026,7,28
Tamil Nadu,Salem,Vazhapadi(Uzhavar Sandhai),Papaya,Papaya,Local,2026-07-28,3000.0,3000.0,3000.0,0.0,0.0,2026,7,28
Tamil Nadu,Salem,Vazhapadi(Uzhavar Sandhai),Water Melon,Water Melon,Local,2026-07-28,2000.0,2000.0,2000.0,0.0,0.0,2026,7,28
Tamil Nadu,Salem,Vazhapadi(Uzhavar Sandhai),Banana,Red Banana,Local,2026-07-28,7000.0,8000.0,7500.0,1000.0,13.333333333333334,2026,7,28
Tamil Nadu,Salem,Vazhapadi(Uzhavar Sandhai),Bottle gourd,Bottle Gourd,Local,2026-07-28,1500.0,2000.0,1750.0,500.0,28.57142857142857,2026,7,28
Tamil Nadu,Salem,Vazhapadi(Uzhavar Sandhai),Banana - Green,Banana - Green,Local,2026-07-28,2000.0,2000.0,2000.0,0.0,0.0,2026,7,28
Tamil Nadu,Salem,Vazhapadi(Uzhavar Sandhai),Coconut,Coconut,Local,2026-07-28,5000.0,5500.0,5250.0,500.0,9.523809523809524,2026,7,28
Tamil Nadu,Salem,Vazhapadi(Uzhavar Sandhai),Snakeguard,Snakeguard,Local,2026-07-28,3400.0,3800.0,3600.0,400.0,11.11111111111111,2026,7,28
Tamil Nadu,Salem,Vazhapadi(Uzhavar Sandhai),Raddish,Raddish,Local,2026-07-28,3400.0,3400.0,3400.0,0.0,0.0,2026,7,28
Tamil Nadu,Salem,Vazhapadi(Uzhavar Sandhai),Jack Fruit(Ripe),Jack Fruit,Local,2026-07-28,2500.0,2500.0,2500.0,0.0,0.0,2026,7,28
Tamil Nadu,Karur,Gandhigramam(Uzhavar Sandhai),Onion,Bellary,Local,2026-07-28,3000.0,4000.0,3500.0,1000.0,28.57142857142857,2026,7,28
Tamil Nadu,Karur,Gandhigramam(Uzhavar Sandhai),Ashgourd,Gouard,Local,2026-07-28,2500.0,2800.0,2650.0,300.0,11.320754716981133,2026,7,28
Tamil Nadu,Karur,Gandhigramam(Uzhavar Sandhai),Pumpkin,Pumpkin,Local,2026-07-28,2500.0,2800.0,2650.0,300.0,11.320754716981133,2026,7,28
Tamil Nadu,Karur,Gandhigramam(Uzhavar Sandhai),Bhindi(Ladies Finger),Bhindi,Local,2026-07-28,3500.0,4000.0,3750.0,500.0,13.333333333333334,2026,7,28
Tamil Nadu,Karur,Gandhigramam(Uzhavar Sandhai),Banana - Green,Banana - Green,Local,2026-07-28,2000.0,3000.0,2500.0,1000.0,40.0,2026,7,28
Tamil Nadu,Karur,Gandhigramam(Uzhavar Sandhai),Carrot,Pusakesar,Local,2026-07-28,9500.0,10000.0,9750.0,500.0,5.128205128205128,2026,7,28
Tamil Nadu,Karur,Gandhigramam(Uzhavar Sandhai),Snakeguard,Snakeguard,Local,2026-07-28,3500.0,4000.0,3750.0,500.0,13.333333333333334,2026,7,28
Tamil Nadu,Karur,Gandhigramam(Uzhavar Sandhai),Cucumbar(Kheera),Cucumbar,Local,2026-07-28,4000.0,8000.0,6000.0,4000.0,66.66666666666666,2026,7,28
Tamil Nadu,Karur,Gandhigramam(Uzhavar Sandhai),Ridgeguard(Tori),Ridgeguard(Tori),Local,2026-07-28,5500.0,6000.0,5750.0,500.0,8.695652173913043,2026,7,28
Tamil Nadu,Karur,Gandhigramam(Uzhavar Sandhai),Guava,Guava Allahabad,Local,2026-07-28,5000.0,7000.0,6000.0,2000.0,33.33333333333333,2026,7,28
Tamil Nadu,Pudukkottai,Aranthangi(Uzhavar Sandhai ),Tomato,Deshi,Local,2026-07-28,2000.0,2500.0,2250.0,500.0,22.22222222222222,2026,7,28
Tamil Nadu,Pudukkottai,Aranthangi(Uzhavar Sandhai ),Cluster beans,Cluster Beans,Local,2026-07-28,3500.0,4000.0,3750.0,500.0,13.333333333333334,2026,7,28
Tamil Nadu,Pudukkottai,Aranthangi(Uzhavar Sandhai ),Snakeguard,Snakeguard,Local,2026-07-28,3500.0,4000.0,3750.0,500.0,13.333333333333334,2026,7,28
Tamil Nadu,Pudukkottai,Aranthangi(Uzhavar Sandhai ),Mango(Raw-Ripe),Mango - Raw-Ripe,Local,2026-07-28,3500.0,4000.0,3750.0,500.0,13.333333333333334,2026,7,28
Tamil Nadu,Pudukkottai,Aranthangi(Uzhavar Sandhai ),Jack Fruit(Ripe),Jack Fruit,Local,2026-07-28,1500.0,2000.0,1750.0,500.0,28.57142857142857,2026,7,28
Tamil Nadu,Coimbatore,Sulur(Uzhavar Sandhai ),Brinjal,Round,Local,2026-07-28,5000.0,6000.0,5500.0,1000.0,18.181818181818183,2026,7,28
Tamil Nadu,Coimbatore,Sulur(Uzhavar Sandhai ),Coriander(Leaves),I Sort,Local,2026-07-28,6000.0,6500.0,6250.0,500.0,8.0,2026,7,28
Tamil Nadu,Coimbatore,Sulur(Uzhavar Sandhai ),Tomato,Deshi,Local,2026-07-28,1600.0,2000.0,1800.0,400.0,22.22222222222222,2026,7,28
Tamil Nadu,Coimbatore,Sulur(Uzhavar Sandhai ),Bitter gourd,Bitter Gourd,Local,2026-07-28,6000.0,6500.0,6250.0,500.0,8.0,2026,7,28
Tamil Nadu,Coimbatore,Sulur(Uzhavar Sandhai ),Ashgourd,Gouard,Local,2026-07-28,1600.0,2000.0,1800.0,400.0,22.22222222222222,2026,7,28
Tamil Nadu,Coimbatore,Sulur(Uzhavar Sandhai ),Amaranthus,Amaranthus,Local,2026-07-28,4000.0,5000.0,4500.0,1000.0,22.22222222222222,2026,7,28
Tamil Nadu,Coimbatore,Sulur(Uzhavar Sandhai ),Green Chilli,Green Chilly,Local,2026-07-28,4000.0,5000.0,4500.0,1000.0,22.22222222222222,2026,7,28
Tamil Nadu,Coimbatore,Sulur(Uzhavar Sandhai ),Snakeguard,Snakeguard,Local,2026-07-28,3000.0,3500.0,3250.0,500.0,15.384615384615385,2026,7,28
Tamil Nadu,Coimbatore,Sulur(Uzhavar Sandhai ),Raddish,Raddish,Local,2026-07-28,4000.0,4500.0,4250.0,500.0,11.76470588235294,2026,7,28
Tamil Nadu,Coimbatore,Sulur(Uzhavar Sandhai ),Drumstick,Drumstick,Local,2026-07-28,5000.0,5400.0,5200.0,400.0,7.6923076923076925,2026,7,28
Tamil Nadu,Cuddalore,Panruti(Uzhavar Sandhai ),Mango,Safeda,Local,2026-07-28,5000.0,5000.0,5000.0,0.0,0.0,2026,7,28
Tamil Nadu,Cuddalore,Panruti(Uzhavar Sandhai ),Green Chilli,Green Chilly,Local,2026-07-28,5000.0,5000.0,5000.0,0.0,0.0,2026,7,28
Tamil Nadu,Cuddalore,Panruti(Uzhavar Sandhai ),Mango(Raw-Ripe),Mango - Raw-Ripe,Local,2026-07-28,2500.0,3000.0,2750.0,500.0,18.181818181818183,2026,7,28
Tamil Nadu,Cuddalore,Vadalur(Uzhavar Sandhai ),Banana,Red Banana,Local,2026-07-28,8000.0,8000.0,8000.0,0.0,0.0,2026,7,28
Tamil Nadu,Cuddalore,Vadalur(Uzhavar Sandhai ),Onion,Bellary,Local,2026-07-28,3000.0,4000.0,3500.0,1000.0,28.57142857142857,2026,7,28
Tamil Nadu,Cuddalore,Vadalur(Uzhavar Sandhai ),Coriander(Leaves),I Sort,Local,2026-07-28,6000.0,6000.0,6000.0,0.0,0.0,2026,7,28
Tamil Nadu,Cuddalore,Vadalur(Uzhavar Sandhai ),Green Chilli,Green Chilly,Local,2026-07-28,5000.0,5000.0,5000.0,0.0,0.0,2026,7,28
Tamil Nadu,Cuddalore,Vadalur(Uzhavar Sandhai ),Chow Chow,Chow Chow,Local,2026-07-28,4000.0,4000.0,4000.0,0.0,0.0,2026,7,28
Tamil Nadu,Cuddalore,Vadalur(Uzhavar Sandhai ),Tender Coconut,Tender Coconut,Local,2026-07-28,2500.0,3000.0,2750.0,500.0,18.181818181818183,2026,7,28
Tamil Nadu,Dharmapuri,AJattihalli(Uzhavar Sandhai ),Banana,Red Banana,Local,2026-07-28,8000.0,8000.0,8000.0,0.0,0.0,2026,7,28
Tamil Nadu,Dharmapuri,AJattihalli(Uzhavar Sandhai ),Beans,Beans (Whole),Local,2026-07-28,11800.0,11800.0,11800.0,0.0,0.0,2026,7,28
Tamil Nadu,Dharmapuri,AJattihalli(Uzhavar Sandhai ),Coconut,Coconut,Local,2026-07-28,5500.0,6800.0,6150.0,1300.0,21.138211382113823,2026,7,28
Tamil Nadu,Dharmapuri,AJattihalli(Uzhavar Sandhai ),Carrot,Pusakesar,Local,2026-07-28,8200.0,8200.0,8200.0,0.0,0.0,2026,7,28
Tamil Nadu,Dharmapuri,AJattihalli(Uzhavar Sandhai ),Snakeguard,Snakeguard,Local,2026-07-28,3000.0,3400.0,3200.0,400.0,12.5,2026,7,28
Tamil Nadu,Dharmapuri,AJattihalli(Uzhavar Sandhai ),Cucumbar(Kheera),Cucumbar,Local,2026-07-28,4800.0,4800.0,4800.0,0.0,0.0,2026,7,28
Tamil Nadu,Dharmapuri,AJattihalli(Uzhavar Sandhai ),Raddish,Raddish,Local,2026-07-28,2000.0,2400.0,2200.0,400.0,18.181818181818183,2026,7,28
Tamil Nadu,Dharmapuri,AJattihalli(Uzhavar Sandhai ),Chow Chow,Chow Chow,Local,2026-07-28,4800.0,4800.0,4800.0,0.0,0.0,2026,7,28
Tamil Nadu,Dharmapuri,AJattihalli(Uzhavar Sandhai ),Tender Coconut,Tender Coconut,Local,2026-07-28,3000.0,3500.0,3250.0,500.0,15.384615384615385,2026,7,28
Tamil Nadu,Dharmapuri,AJattihalli(Uzhavar Sandhai ),Amla(Nelli Kai),Amla,Local,2026-07-28,10000.0,10000.0,10000.0,0.0,0.0,2026,7,28
Tamil Nadu,Nagapattinam,Vedaranyam(Uzhavar Sandhai),Brinjal,Round,Local,2026-07-28,4200.0,4500.0,4350.0,300.0,6.896551724137931,2026,7,28
Tamil Nadu,Nagapattinam,Vedaranyam(Uzhavar Sandhai),Ashgourd,Gouard,Local,2026-07-28,2800.0,3000.0,2900.0,200.0,6.896551724137931,2026,7,28
Tamil Nadu,Nagapattinam,Vedaranyam(Uzhavar Sandhai),Banana - Green,Banana - Green,Local,2026-07-28,1600.0,1800.0,1700.0,200.0,11.76470588235294,2026,7,28
Tamil Nadu,Nagapattinam,Vedaranyam(Uzhavar Sandhai),Chow Chow,Chow Chow,Local,2026-07-28,2200.0,2500.0,2350.0,300.0,12.76595744680851,2026,7,28
Tamil Nadu,Nagapattinam,Vedaranyam(Uzhavar Sandhai),Yam(Ratalu),Yam (Ratalu),Local,2026-07-28,5000.0,5500.0,5250.0,500.0,9.523809523809524,2026,7,28
Tamil Nadu,Vellore,Perampet(Uzhavar Sandhai),Papaya,Papaya,Local,2026-07-28,2500.0,3000.0,2750.0,500.0,18.181818181818183,2026,7,28
Tamil Nadu,Vellore,Perampet(Uzhavar Sandhai),Banana,Other,Local,2026-07-28,5000.0,5000.0,5000.0,0.0,0.0,2026,7,28
Tamil Nadu,Vellore,Perampet(Uzhavar Sandhai),Mango,Neelam,Local,2026-07-28,3500.0,4000.0,3750.0,500.0,13.333333333333334,2026,7,28
Tamil Nadu,Vellore,Perampet(Uzhavar Sandhai),Garlic,Garlic,Local,2026-07-28,23000.0,23000.0,23000.0,0.0,0.0,2026,7,28
Tamil Nadu,Vellore,Perampet(Uzhavar Sandhai),Cluster beans,Cluster Beans,Local,2026-07-28,4600.0,4600.0,4600.0,0.0,0.0,2026,7,28
Tamil Nadu,Vellore,Perampet(Uzhavar Sandhai),Amaranthus,Amaranthus,Local,2026-07-28,4000.0,4000.0,4000.0,0.0,0.0,2026,7,28
Tamil Nadu,Vellore,Perampet(Uzhavar Sandhai),Ginger(Green),Green Ginger,Local,2026-07-28,21000.0,21000.0,21000.0,0.0,0.0,2026,7,28
Tamil Nadu,Vellore,Perampet(Uzhavar Sandhai),Sweet Potato,Hosur Red,Local,2026-07-28,3000.0,3000.0,3000.0,0.0,0.0,2026,7,28
Tamil Nadu,Vellore,Perampet(Uzhavar Sandhai),Tender Coconut,Tender Coconut,Local,2026-07-28,2000.0,2500.0,2250.0,500.0,22.22222222222222,2026,7,28
Tamil Nadu,Vellore,Perampet(Uzhavar Sandhai),Elephant Yam(Suran)/Amorphophallus,Elephant Yam (Suran),Local,2026-07-28,6000.0,6000.0,6000.0,0.0,0.0,2026,7,28
Tamil Nadu,Vellore,Perampet(Uzhavar Sandhai),Mint(Pudina),Mint(Pudina),Local,2026-07-28,4000.0,4000.0,4000.0,0.0,0.0,2026,7,28
Maharashtra,Pune,Pune(Pimpri) APMC,Onion,Local,Local,2026-07-28,1500.0,2500.0,2000.0,1000.0,50.0,2026,7,28
Maharashtra,Pune,Pune(Pimpri) APMC,Cabbage,Other,Local,2026-07-28,2200.0,2300.0,2250.0,100.0,4.444444444444445,2026,7,28
Madhya Pradesh,Badwani,Sendhwa(F&V) APMC,Tinda,Tinda,Medium,2026-07-28,700.0,1200.0,900.0,500.0,55.55555555555556,2026,7,28
Madhya Pradesh,Badwani,Sendhwa(F&V) APMC,Tomato,Hybrid,Medium,2026-07-28,1000.0,1800.0,1400.0,800.0,57.14285714285714,2026,7,28
Tamil Nadu,Karur,Kulithalai(Uzhavar Sandhai ),Water Melon,Water Melon,Local,2026-07-28,2500.0,3000.0,2750.0,500.0,18.181818181818183,2026,7,28
Tamil Nadu,Karur,Kulithalai(Uzhavar Sandhai ),Green Chilli,Green Chilly,Local,2026-07-28,5000.0,5600.0,5300.0,600.0,11.320754716981133,2026,7,28
Tamil Nadu,Karur,Kulithalai(Uzhavar Sandhai ),Coconut,Coconut,Local,2026-07-28,4500.0,5000.0,4750.0,500.0,10.526315789473683,2026,7,28
Tamil Nadu,Karur,Kulithalai(Uzhavar Sandhai ),Cucumbar(Kheera),Cucumbar,Local,2026-07-28,6000.0,6500.0,6250.0,500.0,8.0,2026,7,28
Tamil Nadu,Karur,Kulithalai(Uzhavar Sandhai ),Chow Chow,Chow Chow,Local,2026-07-28,3600.0,4000.0,3800.0,400.0,10.526315789473683,2026,7,28
Tamil Nadu,Karur,Kulithalai(Uzhavar Sandhai ),Knool Khol,Knool Khol,Local,2026-07-28,4500.0,5000.0,4750.0,500.0,10.526315789473683,2026,7,28
Tamil Nadu,Karur,Kulithalai(Uzhavar Sandhai ),Colacasia,Colacasia,Local,2026-07-28,5500.0,6000.0,5750.0,500.0,8.695652173913043,2026,7,28
Tamil Nadu,Karur,Kulithalai(Uzhavar Sandhai ),Mashrooms,Mashrooms,Local,2026-07-28,16000.0,20000.0,18000.0,4000.0,22.22222222222222,2026,7,28
Tamil Nadu,Karur,Kulithalai(Uzhavar Sandhai ),Turnip,Turnip,Local,2026-07-28,4000.0,5000.0,4500.0,1000.0,22.22222222222222,2026,7,28
Tamil Nadu,Karur,Kulithalai(Uzhavar Sandhai ),Amla(Nelli Kai),Amla,Local,2026-07-28,7500.0,8000.0,7750.0,500.0,6.451612903225806,2026,7,28
Tamil Nadu,Karur,Pallapatti (Uzhavar Sandhai ),Coconut,Coconut,Local,2026-07-28,4500.0,5000.0,4750.0,500.0,10.526315789473683,2026,7,28
Tamil Nadu,Karur,Pallapatti (Uzhavar Sandhai ),Snakeguard,Snakeguard,Local,2026-07-28,3600.0,4000.0,3800.0,400.0,10.526315789473683,2026,7,28
Tamil Nadu,Karur,Pallapatti (Uzhavar Sandhai ),Ridgeguard(Tori),Ridgeguard(Tori),Local,2026-07-28,5500.0,6000.0,5750.0,500.0,8.695652173913043,2026,7,28
Tamil Nadu,Karur,Pallapatti (Uzhavar Sandhai ),Drumstick,Drumstick,Local,2026-07-28,3200.0,3500.0,3350.0,300.0,8.955223880597014,2026,7,28
Tamil Nadu,Karur,Pallapatti (Uzhavar Sandhai ),Onion Green,Onion Green,Local,2026-07-28,5500.0,6000.0,5750.0,500.0,8.695652173913043,2026,7,28
Andhra Pradesh,Srikakulam,Etcherla APMC,Maize,Deshi White,Local,2026-07-28,2400.0,2400.0,2400.0,0.0,0.0,2026,7,28
Tamil Nadu,Karur,Velayuthampalayam(Uzhavar Sandhai ),Pumpkin,Pumpkin,Local,2026-07-28,2400.0,2800.0,2600.0,400.0,15.384615384615385,2026,7,28
Tamil Nadu,Karur,Velayuthampalayam(Uzhavar Sandhai ),Amaranthus,Amaranthus,Local,2026-07-28,2000.0,2500.0,2250.0,500.0,22.22222222222222,2026,7,28
Tamil Nadu,Karur,Velayuthampalayam(Uzhavar Sandhai ),Snakeguard,Snakeguard,Local,2026-07-28,3400.0,4000.0,3700.0,600.0,16.216216216216218,2026,7,28
Tamil Nadu,Karur,Velayuthampalayam(Uzhavar Sandhai ),Green Avare(W),Other,Local,2026-07-28,9000.0,10000.0,9500.0,1000.0,10.526315789473683,2026,7,28
Tamil Nadu,Karur,Vengamedu(Uzhavar Sandhai ),Brinjal,Other,Local,2026-07-28,5000.0,6000.0,5500.0,1000.0,18.181818181818183,2026,7,28
Tamil Nadu,Karur,Vengamedu(Uzhavar Sandhai ),Amaranthus,Amaranthus,Local,2026-07-28,2000.0,2500.0,2250.0,500.0,22.22222222222222,2026,7,28
Tamil Nadu,Karur,Vengamedu(Uzhavar Sandhai ),Ridgeguard(Tori),Ridgeguard(Tori),Local,2026-07-28,5500.0,6000.0,5750.0,500.0,8.695652173913043,2026,7,28
Tamil Nadu,Karur,Vengamedu(Uzhavar Sandhai ),Elephant Yam(Suran)/Amorphophallus,Elephant Yam (Suran),Local,2026-07-28,4500.0,5000.0,4750.0,500.0,10.526315789473683,2026,7,28
Tamil Nadu,Theni,Devaram(Uzhavar Sandhai ),Mango,Safeda,Local,2026-07-28,4000.0,5000.0,4500.0,1000.0,22.22222222222222,2026,7,28
Tamil Nadu,Theni,Devaram(Uzhavar Sandhai ),Potato,Red Nanital,Local,2026-07-28,2500.0,2500.0,2500.0,0.0,0.0,2026,7,28
Tamil Nadu,Theni,Devaram(Uzhavar Sandhai ),Coriander(Leaves),I Sort,Local,2026-07-28,4800.0,4800.0,4800.0,0.0,0.0,2026,7,28
Tamil Nadu,Theni,Devaram(Uzhavar Sandhai ),Banana - Green,Banana - Green,Local,2026-07-28,3000.0,3200.0,3100.0,200.0,6.451612903225806,2026,7,28
Tamil Nadu,Theni,Devaram(Uzhavar Sandhai ),Coconut,Coconut,Local,2026-07-28,4800.0,4800.0,4800.0,0.0,0.0,2026,7,28
Tamil Nadu,Theni,Devaram(Uzhavar Sandhai ),Cabbage,Cabbage,Local,2026-07-28,4000.0,4000.0,4000.0,0.0,0.0,2026,7,28
Tamil Nadu,Theni,Devaram(Uzhavar Sandhai ),Lemon,Lemon,Local,2026-07-28,4000.0,5000.0,4500.0,1000.0,22.22222222222222,2026,7,28
Tamil Nadu,Salem,Attayampatti(Uzhavar Sandhai ),Groundnut,Big (With Shell),Local,2026-07-28,6000.0,7000.0,6500.0,1000.0,15.384615384615385,2026,7,28
Tamil Nadu,Salem,Attayampatti(Uzhavar Sandhai ),Coriander(Leaves),I Sort,Local,2026-07-28,3500.0,3800.0,3650.0,300.0,8.21917808219178,2026,7,28
Tamil Nadu,Salem,Attayampatti(Uzhavar Sandhai ),Pumpkin,Pumpkin,Local,2026-07-28,2400.0,2400.0,2400.0,0.0,0.0,2026,7,28
Tamil Nadu,Salem,Attayampatti(Uzhavar Sandhai ),Banana - Green,Banana - Green,Local,2026-07-28,2400.0,2400.0,2400.0,0.0,0.0,2026,7,28
Tamil Nadu,Salem,Attayampatti(Uzhavar Sandhai ),Sweet Potato,Hosur Red,Local,2026-07-28,4000.0,4000.0,4000.0,0.0,0.0,2026,7,28
Tamil Nadu,Salem,Attayampatti(Uzhavar Sandhai ),Snakeguard,Snakeguard,Local,2026-07-28,3000.0,3400.0,3200.0,400.0,12.5,2026,7,28
Tamil Nadu,Salem,Attayampatti(Uzhavar Sandhai ),Green Avare(W),Green Avare (W),Local,2026-07-28,5500.0,5800.0,5650.0,300.0,5.3097345132743365,2026,7,28
Tamil Nadu,Sivaganga,Sivagangai (Uzhavar Sandhai ),Potato,Red Nanital,Local,2026-07-28,5800.0,6200.0,6000.0,400.0,6.666666666666667,2026,7,28
Tamil Nadu,Sivaganga,Sivagangai (Uzhavar Sandhai ),Cluster beans,Cluster Beans,Local,2026-07-28,3200.0,3800.0,3500.0,600.0,17.142857142857142,2026,7,28
Tamil Nadu,Sivaganga,Sivagangai (Uzhavar Sandhai ),Carrot,Pusakesar,Local,2026-07-28,6200.0,9200.0,7700.0,3000.0,38.961038961038966,2026,7,28
Tamil Nadu,Sivaganga,Sivagangai (Uzhavar Sandhai ),Beetroot,Beetroot,Local,2026-07-28,5200.0,5600.0,5400.0,400.0,7.4074074074074066,2026,7,28
Tamil Nadu,Sivaganga,Sivagangai (Uzhavar Sandhai ),Green Avare(W),Other,Local,2026-07-28,6200.0,7200.0,6700.0,1000.0,14.925373134328357,2026,7,28
Tamil Nadu,Sivaganga,Sivagangai (Uzhavar Sandhai ),Indian Beans(Seam),Indian Beans (Seam),Local,2026-07-28,5600.0,5600.0,5600.0,0.0,0.0,2026,7,28
Tamil Nadu,Sivaganga,Devakottai (Uzhavar Sandhai ),Chikoos(Sapota),Sapota,Local,2026-07-28,4400.0,6200.0,5300.0,1800.0,33.9622641509434,2026,7,28
Tamil Nadu,Sivaganga,Devakottai (Uzhavar Sandhai ),Papaya,Papaya,Local,2026-07-28,4000.0,4800.0,4400.0,800.0,18.181818181818183,2026,7,28
Tamil Nadu,Sivaganga,Devakottai (Uzhavar Sandhai ),Coriander(Leaves),I Sort,Local,2026-07-28,5200.0,5800.0,5500.0,600.0,10.909090909090908,2026,7,28
Tamil Nadu,Sivaganga,Devakottai (Uzhavar Sandhai ),Banana - Green,Banana - Green,Local,2026-07-28,2500.0,3000.0,2750.0,500.0,18.181818181818183,2026,7,28
Tamil Nadu,Sivaganga,Devakottai (Uzhavar Sandhai ),Beans,Beans (Whole),Local,2026-07-28,8200.0,10200.0,9200.0,2000.0,21.73913043478261,2026,7,28
Tamil Nadu,Sivaganga,Devakottai (Uzhavar Sandhai ),Ginger(Green),Green Ginger,Local,2026-07-28,15200.0,22200.0,18700.0,7000.0,37.4331550802139,2026,7,28
Tamil Nadu,Sivaganga,Devakottai (Uzhavar Sandhai ),Mango(Raw-Ripe),Mango - Raw-Ripe,Local,2026-07-28,3000.0,3800.0,3400.0,800.0,23.52941176470588,2026,7,28
Tamil Nadu,Sivaganga,Devakottai (Uzhavar Sandhai ),Mint(Pudina),Mint(Pudina),Local,2026-07-28,4000.0,4800.0,4400.0,800.0,18.181818181818183,2026,7,28
Tamil Nadu,Salem,Edapadi (Uzhavar Sandhai ),Bottle gourd,Bottle Gourd,Local,2026-07-28,2200.0,2600.0,2400.0,400.0,16.666666666666664,2026,7,28
Tamil Nadu,Salem,Edapadi (Uzhavar Sandhai ),Bhindi(Ladies Finger),Bhindi,Local,2026-07-28,2400.0,2800.0,2600.0,400.0,15.384615384615385,2026,7,28
Tamil Nadu,Salem,Edapadi (Uzhavar Sandhai ),Tapioca,Tapioca,Local,2026-07-28,2500.0,3000.0,2750.0,500.0,18.181818181818183,2026,7,28
Tamil Nadu,Salem,Edapadi (Uzhavar Sandhai ),Coconut,Coconut,Local,2026-07-28,4500.0,5000.0,4750.0,500.0,10.526315789473683,2026,7,28
Tamil Nadu,Salem,Edapadi (Uzhavar Sandhai ),Ridgeguard(Tori),Ridgeguard(Tori),Local,2026-07-28,4500.0,5000.0,4750.0,500.0,10.526315789473683,2026,7,28
Tamil Nadu,Salem,Edapadi (Uzhavar Sandhai ),Thondekai,Thondekai,Local,2026-07-28,3500.0,4000.0,3750.0,500.0,13.333333333333334,2026,7,28
Tamil Nadu,Salem,Edapadi (Uzhavar Sandhai ),Capsicum,Capsicum,Local,2026-07-28,6500.0,7000.0,6750.0,500.0,7.4074074074074066,2026,7,28
Tamil Nadu,Salem,Edapadi (Uzhavar Sandhai ),Drumstick,Drumstick,Local,2026-07-28,4500.0,5000.0,4750.0,500.0,10.526315789473683,2026,7,28
Tamil Nadu,Salem,Edapadi (Uzhavar Sandhai ),Mango(Raw-Ripe),Mango - Raw-Ripe,Local,2026-07-28,4000.0,4500.0,4250.0,500.0,11.76470588235294,2026,7,28
Tamil Nadu,Salem,Elampillai(Uzhavar Sandhai ),Onion,Bellary,Local,2026-07-28,3000.0,4000.0,3500.0,1000.0,28.57142857142857,2026,7,28
Tamil Nadu,Salem,Elampillai(Uzhavar Sandhai ),Potato,Other,Local,2026-07-28,2500.0,3000.0,2750.0,500.0,18.181818181818183,2026,7,28
Tamil Nadu,Salem,Elampillai(Uzhavar Sandhai ),Banana - Green,Banana - Green,Local,2026-07-28,2500.0,3000.0,2750.0,500.0,18.181818181818183,2026,7,28
Tamil Nadu,Salem,Elampillai(Uzhavar Sandhai ),Ginger(Green),Green Ginger,Local,2026-07-28,18000.0,20000.0,19000.0,2000.0,10.526315789473683,2026,7,28
Tamil Nadu,Salem,Elampillai(Uzhavar Sandhai ),Cabbage,Cabbage,Local,2026-07-28,3500.0,4000.0,3750.0,500.0,13.333333333333334,2026,7,28
Tamil Nadu,Salem,Elampillai(Uzhavar Sandhai ),Drumstick,Drumstick,Local,2026-07-28,5000.0,5500.0,5250.0,500.0,9.523809523809524,2026,7,28
Tamil Nadu,Salem,Elampillai(Uzhavar Sandhai ),Guava,Guava Allahabad,Local,2026-07-28,5000.0,6000.0,5500.0,1000.0,18.181818181818183,2026,7,28
Tamil Nadu,Salem,Elampillai(Uzhavar Sandhai ),Marigold(Calcutta),Marigold(Calcutta),Local,2026-07-28,25000.0,28000.0,26500.0,3000.0,11.320754716981133,2026,7,28
Tamil Nadu,Salem,Hasthampatti(Uzhavar Sandhai ),Papaya,Papaya,Local,2026-07-28,3000.0,3500.0,3250.0,500.0,15.384615384615385,2026,7,28
Tamil Nadu,Salem,Hasthampatti(Uzhavar Sandhai ),Tomato,Local,Local,2026-07-28,1500.0,1800.0,1650.0,300.0,18.181818181818183,2026,7,28
Tamil Nadu,Salem,Hasthampatti(Uzhavar Sandhai ),Bottle gourd,Bottle Gourd,Local,2026-07-28,2500.0,2800.0,2650.0,300.0,11.320754716981133,2026,7,28
Tamil Nadu,Salem,Hasthampatti(Uzhavar Sandhai ),Amaranthus,Amaranthus,Local,2026-07-28,2000.0,2400.0,2200.0,400.0,18.181818181818183,2026,7,28
Tamil Nadu,Salem,Hasthampatti(Uzhavar Sandhai ),Ridgeguard(Tori),Ridgeguard(Tori),Local,2026-07-28,4500.0,5000.0,4750.0,500.0,10.526315789473683,2026,7,28
Tamil Nadu,Salem,Hasthampatti(Uzhavar Sandhai ),Tamarind Fruit,Tamarind Fruit,Local,2026-07-28,14000.0,15000.0,14500.0,1000.0,6.896551724137931,2026,7,28
Tamil Nadu,Salem,Hasthampatti(Uzhavar Sandhai ),Elephant Yam(Suran)/Amorphophallus,Elephant Yam (Suran),Local,2026-07-28,3500.0,4000.0,3750.0,500.0,13.333333333333334,2026,7,28
Tamil Nadu,Salem,Hasthampatti(Uzhavar Sandhai ),Indian Beans(Seam),Indian Beans (Seam),Local,2026-07-28,5500.0,6000.0,5750.0,500.0,8.695652173913043,2026,7,28
Tamil Nadu,Salem,Jalagandapuram(Uzhavar Sandhai ),Apple,American,Local,2026-07-28,24000.0,26000.0,25000.0,2000.0,8.0,2026,7,28
Tamil Nadu,Salem,Jalagandapuram(Uzhavar Sandhai ),Potato,Other,Local,2026-07-28,2500.0,2800.0,2650.0,300.0,11.320754716981133,2026,7,28
Tamil Nadu,Salem,Jalagandapuram(Uzhavar Sandhai ),Brinjal,Round,Local,2026-07-28,4500.0,4800.0,4650.0,300.0,6.451612903225806,2026,7,28
Tamil Nadu,Salem,Jalagandapuram(Uzhavar Sandhai ),Ashgourd,Gouard,Local,2026-07-28,2000.0,2400.0,2200.0,400.0,18.181818181818183,2026,7,28
Tamil Nadu,Salem,Jalagandapuram(Uzhavar Sandhai ),Tapioca,Tapioca,Local,2026-07-28,2500.0,3000.0,2750.0,500.0,18.181818181818183,2026,7,28
Tamil Nadu,Salem,Jalagandapuram(Uzhavar Sandhai ),Sweet Potato,Hosur Red,Local,2026-07-28,3500.0,4000.0,3750.0,500.0,13.333333333333334,2026,7,28
Tamil Nadu,Salem,Jalagandapuram(Uzhavar Sandhai ),Carrot,Pusakesar,Local,2026-07-28,8500.0,9000.0,8750.0,500.0,5.714285714285714,2026,7,28
Tamil Nadu,Salem,Jalagandapuram(Uzhavar Sandhai ),Cabbage,Cabbage,Local,2026-07-28,3500.0,4000.0,3750.0,500.0,13.333333333333334,2026,7,28
Tamil Nadu,Salem,Jalagandapuram(Uzhavar Sandhai ),Snakeguard,Snakeguard,Local,2026-07-28,3600.0,3800.0,3700.0,200.0,5.405405405405405,2026,7,28
Tamil Nadu,Salem,Jalagandapuram(Uzhavar Sandhai ),Green Avare(W),Other,Local,2026-07-28,6500.0,7000.0,6750.0,500.0,7.4074074074074066,2026,7,28
Tamil Nadu,Sivaganga,Singampunari(Uzhavar Sandhai ),Brinjal,Other,Local,2026-07-28,5200.0,5600.0,5400.0,400.0,7.4074074074074066,2026,7,28
Tamil Nadu,Sivaganga,Singampunari(Uzhavar Sandhai ),Snakeguard,Snakeguard,Local,2026-07-28,3600.0,4200.0,3900.0,600.0,15.384615384615385,2026,7,28
Tamil Nadu,Sivaganga,Singampunari(Uzhavar Sandhai ),Guava,Guava Allahabad,Local,2026-07-28,7000.0,8000.0,7500.0,1000.0,13.333333333333334,2026,7,28
Tamil Nadu,Sivaganga,Singampunari(Uzhavar Sandhai ),Yam(Ratalu),Yam (Ratalu),Local,2026-07-28,7000.0,8000.0,7500.0,1000.0,13.333333333333334,2026,7,28
Tamil Nadu,Sivaganga,Karaikudi(Uzhavar Sandhai ),Tomato,Deshi,Local,2026-07-28,2400.0,2600.0,2500.0,200.0,8.0,2026,7,28
Tamil Nadu,Sivaganga,Karaikudi(Uzhavar Sandhai ),Bhindi(Ladies Finger),Bhindi,Local,2026-07-28,4600.0,5200.0,4900.0,600.0,12.244897959183673,2026,7,28
Tamil Nadu,Sivaganga,Karaikudi(Uzhavar Sandhai ),Carrot,Pusakesar,Local,2026-07-28,9000.0,9500.0,9250.0,500.0,5.405405405405405,2026,7,28
Tamil Nadu,Thanjavur,Pattukottai(Uzhavar Sandhai ),Tomato,Deshi,Local,2026-07-28,2400.0,2400.0,2400.0,0.0,0.0,2026,7,28
Tamil Nadu,Thanjavur,Pattukottai(Uzhavar Sandhai ),Bottle gourd,Bottle Gourd,Local,2026-07-28,2600.0,2600.0,2600.0,0.0,0.0,2026,7,28
Tamil Nadu,Thanjavur,Pattukottai(Uzhavar Sandhai ),Ashgourd,Gouard,Local,2026-07-28,3000.0,3000.0,3000.0,0.0,0.0,2026,7,28
Tamil Nadu,Thanjavur,Pattukottai(Uzhavar Sandhai ),Coconut,Coconut,Local,2026-07-28,5000.0,5000.0,5000.0,0.0,0.0,2026,7,28
Tamil Nadu,Thanjavur,Pattukottai(Uzhavar Sandhai ),Carrot,Pusakesar,Local,2026-07-28,9800.0,9800.0,9800.0,0.0,0.0,2026,7,28
Tamil Nadu,Thanjavur,Pattukottai(Uzhavar Sandhai ),Cabbage,Cabbage,Local,2026-07-28,4400.0,4400.0,4400.0,0.0,0.0,2026,7,28
Tamil Nadu,Thanjavur,Pattukottai(Uzhavar Sandhai ),Elephant Yam(Suran)/Amorphophallus,Elephant Yam (Suran),Local,2026-07-28,4500.0,4500.0,4500.0,0.0,0.0,2026,7,28
Tamil Nadu,Thiruchirappalli,KKNagar(Uzhavar Sandhai ),Papaya,Papaya,Local,2026-07-28,4800.0,4800.0,4800.0,0.0,0.0,2026,7,28
Tamil Nadu,Thiruchirappalli,KKNagar(Uzhavar Sandhai ),Orange,Darjeeling,Local,2026-07-28,15000.0,15000.0,15000.0,0.0,0.0,2026,7,28
Tamil Nadu,Thiruchirappalli,KKNagar(Uzhavar Sandhai ),Mango,Other,Local,2026-07-28,5000.0,5000.0,5000.0,0.0,0.0,2026,7,28
Tamil Nadu,Thiruchirappalli,KKNagar(Uzhavar Sandhai ),Onion,Bellary,Local,2026-07-28,4400.0,4400.0,4400.0,0.0,0.0,2026,7,28
Tamil Nadu,Thiruchirappalli,KKNagar(Uzhavar Sandhai ),Green Peas,Green Peas,Local,2026-07-28,19000.0,19000.0,19000.0,0.0,0.0,2026,7,28
Tamil Nadu,Thiruchirappalli,KKNagar(Uzhavar Sandhai ),Tomato,Deshi,Local,2026-07-28,2400.0,2400.0,2400.0,0.0,0.0,2026,7,28
Tamil Nadu,Thiruchirappalli,KKNagar(Uzhavar Sandhai ),Amaranthus,Amaranthus,Local,2026-07-28,2000.0,2000.0,2000.0,0.0,0.0,2026,7,28
Tamil Nadu,Thiruchirappalli,KKNagar(Uzhavar Sandhai ),Beans,Beans (Whole),Local,2026-07-28,10000.0,10000.0,10000.0,0.0,0.0,2026,7,28
Tamil Nadu,Thiruchirappalli,KKNagar(Uzhavar Sandhai ),Ginger(Green),Green Ginger,Local,2026-07-28,22000.0,22000.0,22000.0,0.0,0.0,2026,7,28
Tamil Nadu,Thiruchirappalli,KKNagar(Uzhavar Sandhai ),Beetroot,Beetroot,Local,2026-07-28,5400.0,5400.0,5400.0,0.0,0.0,2026,7,28
Tamil Nadu,Thiruchirappalli,KKNagar(Uzhavar Sandhai ),Knool Khol,Knool Khol,Local,2026-07-28,4000.0,4000.0,4000.0,0.0,0.0,2026,7,28
Tamil Nadu,Thiruchirappalli,KKNagar(Uzhavar Sandhai ),Pomegranate,Pomogranate,Local,2026-07-28,24000.0,24000.0,24000.0,0.0,0.0,2026,7,28
Tamil Nadu,Thiruchirappalli,KKNagar(Uzhavar Sandhai ),Tamarind Fruit,Tamarind Fruit,Local,2026-07-28,15000.0,15000.0,15000.0,0.0,0.0,2026,7,28
Tamil Nadu,Thiruchirappalli,KKNagar(Uzhavar Sandhai ),Lemon,Lemon,Local,2026-07-28,5000.0,5000.0,5000.0,0.0,0.0,2026,7,28
Tamil Nadu,Thiruchirappalli,KKNagar(Uzhavar Sandhai ),Mashrooms,Mashrooms,Local,2026-07-28,22000.0,22000.0,22000.0,0.0,0.0,2026,7,28
Tamil Nadu,Thiruchirappalli,KKNagar(Uzhavar Sandhai ),Amla(Nelli Kai),Amla,Local,2026-07-28,8000.0,8000.0,8000.0,0.0,0.0,2026,7,28
Tamil Nadu,Thiruchirappalli,Lalgudi(Uzhavar Sandhai ),Cauliflower,Ranchi,Local,2026-07-28,4000.0,4000.0,4000.0,0.0,0.0,2026,7,28
Tamil Nadu,Thiruchirappalli,Lalgudi(Uzhavar Sandhai ),Tomato,Local,Local,2026-07-28,2400.0,2400.0,2400.0,0.0,0.0,2026,7,28
Tamil Nadu,Thiruchirappalli,Lalgudi(Uzhavar Sandhai ),Cluster beans,Cluster Beans,Local,2026-07-28,4600.0,4600.0,4600.0,0.0,0.0,2026,7,28
Tamil Nadu,Thiruchirappalli,Lalgudi(Uzhavar Sandhai ),Bottle gourd,Bottle Gourd,Local,2026-07-28,3000.0,3000.0,3000.0,0.0,0.0,2026,7,28
Tamil Nadu,Thiruchirappalli,Lalgudi(Uzhavar Sandhai ),Thondekai,Thondekai,Local,2026-07-28,5600.0,5600.0,5600.0,0.0,0.0,2026,7,28
Tamil Nadu,Thiruchirappalli,Lalgudi(Uzhavar Sandhai ),Green Avare(W),Other,Local,2026-07-28,7000.0,7000.0,7000.0,0.0,0.0,2026,7,28
Tamil Nadu,Thiruchirappalli,Lalgudi(Uzhavar Sandhai ),Knool Khol,Knool Khol,Local,2026-07-28,4000.0,4000.0,4000.0,0.0,0.0,2026,7,28
Tamil Nadu,Thiruchirappalli,Lalgudi(Uzhavar Sandhai ),Guava,Guava Allahabad,Local,2026-07-28,9000.0,9000.0,9000.0,0.0,0.0,2026,7,28
Tamil Nadu,Thiruchirappalli,Manachanallur(Uzhavar Sandhai ),Beans,Beans (Whole),Local,2026-07-28,9000.0,10000.0,9500.0,1000.0,10.526315789473683,2026,7,28
Tamil Nadu,Thiruchirappalli,Manachanallur(Uzhavar Sandhai ),Coconut,Coconut,Local,2026-07-28,6000.0,6000.0,6000.0,0.0,0.0,2026,7,28
Tamil Nadu,Thiruchirappalli,Manachanallur(Uzhavar Sandhai ),Sweet Potato,Hosur Red,Local,2026-07-28,4500.0,4500.0,4500.0,0.0,0.0,2026,7,28
Tamil Nadu,Thiruchirappalli,Manapparai(Uzhavar Sandhai ),Grapes,Annabesahai,Local,2026-07-28,8000.0,8000.0,8000.0,0.0,0.0,2026,7,28
Tamil Nadu,Thiruchirappalli,Manapparai(Uzhavar Sandhai ),Chikoos(Sapota),Sapota,Local,2026-07-28,4000.0,4000.0,4000.0,0.0,0.0,2026,7,28
Tamil Nadu,Thiruchirappalli,Manapparai(Uzhavar Sandhai ),Cluster beans,Cluster Beans,Local,2026-07-28,4000.0,4000.0,4000.0,0.0,0.0,2026,7,28
Tamil Nadu,Thiruchirappalli,Manapparai(Uzhavar Sandhai ),Bitter gourd,Other,Local,2026-07-28,7000.0,7000.0,7000.0,0.0,0.0,2026,7,28
Tamil Nadu,Thiruchirappalli,Manapparai(Uzhavar Sandhai ),Ashgourd,Gouard,Local,2026-07-28,2400.0,2400.0,2400.0,0.0,0.0,2026,7,28
Tamil Nadu,Thiruchirappalli,Manapparai(Uzhavar Sandhai ),Pumpkin,Pumpkin,Local,2026-07-28,2000.0,2000.0,2000.0,0.0,0.0,2026,7,28
Tamil Nadu,Thiruchirappalli,Manapparai(Uzhavar Sandhai ),Bhindi(Ladies Finger),Bhindi,Local,2026-07-28,3600.0,4000.0,3800.0,400.0,10.526315789473683,2026,7,28
Tamil Nadu,Thiruchirappalli,Manapparai(Uzhavar Sandhai ),Banana - Green,Banana - Green,Local,2026-07-28,3000.0,3000.0,3000.0,0.0,0.0,2026,7,28
Tamil Nadu,Thiruchirappalli,Manapparai(Uzhavar Sandhai ),Coconut,Coconut,Local,2026-07-28,6000.0,6000.0,6000.0,0.0,0.0,2026,7,28
Tamil Nadu,Thiruchirappalli,Manapparai(Uzhavar Sandhai ),Beetroot,Beetroot,Local,2026-07-28,5000.0,5000.0,5000.0,0.0,0.0,2026,7,28
Tamil Nadu,Thiruchirappalli,Musiri(Uzhavar Sandhai ),Tomato,Deshi,Local,2026-07-28,1800.0,2400.0,2100.0,600.0,28.57142857142857,2026,7,28
Tamil Nadu,Thiruchirappalli,Musiri(Uzhavar Sandhai ),Ginger(Green),Green Ginger,Local,2026-07-28,19000.0,20000.0,19500.0,1000.0,5.128205128205128,2026,7,28
Tamil Nadu,Thiruchirappalli,Musiri(Uzhavar Sandhai ),Sweet Potato,Hosur Red,Local,2026-07-28,4000.0,4600.0,4300.0,600.0,13.953488372093023,2026,7,28
Tamil Nadu,Thiruchirappalli,Musiri(Uzhavar Sandhai ),Cabbage,Cabbage,Local,2026-07-28,4000.0,4500.0,4250.0,500.0,11.76470588235294,2026,7,28
Tamil Nadu,Thiruchirappalli,Musiri(Uzhavar Sandhai ),Green Avare(W),Green Avare (W),Local,2026-07-28,6000.0,6500.0,6250.0,500.0,8.0,2026,7,28
Tamil Nadu,Thiruchirappalli,Musiri(Uzhavar Sandhai ),Colacasia,Colacasia,Local,2026-07-28,4000.0,4600.0,4300.0,600.0,13.953488372093023,2026,7,28
Tamil Nadu,Thiruchirappalli,Musiri(Uzhavar Sandhai ),Turnip,Turnip,Local,2026-07-28,3000.0,3600.0,3300.0,600.0,18.181818181818183,2026,7,28
Tamil Nadu,Thiruchirappalli,Thiruverumbur(Uzhavar Sandhai ),Coriander(Leaves),I Sort,Local,2026-07-28,4000.0,4000.0,4000.0,0.0,0.0,2026,7,28
Tamil Nadu,Thiruchirappalli,Thiruverumbur(Uzhavar Sandhai ),Green Chilli,Green Chilly,Local,2026-07-28,5000.0,5000.0,5000.0,0.0,0.0,2026,7,28
Tamil Nadu,Thiruchirappalli,Thiruverumbur(Uzhavar Sandhai ),Cowpea(Veg),Cowpea (Veg),Local,2026-07-28,4000.0,4000.0,4000.0,0.0,0.0,2026,7,28
Tamil Nadu,Thiruchirappalli,Thiruverumbur(Uzhavar Sandhai ),Ginger(Green),Green Ginger,Local,2026-07-28,22000.0,22000.0,22000.0,0.0,0.0,2026,7,28
Tamil Nadu,Thiruchirappalli,Thiruverumbur(Uzhavar Sandhai ),Carrot,Pusakesar,Local,2026-07-28,10000.0,10000.0,10000.0,0.0,0.0,2026,7,28
Tamil Nadu,Thiruchirappalli,Thiruverumbur(Uzhavar Sandhai ),Chow Chow,Chow Chow,Local,2026-07-28,4000.0,4000.0,4000.0,0.0,0.0,2026,7,28
Tamil Nadu,Thiruchirappalli,Thiruverumbur(Uzhavar Sandhai ),Mint(Pudina),Mint(Pudina),Local,2026-07-28,6500.0,6500.0,6500.0,0.0,0.0,2026,7,28
Tamil Nadu,Virudhunagar,Rajapalayam(Uzhavar Sandhai ),Banana,Besrai,Local,2026-07-28,3500.0,4000.0,3750.0,500.0,13.333333333333334,2026,7,28
Tamil Nadu,Virudhunagar,Rajapalayam(Uzhavar Sandhai ),Ashgourd,Gouard,Local,2026-07-28,2500.0,3000.0,2750.0,500.0,18.181818181818183,2026,7,28
Tamil Nadu,Virudhunagar,Rajapalayam(Uzhavar Sandhai ),Banana - Green,Banana - Green,Local,2026-07-28,3000.0,3600.0,3300.0,600.0,18.181818181818183,2026,7,28
Tamil Nadu,Virudhunagar,Rajapalayam(Uzhavar Sandhai ),Ginger(Green),Green Ginger,Local,2026-07-28,21000.0,22000.0,21500.0,1000.0,4.651162790697675,2026,7,28
Tamil Nadu,Virudhunagar,Rajapalayam(Uzhavar Sandhai ),Ridgeguard(Tori),Ridgeguard(Tori),Local,2026-07-28,5000.0,6000.0,5500.0,1000.0,18.181818181818183,2026,7,28
Tamil Nadu,Virudhunagar,Rajapalayam(Uzhavar Sandhai ),Chow Chow,Chow Chow,Local,2026-07-28,3500.0,4000.0,3750.0,500.0,13.333333333333334,2026,7,28
Tamil Nadu,Virudhunagar,Rajapalayam(Uzhavar Sandhai ),Yam(Ratalu),Yam (Ratalu),Local,2026-07-28,9000.0,10000.0,9500.0,1000.0,10.526315789473683,2026,7,28
Tamil Nadu,Virudhunagar,Rajapalayam(Uzhavar Sandhai ),Colacasia,Colacasia,Local,2026-07-28,5000.0,6000.0,5500.0,1000.0,18.181818181818183,2026,7,28
Tamil Nadu,Virudhunagar,Rajapalayam(Uzhavar Sandhai ),Mint(Pudina),Mint(Pudina),Local,2026-07-28,6000.0,7000.0,6500.0,1000.0,15.384615384615385,2026,7,28
Tamil Nadu,Virudhunagar,Sathur(Uzhavar Sandhai ),Bhindi(Ladies Finger),Bhindi,Local,2026-07-28,3500.0,4000.0,3750.0,500.0,13.333333333333334,2026,7,28
Tamil Nadu,Virudhunagar,Sathur(Uzhavar Sandhai ),Banana - Green,Banana - Green,Local,2026-07-28,3500.0,4000.0,3750.0,500.0,13.333333333333334,2026,7,28
Tamil Nadu,Virudhunagar,Sathur(Uzhavar Sandhai ),Beans,Beans (Whole),Local,2026-07-28,8500.0,9000.0,8750.0,500.0,5.714285714285714,2026,7,28
Tamil Nadu,Virudhunagar,Sathur(Uzhavar Sandhai ),Coconut,Coconut,Local,2026-07-28,5500.0,6000.0,5750.0,500.0,8.695652173913043,2026,7,28
Tamil Nadu,Virudhunagar,Sathur(Uzhavar Sandhai ),Drumstick,Drumstick,Local,2026-07-28,4500.0,5000.0,4750.0,500.0,10.526315789473683,2026,7,28
Tamil Nadu,Virudhunagar,Thalavaipuram(Uzhavar Sandhai ),Cauliflower,Ranchi,Local,2026-07-28,2500.0,3000.0,2750.0,500.0,18.181818181818183,2026,7,28
Tamil Nadu,Virudhunagar,Thalavaipuram(Uzhavar Sandhai ),Coriander(Leaves),I Sort,Local,2026-07-28,5000.0,6000.0,5500.0,1000.0,18.181818181818183,2026,7,28
Tamil Nadu,Virudhunagar,Thalavaipuram(Uzhavar Sandhai ),Chikoos(Sapota),Sapota,Local,2026-07-28,3000.0,3500.0,3250.0,500.0,15.384615384615385,2026,7,28
Tamil Nadu,Virudhunagar,Thalavaipuram(Uzhavar Sandhai ),Cluster beans,Cluster Beans,Local,2026-07-28,2500.0,3000.0,2750.0,500.0,18.181818181818183,2026,7,28
Tamil Nadu,Virudhunagar,Thalavaipuram(Uzhavar Sandhai ),Amaranthus,Amaranthus,Local,2026-07-28,2500.0,3000.0,2750.0,500.0,18.181818181818183,2026,7,28
Tamil Nadu,Virudhunagar,Thalavaipuram(Uzhavar Sandhai ),Carrot,Pusakesar,Local,2026-07-28,5000.0,6000.0,5500.0,1000.0,18.181818181818183,2026,7,28
Tamil Nadu,Virudhunagar,Thalavaipuram(Uzhavar Sandhai ),Raddish,Raddish,Local,2026-07-28,3500.0,4000.0,3750.0,500.0,13.333333333333334,2026,7,28
Tamil Nadu,Virudhunagar,Thalavaipuram(Uzhavar Sandhai ),Drumstick,Drumstick,Local,2026-07-28,5000.0,6000.0,5500.0,1000.0,18.181818181818183,2026,7,28
Tamil Nadu,Virudhunagar,Thalavaipuram(Uzhavar Sandhai ),Guava,Guava Allahabad,Local,2026-07-28,3500.0,4000.0,3750.0,500.0,13.333333333333334,2026,7,28
Tamil Nadu,Virudhunagar,Thalavaipuram(Uzhavar Sandhai ),Elephant Yam(Suran)/Amorphophallus,Elephant Yam (Suran),Local,2026-07-28,4500.0,5000.0,4750.0,500.0,10.526315789473683,2026,7,28
Tamil Nadu,Virudhunagar,Thalavaipuram(Uzhavar Sandhai ),Yam(Ratalu),Yam (Ratalu),Local,2026-07-28,8000.0,10000.0,9000.0,2000.0,22.22222222222222,2026,7,28
Tamil Nadu,Virudhunagar,Thalavaipuram(Uzhavar Sandhai ),Mint(Pudina),Mint(Pudina),Local,2026-07-28,6000.0,7000.0,6500.0,1000.0,15.384615384615385,2026,7,28
Tamil Nadu,Chengalpattu,Nanganallur(Uzhavar Sandhai ),Orange,Darjeeling,Local,2026-07-28,11000.0,12000.0,11500.0,1000.0,8.695652173913043,2026,7,28
Tamil Nadu,Chengalpattu,Nanganallur(Uzhavar Sandhai ),Pineapple,Pine Apple,Local,2026-07-28,5500.0,6000.0,5750.0,500.0,8.695652173913043,2026,7,28
Tamil Nadu,Chengalpattu,Nanganallur(Uzhavar Sandhai ),Garlic,Garlic,Local,2026-07-28,19000.0,20000.0,19500.0,1000.0,5.128205128205128,2026,7,28
Tamil Nadu,Chengalpattu,Nanganallur(Uzhavar Sandhai ),Coriander(Leaves),I Sort,Local,2026-07-28,3500.0,4000.0,3750.0,500.0,13.333333333333334,2026,7,28
Tamil Nadu,Chengalpattu,Nanganallur(Uzhavar Sandhai ),Amaranthus,Amaranthus,Local,2026-07-28,2000.0,2500.0,2250.0,500.0,22.22222222222222,2026,7,28
Tamil Nadu,Chengalpattu,Nanganallur(Uzhavar Sandhai ),Coconut,Coconut,Local,2026-07-28,6500.0,7000.0,6750.0,500.0,7.4074074074074066,2026,7,28
Tamil Nadu,Chengalpattu,Nanganallur(Uzhavar Sandhai ),Sweet Potato,Hosur Red,Local,2026-07-28,5500.0,6000.0,5750.0,500.0,8.695652173913043,2026,7,28
Tamil Nadu,Chengalpattu,Nanganallur(Uzhavar Sandhai ),Carrot,Pusakesar,Local,2026-07-28,9000.0,10000.0,9500.0,1000.0,10.526315789473683,2026,7,28
Tamil Nadu,Chengalpattu,Nanganallur(Uzhavar Sandhai ),Marigold(Calcutta),Marigold(Calcutta),Local,2026-07-28,31000.0,32000.0,31500.0,1000.0,3.1746031746031744,2026,7,28
Tamil Nadu,Chengalpattu,Nanganallur(Uzhavar Sandhai ),Mint(Pudina),Mint(Pudina),Local,2026-07-28,3500.0,4000.0,3750.0,500.0,13.333333333333334,2026,7,28
Tamil Nadu,Chengalpattu,Pallavaram(Uzhavar Sandhai ),Green Peas,Green Peas,Local,2026-07-28,17000.0,19000.0,18000.0,2000.0,11.11111111111111,2026,7,28
Tamil Nadu,Chengalpattu,Pallavaram(Uzhavar Sandhai ),Bottle gourd,Bottle Gourd,Local,2026-07-28,3500.0,4000.0,3750.0,500.0,13.333333333333334,2026,7,28
Tamil Nadu,Chengalpattu,Pallavaram(Uzhavar Sandhai ),Ashgourd,Gouard,Local,2026-07-28,2200.0,2500.0,2350.0,300.0,12.76595744680851,2026,7,28
Tamil Nadu,Chengalpattu,Pallavaram(Uzhavar Sandhai ),Green Chilli,Green Chilly,Local,2026-07-28,5000.0,6000.0,5500.0,1000.0,18.181818181818183,2026,7,28
Tamil Nadu,Chengalpattu,Pallavaram(Uzhavar Sandhai ),Banana - Green,Banana - Green,Local,2026-07-28,3500.0,4000.0,3750.0,500.0,13.333333333333334,2026,7,28
Tamil Nadu,Chengalpattu,Pallavaram(Uzhavar Sandhai ),Beans,Beans (Whole),Local,2026-07-28,8000.0,10000.0,9000.0,2000.0,22.22222222222222,2026,7,28
Tamil Nadu,Chengalpattu,Pallavaram(Uzhavar Sandhai ),Coconut,Coconut,Local,2026-07-28,6000.0,7000.0,6500.0,1000.0,15.384615384615385,2026,7,28
Tamil Nadu,Chengalpattu,Pallavaram(Uzhavar Sandhai ),Sweet Potato,Hosur Red,Local,2026-07-28,5000.0,6000.0,5500.0,1000.0,18.181818181818183,2026,7,28
Tamil Nadu,Chengalpattu,Pallavaram(Uzhavar Sandhai ),Yam(Ratalu),Yam (Ratalu),Local,2026-07-28,5000.0,6000.0,5500.0,1000.0,18.181818181818183,2026,7,28
Tamil Nadu,Chengalpattu,Pallavaram(Uzhavar Sandhai ),Indian Beans(Seam),Indian Beans (Seam),Local,2026-07-28,10000.0,12000.0,11000.0,2000.0,18.181818181818183,2026,7,28
Tamil Nadu,Chengalpattu,Pallavaram(Uzhavar Sandhai ),Colacasia,Colacasia,Local,2026-07-28,4000.0,5000.0,4500.0,1000.0,22.22222222222222,2026,7,28
Tamil Nadu,Chengalpattu,Pallavaram(Uzhavar Sandhai ),Amla(Nelli Kai),Amla,Local,2026-07-28,10000.0,12000.0,11000.0,2000.0,18.181818181818183,2026,7,28
Tamil Nadu,Nagercoil (Kannyiakumari),Myladi(Uzhavar Sandhai ),Bitter gourd,Bitter Gourd,Local,2026-07-28,7000.0,8000.0,7500.0,1000.0,13.333333333333334,2026,7,28
Tamil Nadu,Nagercoil (Kannyiakumari),Myladi(Uzhavar Sandhai ),Ashgourd,Gouard,Local,2026-07-28,2200.0,2500.0,2350.0,300.0,12.76595744680851,2026,7,28
Tamil Nadu,Nagercoil (Kannyiakumari),Myladi(Uzhavar Sandhai ),Green Chilli,Green Chilly,Local,2026-07-28,5500.0,6000.0,5750.0,500.0,8.695652173913043,2026,7,28
Tamil Nadu,Nagercoil (Kannyiakumari),Myladi(Uzhavar Sandhai ),Beetroot,Beetroot,Local,2026-07-28,5000.0,5500.0,5250.0,500.0,9.523809523809524,2026,7,28
Tamil Nadu,Nagercoil (Kannyiakumari),Myladi(Uzhavar Sandhai ),Mango(Raw-Ripe),Mango - Raw-Ripe,Local,2026-07-28,4000.0,4500.0,4250.0,500.0,11.76470588235294,2026,7,28
Tamil Nadu,Nagercoil (Kannyiakumari),Myladi(Uzhavar Sandhai ),Elephant Yam(Suran)/Amorphophallus,Elephant Yam (Suran),Local,2026-07-28,4500.0,5000.0,4750.0,500.0,10.526315789473683,2026,7,28
Tamil Nadu,Chengalpattu,Jameenrayapettai(Uzhavar Sandhai ),Banana,Red Banana,Local,2026-07-28,7000.0,8000.0,7500.0,1000.0,13.333333333333334,2026,7,28
Tamil Nadu,Chengalpattu,Jameenrayapettai(Uzhavar Sandhai ),Mango,Neelam,Local,2026-07-28,5000.0,6000.0,5500.0,1000.0,18.181818181818183,2026,7,28
Tamil Nadu,Chengalpattu,Jameenrayapettai(Uzhavar Sandhai ),Onion,Bellary,Local,2026-07-28,3500.0,4000.0,3750.0,500.0,13.333333333333334,2026,7,28
Tamil Nadu,Chengalpattu,Jameenrayapettai(Uzhavar Sandhai ),Brinjal,Round,Local,2026-07-28,3500.0,4000.0,3750.0,500.0,13.333333333333334,2026,7,28
Tamil Nadu,Chengalpattu,Jameenrayapettai(Uzhavar Sandhai ),Tapioca,Tapioca,Local,2026-07-28,3500.0,4000.0,3750.0,500.0,13.333333333333334,2026,7,28
Tamil Nadu,Chengalpattu,Jameenrayapettai(Uzhavar Sandhai ),Beetroot,Beetroot,Local,2026-07-28,4000.0,5000.0,4500.0,1000.0,22.22222222222222,2026,7,28
Tamil Nadu,Chengalpattu,Jameenrayapettai(Uzhavar Sandhai ),Cucumbar(Kheera),Cucumbar,Local,2026-07-28,5000.0,6000.0,5500.0,1000.0,18.181818181818183,2026,7,28
Tamil Nadu,Chengalpattu,Jameenrayapettai(Uzhavar Sandhai ),Raddish,Raddish,Local,2026-07-28,4000.0,5000.0,4500.0,1000.0,22.22222222222222,2026,7,28
Tamil Nadu,Chengalpattu,Jameenrayapettai(Uzhavar Sandhai ),Guava,Guava Allahabad,Local,2026-07-28,5000.0,6000.0,5500.0,1000.0,18.181818181818183,2026,7,28
Tamil Nadu,Chengalpattu,Jameenrayapettai(Uzhavar Sandhai ),Pomegranate,Pomogranate,Local,2026-07-28,20000.0,22000.0,21000.0,2000.0,9.523809523809524,2026,7,28
Tamil Nadu,Chengalpattu,Jameenrayapettai(Uzhavar Sandhai ),Onion Green,Onion Green,Local,2026-07-28,6000.0,7000.0,6500.0,1000.0,15.384615384615385,2026,7,28
Tamil Nadu,Chengalpattu,Guduvancheri(Uzhavar Sandhai ),Potato,Other,Local,2026-07-28,2500.0,3000.0,2750.0,500.0,18.181818181818183,2026,7,28
Tamil Nadu,Chengalpattu,Guduvancheri(Uzhavar Sandhai ),Ashgourd,Gouard,Local,2026-07-28,2000.0,2500.0,2250.0,500.0,22.22222222222222,2026,7,28
Tamil Nadu,Chengalpattu,Guduvancheri(Uzhavar Sandhai ),Tapioca,Tapioca,Local,2026-07-28,3500.0,4000.0,3750.0,500.0,13.333333333333334,2026,7,28
Tamil Nadu,Chengalpattu,Guduvancheri(Uzhavar Sandhai ),Snakeguard,Snakeguard,Local,2026-07-28,4000.0,5000.0,4500.0,1000.0,22.22222222222222,2026,7,28
Tamil Nadu,Chengalpattu,Guduvancheri(Uzhavar Sandhai ),Capsicum,Capsicum,Local,2026-07-28,6000.0,7000.0,6500.0,1000.0,15.384615384615385,2026,7,28
Tamil Nadu,Chengalpattu,Guduvancheri(Uzhavar Sandhai ),Pomegranate,Pomogranate,Local,2026-07-28,21000.0,22000.0,21500.0,1000.0,4.651162790697675,2026,7,28
Tamil Nadu,Thirupur,Dharapuram(Uzhavar Sandhai ),Groundnut,Big (With Shell),Local,2026-07-28,6000.0,6000.0,6000.0,0.0,0.0,2026,7,28
Tamil Nadu,Thirupur,Dharapuram(Uzhavar Sandhai ),Cauliflower,Ranchi,Local,2026-07-28,3400.0,3400.0,3400.0,0.0,0.0,2026,7,28
Tamil Nadu,Thirupur,Dharapuram(Uzhavar Sandhai ),Tomato,Deshi,Local,2026-07-28,2000.0,2000.0,2000.0,0.0,0.0,2026,7,28
Tamil Nadu,Thirupur,Dharapuram(Uzhavar Sandhai ),Cluster beans,Cluster Beans,Local,2026-07-28,4200.0,4200.0,4200.0,0.0,0.0,2026,7,28
Tamil Nadu,Thirupur,Dharapuram(Uzhavar Sandhai ),Amaranthus,Amaranthus,Local,2026-07-28,2500.0,2500.0,2500.0,0.0,0.0,2026,7,28
Tamil Nadu,Thirupur,Dharapuram(Uzhavar Sandhai ),Ginger(Green),Green Ginger,Local,2026-07-28,18700.0,18700.0,18700.0,0.0,0.0,2026,7,28
Tamil Nadu,Thirupur,Dharapuram(Uzhavar Sandhai ),Guava,Guava Allahabad,Local,2026-07-28,4500.0,4500.0,4500.0,0.0,0.0,2026,7,28
Tamil Nadu,Thirupur,Palladam(Uzhavar Sandhai ),Papaya,Papaya,Local,2026-07-28,2000.0,2500.0,2250.0,500.0,22.22222222222222,2026,7,28
Tamil Nadu,Thirupur,Palladam(Uzhavar Sandhai ),Banana,Poovan,Local,2026-07-28,3000.0,4000.0,3500.0,1000.0,28.57142857142857,2026,7,28
Tamil Nadu,Thirupur,Palladam(Uzhavar Sandhai ),Potato,Other,Local,2026-07-28,2500.0,3000.0,2750.0,500.0,18.181818181818183,2026,7,28
Tamil Nadu,Thirupur,Palladam(Uzhavar Sandhai ),Tomato,Local,Local,2026-07-28,1500.0,2000.0,1750.0,500.0,28.57142857142857,2026,7,28
Tamil Nadu,Thirupur,Palladam(Uzhavar Sandhai ),Pumpkin,Pumpkin,Local,2026-07-28,1500.0,2000.0,1750.0,500.0,28.57142857142857,2026,7,28
Tamil Nadu,Thirupur,Palladam(Uzhavar Sandhai ),Amaranthus,Amaranthus,Local,2026-07-28,2500.0,3000.0,2750.0,500.0,18.181818181818183,2026,7,28
Tamil Nadu,Thirupur,Palladam(Uzhavar Sandhai ),Coconut,Coconut,Local,2026-07-28,4500.0,5000.0,4750.0,500.0,10.526315789473683,2026,7,28
Tamil Nadu,Thirupur,Palladam(Uzhavar Sandhai ),Ridgeguard(Tori),Ridgeguard(Tori),Local,2026-07-28,4000.0,5000.0,4500.0,1000.0,22.22222222222222,2026,7,28
Tamil Nadu,Thirupur,Palladam(Uzhavar Sandhai ),Mint(Pudina),Mint(Pudina),Local,2026-07-28,2500.0,3000.0,2750.0,500.0,18.181818181818183,2026,7,28
Andhra Pradesh,YSR Kadapa,Simhadhripuram APMC,Maize,Hybrid/Local,FAQ,2026-07-28,2050.0,2150.0,2100.0,100.0,4.761904761904762,2026,7,28
Tamil Nadu,Kallakuruchi,Kallakurichi(Uzhavar Sandhai ),Groundnut,Big (With Shell),Local,2026-07-28,7000.0,7000.0,7000.0,0.0,0.0,2026,7,28
Tamil Nadu,Kallakuruchi,Kallakurichi(Uzhavar Sandhai ),Cauliflower,Ranchi,Local,2026-07-28,3000.0,3000.0,3000.0,0.0,0.0,2026,7,28
Tamil Nadu,Kallakuruchi,Kallakurichi(Uzhavar Sandhai ),Brinjal,Other,Local,2026-07-28,6000.0,6000.0,6000.0,0.0,0.0,2026,7,28
Tamil Nadu,Kallakuruchi,Kallakurichi(Uzhavar Sandhai ),Green Chilli,Green Chilly,Local,2026-07-28,5000.0,5000.0,5000.0,0.0,0.0,2026,7,28
Tamil Nadu,Kallakuruchi,Kallakurichi(Uzhavar Sandhai ),Coconut,Coconut,Local,2026-07-28,6000.0,6000.0,6000.0,0.0,0.0,2026,7,28
Tamil Nadu,Kallakuruchi,Kallakurichi(Uzhavar Sandhai ),Carrot,Pusakesar,Local,2026-07-28,10000.0,10000.0,10000.0,0.0,0.0,2026,7,28
Tamil Nadu,Kallakuruchi,Kallakurichi(Uzhavar Sandhai ),Ridgeguard(Tori),Ridgeguard(Tori),Local,2026-07-28,6000.0,6000.0,6000.0,0.0,0.0,2026,7,28
Tamil Nadu,Kallakuruchi,Kallakurichi(Uzhavar Sandhai ),Thondekai,Thondekai,Local,2026-07-28,5000.0,5000.0,5000.0,0.0,0.0,2026,7,28
Tamil Nadu,Kallakuruchi,Kallakurichi(Uzhavar Sandhai ),Capsicum,Capsicum,Local,2026-07-28,5000.0,5000.0,5000.0,0.0,0.0,2026,7,28
Tamil Nadu,Kallakuruchi,Kallakurichi(Uzhavar Sandhai ),Green Avare(W),Green Avare (W),Local,2026-07-28,8000.0,8000.0,8000.0,0.0,0.0,2026,7,28
Tamil Nadu,Kallakuruchi,Kallakurichi(Uzhavar Sandhai ),Guava,Guava Allahabad,Local,2026-07-28,5000.0,5000.0,5000.0,0.0,0.0,2026,7,28
Tamil Nadu,Kallakuruchi,Kallakurichi(Uzhavar Sandhai ),Custard Apple(Sharifa),Custard Apple(Sharifa),Local,2026-07-28,5000.0,5000.0,5000.0,0.0,0.0,2026,7,28
Andhra Pradesh,Sri Sathya Sai,Dharmavaram APMC,Groundnut,Local,FAQ,2026-07-28,7000.0,7200.0,7100.0,200.0,2.8169014084507045,2026,7,28
Andhra Pradesh,Krishna,Gudiwada APMC,Black Gram Dal(Urd Dal),Local,FAQ,2026-07-28,9000.0,9100.0,9050.0,100.0,1.1049723756906076,2026,7,28
Andhra Pradesh,Eluru,Kaikaluru APMC,Paddy(Common),MTU-1001,Local,2026-07-28,2440.0,2440.0,2440.0,0.0,0.0,2026,7,28
Punjab,Gurdaspur,Gurdaspur APMC,Guava,Other,Grade A,2026-07-28,4000.0,4000.0,4000.0,0.0,0.0,2026,7,28
Punjab,Gurdaspur,Gurdaspur APMC,Brinjal,Other,Grade A,2026-07-28,1800.0,1800.0,1800.0,0.0,0.0,2026,7,28
Tamil Nadu,Thirupathur,Natrampalli(Uzhavar Sandhai ),Potato,Red Nanital,Local,2026-07-28,3000.0,3500.0,3250.0,500.0,15.384615384615385,2026,7,28
Tamil Nadu,Thirupathur,Natrampalli(Uzhavar Sandhai ),Amaranthus,Amaranthus,Local,2026-07-28,1500.0,2000.0,1750.0,500.0,28.57142857142857,2026,7,28
Tamil Nadu,Thirupathur,Natrampalli(Uzhavar Sandhai ),Beetroot,Beetroot,Local,2026-07-28,5000.0,6000.0,5500.0,1000.0,18.181818181818183,2026,7,28
Tamil Nadu,Thirupathur,Natrampalli(Uzhavar Sandhai ),Raddish,Raddish,Local,2026-07-28,3000.0,3500.0,3250.0,500.0,15.384615384615385,2026,7,28
Tamil Nadu,Thirupathur,Natrampalli(Uzhavar Sandhai ),Green Avare(W),Green Avare (W),Local,2026-07-28,4000.0,5000.0,4500.0,1000.0,22.22222222222222,2026,7,28
Punjab,Bhatinda,Bathinda APMC,Potato,Other,Grade B,2026-07-28,800.0,830.0,800.0,30.0,3.75,2026,7,28
Andhra Pradesh,Srikakulam,Hiramandalam APMC,Paddy(Common),Masuri,Local,2026-07-28,2390.0,2390.0,2390.0,0.0,0.0,2026,7,28
Andhra Pradesh,Palnadu,Ipur APMC,Maize,Local,FAQ,2026-07-28,2350.0,2500.0,2400.0,150.0,6.25,2026,7,28
Andhra Pradesh,Palnadu,Ipur APMC,Cotton,Other,FAQ,2026-07-28,7500.0,7800.0,7600.0,300.0,3.9473684210526314,2026,7,28
Andhra Pradesh,Palnadu,Ipur APMC,Dry Chillies,Red,FAQ,2026-07-28,13500.0,14500.0,14000.0,1000.0,7.142857142857142,2026,7,28
Andhra Pradesh,Bapatla,Chirala APMC,Paddy(Common),B. T.,Local,2026-07-28,2400.0,2500.0,2450.0,100.0,4.081632653061225,2026,7,28
Andhra Pradesh,Srikakulam,Kanchili APMC,Paddy(Common),1001,FAQ,2026-07-28,2400.0,2400.0,2400.0,0.0,0.0,2026,7,28
Andhra Pradesh,Dr.B.R.A.Konaseema,Ravulapalem (Kothapeta APMC),Banana,Karpura,Local,2026-07-28,2800.0,3900.0,3700.0,1100.0,29.72972972972973,2026,7,28
Andhra Pradesh,Ananthapuramu,RAYADURG APMC,Paddy(Common),I.R. 64,Grade Range-2,2026-07-28,3000.0,3600.0,3300.0,600.0,18.181818181818183,2026,7,28
Andhra Pradesh,Eluru,Polavaram APMC,Paddy(Common),1001,Local,2026-07-28,2445.0,2445.0,2445.0,0.0,0.0,2026,7,28
Andhra Pradesh,NTR,Tiruvuru APMC,Dry Chillies,Dry Chillies,Local,2026-07-28,21000.0,21000.0,21000.0,0.0,0.0,2026,7,28
Andhra Pradesh,West Godavari,Tanuku APMC,Paddy(Common),1001,Local,2026-07-28,2400.0,2400.0,2400.0,0.0,0.0,2026,7,28
Tamil Nadu,Salem,Athur(Uzhavar Sandhai ),Brinjal,Other,Local,2026-07-28,4000.0,4500.0,4250.0,500.0,11.76470588235294,2026,7,28
Tamil Nadu,Salem,Athur(Uzhavar Sandhai ),Tomato,Deshi,Local,2026-07-28,1500.0,2000.0,1750.0,500.0,28.57142857142857,2026,7,28
Tamil Nadu,Salem,Athur(Uzhavar Sandhai ),Beetroot,Beetroot,Local,2026-07-28,4000.0,8000.0,6000.0,4000.0,66.66666666666666,2026,7,28
Tamil Nadu,Salem,Athur(Uzhavar Sandhai ),Ridgeguard(Tori),Ridgeguard(Tori),Local,2026-07-28,4500.0,5000.0,4750.0,500.0,10.526315789473683,2026,7,28
Tamil Nadu,Salem,Athur(Uzhavar Sandhai ),Drumstick,Drumstick,Local,2026-07-28,5000.0,6000.0,5500.0,1000.0,18.181818181818183,2026,7,28
Tamil Nadu,Salem,Athur(Uzhavar Sandhai ),Tender Coconut,Tender Coconut,Local,2026-07-28,2500.0,3000.0,2750.0,500.0,18.181818181818183,2026,7,28
Tamil Nadu,Salem,Athur(Uzhavar Sandhai ),Elephant Yam(Suran)/Amorphophallus,Elephant Yam (Suran),Local,2026-07-28,2500.0,3000.0,2750.0,500.0,18.181818181818183,2026,7,28
Tamil Nadu,Salem,Athur(Uzhavar Sandhai ),Lemon,Lemon,Local,2026-07-28,3500.0,4000.0,3750.0,500.0,13.333333333333334,2026,7,28
Tamil Nadu,Salem,Athur(Uzhavar Sandhai ),Amla(Nelli Kai),Amla,Local,2026-07-28,6000.0,7000.0,6500.0,1000.0,15.384615384615385,2026,7,28
Tamil Nadu,Theni,Periyakulam(Uzhavar Sandhai ),Bitter gourd,Other,Local,2026-07-28,5200.0,5400.0,5300.0,200.0,3.7735849056603774,2026,7,28
Tamil Nadu,Theni,Periyakulam(Uzhavar Sandhai ),Amaranthus,Amaranthus,Local,2026-07-28,2000.0,2500.0,2250.0,500.0,22.22222222222222,2026,7,28
Tamil Nadu,Theni,Periyakulam(Uzhavar Sandhai ),Ginger(Green),Green Ginger,Local,2026-07-28,10000.0,19000.0,14500.0,9000.0,62.06896551724138,2026,7,28
Tamil Nadu,Theni,Periyakulam(Uzhavar Sandhai ),Cabbage,Cabbage,Local,2026-07-28,3800.0,4000.0,3900.0,200.0,5.128205128205128,2026,7,28
Tamil Nadu,Theni,Periyakulam(Uzhavar Sandhai ),Green Avare(W),Other,Local,2026-07-28,7500.0,7800.0,7650.0,300.0,3.9215686274509802,2026,7,28
Tamil Nadu,Theni,Periyakulam(Uzhavar Sandhai ),Chow Chow,Chow Chow,Local,2026-07-28,3200.0,3400.0,3300.0,200.0,6.0606060606060606,2026,7,28
Tamil Nadu,Virudhunagar,Srivilliputhur(Uzhavar Sandhai ),Chikoos(Sapota),Sapota,Local,2026-07-28,3500.0,4000.0,3750.0,500.0,13.333333333333334,2026,7,28
Tamil Nadu,Virudhunagar,Srivilliputhur(Uzhavar Sandhai ),Brinjal,Round,Local,2026-07-28,3500.0,4000.0,3750.0,500.0,13.333333333333334,2026,7,28
Tamil Nadu,Virudhunagar,Srivilliputhur(Uzhavar Sandhai ),Green Chilli,Green Chilly,Local,2026-07-28,5000.0,6000.0,5500.0,1000.0,18.181818181818183,2026,7,28
Tamil Nadu,Virudhunagar,Srivilliputhur(Uzhavar Sandhai ),Carrot,Pusakesar,Local,2026-07-28,5000.0,6000.0,5500.0,1000.0,18.181818181818183,2026,7,28
Tamil Nadu,Virudhunagar,Srivilliputhur(Uzhavar Sandhai ),Raddish,Raddish,Local,2026-07-28,3500.0,4000.0,3750.0,500.0,13.333333333333334,2026,7,28
Tamil Nadu,Virudhunagar,Srivilliputhur(Uzhavar Sandhai ),Drumstick,Drumstick,Local,2026-07-28,4500.0,5000.0,4750.0,500.0,10.526315789473683,2026,7,28
Tamil Nadu,Virudhunagar,Srivilliputhur(Uzhavar Sandhai ),Mint(Pudina),Mint(Pudina),Local,2026-07-28,6000.0,7000.0,6500.0,1000.0,15.384615384615385,2026,7,28
Uttar Pradesh,Badaun,Shahaswan APMC,Banana,Amruthapani,Medium,2026-07-28,2000.0,2200.0,2100.0,200.0,9.523809523809524,2026,7,28
Uttar Pradesh,Badaun,Shahaswan APMC,Brinjal,Brinjal,Medium,2026-07-28,1000.0,1100.0,1050.0,100.0,9.523809523809524,2026,7,28
Rajasthan,Rajsamand,Rajsamand APMC,Tomato,Tomato,FAQ,2026-07-28,2000.0,2500.0,2250.0,500.0,22.22222222222222,2026,7,28
Punjab,Ludhiana,Sahnewal APMC,Potato,Potato,FAQ,2026-07-28,840.0,840.0,840.0,0.0,0.0,2026,7,28
Punjab,Sangrur,Bhawanigarh APMC,Guava,Other,Medium,2026-07-28,4000.0,4500.0,4250.0,500.0,11.76470588235294,2026,7,28
Punjab,Sangrur,Bhawanigarh APMC,Mousambi(Sweet Lime),Other,Medium,2026-07-28,6000.0,6500.0,6250.0,500.0,8.0,2026,7,28
Punjab,Sangrur,Bhawanigarh APMC,Apple,Apple,Medium,2026-07-28,8000.0,9000.0,8500.0,1000.0,11.76470588235294,2026,7,28
Punjab,Sangrur,Bhawanigarh APMC,Orange,Other,Medium,2026-07-28,3000.0,3500.0,3250.0,500.0,15.384615384615385,2026,7,28
Punjab,Sangrur,Bhawanigarh APMC,Pear(Marasebu),Other,Local,2026-07-28,6000.0,6500.0,6250.0,500.0,8.0,2026,7,28
Punjab,Sangrur,Bhawanigarh APMC,Water Melon,Other,Medium,2026-07-28,1500.0,1700.0,1600.0,200.0,12.5,2026,7,28
Punjab,Sangrur,Bhawanigarh APMC,Bitter gourd,Other,Medium,2026-07-28,2500.0,2700.0,2600.0,200.0,7.6923076923076925,2026,7,28
Punjab,Sangrur,Bhawanigarh APMC,Garlic,Other,Grade Range-3,2026-07-28,10000.0,10000.0,10000.0,0.0,0.0,2026,7,28
Punjab,Jalandhar,Noor Mehal APMC,Bhindi(Ladies Finger),Other,Local,2026-07-28,1900.0,1900.0,1900.0,0.0,0.0,2026,7,28
Punjab,Jalandhar,Noor Mehal APMC,Pumpkin,Other,Local,2026-07-28,1100.0,1100.0,1100.0,0.0,0.0,2026,7,28
West Bengal,Paschim Bardhaman,Durgapur APMC,Masur Dal,Masur Dal,FAQ,2026-07-28,9675.0,9850.0,9785.0,175.0,1.788451711803781,2026,7,28
West Bengal,Paschim Bardhaman,Durgapur APMC,Tomato,Hybrid,FAQ,2026-07-28,2800.0,3050.0,2950.0,250.0,8.47457627118644,2026,7,28
Tamil Nadu,Coimbatore,Vadavalli(Uzhavar Sandhai ),Mango,Safeda,Local,2026-07-28,6500.0,8000.0,7250.0,1500.0,20.689655172413794,2026,7,28
Tamil Nadu,Coimbatore,Vadavalli(Uzhavar Sandhai ),Brinjal,Other,Local,2026-07-28,4800.0,5800.0,5300.0,1000.0,18.867924528301888,2026,7,28
Tamil Nadu,Coimbatore,Vadavalli(Uzhavar Sandhai ),Coriander(Leaves),I Sort,Local,2026-07-28,5800.0,6500.0,6150.0,700.0,11.38211382113821,2026,7,28
Tamil Nadu,Coimbatore,Vadavalli(Uzhavar Sandhai ),Bitter gourd,Other,Local,2026-07-28,5800.0,6500.0,6150.0,700.0,11.38211382113821,2026,7,28
Tamil Nadu,Coimbatore,Vadavalli(Uzhavar Sandhai ),Ridgeguard(Tori),Ridgeguard(Tori),Local,2026-07-28,5200.0,5600.0,5400.0,400.0,7.4074074074074066,2026,7,28
Tamil Nadu,Coimbatore,Vadavalli(Uzhavar Sandhai ),Amla(Nelli Kai),Amla,Local,2026-07-28,7500.0,8500.0,8000.0,1000.0,12.5,2026,7,28
West Bengal,Darjeeling,Karsiyang(Matigara) APMC,Squash(Chappal Kadoo),Other,FAQ,2026-07-28,2400.0,2600.0,2500.0,200.0,8.0,2026,7,28
Haryana,Palwal,Hassanpur APMC,Pumpkin,Pumpkin,Local,2026-07-28,1000.0,1000.0,1000.0,0.0,0.0,2026,7,28
Uttar Pradesh,Bulandshahar,Gulavati APMC,Pumpkin,Pumpkin,FAQ,2026-07-28,1100.0,1300.0,1200.0,200.0,16.666666666666664,2026,7,28
Uttar Pradesh,Bulandshahar,Gulavati APMC,Bottle gourd,Bottle Gourd,FAQ,2026-07-28,1500.0,1700.0,1600.0,200.0,12.5,2026,7,28
Haryana,Hissar,Barwala(Hisar) APMC,Pea Pod/Pea Cod/हरी मटर,Other,Local,2026-07-28,8000.0,10000.0,9000.0,2000.0,22.22222222222222,2026,7,28
Haryana,Hissar,Barwala(Hisar) APMC,Cucumbar(Kheera),Cucumbar,Local,2026-07-28,1200.0,1700.0,1500.0,500.0,33.33333333333333,2026,7,28
Haryana,Hissar,Barwala(Hisar) APMC,Lemon,Other,Local,2026-07-28,5000.0,6000.0,5500.0,1000.0,18.181818181818183,2026,7,28
Haryana,Hissar,Barwala(Hisar) APMC,Ridgeguard(Tori),Ridgeguard(Tori),Local,2026-07-28,2000.0,2800.0,2500.0,800.0,32.0,2026,7,28
Punjab,Fazilka,Jalalabad APMC,Brinjal,Other,Medium,2026-07-28,2300.0,2500.0,2400.0,200.0,8.333333333333332,2026,7,28
Punjab,Fazilka,Jalalabad APMC,Bhindi(Ladies Finger),Bhindi,Medium,2026-07-28,3500.0,3700.0,3600.0,200.0,5.555555555555555,2026,7,28
Punjab,Fazilka,Jalalabad APMC,Peas Wet,Peas Wet,Medium,2026-07-28,7500.0,7500.0,7500.0,0.0,0.0,2026,7,28
Tripura,South Tripura,Barpathari APMC,Bitter gourd,Bitter Gourd,Local,2026-07-28,8900.0,9100.0,9000.0,200.0,2.2222222222222223,2026,7,28
Tamil Nadu,Coimbatore,Udumalpet APMC,Papaya,Papaya,Local,2026-07-28,2500.0,3000.0,2750.0,500.0,18.181818181818183,2026,7,28
Tamil Nadu,Coimbatore,Udumalpet APMC,Bottle gourd,Bottle Gourd,Local,2026-07-28,1500.0,2200.0,1850.0,700.0,37.83783783783784,2026,7,28
Tamil Nadu,Coimbatore,Udumalpet APMC,Amaranthus,Amaranthus,Local,2026-07-28,2500.0,3000.0,2750.0,500.0,18.181818181818183,2026,7,28
Tamil Nadu,Coimbatore,Udumalpet APMC,Banana - Green,Banana - Green,Local,2026-07-28,2500.0,3000.0,2750.0,500.0,18.181818181818183,2026,7,28
Tamil Nadu,Coimbatore,Udumalpet APMC,Tapioca,Tapioca,Local,2026-07-28,3500.0,4000.0,3750.0,500.0,13.333333333333334,2026,7,28
Tamil Nadu,Coimbatore,Udumalpet APMC,Ginger(Green),Green Ginger,Local,2026-07-28,14000.0,15000.0,14500.0,1000.0,6.896551724137931,2026,7,28
Tamil Nadu,Coimbatore,Udumalpet APMC,Beetroot,Beetroot,Local,2026-07-28,4000.0,9800.0,6900.0,5800.0,84.05797101449275,2026,7,28
Tamil Nadu,Coimbatore,Udumalpet APMC,Cucumbar(Kheera),Cucumbar,Local,2026-07-28,4000.0,4500.0,4250.0,500.0,11.76470588235294,2026,7,28
Tamil Nadu,Coimbatore,Udumalpet APMC,Green Avare(W),Other,Local,2026-07-28,6000.0,7000.0,6500.0,1000.0,15.384615384615385,2026,7,28
Tamil Nadu,Coimbatore,Udumalpet APMC,Guava,Guava Allahabad,Local,2026-07-28,5000.0,6000.0,5500.0,1000.0,18.181818181818183,2026,7,28
West Bengal,Darjeeling,Siliguri APMC,Black Gram Dal(Urd Dal),Black Gram Dal,FAQ,2026-07-28,12000.0,13000.0,12500.0,1000.0,8.0,2026,7,28
West Bengal,Darjeeling,Siliguri APMC,Squash(Chappal Kadoo),Other,FAQ,2026-07-28,1900.0,2100.0,2000.0,200.0,10.0,2026,7,28
West Bengal,Darjeeling,Siliguri APMC,Ginger(Green),Green Ginger,FAQ,2026-07-28,11000.0,12000.0,11500.0,1000.0,8.695652173913043,2026,7,28
Tamil Nadu,Erode,Gobichettipalayam(Uzhavar Sandhai ),Onion,Bellary,Local,2026-07-28,3500.0,4000.0,3750.0,500.0,13.333333333333334,2026,7,28
Tamil Nadu,Erode,Gobichettipalayam(Uzhavar Sandhai ),Cauliflower,Ranchi,Local,2026-07-28,4000.0,4500.0,4250.0,500.0,11.76470588235294,2026,7,28
Tamil Nadu,Erode,Gobichettipalayam(Uzhavar Sandhai ),Chikoos(Sapota),Sapota,Local,2026-07-28,3500.0,4000.0,3750.0,500.0,13.333333333333334,2026,7,28
Tamil Nadu,Erode,Gobichettipalayam(Uzhavar Sandhai ),Tomato,Deshi,Local,2026-07-28,1800.0,2000.0,1900.0,200.0,10.526315789473683,2026,7,28
Tamil Nadu,Erode,Gobichettipalayam(Uzhavar Sandhai ),Bottle gourd,Bottle Gourd,Local,2026-07-28,1800.0,2000.0,1900.0,200.0,10.526315789473683,2026,7,28
Tamil Nadu,Erode,Gobichettipalayam(Uzhavar Sandhai ),Ashgourd,Gouard,Local,2026-07-28,2500.0,3000.0,2750.0,500.0,18.181818181818183,2026,7,28
Tamil Nadu,Erode,Gobichettipalayam(Uzhavar Sandhai ),Ginger(Green),Green Ginger,Local,2026-07-28,14500.0,15000.0,14750.0,500.0,3.389830508474576,2026,7,28
Tamil Nadu,Erode,Gobichettipalayam(Uzhavar Sandhai ),Carrot,Pusakesar,Local,2026-07-28,8000.0,8500.0,8250.0,500.0,6.0606060606060606,2026,7,28
Tamil Nadu,Erode,Gobichettipalayam(Uzhavar Sandhai ),Snakeguard,Snakeguard,Local,2026-07-28,3600.0,3800.0,3700.0,200.0,5.405405405405405,2026,7,28
Tamil Nadu,Erode,Gobichettipalayam(Uzhavar Sandhai ),Beetroot,Beetroot,Local,2026-07-28,8000.0,8500.0,8250.0,500.0,6.0606060606060606,2026,7,28
Tamil Nadu,Erode,Gobichettipalayam(Uzhavar Sandhai ),Onion Green,Onion Green,Local,2026-07-28,5000.0,5500.0,5250.0,500.0,9.523809523809524,2026,7,28
Himachal Pradesh,Shimla,SMY Rohroo,Water Melon,Other,Grade B,2026-07-28,3800.0,4000.0,3900.0,200.0,5.128205128205128,2026,7,28
Himachal Pradesh,Shimla,SMY Rohroo,Bitter gourd,Other,Grade B,2026-07-28,3000.0,3500.0,3250.0,500.0,15.384615384615385,2026,7,28
Himachal Pradesh,Shimla,SMY Rohroo,Papaya,Other,Grade B,2026-07-28,5000.0,5500.0,5250.0,500.0,9.523809523809524,2026,7,28
Himachal Pradesh,Shimla,SMY Rohroo,Cucumbar(Kheera),Cucumbar,Grade B,2026-07-28,3500.0,4000.0,3800.0,500.0,13.157894736842104,2026,7,28
Himachal Pradesh,Shimla,SMY Rohroo,Lemon,Lemon,Grade B,2026-07-28,9000.0,10000.0,9500.0,1000.0,10.526315789473683,2026,7,28
Andhra Pradesh,Kakinada,Samalkot APMC,Paddy(Common),Paddy,FAQ,2026-07-28,2369.0,2390.0,2369.0,21.0,0.8864499788940482,2026,7,28
Tamil Nadu,Pudukkottai,Ponnamaravathi(Uzhavar Sandhai),Onion,Bellary,Local,2026-07-28,4500.0,5000.0,4750.0,500.0,10.526315789473683,2026,7,28
Tamil Nadu,Pudukkottai,Ponnamaravathi(Uzhavar Sandhai),Coriander(Leaves),I Sort,Local,2026-07-28,4500.0,5000.0,4750.0,500.0,10.526315789473683,2026,7,28
Tamil Nadu,Pudukkottai,Ponnamaravathi(Uzhavar Sandhai),Bottle gourd,Bottle Gourd,Local,2026-07-28,1500.0,2000.0,1750.0,500.0,28.57142857142857,2026,7,28
Tamil Nadu,Pudukkottai,Ponnamaravathi(Uzhavar Sandhai),Pumpkin,Pumpkin,Local,2026-07-28,1000.0,1500.0,1250.0,500.0,40.0,2026,7,28
Tamil Nadu,Pudukkottai,Ponnamaravathi(Uzhavar Sandhai),Banana - Green,Banana - Green,Local,2026-07-28,2500.0,3000.0,2750.0,500.0,18.181818181818183,2026,7,28
Tamil Nadu,Pudukkottai,Ponnamaravathi(Uzhavar Sandhai),Jack Fruit(Ripe),Jack Fruit,Local,2026-07-28,1500.0,2000.0,1750.0,500.0,28.57142857142857,2026,7,28
Tamil Nadu,Nagapattinam,Mayiladuthurai(Uzhavar Sandhai ),Bitter gourd,Bitter Gourd,Local,2026-07-28,5000.0,6000.0,5500.0,1000.0,18.181818181818183,2026,7,28
Tamil Nadu,Nagapattinam,Mayiladuthurai(Uzhavar Sandhai ),Banana - Green,Banana - Green,Local,2026-07-28,3000.0,3500.0,3250.0,500.0,15.384615384615385,2026,7,28
Tamil Nadu,Nagapattinam,Mayiladuthurai(Uzhavar Sandhai ),Snakeguard,Snakeguard,Local,2026-07-28,4500.0,5000.0,4750.0,500.0,10.526315789473683,2026,7,28
Tamil Nadu,Nagapattinam,Mayiladuthurai(Uzhavar Sandhai ),Ridgeguard(Tori),Ridgeguard(Tori),Local,2026-07-28,5000.0,6000.0,5500.0,1000.0,18.181818181818183,2026,7,28
Tamil Nadu,Nagapattinam,Mayiladuthurai(Uzhavar Sandhai ),Chow Chow,Chow Chow,Local,2026-07-28,4000.0,4000.0,4000.0,0.0,0.0,2026,7,28
Tamil Nadu,Nagapattinam,Mayiladuthurai(Uzhavar Sandhai ),Lime,Lime,Local,2026-07-28,3500.0,4000.0,3750.0,500.0,13.333333333333334,2026,7,28
Tamil Nadu,Nagapattinam,Mayiladuthurai(Uzhavar Sandhai ),Tender Coconut,Tender Coconut,Local,2026-07-28,2000.0,2500.0,2250.0,500.0,22.22222222222222,2026,7,28
Tamil Nadu,Nagapattinam,Mayiladuthurai(Uzhavar Sandhai ),Yam(Ratalu),Yam (Ratalu),Local,2026-07-28,8000.0,9000.0,8500.0,1000.0,11.76470588235294,2026,7,28
Tamil Nadu,Pudukkottai,Viralimalai(Uzhavar Sandhai ),Brinjal,Round,Local,2026-07-28,6500.0,7000.0,6750.0,500.0,7.4074074074074066,2026,7,28
Tamil Nadu,Pudukkottai,Viralimalai(Uzhavar Sandhai ),Coriander(Leaves),I Sort,Local,2026-07-28,4500.0,5000.0,4750.0,500.0,10.526315789473683,2026,7,28
Tamil Nadu,Pudukkottai,Viralimalai(Uzhavar Sandhai ),Bitter gourd,Bitter Gourd,Local,2026-07-28,9000.0,10000.0,9500.0,1000.0,10.526315789473683,2026,7,28
Tamil Nadu,Pudukkottai,Viralimalai(Uzhavar Sandhai ),Coconut,Coconut,Local,2026-07-28,3500.0,4000.0,3750.0,500.0,13.333333333333334,2026,7,28
Tamil Nadu,Pudukkottai,Viralimalai(Uzhavar Sandhai ),Raddish,Raddish,Local,2026-07-28,3500.0,4000.0,3750.0,500.0,13.333333333333334,2026,7,28
Tamil Nadu,Pudukkottai,Viralimalai(Uzhavar Sandhai ),Mango(Raw-Ripe),Mango - Raw-Ripe,Local,2026-07-28,3500.0,4000.0,3750.0,500.0,13.333333333333334,2026,7,28
Tamil Nadu,Ramanathapuram,Kamuthi(Uzhavar Sandhai ),Tomato,Deshi,Local,2026-07-28,3000.0,3200.0,3100.0,200.0,6.451612903225806,2026,7,28
Tamil Nadu,Ramanathapuram,Kamuthi(Uzhavar Sandhai ),Amaranthus,Amaranthus,Local,2026-07-28,4000.0,4400.0,4200.0,400.0,9.523809523809524,2026,7,28
Tamil Nadu,Ramanathapuram,Paramakudi(Uzhavar Sandhai ),Soyabean,Local,Local,2026-07-28,9000.0,10000.0,9500.0,1000.0,10.526315789473683,2026,7,28
Tamil Nadu,Ramanathapuram,Paramakudi(Uzhavar Sandhai ),Bitter gourd,Bitter Gourd,Local,2026-07-28,6000.0,6200.0,6100.0,200.0,3.278688524590164,2026,7,28
Tamil Nadu,Ramanathapuram,Paramakudi(Uzhavar Sandhai ),Bottle gourd,Bottle Gourd,Local,2026-07-28,1800.0,2000.0,1900.0,200.0,10.526315789473683,2026,7,28
Tamil Nadu,Ramanathapuram,Paramakudi(Uzhavar Sandhai ),Bhindi(Ladies Finger),Bhindi,Local,2026-07-28,4500.0,5000.0,4750.0,500.0,10.526315789473683,2026,7,28
Tamil Nadu,Ramanathapuram,Paramakudi(Uzhavar Sandhai ),Ginger(Green),Green Ginger,Local,2026-07-28,15000.0,15500.0,15250.0,500.0,3.278688524590164,2026,7,28
Tamil Nadu,Ramanathapuram,Paramakudi(Uzhavar Sandhai ),Cabbage,Cabbage,Local,2026-07-28,3800.0,4000.0,3900.0,200.0,5.128205128205128,2026,7,28
Tamil Nadu,Ramanathapuram,Paramakudi(Uzhavar Sandhai ),Snakeguard,Snakeguard,Local,2026-07-28,4500.0,4800.0,4650.0,300.0,6.451612903225806,2026,7,28
Tamil Nadu,Ramanathapuram,Paramakudi(Uzhavar Sandhai ),Drumstick,Drumstick,Local,2026-07-28,6500.0,7000.0,6750.0,500.0,7.4074074074074066,2026,7,28
Tamil Nadu,Ramanathapuram,Paramakudi(Uzhavar Sandhai ),Jasmine,Jasmine,Local,2026-07-28,55000.0,60000.0,57500.0,5000.0,8.695652173913043,2026,7,28
Tamil Nadu,Ramanathapuram,Paramakudi(Uzhavar Sandhai ),Yam(Ratalu),Yam (Ratalu),Local,2026-07-28,6500.0,7000.0,6750.0,500.0,7.4074074074074066,2026,7,28
Tamil Nadu,Ramanathapuram,Paramakudi(Uzhavar Sandhai ),Lemon,Lemon,Local,2026-07-28,9000.0,10000.0,9500.0,1000.0,10.526315789473683,2026,7,28
Tamil Nadu,Ramanathapuram,Ramanathapuram(Uzhavar Sandhai ),Brinjal,Round,Local,2026-07-28,5500.0,6000.0,5750.0,500.0,8.695652173913043,2026,7,28
Tamil Nadu,Ramanathapuram,Ramanathapuram(Uzhavar Sandhai ),Coriander(Leaves),I Sort,Local,2026-07-28,8500.0,9000.0,8750.0,500.0,5.714285714285714,2026,7,28
Tamil Nadu,Ramanathapuram,Ramanathapuram(Uzhavar Sandhai ),Bitter gourd,Bitter Gourd,Local,2026-07-28,5500.0,6000.0,5750.0,500.0,8.695652173913043,2026,7,28
Tamil Nadu,Ramanathapuram,Ramanathapuram(Uzhavar Sandhai ),Ashgourd,Gouard,Local,2026-07-28,2200.0,2500.0,2350.0,300.0,12.76595744680851,2026,7,28
Tamil Nadu,Ramanathapuram,Ramanathapuram(Uzhavar Sandhai ),Bhindi(Ladies Finger),Bhindi,Local,2026-07-28,5500.0,6000.0,5750.0,500.0,8.695652173913043,2026,7,28
Tamil Nadu,Ramanathapuram,Ramanathapuram(Uzhavar Sandhai ),Green Chilli,Green Chilly,Local,2026-07-28,7000.0,7500.0,7250.0,500.0,6.896551724137931,2026,7,28
Tamil Nadu,Ramanathapuram,Ramanathapuram(Uzhavar Sandhai ),Snakeguard,Snakeguard,Local,2026-07-28,5500.0,6000.0,5750.0,500.0,8.695652173913043,2026,7,28
Tamil Nadu,Ramanathapuram,Ramanathapuram(Uzhavar Sandhai ),Chow Chow,Chow Chow,Local,2026-07-28,4200.0,4500.0,4350.0,300.0,6.896551724137931,2026,7,28
Tamil Nadu,Ramanathapuram,Ramanathapuram(Uzhavar Sandhai ),Knool Khol,Knool Khol,Local,2026-07-28,5500.0,6000.0,5750.0,500.0,8.695652173913043,2026,7,28
Tamil Nadu,Ramanathapuram,Ramanathapuram(Uzhavar Sandhai ),Tender Coconut,Tender Coconut,Local,2026-07-28,6000.0,6500.0,6250.0,500.0,8.0,2026,7,28
Tamil Nadu,Ramanathapuram,Ramanathapuram(Uzhavar Sandhai ),Marigold(Calcutta),Marigold(Calcutta),Local,2026-07-28,13000.0,13500.0,13250.0,500.0,3.7735849056603774,2026,7,28
Tamil Nadu,Ramanathapuram,Ramanathapuram(Uzhavar Sandhai ),Colacasia,Colacasia,Local,2026-07-28,7000.0,7500.0,7250.0,500.0,6.896551724137931,2026,7,28
Tamil Nadu,Pudukkottai,Alangudi(Uzhavar Sandhai ),Potato,Other,Local,2026-07-28,6000.0,7000.0,6500.0,1000.0,15.384615384615385,2026,7,28
Tamil Nadu,Pudukkottai,Alangudi(Uzhavar Sandhai ),Ashgourd,Gouard,Local,2026-07-28,1000.0,1500.0,1250.0,500.0,40.0,2026,7,28
Tamil Nadu,Pudukkottai,Alangudi(Uzhavar Sandhai ),Bhindi(Ladies Finger),Bhindi,Local,2026-07-28,3500.0,4000.0,3750.0,500.0,13.333333333333334,2026,7,28
Tamil Nadu,Pudukkottai,Alangudi(Uzhavar Sandhai ),Green Chilli,Green Chilly,Local,2026-07-28,4500.0,5000.0,4750.0,500.0,10.526315789473683,2026,7,28
Tamil Nadu,Pudukkottai,Alangudi(Uzhavar Sandhai ),Raddish,Raddish,Local,2026-07-28,3500.0,4000.0,3750.0,500.0,13.333333333333334,2026,7,28
Tamil Nadu,Pudukkottai,Alangudi(Uzhavar Sandhai ),Green Avare(W),Other,Local,2026-07-28,6000.0,7000.0,6500.0,1000.0,15.384615384615385,2026,7,28
Tamil Nadu,Thiruvannamalai,Arani(Uzhavar Sandhai ),Potato,Red Nanital,Local,2026-07-28,3500.0,4200.0,3850.0,700.0,18.181818181818183,2026,7,28
Tamil Nadu,Thiruvannamalai,Arani(Uzhavar Sandhai ),Garlic,Garlic,Local,2026-07-28,20000.0,24000.0,22000.0,4000.0,18.181818181818183,2026,7,28
Tamil Nadu,Thiruvannamalai,Arani(Uzhavar Sandhai ),Cluster beans,Cluster Beans,Local,2026-07-28,4000.0,4800.0,4400.0,800.0,18.181818181818183,2026,7,28
Tamil Nadu,Thiruvannamalai,Arani(Uzhavar Sandhai ),Green Chilli,Green Chilly,Local,2026-07-28,5000.0,6000.0,5500.0,1000.0,18.181818181818183,2026,7,28
Tamil Nadu,Thiruvannamalai,Arani(Uzhavar Sandhai ),Ginger(Green),Green Ginger,Local,2026-07-28,22000.0,25000.0,23500.0,3000.0,12.76595744680851,2026,7,28
Tamil Nadu,Thiruvannamalai,Arani(Uzhavar Sandhai ),Beetroot,Beetroot,Local,2026-07-28,4000.0,4800.0,4400.0,800.0,18.181818181818183,2026,7,28
Tamil Nadu,Thiruvannamalai,Arani(Uzhavar Sandhai ),Raddish,Raddish,Local,2026-07-28,2500.0,3000.0,2750.0,500.0,18.181818181818183,2026,7,28
Tamil Nadu,Thiruvannamalai,Arani(Uzhavar Sandhai ),Mango(Raw-Ripe),Mango - Raw-Ripe,Local,2026-07-28,2000.0,2400.0,2200.0,400.0,18.181818181818183,2026,7,28
Tamil Nadu,Thiruvannamalai,Arani(Uzhavar Sandhai ),Lemon,Lemon,Local,2026-07-28,10000.0,12000.0,11000.0,2000.0,18.181818181818183,2026,7,28
Tamil Nadu,Thiruvannamalai,Polur(Uzhavar Sandhai ),Coriander(Leaves),I Sort,Local,2026-07-28,4200.0,5000.0,4600.0,800.0,17.391304347826086,2026,7,28
Tamil Nadu,Thiruvannamalai,Polur(Uzhavar Sandhai ),Cluster beans,Cluster Beans,Local,2026-07-28,4000.0,4800.0,4400.0,800.0,18.181818181818183,2026,7,28
Tamil Nadu,Thiruvannamalai,Polur(Uzhavar Sandhai ),Cucumbar(Kheera),Cucumbar,Local,2026-07-28,3300.0,4000.0,3650.0,700.0,19.17808219178082,2026,7,28
Tamil Nadu,Thiruvannamalai,Polur(Uzhavar Sandhai ),Chow Chow,Chow Chow,Local,2026-07-28,4000.0,4800.0,4400.0,800.0,18.181818181818183,2026,7,28
Tamil Nadu,Thiruvannamalai,Polur(Uzhavar Sandhai ),Tender Coconut,Tender Coconut,Local,2026-07-28,1500.0,2000.0,1750.0,500.0,28.57142857142857,2026,7,28
Tamil Nadu,Thiruvannamalai,Tiruvannamalai(Uzhavar Sandhai ),Apple,American,Local,2026-07-28,20000.0,24000.0,22000.0,4000.0,18.181818181818183,2026,7,28
Tamil Nadu,Thiruvannamalai,Tiruvannamalai(Uzhavar Sandhai ),Garlic,Garlic,Local,2026-07-28,25000.0,28000.0,26500.0,3000.0,11.320754716981133,2026,7,28
Tamil Nadu,Thiruvannamalai,Tiruvannamalai(Uzhavar Sandhai ),Mousambi(Sweet Lime),Mousambi,Local,2026-07-28,7000.0,8000.0,7500.0,1000.0,13.333333333333334,2026,7,28
Tamil Nadu,Thiruvannamalai,Tiruvannamalai(Uzhavar Sandhai ),Brinjal,Round,Local,2026-07-28,6400.0,7200.0,6800.0,800.0,11.76470588235294,2026,7,28
Tamil Nadu,Thiruvannamalai,Tiruvannamalai(Uzhavar Sandhai ),Coriander(Leaves),I Sort,Local,2026-07-28,7000.0,8000.0,7500.0,1000.0,13.333333333333334,2026,7,28
Tamil Nadu,Thiruvannamalai,Tiruvannamalai(Uzhavar Sandhai ),Bottle gourd,Bottle Gourd,Local,2026-07-28,2000.0,2500.0,2250.0,500.0,22.22222222222222,2026,7,28
Tamil Nadu,Thiruvannamalai,Tiruvannamalai(Uzhavar Sandhai ),Cabbage,Cabbage,Local,2026-07-28,3500.0,4000.0,3750.0,500.0,13.333333333333334,2026,7,28
Tamil Nadu,Thiruvannamalai,Tiruvannamalai(Uzhavar Sandhai ),Lime,Lime,Local,2026-07-28,3500.0,4000.0,3750.0,500.0,13.333333333333334,2026,7,28
Tamil Nadu,Thiruvannamalai,Tiruvannamalai(Uzhavar Sandhai ),Pomegranate,Pomogranate,Local,2026-07-28,18000.0,20000.0,19000.0,2000.0,10.526315789473683,2026,7,28
Tamil Nadu,Thiruvannamalai,Tiruvannamalai(Uzhavar Sandhai ),Tender Coconut,Tender Coconut,Local,2026-07-28,2500.0,3000.0,2750.0,500.0,18.181818181818183,2026,7,28
Tamil Nadu,Thiruvannamalai,Tiruvannamalai(Uzhavar Sandhai ),Marigold(Calcutta),Marigold(Calcutta),Local,2026-07-28,30000.0,35000.0,32500.0,5000.0,15.384615384615385,2026,7,28
Tamil Nadu,Thiruvannamalai,Tiruvannamalai(Uzhavar Sandhai ),Colacasia,Colacasia,Local,2026-07-28,3600.0,4000.0,3800.0,400.0,10.526315789473683,2026,7,28
Tamil Nadu,Thiruvannamalai,Tiruvannamalai(Uzhavar Sandhai ),Amla(Nelli Kai),Amla,Local,2026-07-28,8000.0,10000.0,9000.0,2000.0,22.22222222222222,2026,7,28
Tamil Nadu,Thiruvellore,Ambattur(Uzhavar Sandhai ),Potato,Red Nanital,Local,2026-07-28,4000.0,4000.0,4000.0,0.0,0.0,2026,7,28
Tamil Nadu,Thiruvellore,Perambakkam(Uzhavar Sandhai ),Onion,Bellary,Local,2026-07-28,3000.0,3000.0,3000.0,0.0,0.0,2026,7,28
Tamil Nadu,Thiruvellore,Perambakkam(Uzhavar Sandhai ),Tomato,Deshi,Local,2026-07-28,2500.0,2500.0,2500.0,0.0,0.0,2026,7,28
Tamil Nadu,Thiruvellore,Perambakkam(Uzhavar Sandhai ),Amaranthus,Amaranthus,Local,2026-07-28,3000.0,3000.0,3000.0,0.0,0.0,2026,7,28
Tamil Nadu,Thiruvellore,Perambakkam(Uzhavar Sandhai ),Marigold(Calcutta),Marigold(Calcutta),Local,2026-07-28,24000.0,24000.0,24000.0,0.0,0.0,2026,7,28
Tamil Nadu,Thiruvellore,Perambakkam(Uzhavar Sandhai ),Rose(Local),Rose (Local),Local,2026-07-28,9000.0,9000.0,9000.0,0.0,0.0,2026,7,28
Tamil Nadu,Tuticorin,Kovilpatti(Uzhavar Sandhai ),Banana,Other,Local,2026-07-28,2500.0,3000.0,2750.0,500.0,18.181818181818183,2026,7,28
Tamil Nadu,Tuticorin,Kovilpatti(Uzhavar Sandhai ),Bottle gourd,Bottle Gourd,Local,2026-07-28,2500.0,3000.0,2750.0,500.0,18.181818181818183,2026,7,28
Tamil Nadu,Tuticorin,Kovilpatti(Uzhavar Sandhai ),Carrot,Pusakesar,Local,2026-07-28,8500.0,9000.0,8750.0,500.0,5.714285714285714,2026,7,28
Tamil Nadu,Tuticorin,Kovilpatti(Uzhavar Sandhai ),Thondekai,Thondekai,Local,2026-07-28,5000.0,5500.0,5250.0,500.0,9.523809523809524,2026,7,28
Tamil Nadu,Tuticorin,Kovilpatti(Uzhavar Sandhai ),Chow Chow,Chow Chow,Local,2026-07-28,4000.0,4500.0,4250.0,500.0,11.76470588235294,2026,7,28
Tamil Nadu,Tuticorin,Kovilpatti(Uzhavar Sandhai ),Mango(Raw-Ripe),Mango - Raw-Ripe,Local,2026-07-28,4000.0,4500.0,4250.0,500.0,11.76470588235294,2026,7,28
Tamil Nadu,Vellore,Gudiyatham(Uzhavar Sandhai ),Papaya,Papaya,Local,2026-07-28,3000.0,3000.0,3000.0,0.0,0.0,2026,7,28
Tamil Nadu,Vellore,Gudiyatham(Uzhavar Sandhai ),Groundnut,Big (With Shell),Local,2026-07-28,7600.0,7600.0,7600.0,0.0,0.0,2026,7,28
Tamil Nadu,Vellore,Gudiyatham(Uzhavar Sandhai ),Mango,Neelam,Local,2026-07-28,3500.0,4000.0,3750.0,500.0,13.333333333333334,2026,7,28
Tamil Nadu,Vellore,Gudiyatham(Uzhavar Sandhai ),Chili Red,Bold,Local,2026-07-28,20000.0,20000.0,20000.0,0.0,0.0,2026,7,28
Tamil Nadu,Vellore,Gudiyatham(Uzhavar Sandhai ),Brinjal,Other,Local,2026-07-28,5000.0,5000.0,5000.0,0.0,0.0,2026,7,28
Tamil Nadu,Vellore,Gudiyatham(Uzhavar Sandhai ),Tomato,Deshi,Local,2026-07-28,1400.0,1600.0,1500.0,200.0,13.333333333333334,2026,7,28
Tamil Nadu,Vellore,Gudiyatham(Uzhavar Sandhai ),Cluster beans,Cluster Beans,Local,2026-07-28,4600.0,4600.0,4600.0,0.0,0.0,2026,7,28
Tamil Nadu,Vellore,Gudiyatham(Uzhavar Sandhai ),Pumpkin,Pumpkin,Local,2026-07-28,2400.0,2400.0,2400.0,0.0,0.0,2026,7,28
Tamil Nadu,Vellore,Gudiyatham(Uzhavar Sandhai ),Sweet Potato,Hosur Red,Local,2026-07-28,3600.0,3600.0,3600.0,0.0,0.0,2026,7,28
Tamil Nadu,Vellore,Gudiyatham(Uzhavar Sandhai ),Beetroot,Beetroot,Local,2026-07-28,4600.0,4600.0,4600.0,0.0,0.0,2026,7,28
Tamil Nadu,Vellore,Gudiyatham(Uzhavar Sandhai ),Green Avare(W),Green Avare (W),Local,2026-07-28,5000.0,5000.0,5000.0,0.0,0.0,2026,7,28
Tamil Nadu,Vellore,Gudiyatham(Uzhavar Sandhai ),Mango(Raw-Ripe),Mango - Raw-Ripe,Local,2026-07-28,2500.0,2500.0,2500.0,0.0,0.0,2026,7,28
Tamil Nadu,Vellore,Gudiyatham(Uzhavar Sandhai ),Knool Khol,Knool Khol,Local,2026-07-28,5600.0,5600.0,5600.0,0.0,0.0,2026,7,28
Tamil Nadu,Vellore,Gudiyatham(Uzhavar Sandhai ),Colacasia,Colacasia,Local,2026-07-28,4500.0,4500.0,4500.0,0.0,0.0,2026,7,28
Tamil Nadu,Vellore,Gudiyatham(Uzhavar Sandhai ),Onion Green,Onion Green,Local,2026-07-28,6000.0,6000.0,6000.0,0.0,0.0,2026,7,28
Tamil Nadu,Vellore,Kahithapattarai(Uzhavar Sandhai ),Garlic,Garlic,Local,2026-07-28,22000.0,22000.0,22000.0,0.0,0.0,2026,7,28
Tamil Nadu,Vellore,Kahithapattarai(Uzhavar Sandhai ),Coriander(Leaves),I Sort,Local,2026-07-28,3500.0,3500.0,3500.0,0.0,0.0,2026,7,28
Tamil Nadu,Vellore,Kahithapattarai(Uzhavar Sandhai ),Ashgourd,Gouard,Local,2026-07-28,2500.0,2500.0,2500.0,0.0,0.0,2026,7,28
Tamil Nadu,Vellore,Kahithapattarai(Uzhavar Sandhai ),Pumpkin,Pumpkin,Local,2026-07-28,2500.0,2500.0,2500.0,0.0,0.0,2026,7,28
Tamil Nadu,Vellore,Kahithapattarai(Uzhavar Sandhai ),Coconut,Coconut,Local,2026-07-28,2500.0,2500.0,2500.0,0.0,0.0,2026,7,28
Tamil Nadu,Vellore,Kahithapattarai(Uzhavar Sandhai ),Cabbage,Cabbage,Local,2026-07-28,4000.0,4000.0,4000.0,0.0,0.0,2026,7,28
Tamil Nadu,Vellore,Kahithapattarai(Uzhavar Sandhai ),Snakeguard,Snakeguard,Local,2026-07-28,2500.0,2500.0,2500.0,0.0,0.0,2026,7,28
Tamil Nadu,Vellore,Kahithapattarai(Uzhavar Sandhai ),Ridgeguard(Tori),Ridgeguard(Tori),Local,2026-07-28,3500.0,4500.0,4000.0,1000.0,25.0,2026,7,28
Tamil Nadu,Vellore,Kahithapattarai(Uzhavar Sandhai ),Capsicum,Capsicum,Local,2026-07-28,6000.0,8000.0,7000.0,2000.0,28.57142857142857,2026,7,28
Tamil Nadu,Vellore,Kahithapattarai(Uzhavar Sandhai ),Chow Chow,Chow Chow,Local,2026-07-28,3000.0,3000.0,3000.0,0.0,0.0,2026,7,28
Tamil Nadu,Vellore,Kahithapattarai(Uzhavar Sandhai ),Knool Khol,Knool Khol,Local,2026-07-28,4500.0,4500.0,4500.0,0.0,0.0,2026,7,28
Tamil Nadu,Vellore,Kahithapattarai(Uzhavar Sandhai ),Rose(Local),Rose (Local),Local,2026-07-28,15000.0,17000.0,16000.0,2000.0,12.5,2026,7,28
Andhra Pradesh,Prakasam,Darsi APMC,Paddy(Common),B P T,Local,2026-07-28,2350.0,2400.0,2400.0,50.0,2.083333333333333,2026,7,28
Andhra Pradesh,Palnadu,Narasaraopet APMC,Red gram/Arhar/Tur(whole),Desi(Whole),FAQ,2026-07-28,8000.0,8000.0,8000.0,0.0,0.0,2026,7,28
Andhra Pradesh,Palnadu,Narasaraopet APMC,Black Gram(Urd Beans)(Whole),Black Gram (Whole),FAQ,2026-07-28,9000.0,9000.0,9000.0,0.0,0.0,2026,7,28
Andhra Pradesh,Krishna,Gudlavalleru APMC,Black Gram Dal(Urd Dal),Black Gram Dal,FAQ,2026-07-28,9600.0,9600.0,9600.0,0.0,0.0,2026,7,28
Haryana,Rewari,Rewari APMC,Onion,Medium,Medium,2026-07-28,1500.0,3500.0,2500.0,2000.0,80.0,2026,7,28
Haryana,Rewari,Rewari APMC,Potato,Other,Medium,2026-07-28,800.0,1600.0,1200.0,800.0,66.66666666666666,2026,7,28
Punjab,Hoshiarpur,Mukerian APMC,Papaya,Papaya,Grade B,2026-07-28,2000.0,3000.0,2500.0,1000.0,40.0,2026,7,28
Punjab,Hoshiarpur,Mukerian APMC,Potato,Potato,Local,2026-07-28,1100.0,1300.0,1200.0,200.0,16.666666666666664,2026,7,28
Punjab,Hoshiarpur,Mukerian APMC,Banana,Medium,Grade B,2026-07-28,2900.0,3700.0,3300.0,800.0,24.242424242424242,2026,7,28
Rajasthan,Churu,Churu APMC,Potato,Red Nanital,FAQ,2026-07-28,900.0,1100.0,1000.0,200.0,20.0,2026,7,28
Punjab,Ludhiana,Ludhiana APMC,Mango,Other,Medium,2026-07-28,2000.0,5500.0,3000.0,3500.0,116.66666666666667,2026,7,28
Punjab,Ludhiana,Ludhiana APMC,Guava,Other,Medium,2026-07-28,2000.0,5500.0,3000.0,3500.0,116.66666666666667,2026,7,28
Punjab,Ludhiana,Ludhiana APMC,Lemon,Other,FAQ,2026-07-28,2800.0,3500.0,3000.0,700.0,23.333333333333332,2026,7,28
Punjab,Ludhiana,Ludhiana APMC,Coriander(Leaves),Other,FAQ,2026-07-28,5000.0,8000.0,6000.0,3000.0,50.0,2026,7,28
Odisha,Dhenkanal,Hindol APMC,Bitter gourd,Bitter Gourd,Grade B,2026-07-28,4700.0,5000.0,4800.0,300.0,6.25,2026,7,28
Odisha,Dhenkanal,Hindol APMC,Potato,Potato,Grade B,2026-07-28,1400.0,1600.0,1500.0,200.0,13.333333333333334,2026,7,28
Odisha,Dhenkanal,Hindol APMC,Snakeguard,Other,Grade B,2026-07-28,3500.0,4000.0,3800.0,500.0,13.157894736842104,2026,7,28
Andaman and Nicobar,North and Middle Andaman,Diglipur Vegetable Market (Subhashgram),Cucumbar(Kheera),Other,FAQ,2026-07-28,2000.0,4000.0,3000.0,2000.0,66.66666666666666,2026,7,28
Andaman and Nicobar,North and Middle Andaman,Diglipur Vegetable Market (Subhashgram),Ridgeguard(Tori),Other,FAQ,2026-07-28,3000.0,6000.0,4500.0,3000.0,66.66666666666666,2026,7,28
Keralam,Kottayam,Pampady Market,Ashgourd,Ashgourd,FAQ,2026-07-28,2500.0,3600.0,3000.0,1100.0,36.666666666666664,2026,7,28
Keralam,Kottayam,Pampady Market,Mango(Raw-Ripe),Mango - Raw-Ripe,FAQ,2026-07-28,4500.0,5500.0,5000.0,1000.0,20.0,2026,7,28
Keralam,Kottayam,Pampady Market,Bitter gourd,Bitter Gourd,FAQ,2026-07-28,6000.0,7000.0,6500.0,1000.0,15.384615384615385,2026,7,28
Keralam,Kottayam,Pampady Market,Cauliflower,Cauliflower,FAQ,2026-07-28,4500.0,5500.0,5000.0,1000.0,20.0,2026,7,28
Keralam,Kottayam,Pampady Market,Onion,Big,FAQ,2026-07-28,3100.0,3500.0,3200.0,400.0,12.5,2026,7,28
Keralam,Kottayam,Pampady Market,Snakeguard,Snakeguard,FAQ,2026-07-28,4000.0,5500.0,5000.0,1500.0,30.0,2026,7,28
Keralam,Kottayam,Pampady Market,Indian Beans(Seam),Other,FAQ,2026-07-28,6000.0,7000.0,6500.0,1000.0,15.384615384615385,2026,7,28
Keralam,Kottayam,Pampady Market,Little gourd(Kundru),Other,FAQ,2026-07-28,5000.0,6500.0,6000.0,1500.0,25.0,2026,7,28
Keralam,Kottayam,Pampady Market,Potato,Big,FAQ,2026-07-28,2700.0,4000.0,3000.0,1300.0,43.333333333333336,2026,7,28
Tamil Nadu,Thiruvannamalai,Cheyyar(Uzhavar Sandhai ),Papaya,Papaya,Local,2026-07-28,3200.0,4000.0,3600.0,800.0,22.22222222222222,2026,7,28
Tamil Nadu,Thiruvannamalai,Cheyyar(Uzhavar Sandhai ),Bottle gourd,Bottle Gourd,Local,2026-07-28,2000.0,2400.0,2200.0,400.0,18.181818181818183,2026,7,28
Tamil Nadu,Thiruvannamalai,Cheyyar(Uzhavar Sandhai ),Pumpkin,Pumpkin,Local,2026-07-28,2500.0,3000.0,2750.0,500.0,18.181818181818183,2026,7,28
Tamil Nadu,Thiruvannamalai,Cheyyar(Uzhavar Sandhai ),Green Chilli,Green Chilly,Local,2026-07-28,4800.0,6000.0,5400.0,1200.0,22.22222222222222,2026,7,28
Tamil Nadu,Thiruvannamalai,Cheyyar(Uzhavar Sandhai ),Drumstick,Drumstick,Local,2026-07-28,4800.0,6000.0,5400.0,1200.0,22.22222222222222,2026,7,28
Andhra Pradesh,SPSR Nellore,Gudur APMC,Paddy(Common),MTU-1010,Local,2026-07-28,2369.0,2470.0,2430.0,101.0,4.156378600823045,2026,7,28
Andhra Pradesh,Dr.B.R.A.Konaseema,Mummidivaram APMC,Prawn,Prawn-White Prawn,FAQ,2026-07-28,20000.0,21000.0,20000.0,1000.0,5.0,2026,7,28
Andhra Pradesh,Dr.B.R.A.Konaseema,Mummidivaram APMC,Paddy(Common),1121,FAQ,2026-07-28,2369.0,2468.0,2369.0,99.0,4.178978471929084,2026,7,28
Telangana,Nalgonda,Nakrekal APMC,Lime,Lime,Local,2026-07-28,500.0,3500.0,1000.0,3000.0,300.0,2026,7,28
Andhra Pradesh,Dr.B.R.A.Konaseema,Nagaram APMC,Coconut,Medium,FAQ,2026-07-28,15400.0,15500.0,15400.0,100.0,0.6493506493506493,2026,7,28
Andhra Pradesh,Vijayanagaram,Rajam APMC,Maize,Local,FAQ,2026-07-28,4800.0,4800.0,4800.0,0.0,0.0,2026,7,28
Odisha,Sundergarh,Panposh APMC,Bitter gourd,Other,FAQ,2026-07-28,4000.0,5000.0,4500.0,1000.0,22.22222222222222,2026,7,28
Odisha,Sundergarh,Panposh APMC,Cabbage,Cabbage,FAQ,2026-07-28,2000.0,3000.0,2500.0,1000.0,40.0,2026,7,28
Tamil Nadu,Ariyalur,Ariyalur(Uzhavar Sandhai),Brinjal,Round,Local,2026-07-28,5500.0,6000.0,5750.0,500.0,8.695652173913043,2026,7,28
Tamil Nadu,Ariyalur,Ariyalur(Uzhavar Sandhai),Bhindi(Ladies Finger),Bhindi,Local,2026-07-28,3500.0,4000.0,3750.0,500.0,13.333333333333334,2026,7,28
Tamil Nadu,Ariyalur,Ariyalur(Uzhavar Sandhai),Snakeguard,Snakeguard,Local,2026-07-28,3500.0,4000.0,3750.0,500.0,13.333333333333334,2026,7,28
Tamil Nadu,Ariyalur,Ariyalur(Uzhavar Sandhai),Onion Green,Onion Green,Local,2026-07-28,5500.0,6500.0,6000.0,1000.0,16.666666666666664,2026,7,28
Andhra Pradesh,Palnadu,Rompicherla APMC,Maize,Hybrid/Local,FAQ,2026-07-28,2300.0,2400.0,2350.0,100.0,4.25531914893617,2026,7,28
Andhra Pradesh,Palnadu,Rompicherla APMC,Paddy(Common),Paddy,FAQ,2026-07-28,2300.0,2480.0,2400.0,180.0,7.5,2026,7,28
Haryana,Mahendragarh-Narnaul,Narnaul APMC,Green Chilli,Green Chilly,Medium,2026-07-28,1000.0,4000.0,2500.0,3000.0,120.0,2026,7,28
Haryana,Mahendragarh-Narnaul,Narnaul APMC,Mango(Raw-Ripe),Mango - Raw-Ripe,Medium,2026-07-28,4000.0,6000.0,5000.0,2000.0,40.0,2026,7,28
Haryana,Mahendragarh-Narnaul,Narnaul APMC,Cluster beans,Cluster Beans,Medium,2026-07-28,4000.0,6000.0,5000.0,2000.0,40.0,2026,7,28
Andhra Pradesh,Annamayya,Rayachoti APMC,Groundnut,Local,Grade Range-1,2026-07-28,7400.0,7800.0,7600.0,400.0,5.263157894736842,2026,7,28
Uttarakhand,Haridwar,Haridwar Union APMC,Papaya,Other,Grade B,2026-07-28,1500.0,2000.0,1650.0,500.0,30.303030303030305,2026,7,28
Uttarakhand,Haridwar,Haridwar Union APMC,Mango,Other,Grade Range-2,2026-07-28,2000.0,3000.0,2500.0,1000.0,40.0,2026,7,28
Uttarakhand,Haridwar,Haridwar Union APMC,Lemon,Other,FAQ,2026-07-28,4000.0,5500.0,4500.0,1500.0,33.33333333333333,2026,7,28
Uttar Pradesh,Amroha,Hasanpur APMC,Bhindi(Ladies Finger),Bhindi,FAQ,2026-07-28,1850.0,2010.0,2000.0,160.0,8.0,2026,7,28
Punjab,Ludhiana,Doraha APMC,Lemon,Lemon,Local,2026-07-28,5000.0,5000.0,5000.0,0.0,0.0,2026,7,28
Punjab,Ludhiana,Doraha APMC,Garlic,Average,Local,2026-07-28,9000.0,11000.0,10000.0,2000.0,20.0,2026,7,28
Punjab,Ludhiana,Doraha APMC,Bottle gourd,Bottle Gourd,Local,2026-07-28,2000.0,3000.0,2500.0,1000.0,40.0,2026,7,28
Odisha,Sambalpur,Rairakhol APMC,Bhindi(Ladies Finger),Bhindi,Small,2026-07-28,4500.0,5500.0,5000.0,1000.0,20.0,2026,7,28
Odisha,Sambalpur,Rairakhol APMC,Brinjal,Brinjal,Local,2026-07-28,3000.0,3500.0,3200.0,500.0,15.625,2026,7,28
Odisha,Sambalpur,Rairakhol APMC,Potato,Potato,Grade C,2026-07-28,1000.0,1800.0,1500.0,800.0,53.333333333333336,2026,7,28
Keralam,Idukki,Munnar Market,Groundnut pods(raw),Other,Medium,2026-07-28,6500.0,6500.0,6500.0,0.0,0.0,2026,7,28
Keralam,Idukki,Munnar Market,Little gourd(Kundru),Little gourd (Kundru),Medium,2026-07-28,5000.0,5000.0,5000.0,0.0,0.0,2026,7,28
Keralam,Alappuzha,Chengannur Market,Ashgourd,Other,FAQ,2026-07-28,1800.0,2100.0,2000.0,300.0,15.0,2026,7,28
Keralam,Alappuzha,Chengannur Market,Beetroot,Beetroot,FAQ,2026-07-28,5800.0,6100.0,6000.0,300.0,5.0,2026,7,28
Keralam,Alappuzha,Chengannur Market,Cauliflower,Other,FAQ,2026-07-28,3800.0,4100.0,4000.0,300.0,7.5,2026,7,28
Keralam,Alappuzha,Chengannur Market,Cucumbar(Kheera),Other,FAQ,2026-07-28,2300.0,2600.0,2400.0,300.0,12.5,2026,7,28
Keralam,Alappuzha,Chengannur Market,Snakeguard,Other,FAQ,2026-07-28,3500.0,4200.0,4000.0,700.0,17.5,2026,7,28
Keralam,Alappuzha,Chengannur Market,Pumpkin,Other,FAQ,2026-07-28,1900.0,2200.0,2000.0,300.0,15.0,2026,7,28
Haryana,Gurgaon,Gurgaon APMC,Guava,Other,Grade C,2026-07-28,3000.0,5000.0,4000.0,2000.0,50.0,2026,7,28
Haryana,Gurgaon,Gurgaon APMC,Pear(Marasebu),Other,Grade B,2026-07-28,8000.0,10000.0,9000.0,2000.0,22.22222222222222,2026,7,28
Punjab,Gurdaspur,Kalanaur APMC,Bottle gourd,Bottle Gourd,Grade A,2026-07-28,1200.0,1200.0,1200.0,0.0,0.0,2026,7,28
Uttar Pradesh,Khiri (Lakhimpur),Maigalganj APMC,Carrot,Carrot,FAQ,2026-07-28,1400.0,1440.0,1420.0,40.0,2.8169014084507045,2026,7,28
Uttar Pradesh,Khiri (Lakhimpur),Maigalganj APMC,Bhindi(Ladies Finger),Bhindi,FAQ,2026-07-28,2360.0,2400.0,2380.0,40.0,1.680672268907563,2026,7,28
Himachal Pradesh,Kangra,SMY Baijnath,Raddish,Raddish,Grade A,2026-07-28,2700.0,2800.0,2800.0,100.0,3.571428571428571,2026,7,28
Himachal Pradesh,Kangra,SMY Baijnath,Mousambi(Sweet Lime),Mousambi,Grade B,2026-07-28,6500.0,7000.0,6500.0,500.0,7.6923076923076925,2026,7,28
Himachal Pradesh,Kangra,SMY Baijnath,Green Chilli,Green Chilly,Grade A,2026-07-28,4500.0,5000.0,5000.0,500.0,10.0,2026,7,28
Himachal Pradesh,Kangra,SMY Baijnath,Cauliflower,Cauliflower,Grade A,2026-07-28,4500.0,5500.0,5000.0,1000.0,20.0,2026,7,28
Himachal Pradesh,Kangra,SMY Jaisinghpur,Plum,Other,Medium,2026-07-28,4500.0,6500.0,5500.0,2000.0,36.36363636363637,2026,7,28
Himachal Pradesh,Kangra,SMY Jaisinghpur,Cucumbar(Kheera),Cucumbar,FAQ,2026-07-28,3200.0,4500.0,3800.0,1300.0,34.21052631578947,2026,7,28
Himachal Pradesh,Kangra,SMY Jaisinghpur,Carrot,Carrot,FAQ,2026-07-28,3200.0,3800.0,3500.0,600.0,17.142857142857142,2026,7,28
Himachal Pradesh,Kangra,SMY Jaisinghpur,Tinda,Other,FAQ,2026-07-28,6000.0,6500.0,6200.0,500.0,8.064516129032258,2026,7,28
Himachal Pradesh,Kangra,SMY Jaisinghpur,Capsicum,Capsicum,FAQ,2026-07-28,6000.0,7000.0,6500.0,1000.0,15.384615384615385,2026,7,28
Himachal Pradesh,Kangra,SMY Jaisinghpur,Bottle gourd,Bottle Gourd,FAQ,2026-07-28,4500.0,6500.0,5500.0,2000.0,36.36363636363637,2026,7,28
Keralam,Kozhikode(Calicut),Quilandy Market,Amaranthus,Other,FAQ,2026-07-28,3500.0,3600.0,3500.0,100.0,2.857142857142857,2026,7,28
Keralam,Kozhikode(Calicut),Quilandy Market,Bhindi(Ladies Finger),Other,FAQ,2026-07-28,3700.0,4000.0,3800.0,300.0,7.894736842105263,2026,7,28
Keralam,Kozhikode(Calicut),Quilandy Market,Beetroot,Other,FAQ,2026-07-28,4600.0,5000.0,4800.0,400.0,8.333333333333332,2026,7,28
Keralam,Kozhikode(Calicut),Quilandy Market,Bitter gourd,Other,FAQ,2026-07-28,5500.0,5800.0,5600.0,300.0,5.357142857142857,2026,7,28
Keralam,Kozhikode(Calicut),Quilandy Market,Cabbage,Other,FAQ,2026-07-28,3700.0,4000.0,3800.0,300.0,7.894736842105263,2026,7,28
Tamil Nadu,Coimbatore,Mettupalayam(Uzhavar Sandhai ),Papaya,Papaya,Local,2026-07-28,3000.0,3800.0,3400.0,800.0,23.52941176470588,2026,7,28
Tamil Nadu,Coimbatore,Mettupalayam(Uzhavar Sandhai ),Onion,Bellary,Local,2026-07-28,3000.0,3800.0,3400.0,800.0,23.52941176470588,2026,7,28
Tamil Nadu,Coimbatore,Mettupalayam(Uzhavar Sandhai ),Garlic,Garlic,Local,2026-07-28,15000.0,18000.0,16500.0,3000.0,18.181818181818183,2026,7,28
Tamil Nadu,Coimbatore,Mettupalayam(Uzhavar Sandhai ),Cauliflower,Ranchi,Local,2026-07-28,4000.0,4500.0,4250.0,500.0,11.76470588235294,2026,7,28
Tamil Nadu,Coimbatore,Mettupalayam(Uzhavar Sandhai ),Green Peas,Green Peas,Local,2026-07-28,18000.0,20000.0,19000.0,2000.0,10.526315789473683,2026,7,28
Tamil Nadu,Coimbatore,Mettupalayam(Uzhavar Sandhai ),Bitter gourd,Bitter Gourd,Local,2026-07-28,5000.0,5500.0,5250.0,500.0,9.523809523809524,2026,7,28
Tamil Nadu,Coimbatore,Mettupalayam(Uzhavar Sandhai ),Banana - Green,Banana - Green,Local,2026-07-28,4500.0,5000.0,4750.0,500.0,10.526315789473683,2026,7,28
Tamil Nadu,Coimbatore,Mettupalayam(Uzhavar Sandhai ),Tapioca,Tapioca,Local,2026-07-28,3000.0,3500.0,3250.0,500.0,15.384615384615385,2026,7,28
Tamil Nadu,Coimbatore,Mettupalayam(Uzhavar Sandhai ),Coconut,Coconut,Local,2026-07-28,5000.0,5600.0,5300.0,600.0,11.320754716981133,2026,7,28
Tamil Nadu,Coimbatore,Mettupalayam(Uzhavar Sandhai ),Drumstick,Drumstick,Local,2026-07-28,4000.0,4500.0,4250.0,500.0,11.76470588235294,2026,7,28
Tamil Nadu,Coimbatore,Mettupalayam(Uzhavar Sandhai ),Mango(Raw-Ripe),Mango - Raw-Ripe,Local,2026-07-28,3000.0,3800.0,3400.0,800.0,23.52941176470588,2026,7,28
Tamil Nadu,Coimbatore,Mettupalayam(Uzhavar Sandhai ),Lime,Lime,Local,2026-07-28,14000.0,16000.0,15000.0,2000.0,13.333333333333334,2026,7,28
Tamil Nadu,Coimbatore,Mettupalayam(Uzhavar Sandhai ),Elephant Yam(Suran)/Amorphophallus,Elephant Yam (Suran),Local,2026-07-28,3500.0,4000.0,3750.0,500.0,13.333333333333334,2026,7,28
Tamil Nadu,Coimbatore,Mettupalayam(Uzhavar Sandhai ),Yam(Ratalu),Yam (Ratalu),Local,2026-07-28,6500.0,7000.0,6750.0,500.0,7.4074074074074066,2026,7,28
Tamil Nadu,Coimbatore,Mettupalayam(Uzhavar Sandhai ),Amla(Nelli Kai),Amla,Local,2026-07-28,8000.0,8500.0,8250.0,500.0,6.0606060606060606,2026,7,28
Tamil Nadu,Erode,Sathiyamagalam(Uzhavar Sandhai ),Cluster beans,Cluster Beans,Local,2026-07-28,3500.0,4000.0,3750.0,500.0,13.333333333333334,2026,7,28
Tamil Nadu,Erode,Sathiyamagalam(Uzhavar Sandhai ),Tapioca,Tapioca,Local,2026-07-28,2500.0,3000.0,2750.0,500.0,18.181818181818183,2026,7,28
Tamil Nadu,Erode,Sathiyamagalam(Uzhavar Sandhai ),Ginger(Green),Green Ginger,Local,2026-07-28,15000.0,16000.0,15500.0,1000.0,6.451612903225806,2026,7,28
Tamil Nadu,Erode,Sathiyamagalam(Uzhavar Sandhai ),Green Avare(W),Other,Local,2026-07-28,6400.0,6800.0,6600.0,400.0,6.0606060606060606,2026,7,28
Tamil Nadu,Namakkal,Tiruchengode APMC,Bhindi(Ladies Finger),Bhindi,Local,2026-07-28,4000.0,4400.0,4200.0,400.0,9.523809523809524,2026,7,28
Tamil Nadu,Namakkal,Tiruchengode APMC,Amaranthus,Amaranthus,Local,2026-07-28,3500.0,4000.0,3750.0,500.0,13.333333333333334,2026,7,28
Tamil Nadu,Namakkal,Tiruchengode APMC,Ginger(Green),Green Ginger,Local,2026-07-28,17500.0,19500.0,18500.0,2000.0,10.81081081081081,2026,7,28
Tamil Nadu,Namakkal,Tiruchengode APMC,Carrot,Pusakesar,Local,2026-07-28,8500.0,9500.0,9000.0,1000.0,11.11111111111111,2026,7,28
Tamil Nadu,Namakkal,Tiruchengode APMC,Cabbage,Cabbage,Local,2026-07-28,3500.0,4000.0,3750.0,500.0,13.333333333333334,2026,7,28
Tamil Nadu,Namakkal,Tiruchengode APMC,Snakeguard,Snakeguard,Local,2026-07-28,4500.0,5000.0,4750.0,500.0,10.526315789473683,2026,7,28
Tamil Nadu,Namakkal,Tiruchengode APMC,Capsicum,Capsicum,Local,2026-07-28,7000.0,8000.0,7500.0,1000.0,13.333333333333334,2026,7,28
Tamil Nadu,Namakkal,Tiruchengode APMC,Green Avare(W),Other,Local,2026-07-28,5400.0,6000.0,5700.0,600.0,10.526315789473683,2026,7,28
Tamil Nadu,Namakkal,Tiruchengode APMC,Drumstick,Drumstick,Local,2026-07-28,4500.0,5000.0,4750.0,500.0,10.526315789473683,2026,7,28
Tamil Nadu,Namakkal,Tiruchengode APMC,Mango(Raw-Ripe),Mango - Raw-Ripe,Local,2026-07-28,3000.0,3500.0,3250.0,500.0,15.384615384615385,2026,7,28
Tamil Nadu,Namakkal,Tiruchengode APMC,Onion Green,Onion Green,Local,2026-07-28,4000.0,4500.0,4250.0,500.0,11.76470588235294,2026,7,28
Tamil Nadu,Namakkal,Tiruchengode APMC,Mint(Pudina),Mint(Pudina),Local,2026-07-28,5400.0,6000.0,5700.0,600.0,10.526315789473683,2026,7,28
Andhra Pradesh,Visakhapatnam,Bhimunipatnam APMC,Maize,Hybrid Red (Cattle Feed),Local,2026-07-28,2386.0,2386.0,2386.0,0.0,0.0,2026,7,28
Andhra Pradesh,Visakhapatnam,Bhimunipatnam APMC,Ragi(Finger Millet),Local,Local,2026-07-28,5000.0,5000.0,5000.0,0.0,0.0,2026,7,28
Tamil Nadu,Ariyalur,Jeyankondam (Uzhavar Sandhai ),Raddish,Raddish,Local,2026-07-28,3500.0,4000.0,3750.0,500.0,13.333333333333334,2026,7,28
Tamil Nadu,Coimbatore,RSPuram(Uzhavar Sandhai ),Papaya,Papaya,Local,2026-07-28,3800.0,4200.0,4000.0,400.0,10.0,2026,7,28
Tamil Nadu,Coimbatore,RSPuram(Uzhavar Sandhai ),Onion,Bellary,Local,2026-07-28,3000.0,3300.0,3150.0,300.0,9.523809523809524,2026,7,28
Tamil Nadu,Coimbatore,RSPuram(Uzhavar Sandhai ),Brinjal,Other,Local,2026-07-28,4000.0,4500.0,4250.0,500.0,11.76470588235294,2026,7,28
Tamil Nadu,Coimbatore,RSPuram(Uzhavar Sandhai ),Pumpkin,Pumpkin,Local,2026-07-28,1800.0,2000.0,1900.0,200.0,10.526315789473683,2026,7,28
Tamil Nadu,Coimbatore,RSPuram(Uzhavar Sandhai ),Bhindi(Ladies Finger),Bhindi,Local,2026-07-28,4000.0,4600.0,4300.0,600.0,13.953488372093023,2026,7,28
Tamil Nadu,Coimbatore,RSPuram(Uzhavar Sandhai ),Amaranthus,Amaranthus,Local,2026-07-28,5600.0,6500.0,6050.0,900.0,14.87603305785124,2026,7,28
Tamil Nadu,Coimbatore,RSPuram(Uzhavar Sandhai ),Ginger(Green),Green Ginger,Local,2026-07-28,17000.0,18200.0,17600.0,1200.0,6.8181818181818175,2026,7,28
Tamil Nadu,Coimbatore,RSPuram(Uzhavar Sandhai ),Ridgeguard(Tori),Ridgeguard(Tori),Local,2026-07-28,4000.0,4800.0,4400.0,800.0,18.181818181818183,2026,7,28
Tamil Nadu,Coimbatore,RSPuram(Uzhavar Sandhai ),Green Avare(W),Other,Local,2026-07-28,6000.0,6600.0,6300.0,600.0,9.523809523809524,2026,7,28
Tamil Nadu,Coimbatore,RSPuram(Uzhavar Sandhai ),Drumstick,Drumstick,Local,2026-07-28,3500.0,4000.0,3750.0,500.0,13.333333333333334,2026,7,28
Tamil Nadu,Coimbatore,RSPuram(Uzhavar Sandhai ),Lime,Lime,Local,2026-07-28,16000.0,17500.0,16750.0,1500.0,8.955223880597014,2026,7,28
Tamil Nadu,Coimbatore,RSPuram(Uzhavar Sandhai ),Guava,Guava Allahabad,Local,2026-07-28,4500.0,5500.0,5000.0,1000.0,20.0,2026,7,28
Tamil Nadu,Coimbatore,RSPuram(Uzhavar Sandhai ),Tender Coconut,Tender Coconut,Local,2026-07-28,4000.0,4500.0,4250.0,500.0,11.76470588235294,2026,7,28
Tamil Nadu,Coimbatore,RSPuram(Uzhavar Sandhai ),Colacasia,Colacasia,Local,2026-07-28,4500.0,5000.0,4750.0,500.0,10.526315789473683,2026,7,28
Tamil Nadu,Coimbatore,RSPuram(Uzhavar Sandhai ),Amla(Nelli Kai),Amla,Local,2026-07-28,7500.0,8500.0,8000.0,1000.0,12.5,2026,7,28
Tamil Nadu,Coimbatore,RSPuram(Uzhavar Sandhai ),Baby Corn,Baby Corn,Grade A,2026-07-28,2200.0,2800.0,2500.0,600.0,24.0,2026,7,28
Tamil Nadu,Coimbatore,RSPuram(Uzhavar Sandhai ),Sweet Corn,Sweet Corn,Local,2026-07-28,3500.0,4000.0,3750.0,500.0,13.333333333333334,2026,7,28
Tamil Nadu,Coimbatore,Singanallur(Uzhavar Sandhai ),Papaya,Papaya,Local,2026-07-28,3500.0,4200.0,3850.0,700.0,18.181818181818183,2026,7,28
Tamil Nadu,Coimbatore,Singanallur(Uzhavar Sandhai ),Chikoos(Sapota),Sapota,Local,2026-07-28,4000.0,4500.0,4250.0,500.0,11.76470588235294,2026,7,28
Tamil Nadu,Coimbatore,Singanallur(Uzhavar Sandhai ),Tomato,Local,Local,2026-07-28,1800.0,2200.0,2000.0,400.0,20.0,2026,7,28
Tamil Nadu,Coimbatore,Singanallur(Uzhavar Sandhai ),Bitter gourd,Other,Local,2026-07-28,6000.0,6500.0,6250.0,500.0,8.0,2026,7,28
Tamil Nadu,Coimbatore,Singanallur(Uzhavar Sandhai ),Sweet Potato,Hosur Red,Local,2026-07-28,4500.0,5000.0,4750.0,500.0,10.526315789473683,2026,7,28
Tamil Nadu,Coimbatore,Singanallur(Uzhavar Sandhai ),Snakeguard,Snakeguard,Local,2026-07-28,3000.0,3500.0,3250.0,500.0,15.384615384615385,2026,7,28
Tamil Nadu,Coimbatore,Singanallur(Uzhavar Sandhai ),Ridgeguard(Tori),Ridgeguard(Tori),Local,2026-07-28,5000.0,5600.0,5300.0,600.0,11.320754716981133,2026,7,28
Tamil Nadu,Coimbatore,Singanallur(Uzhavar Sandhai ),Onion Green,Onion Green,Local,2026-07-28,5500.0,6000.0,5750.0,500.0,8.695652173913043,2026,7,28
Tamil Nadu,Coimbatore,Pollachi(Uzhavar Sandhai ),Cauliflower,Ranchi,Local,2026-07-28,5000.0,5500.0,5250.0,500.0,9.523809523809524,2026,7,28
Tamil Nadu,Coimbatore,Pollachi(Uzhavar Sandhai ),Cluster beans,Cluster Beans,Local,2026-07-28,4000.0,4500.0,4250.0,500.0,11.76470588235294,2026,7,28
Tamil Nadu,Coimbatore,Pollachi(Uzhavar Sandhai ),Bhindi(Ladies Finger),Bhindi,Local,2026-07-28,4500.0,5000.0,4750.0,500.0,10.526315789473683,2026,7,28
Tamil Nadu,Coimbatore,Pollachi(Uzhavar Sandhai ),Amaranthus,Amaranthus,Local,2026-07-28,3000.0,4000.0,3500.0,1000.0,28.57142857142857,2026,7,28
Tamil Nadu,Coimbatore,Pollachi(Uzhavar Sandhai ),Banana - Green,Banana - Green,Local,2026-07-28,4000.0,4500.0,4250.0,500.0,11.76470588235294,2026,7,28
Tamil Nadu,Coimbatore,Pollachi(Uzhavar Sandhai ),Beans,Beans (Whole),Local,2026-07-28,9000.0,10000.0,9500.0,1000.0,10.526315789473683,2026,7,28
Tamil Nadu,Coimbatore,Pollachi(Uzhavar Sandhai ),Green Avare(W),Green Avare (W),Local,2026-07-28,6500.0,7500.0,7000.0,1000.0,14.285714285714285,2026,7,28
Tamil Nadu,Coimbatore,Pollachi(Uzhavar Sandhai ),Drumstick,Drumstick,Local,2026-07-28,5000.0,6000.0,5500.0,1000.0,18.181818181818183,2026,7,28
Tamil Nadu,Coimbatore,Pollachi(Uzhavar Sandhai ),Lemon,Lemon,Local,2026-07-28,7000.0,7500.0,7250.0,500.0,6.896551724137931,2026,7,28
Tamil Nadu,Coimbatore,Pollachi(Uzhavar Sandhai ),Onion Green,Onion Green,Local,2026-07-28,5500.0,6000.0,5750.0,500.0,8.695652173913043,2026,7,28
Gujarat,Sabarkantha,Meghraj APMC,Wheat,Other,Local,2026-07-28,2450.0,2550.0,2550.0,100.0,3.9215686274509802,2026,7,28
Telangana,Ranga Reddy,"Vanasthalipuram,RBZ",Cabbage,Cabbage,Local,2026-07-28,2100.0,2100.0,2100.0,0.0,0.0,2026,7,28
Telangana,Ranga Reddy,"Vanasthalipuram,RBZ",Carrot,Carrot,Local,2026-07-28,4100.0,4100.0,4100.0,0.0,0.0,2026,7,28
Telangana,Ranga Reddy,"Vanasthalipuram,RBZ",Snakeguard,Snakeguard,Local,2026-07-28,2300.0,2300.0,2300.0,0.0,0.0,2026,7,28
Telangana,Ranga Reddy,"Vanasthalipuram,RBZ",Beetroot,Beetroot,Local,2026-07-28,3300.0,3300.0,3300.0,0.0,0.0,2026,7,28
Tamil Nadu,Karur,Karur(Uzhavar Sandhai ),Cauliflower,Ranchi,Local,2026-07-28,3500.0,4000.0,3750.0,500.0,13.333333333333334,2026,7,28
Tamil Nadu,Karur,Karur(Uzhavar Sandhai ),Coriander(Leaves),I Sort,Local,2026-07-28,7500.0,8000.0,7750.0,500.0,6.451612903225806,2026,7,28
Tamil Nadu,Karur,Karur(Uzhavar Sandhai ),Bitter gourd,Other,Local,2026-07-28,5500.0,6000.0,5750.0,500.0,8.695652173913043,2026,7,28
Tamil Nadu,Karur,Karur(Uzhavar Sandhai ),Bottle gourd,Bottle Gourd,Local,2026-07-28,2000.0,2500.0,2250.0,500.0,22.22222222222222,2026,7,28
Tamil Nadu,Karur,Karur(Uzhavar Sandhai ),Pumpkin,Pumpkin,Local,2026-07-28,2300.0,2800.0,2550.0,500.0,19.607843137254903,2026,7,28
Tamil Nadu,Karur,Karur(Uzhavar Sandhai ),Beans,Beans (Whole),Local,2026-07-28,9500.0,10000.0,9750.0,500.0,5.128205128205128,2026,7,28
Tamil Nadu,Karur,Karur(Uzhavar Sandhai ),Cabbage,Cabbage,Local,2026-07-28,5500.0,6000.0,5750.0,500.0,8.695652173913043,2026,7,28
Tamil Nadu,Karur,Karur(Uzhavar Sandhai ),Beetroot,Beetroot,Local,2026-07-28,8500.0,9000.0,8750.0,500.0,5.714285714285714,2026,7,28
Tamil Nadu,Karur,Karur(Uzhavar Sandhai ),Raddish,Raddish,Local,2026-07-28,3500.0,4000.0,3750.0,500.0,13.333333333333334,2026,7,28
Tamil Nadu,Karur,Karur(Uzhavar Sandhai ),Thondekai,Thondekai,Local,2026-07-28,5000.0,5500.0,5250.0,500.0,9.523809523809524,2026,7,28
Tamil Nadu,Karur,Karur(Uzhavar Sandhai ),Elephant Yam(Suran)/Amorphophallus,Elephant Yam (Suran),Local,2026-07-28,4500.0,5000.0,4750.0,500.0,10.526315789473683,2026,7,28
Tamil Nadu,Karur,Karur(Uzhavar Sandhai ),Onion Green,Onion Green,Local,2026-07-28,6000.0,6500.0,6250.0,500.0,8.0,2026,7,28
Tamil Nadu,Karur,Karur(Uzhavar Sandhai ),Mint(Pudina),Mint(Pudina),Local,2026-07-28,6500.0,7000.0,6750.0,500.0,7.4074074074074066,2026,7,28
Tripura,South Tripura,Manubazar,Fish,Rahu(Andhra),Grade Range-1,2026-07-28,20000.0,22000.0,21000.0,2000.0,9.523809523809524,2026,7,28
Tripura,South Tripura,Manubazar,Onion,1st Sort,Grade A,2026-07-28,3800.0,4000.0,3900.0,200.0,5.128205128205128,2026,7,28
Tripura,South Tripura,Manubazar,Ashgourd,Ashgourd,FAQ,2026-07-28,2300.0,2500.0,2400.0,200.0,8.333333333333332,2026,7,28
Tripura,South Tripura,Manubazar,Spiny Gourd / Kartali(Kantola),Kartali (Kantola),FAQ,2026-07-28,5700.0,6000.0,5800.0,300.0,5.172413793103448,2026,7,28
Tripura,South Tripura,Manubazar,Fish,Rahu(Local),Grade Range-1,2026-07-28,30000.0,32000.0,31000.0,2000.0,6.451612903225806,2026,7,28
Tamil Nadu,Coimbatore,Kurichi(Uzhavar Sandhai ),Papaya,Papaya,Local,2026-07-28,3600.0,4200.0,3900.0,600.0,15.384615384615385,2026,7,28
Tamil Nadu,Coimbatore,Kurichi(Uzhavar Sandhai ),Mango,Neelam,Local,2026-07-28,7000.0,8000.0,7500.0,1000.0,13.333333333333334,2026,7,28
Tamil Nadu,Coimbatore,Kurichi(Uzhavar Sandhai ),Banana - Green,Banana - Green,Local,2026-07-28,3600.0,4000.0,3800.0,400.0,10.526315789473683,2026,7,28
Tamil Nadu,Coimbatore,Kurichi(Uzhavar Sandhai ),Tapioca,Tapioca,Local,2026-07-28,3000.0,3500.0,3250.0,500.0,15.384615384615385,2026,7,28
Tamil Nadu,Coimbatore,Kurichi(Uzhavar Sandhai ),Drumstick,Drumstick,Local,2026-07-28,5500.0,6000.0,5750.0,500.0,8.695652173913043,2026,7,28
Tamil Nadu,Coimbatore,Kurichi(Uzhavar Sandhai ),Mango(Raw-Ripe),Mango - Raw-Ripe,Local,2026-07-28,3500.0,4000.0,3750.0,500.0,13.333333333333334,2026,7,28
Tamil Nadu,Cuddalore,Chidambaram(Uzhavar Sandhai ),Brinjal,Round,Local,2026-07-28,5000.0,6000.0,5500.0,1000.0,18.181818181818183,2026,7,28
Tamil Nadu,Cuddalore,Chidambaram(Uzhavar Sandhai ),Mango(Raw-Ripe),Mango - Raw-Ripe,Local,2026-07-28,3000.0,3000.0,3000.0,0.0,0.0,2026,7,28
Tamil Nadu,Cuddalore,Cuddalore(Uzhavar Sandhai ),Pumpkin,Pumpkin,Local,2026-07-28,3000.0,3000.0,3000.0,0.0,0.0,2026,7,28
Tamil Nadu,Cuddalore,Cuddalore(Uzhavar Sandhai ),Ginger(Green),Green Ginger,Local,2026-07-28,20000.0,20000.0,20000.0,0.0,0.0,2026,7,28
Tamil Nadu,Cuddalore,Cuddalore(Uzhavar Sandhai ),Cabbage,Cabbage,Local,2026-07-28,4000.0,4000.0,4000.0,0.0,0.0,2026,7,28
Tamil Nadu,Cuddalore,Cuddalore(Uzhavar Sandhai ),Ridgeguard(Tori),Ridgeguard(Tori),Local,2026-07-28,7000.0,8000.0,7500.0,1000.0,13.333333333333334,2026,7,28
Tamil Nadu,Cuddalore,Cuddalore(Uzhavar Sandhai ),Knool Khol,Knool Khol,Local,2026-07-28,5000.0,5000.0,5000.0,0.0,0.0,2026,7,28
Tamil Nadu,Chengalpattu,Thirukalukundram(Uzhavar Sandhai ),Potato,Other,Local,2026-07-28,2500.0,3000.0,2750.0,500.0,18.181818181818183,2026,7,28
Tamil Nadu,Chengalpattu,Thirukalukundram(Uzhavar Sandhai ),Bitter gourd,Other,Local,2026-07-28,4500.0,5200.0,4850.0,700.0,14.432989690721648,2026,7,28
Tamil Nadu,Chengalpattu,Thirukalukundram(Uzhavar Sandhai ),Banana - Green,Banana - Green,Local,2026-07-28,2500.0,3000.0,2750.0,500.0,18.181818181818183,2026,7,28
Tamil Nadu,Chengalpattu,Thirukalukundram(Uzhavar Sandhai ),Green Avare(W),Other,Local,2026-07-28,4500.0,5000.0,4750.0,500.0,10.526315789473683,2026,7,28
Tamil Nadu,Chengalpattu,Thirukalukundram(Uzhavar Sandhai ),Lemon,Lemon,Local,2026-07-28,7500.0,8500.0,8000.0,1000.0,12.5,2026,7,28
Tamil Nadu,Tuticorin,Tuticorin(Uzhavar Sandhai ),Apple,American,Local,2026-07-28,25000.0,26000.0,25500.0,1000.0,3.9215686274509802,2026,7,28
Tamil Nadu,Tuticorin,Tuticorin(Uzhavar Sandhai ),Grapes,Annabesahai,Local,2026-07-28,9000.0,10000.0,9500.0,1000.0,10.526315789473683,2026,7,28
Tamil Nadu,Tuticorin,Tuticorin(Uzhavar Sandhai ),Green Peas,Green Peas,Local,2026-07-28,19000.0,20000.0,19500.0,1000.0,5.128205128205128,2026,7,28
Tamil Nadu,Tuticorin,Tuticorin(Uzhavar Sandhai ),Tomato,Local,Local,2026-07-28,2000.0,2500.0,2250.0,500.0,22.22222222222222,2026,7,28
Tamil Nadu,Tuticorin,Tuticorin(Uzhavar Sandhai ),Bottle gourd,Bottle Gourd,Local,2026-07-28,1500.0,2000.0,1750.0,500.0,28.57142857142857,2026,7,28
Tamil Nadu,Tuticorin,Tuticorin(Uzhavar Sandhai ),Bhindi(Ladies Finger),Bhindi,Local,2026-07-28,4000.0,4500.0,4250.0,500.0,11.76470588235294,2026,7,28
Tamil Nadu,Tuticorin,Tuticorin(Uzhavar Sandhai ),Tapioca,Tapioca,Local,2026-07-28,3000.0,3500.0,3250.0,500.0,15.384615384615385,2026,7,28
Tamil Nadu,Tuticorin,Tuticorin(Uzhavar Sandhai ),Sweet Potato,Hosur Red,Local,2026-07-28,3500.0,4000.0,3750.0,500.0,13.333333333333334,2026,7,28
Tamil Nadu,Tuticorin,Tuticorin(Uzhavar Sandhai ),Beetroot,Beetroot,Local,2026-07-28,5000.0,6000.0,5500.0,1000.0,18.181818181818183,2026,7,28
Tamil Nadu,Tuticorin,Tuticorin(Uzhavar Sandhai ),Thondekai,Thondekai,Local,2026-07-28,4500.0,5000.0,4750.0,500.0,10.526315789473683,2026,7,28
Tamil Nadu,Tuticorin,Tuticorin(Uzhavar Sandhai ),Capsicum,Capsicum,Local,2026-07-28,7500.0,8000.0,7750.0,500.0,6.451612903225806,2026,7,28
Tamil Nadu,Tuticorin,Tuticorin(Uzhavar Sandhai ),Yam(Ratalu),Yam (Ratalu),Local,2026-07-28,9500.0,10000.0,9750.0,500.0,5.128205128205128,2026,7,28
Tamil Nadu,Nagercoil (Kannyiakumari),Vadaseri APMC,Tomato,Local,Local,2026-07-28,2200.0,2500.0,2350.0,300.0,12.76595744680851,2026,7,28
Tamil Nadu,Nagercoil (Kannyiakumari),Vadaseri APMC,Green Chilli,Green Chilly,Local,2026-07-28,5500.0,6000.0,5750.0,500.0,8.695652173913043,2026,7,28
Tamil Nadu,Nagercoil (Kannyiakumari),Vadaseri APMC,Carrot,Pusakesar,Local,2026-07-28,9000.0,10000.0,9500.0,1000.0,10.526315789473683,2026,7,28
Tamil Nadu,Nagercoil (Kannyiakumari),Vadaseri APMC,Drumstick,Drumstick,Local,2026-07-28,3500.0,4000.0,3750.0,500.0,13.333333333333334,2026,7,28
Tamil Nadu,Nagercoil (Kannyiakumari),Vadaseri APMC,Amla(Nelli Kai),Amla,Local,2026-07-28,5500.0,6000.0,5750.0,500.0,8.695652173913043,2026,7,28
Tamil Nadu,Pudukkottai,Karambakkudi(Uzhavar Sandhai ),Brinjal,Other,Local,2026-07-28,5000.0,6000.0,5500.0,1000.0,18.181818181818183,2026,7,28
Tamil Nadu,Pudukkottai,Karambakkudi(Uzhavar Sandhai ),Amaranthus,Amaranthus,Local,2026-07-28,2000.0,2000.0,2000.0,0.0,0.0,2026,7,28
Tamil Nadu,Pudukkottai,Karambakkudi(Uzhavar Sandhai ),Green Chilli,Green Chilly,Local,2026-07-28,6500.0,7500.0,7000.0,1000.0,14.285714285714285,2026,7,28
Tamil Nadu,Pudukkottai,Karambakkudi(Uzhavar Sandhai ),Coconut,Coconut,Local,2026-07-28,3000.0,4000.0,3500.0,1000.0,28.57142857142857,2026,7,28
Tamil Nadu,Pudukkottai,Karambakkudi(Uzhavar Sandhai ),Ridgeguard(Tori),Ridgeguard(Tori),Local,2026-07-28,7000.0,8000.0,7500.0,1000.0,13.333333333333334,2026,7,28
Tamil Nadu,Pudukkottai,Karambakkudi(Uzhavar Sandhai ),Mango(Raw-Ripe),Mango - Raw-Ripe,Local,2026-07-28,3000.0,4000.0,3500.0,1000.0,28.57142857142857,2026,7,28
Tamil Nadu,Pudukkottai,Karambakkudi(Uzhavar Sandhai ),Lemon,Lemon,Local,2026-07-28,3000.0,4000.0,3500.0,1000.0,28.57142857142857,2026,7,28
Maharashtra,Raigad,Murud APMC,Rice,Other,Local,2026-07-28,4000.0,4500.0,4250.0,500.0,11.76470588235294,2026,7,28
Madhya Pradesh,Morena,Kailaras APMC,Brinjal,Other,FAQ,2026-07-28,800.0,800.0,800.0,0.0,0.0,2026,7,28
Madhya Pradesh,Morena,Kailaras APMC,Sponge gourd,Sponge gourd,FAQ,2026-07-28,1200.0,1200.0,1200.0,0.0,0.0,2026,7,28
Madhya Pradesh,Morena,Kailaras APMC,Bhindi(Ladies Finger),Bhindi,FAQ,2026-07-28,1500.0,1500.0,1500.0,0.0,0.0,2026,7,28
Madhya Pradesh,Badwani,Badwani APMC,Wheat,Lokwan,Non-FAQ,2026-07-28,2350.0,2350.0,2350.0,0.0,0.0,2026,7,28
Madhya Pradesh,Dhar,Kukshi APMC,Wheat,Wheat,FAQ,2026-07-28,2485.0,2485.0,2485.0,0.0,0.0,2026,7,28
Madhya Pradesh,Ashoknagar,Mungawali APMC,Soyabean,Soyabeen,Non-FAQ,2026-07-28,6490.0,6505.0,6505.0,15.0,0.23059185242121444,2026,7,28
Tamil Nadu,Vellore,Thirupathur APMC,Groundnut,Big (With Shell),Local,2026-07-28,6000.0,6000.0,6000.0,0.0,0.0,2026,7,28
Tamil Nadu,Vellore,Thirupathur APMC,Brinjal,Round,Local,2026-07-28,4000.0,4000.0,4000.0,0.0,0.0,2026,7,28
Tamil Nadu,Vellore,Thirupathur APMC,Tapioca,Tapioca,Local,2026-07-28,3000.0,3000.0,3000.0,0.0,0.0,2026,7,28
Tamil Nadu,Vellore,Thirupathur APMC,Ginger(Green),Green Ginger,Local,2026-07-28,22000.0,22000.0,22000.0,0.0,0.0,2026,7,28
Tamil Nadu,Vellore,Thirupathur APMC,Cucumbar(Kheera),Cucumbar,Local,2026-07-28,4000.0,4000.0,4000.0,0.0,0.0,2026,7,28
Tamil Nadu,Vellore,Thirupathur APMC,Raddish,Raddish,Local,2026-07-28,3500.0,3500.0,3500.0,0.0,0.0,2026,7,28
Tamil Nadu,Vellore,Thirupathur APMC,Drumstick,Drumstick,Local,2026-07-28,7000.0,7000.0,7000.0,0.0,0.0,2026,7,28
Tamil Nadu,Vellore,Thirupathur APMC,Mango(Raw-Ripe),Mango - Raw-Ripe,Local,2026-07-28,2000.0,2000.0,2000.0,0.0,0.0,2026,7,28
Tamil Nadu,Vellore,Thirupathur APMC,Tender Coconut,Tender Coconut,Local,2026-07-28,3000.0,3000.0,3000.0,0.0,0.0,2026,7,28
Tamil Nadu,Vellore,Vellore APMC,Bottle gourd,Bottle Gourd,Local,2026-07-28,2000.0,2500.0,2250.0,500.0,22.22222222222222,2026,7,28
Tamil Nadu,Vellore,Vellore APMC,Cowpea(Veg),Cowpea (Veg),Local,2026-07-28,4000.0,4000.0,4000.0,0.0,0.0,2026,7,28
Tamil Nadu,Vellore,Vellore APMC,Banana - Green,Banana - Green,Local,2026-07-28,3000.0,3000.0,3000.0,0.0,0.0,2026,7,28
Tamil Nadu,Vellore,Vellore APMC,Beetroot,Beetroot,Local,2026-07-28,4000.0,4000.0,4000.0,0.0,0.0,2026,7,28
Bihar,Sheikhpura,Shekhpura APMC,Cucumbar(Kheera),Cucumbar,FAQ,2026-07-28,3030.0,3175.0,3100.0,145.0,4.67741935483871,2026,7,28
Bihar,Sheikhpura,Shekhpura APMC,Brinjal,Arkasheela Mattigulla,FAQ,2026-07-28,2940.0,3080.0,3010.0,140.0,4.651162790697675,2026,7,28
Bihar,Supaul,Supaul APMC,Onion,Onion,Grade A,2026-07-28,2500.0,3000.0,2800.0,500.0,17.857142857142858,2026,7,28
Bihar,Supaul,Supaul APMC,Bhindi(Ladies Finger),Bhindi,Grade A,2026-07-28,2200.0,3000.0,2500.0,800.0,32.0,2026,7,28
Tamil Nadu,Dharmapuri,Harur(Uzhavar Sandhai ),Coriander(Leaves),I Sort,Local,2026-07-28,5000.0,6000.0,5500.0,1000.0,18.181818181818183,2026,7,28
Tamil Nadu,Dharmapuri,Harur(Uzhavar Sandhai ),Tomato,Local,Local,2026-07-28,1500.0,1800.0,1650.0,300.0,18.181818181818183,2026,7,28
Tamil Nadu,Dharmapuri,Harur(Uzhavar Sandhai ),Bitter gourd,Other,Local,2026-07-28,5000.0,5500.0,5250.0,500.0,9.523809523809524,2026,7,28
Tamil Nadu,Dharmapuri,Harur(Uzhavar Sandhai ),Carrot,Pusakesar,Local,2026-07-28,7000.0,8000.0,7500.0,1000.0,13.333333333333334,2026,7,28
Tamil Nadu,Dharmapuri,Harur(Uzhavar Sandhai ),Snakeguard,Snakeguard,Local,2026-07-28,3500.0,4000.0,3750.0,500.0,13.333333333333334,2026,7,28
Tamil Nadu,Dharmapuri,Harur(Uzhavar Sandhai ),Raddish,Raddish,Local,2026-07-28,2500.0,3000.0,2750.0,500.0,18.181818181818183,2026,7,28
Tamil Nadu,Dharmapuri,Harur(Uzhavar Sandhai ),Capsicum,Capsicum,Local,2026-07-28,7000.0,8000.0,7500.0,1000.0,13.333333333333334,2026,7,28
Tamil Nadu,Dharmapuri,Harur(Uzhavar Sandhai ),Chow Chow,Chow Chow,Local,2026-07-28,4500.0,5000.0,4750.0,500.0,10.526315789473683,2026,7,28
Tamil Nadu,Dharmapuri,Harur(Uzhavar Sandhai ),Onion Green,Onion Green,Local,2026-07-28,5000.0,6000.0,5500.0,1000.0,18.181818181818183,2026,7,28
Tamil Nadu,Krishnagiri,Kaveripattinam(Uzhavar Sandhai ),Onion,Bellary,Local,2026-07-28,3500.0,3500.0,3500.0,0.0,0.0,2026,7,28
Tamil Nadu,Krishnagiri,Kaveripattinam(Uzhavar Sandhai ),Coriander(Leaves),I Sort,Local,2026-07-28,7000.0,7000.0,7000.0,0.0,0.0,2026,7,28
Tamil Nadu,Krishnagiri,Kaveripattinam(Uzhavar Sandhai ),Bottle gourd,Bottle Gourd,Local,2026-07-28,3000.0,3000.0,3000.0,0.0,0.0,2026,7,28
Tamil Nadu,Krishnagiri,Kaveripattinam(Uzhavar Sandhai ),Ashgourd,Gouard,Local,2026-07-28,3500.0,3500.0,3500.0,0.0,0.0,2026,7,28
Tamil Nadu,Krishnagiri,Kaveripattinam(Uzhavar Sandhai ),Amaranthus,Amaranthus,Local,2026-07-28,2000.0,2500.0,2250.0,500.0,22.22222222222222,2026,7,28
Tamil Nadu,Krishnagiri,Kaveripattinam(Uzhavar Sandhai ),Banana - Green,Banana - Green,Local,2026-07-28,2500.0,3000.0,2750.0,500.0,18.181818181818183,2026,7,28
Tamil Nadu,Krishnagiri,Kaveripattinam(Uzhavar Sandhai ),Carrot,Pusakesar,Local,2026-07-28,8000.0,8000.0,8000.0,0.0,0.0,2026,7,28
Tamil Nadu,Krishnagiri,Kaveripattinam(Uzhavar Sandhai ),Ridgeguard(Tori),Ridgeguard(Tori),Local,2026-07-28,6000.0,6000.0,6000.0,0.0,0.0,2026,7,28
Tamil Nadu,Krishnagiri,Kaveripattinam(Uzhavar Sandhai ),Raddish,Raddish,Local,2026-07-28,3000.0,4000.0,3500.0,1000.0,28.57142857142857,2026,7,28
Tamil Nadu,Krishnagiri,Kaveripattinam(Uzhavar Sandhai ),Chow Chow,Chow Chow,Local,2026-07-28,3500.0,3500.0,3500.0,0.0,0.0,2026,7,28
Tamil Nadu,Krishnagiri,Kaveripattinam(Uzhavar Sandhai ),Mango(Raw-Ripe),Mango - Raw-Ripe,Local,2026-07-28,3000.0,3000.0,3000.0,0.0,0.0,2026,7,28
Tamil Nadu,The Nilgiris,Coonoor(Uzhavar Sandhai ),Banana,Red Banana,Local,2026-07-28,7500.0,8000.0,7750.0,500.0,6.451612903225806,2026,7,28
Tamil Nadu,The Nilgiris,Coonoor(Uzhavar Sandhai ),Tomato,Local,Local,2026-07-28,2000.0,2300.0,2150.0,300.0,13.953488372093023,2026,7,28
Tamil Nadu,The Nilgiris,Coonoor(Uzhavar Sandhai ),Cluster beans,Cluster Beans,Local,2026-07-28,4000.0,4300.0,4150.0,300.0,7.228915662650602,2026,7,28
Tamil Nadu,The Nilgiris,Coonoor(Uzhavar Sandhai ),Ashgourd,Gouard,Local,2026-07-28,1400.0,1800.0,1600.0,400.0,25.0,2026,7,28
Tamil Nadu,The Nilgiris,Coonoor(Uzhavar Sandhai ),Green Chilli,Green Chilly,Local,2026-07-28,4500.0,4800.0,4650.0,300.0,6.451612903225806,2026,7,28
Tamil Nadu,The Nilgiris,Coonoor(Uzhavar Sandhai ),Cowpea(Veg),Cowpea (Veg),Local,2026-07-28,4000.0,4300.0,4150.0,300.0,7.228915662650602,2026,7,28
Tamil Nadu,The Nilgiris,Coonoor(Uzhavar Sandhai ),Coconut,Coconut,Local,2026-07-28,5400.0,5700.0,5550.0,300.0,5.405405405405405,2026,7,28
Tamil Nadu,The Nilgiris,Coonoor(Uzhavar Sandhai ),Carrot,Pusakesar,Local,2026-07-28,4500.0,5000.0,4750.0,500.0,10.526315789473683,2026,7,28
Tamil Nadu,The Nilgiris,Coonoor(Uzhavar Sandhai ),Cabbage,Cabbage,Local,2026-07-28,3000.0,3200.0,3100.0,200.0,6.451612903225806,2026,7,28
Tamil Nadu,The Nilgiris,Coonoor(Uzhavar Sandhai ),Green Avare(W),Other,Local,2026-07-28,7000.0,7400.0,7200.0,400.0,5.555555555555555,2026,7,28
Tamil Nadu,The Nilgiris,Coonoor(Uzhavar Sandhai ),Elephant Yam(Suran)/Amorphophallus,Elephant Yam (Suran),Local,2026-07-28,3500.0,4000.0,3750.0,500.0,13.333333333333334,2026,7,28
Tamil Nadu,The Nilgiris,Coonoor(Uzhavar Sandhai ),Mint(Pudina),Mint(Pudina),Local,2026-07-28,5500.0,6000.0,5750.0,500.0,8.695652173913043,2026,7,28
Tamil Nadu,The Nilgiris,Gudalur(Uzhavar Sandhai ),Pumpkin,Pumpkin,Local,2026-07-28,1500.0,2000.0,1750.0,500.0,28.57142857142857,2026,7,28
Tamil Nadu,The Nilgiris,Gudalur(Uzhavar Sandhai ),Bhindi(Ladies Finger),Bhindi,Local,2026-07-28,4500.0,5000.0,4750.0,500.0,10.526315789473683,2026,7,28
Tamil Nadu,The Nilgiris,Gudalur(Uzhavar Sandhai ),Cabbage,Cabbage,Local,2026-07-28,3000.0,3500.0,3250.0,500.0,15.384615384615385,2026,7,28
Haryana,Kurukshetra,Pehowa APMC,Bottle gourd,Other,Medium,2026-07-28,1200.0,1500.0,1300.0,300.0,23.076923076923077,2026,7,28
Himachal Pradesh,Kangra,SMY Palampur,Pear(Marasebu),Other,Medium,2026-07-28,7500.0,14000.0,10000.0,6500.0,65.0,2026,7,28
Himachal Pradesh,Kangra,SMY Palampur,Apple,Kullu Delicious,Medium,2026-07-28,5000.0,22000.0,15000.0,17000.0,113.33333333333333,2026,7,28
Himachal Pradesh,Kangra,SMY Palampur,Guava,Guava,Medium,2026-07-28,8000.0,10000.0,9000.0,2000.0,22.22222222222222,2026,7,28
Himachal Pradesh,Kangra,SMY Palampur,Cucumbar(Kheera),Cucumbar,FAQ,2026-07-28,3000.0,4000.0,3500.0,1000.0,28.57142857142857,2026,7,28
Himachal Pradesh,Kangra,SMY Palampur,Pea Pod/Pea Cod/हरी मटर,Other,FAQ,2026-07-28,10000.0,12000.0,11000.0,2000.0,18.181818181818183,2026,7,28
Himachal Pradesh,Kangra,SMY Palampur,Brinjal,Brinjal,FAQ,2026-07-28,4000.0,4500.0,4200.0,500.0,11.904761904761903,2026,7,28
Himachal Pradesh,Kangra,SMY Palampur,Sponge gourd,Other,FAQ,2026-07-28,3500.0,4000.0,3800.0,500.0,13.157894736842104,2026,7,28
Himachal Pradesh,Kangra,SMY Palampur,Bhindi(Ladies Finger),Bhindi,FAQ,2026-07-28,3500.0,4000.0,3800.0,500.0,13.157894736842104,2026,7,28
Himachal Pradesh,Kangra,SMY Palampur,Raddish,Raddish,FAQ,2026-07-28,2000.0,2500.0,2200.0,500.0,22.727272727272727,2026,7,28
Himachal Pradesh,Kangra,SMY Palampur,Coriander(Leaves),Coriander,FAQ,2026-07-28,10000.0,15000.0,12500.0,5000.0,40.0,2026,7,28
West Bengal,Paschim Bardhaman,Asansol APMC,Rice,Fine,FAQ,2026-07-28,4685.0,4850.0,4765.0,165.0,3.4627492130115427,2026,7,28
West Bengal,Paschim Bardhaman,Asansol APMC,Wheat,Kalyan,FAQ,2026-07-28,2500.0,2750.0,2665.0,250.0,9.380863039399625,2026,7,28
West Bengal,Paschim Bardhaman,Asansol APMC,Masur Dal,Masur Dal,FAQ,2026-07-28,9685.0,9850.0,9765.0,165.0,1.6897081413210446,2026,7,28
West Bengal,Paschim Bardhaman,Asansol APMC,Brinjal,Other,FAQ,2026-07-28,3200.0,3650.0,3450.0,450.0,13.043478260869565,2026,7,28
Punjab,Tarntaran,Patti APMC,Bhindi(Ladies Finger),Other,Local,2026-07-28,1.2,1.2,1.2,0.0,0.0,2026,7,28
Punjab,Tarntaran,Patti APMC,Cucumbar(Kheera),Cucumbar,Local,2026-07-28,1.0,1.0,1.0,0.0,0.0,2026,7,28
Punjab,Tarntaran,Patti APMC,Potato,Potato,Local,2026-07-28,1.0,1.0,1.0,0.0,0.0,2026,7,28
Punjab,Tarntaran,Patti APMC,Raddish,Raddish,Local,2026-07-28,400.0,400.0,400.0,0.0,0.0,2026,7,28
Uttarakhand,Dehradoon,Vikasnagar APMC,Jack Fruit(Ripe),Other,Medium,2026-07-28,400.0,1200.0,1200.0,800.0,66.66666666666666,2026,7,28
Uttarakhand,Dehradoon,Vikasnagar APMC,Field Pea,Field Pea,Medium,2026-07-28,3000.0,4000.0,4000.0,1000.0,25.0,2026,7,28
Uttarakhand,Dehradoon,Vikasnagar APMC,Water Melon,Other,Medium,2026-07-28,500.0,1200.0,1200.0,700.0,58.333333333333336,2026,7,28
Punjab,Mohali,Lalru APMC,Bottle gourd,Other,Local,2026-07-28,2100.0,2100.0,2100.0,0.0,0.0,2026,7,28
Haryana,Sonipat,Gohana APMC,Onion,Other,Medium,2026-07-28,2500.0,3000.0,2800.0,500.0,17.857142857142858,2026,7,28
Haryana,Sonipat,Gohana APMC,Mousambi(Sweet Lime),Mousambi,Medium,2026-07-28,2500.0,4000.0,3000.0,1500.0,50.0,2026,7,28
Uttar Pradesh,Mau(Maunathbhanjan),Kopaganj APMC,Bhindi(Ladies Finger),Bhindi,FAQ,2026-07-28,1475.0,1480.0,1479.0,5.0,0.3380662609871535,2026,7,28
Haryana,Hissar,Hansi APMC,Mango,Other,Grade B,2026-07-28,4000.0,8000.0,6000.0,4000.0,66.66666666666666,2026,7,28
Haryana,Hissar,Hansi APMC,Water Melon,Other,Grade B,2026-07-28,2000.0,2500.0,2250.0,500.0,22.22222222222222,2026,7,28
Haryana,Hissar,Hansi APMC,Bitter gourd,Other,FAQ,2026-07-28,3000.0,3500.0,3350.0,500.0,14.925373134328357,2026,7,28
Haryana,Hissar,Hansi APMC,Cauliflower,Other,FAQ,2026-07-28,3000.0,4000.0,3500.0,1000.0,28.57142857142857,2026,7,28
Haryana,Hissar,Hansi APMC,Peas Wet,Other,FAQ,2026-07-28,8000.0,10000.0,9000.0,2000.0,22.22222222222222,2026,7,28
Punjab,Amritsar,Rayya APMC,Cauliflower,Local,FAQ,2026-07-28,3420.0,3420.0,3420.0,0.0,0.0,2026,7,28
Punjab,Amritsar,Rayya APMC,Cucumbar(Kheera),Cucumbar,FAQ,2026-07-28,918.0,918.0,918.0,0.0,0.0,2026,7,28
Punjab,Amritsar,Rayya APMC,Tinda,Other,FAQ,2026-07-28,1815.0,1815.0,1815.0,0.0,0.0,2026,7,28
Uttarakhand,Dehradoon,Chakrata APMC,Pumpkin,Other,FAQ,2026-07-28,600.0,800.0,700.0,200.0,28.57142857142857,2026,7,28
Gujarat,Amreli,Bagasara APMC,"Sesamum(Sesame,Gingelly,Til)",White,Local,2026-07-28,8000.0,12300.0,10150.0,4300.0,42.364532019704434,2026,7,28
Gujarat,Amreli,Bagasara APMC,Bengal Gram(Gram)(Whole),Desi (Whole),Local,2026-07-28,5000.0,6150.0,5575.0,1150.0,20.62780269058296,2026,7,28
Gujarat,Amreli,Bagasara APMC,Corriander seed,"A-1, Green",Local,2026-07-28,15000.0,15250.0,15125.0,250.0,1.6528925619834711,2026,7,28
Andhra Pradesh,Sri Sathya Sai,Tenakallu APMC,Tamarind Fruit,Other,Local,2026-07-28,8500.0,9200.0,9000.0,700.0,7.777777777777778,2026,7,28
Andhra Pradesh,Bapatla,Kuchinapudi APMC,Paddy(Common),B P T,Local,2026-07-28,3100.0,3300.0,3200.0,200.0,6.25,2026,7,28
Himachal Pradesh,Mandi,SMY Jogindernagar,Bitter gourd,Other,Grade B,2026-07-28,3500.0,4000.0,3750.0,500.0,13.333333333333334,2026,7,28
