State,District,Market,Commodity,Variety,Grade,Arrival_Date,Min_x0020_Price,Max_x0020_Price,Modal_x0020_Price
Keralam,Kozhikode(Calicut),"Mukkom Market",Banana,Other,Large,28/07/2026,5200,5600,5500
Keralam,Kozhikode(Calicut),"Mukkom Market",Onion,Onion,FAQ,28/07/2026,2800,3200,3000
Keralam,Kozhikode(Calicut),"Mukkom Market",Cucumbar(Kheera),Cucumbar,FAQ,28/07/2026,1800,2100,1900
Keralam,Kozhikode(Calicut),"Mukkom Market",Snakeguard,Snakeguard,FAQ,28/07/2026,3000,3300,3100
Haryana,Sonipat,"Ganaur APMC",Tomato,Tomato,FAQ,28/07/2026,2000,3000,2500
Haryana,Sonipat,"Ganaur APMC","Bitter gourd","Bitter Gourd",Medium,28/07/2026,3000,4000,3500
Haryana,Sonipat,"Ganaur APMC","Bottle gourd","Bottle Gourd",Medium,28/07/2026,2000,2500,2200
Haryana,Sonipat,"Ganaur APMC",Pumpkin,Pumpkin,Medium,28/07/2026,1000,1500,1200
Haryana,Sonipat,"Ganaur APMC",Lemon,Lemon,Medium,28/07/2026,9000,10000,9500
Haryana,Sonipat,"Ganaur APMC",Guava,Other,Medium,28/07/2026,4000,5000,4500
Haryana,Kurukshetra,"Shahabad APMC",Pomegranate,Pomogranate,Medium,28/07/2026,6000,7000,6500
Haryana,Kurukshetra,"Shahabad APMC",Mango,Other,Medium,28/07/2026,2500,4000,3000
Rajasthan,Jalore,"Jalore APMC",Cabbage,Cabbage,Local,28/07/2026,1200,1500,1300
Rajasthan,Jalore,"Jalore APMC",Coriander(Leaves),Coriander,Local,28/07/2026,3000,3500,3300
Rajasthan,Jalore,"Jalore APMC",Tinda,Tinda,Local,28/07/2026,1200,1500,1300
Rajasthan,Jalore,"Jalore APMC",Lemon,Other,Local,28/07/2026,1800,2000,1900
"Jammu and Kashmir",Baramulla,"Sopore (Nowpora) (F&V)",Apple,Condition,"Grade A",28/07/2026,1850,1850,1850
Keralam,Kozhikode(Calicut),"Kallachi Market",Amaranthus,Amaranthus,FAQ,28/07/2026,3500,3900,3700
Keralam,Alappuzha,"Harippad Market","Banana - Green",Other,FAQ,28/07/2026,4800,5500,4800
Keralam,Alappuzha,"Harippad Market","Bitter gourd",Other,FAQ,28/07/2026,6000,6500,6000
Keralam,Thiruvananthapuram,"Vamanapuram Market",Cucumbar(Kheera),Other,Local,28/07/2026,3500,4000,3500
Keralam,Thiruvananthapuram,"Vamanapuram Market",Cabbage,Cabbage,FAQ,28/07/2026,2500,3000,2500
Keralam,Thiruvananthapuram,"Vamanapuram Market",Carrot,Other,FAQ,28/07/2026,4500,5000,4500
Keralam,Thiruvananthapuram,"Vamanapuram Market","Bhindi(Ladies Finger)",Other,Local,28/07/2026,3500,4000,3500
Keralam,Thiruvananthapuram,"Vamanapuram Market",Potato,Other,FAQ,28/07/2026,3500,4000,3500
Keralam,Thiruvananthapuram,"Vamanapuram Market",Pumpkin,Other,Local,28/07/2026,2000,2500,2500
Keralam,Ernakulam,"Perumbavoor Market","Banana - Green","Banana - Green",Medium,28/07/2026,5300,5500,5400
Keralam,Ernakulam,"Perumbavoor Market",Cowpea(Veg),"Cowpea (Veg)",Medium,28/07/2026,3800,4600,4200
Keralam,Ernakulam,"Perumbavoor Market","Elephant Yam(Suran)/Amorphophallus",Other,Medium,28/07/2026,3200,4200,3600
Keralam,Ernakulam,"Perumbavoor Market","Green Chilli","Green Chilly",Medium,28/07/2026,4000,5000,4500
Keralam,Ernakulam,"Perumbavoor Market",Snakeguard,Snakeguard,Large,28/07/2026,3500,4300,4000
"Andhra Pradesh",Bapatla,"Parchur APMC","Bengal Gram(Gram)(Whole)",Other,Local,28/07/2026,5500,6000,5800
"Tamil Nadu",Thanjavur,"Tirukattupalli(Uzhavar Sandhai )",Banana,Besrai,Local,28/07/2026,6500,6500,6500
"Tamil Nadu",Thanjavur,"Tirukattupalli(Uzhavar Sandhai )",Tomato,Deshi,Local,28/07/2026,2000,2000,2000
"Tamil Nadu",Thanjavur,"Tirukattupalli(Uzhavar Sandhai )","Bhindi(Ladies Finger)",Bhindi,Local,28/07/2026,4000,4000,4000
"Tamil Nadu",Thanjavur,"Tirukattupalli(Uzhavar Sandhai )",Beans,"Beans (Whole)",Local,28/07/2026,10000,10000,10000
"Tamil Nadu",Thanjavur,"Tirukattupalli(Uzhavar Sandhai )","Onion Green","Onion Green",Local,28/07/2026,6000,6000,6000
"Tamil Nadu",Thiruchirappalli,"Thuraiyur APMC",Banana,"Red Banana",Local,28/07/2026,8000,8000,8000
"Tamil Nadu",Thiruchirappalli,"Thuraiyur APMC",Mango,Safeda,Local,28/07/2026,7000,10000,8500
"Tamil Nadu",Thiruchirappalli,"Thuraiyur APMC",Coriander(Leaves),"I Sort",Local,28/07/2026,4000,4000,4000
"Tamil Nadu",Thiruchirappalli,"Thuraiyur APMC",Tomato,Local,Local,28/07/2026,2200,2200,2200
"Tamil Nadu",Thiruchirappalli,"Thuraiyur APMC",Amaranthus,Amaranthus,Local,28/07/2026,2000,2000,2000
"Tamil Nadu",Thiruchirappalli,"Thuraiyur APMC",Ginger(Green),"Green Ginger",Local,28/07/2026,22000,22000,22000
"Tamil Nadu",Thiruchirappalli,"Thuraiyur APMC","Sweet Potato","Hosur Red",Local,28/07/2026,4000,4000,4000
"Tamil Nadu",Thiruchirappalli,"Thuraiyur APMC",Cabbage,Cabbage,Local,28/07/2026,4500,4500,4500
"Tamil Nadu",Thiruchirappalli,"Thuraiyur APMC","Green Avare(W)","Green Avare (W)",Local,28/07/2026,6600,6600,6600
"Tamil Nadu",Villupuram,"Tindivanam APMC",Papaya,Papaya,Local,28/07/2026,4000,4000,4000
"Tamil Nadu",Villupuram,"Tindivanam APMC","Water Melon","Water Melon",Local,28/07/2026,2000,2000,2000
"Tamil Nadu",Villupuram,"Tindivanam APMC",Brinjal,Round,Local,28/07/2026,4500,4500,4500
"Tamil Nadu",Villupuram,"Tindivanam APMC",Coriander(Leaves),"I Sort",Local,28/07/2026,5000,5000,5000
"Tamil Nadu",Villupuram,"Tindivanam APMC","Cluster beans","Cluster Beans",Local,28/07/2026,4500,4500,4500
"Tamil Nadu",Villupuram,"Tindivanam APMC",Ashgourd,Gouard,Local,28/07/2026,1500,1500,1500
"Tamil Nadu",Villupuram,"Tindivanam APMC",Cabbage,Cabbage,Local,28/07/2026,4500,4500,4500
"Tamil Nadu",Villupuram,"Tindivanam APMC",Beetroot,Beetroot,Local,28/07/2026,4000,4000,4000
"Tamil Nadu",Villupuram,"Tindivanam APMC",Colacasia,Colacasia,Local,28/07/2026,5800,5800,5800
"Tamil Nadu",Villupuram,"Ulundurpettai APMC",Potato,"Red Nanital",Local,28/07/2026,4000,4000,4000
"Tamil Nadu",Villupuram,"Ulundurpettai APMC",Tomato,Deshi,Local,28/07/2026,2000,2000,2000
"Tamil Nadu",Villupuram,"Ulundurpettai APMC","Bitter gourd","Bitter Gourd",Local,28/07/2026,6000,6000,6000
"Tamil Nadu",Villupuram,"Ulundurpettai APMC","Bottle gourd","Bottle Gourd",Local,28/07/2026,2000,2000,2000
"Tamil Nadu",Villupuram,"Ulundurpettai APMC",Amaranthus,Amaranthus,Local,28/07/2026,2500,2500,2500
"Tamil Nadu",Villupuram,"Ulundurpettai APMC","Banana - Green","Banana - Green",Local,28/07/2026,3000,3000,3000
"Tamil Nadu",Villupuram,"Ulundurpettai APMC",Coconut,Coconut,Local,28/07/2026,3000,3000,3000
"Tamil Nadu",Villupuram,"Ulundurpettai APMC",Thondekai,Thondekai,Local,28/07/2026,5000,5000,5000
"Tamil Nadu",Villupuram,"Ulundurpettai APMC","Green Avare(W)","Green Avare (W)",Local,28/07/2026,8000,8000,8000
"Tamil Nadu",Villupuram,"Ulundurpettai APMC",Drumstick,Drumstick,Local,28/07/2026,6000,6000,6000
"Tamil Nadu",Villupuram,"Ulundurpettai APMC",Yam(Ratalu),"Yam (Ratalu)",Local,28/07/2026,3000,3000,3000
Bihar,Khagaria,"Mansi Mandi APMC",Onion,Medium,"Grade A",28/07/2026,2100,2100,2100
Maharashtra,Pune,"Pune(Moshi) APMC","Bottle gourd",Other,Local,28/07/2026,1000,2000,1500
Maharashtra,Pune,"Pune(Moshi) APMC","Onion Green",Other,Local,28/07/2026,30,30,30
Maharashtra,Pune,"Pune(Moshi) APMC","Chilly Capsicum",Other,Local,28/07/2026,2000,3000,2500
Maharashtra,Pune,"Pune(Moshi) APMC",Mint(Pudina),Other,Local,28/07/2026,10,10,10
Maharashtra,Pune,"Pune(Moshi) APMC",Drumstick,Other,Local,28/07/2026,3000,4000,3500
Maharashtra,Pune,"Pune(Moshi) APMC","Little gourd(Kundru)",Other,Local,28/07/2026,3000,3000,3000
Maharashtra,Pune,"Pune(Moshi) APMC",Apple,Other,Local,28/07/2026,18000,20000,19000
Maharashtra,Ratnagiri,"Ratnagiri (Nachane) APMC","Bitter gourd",Other,Local,28/07/2026,3000,4000,3500
Maharashtra,Ratnagiri,"Ratnagiri (Nachane) APMC",Brinjal,Other,Local,28/07/2026,2500,3000,2800
Maharashtra,Ratnagiri,"Ratnagiri (Nachane) APMC","Green Chilli",Other,Local,28/07/2026,5500,6500,6000
Maharashtra,Ratnagiri,"Ratnagiri (Nachane) APMC",Cauliflower,Other,Local,28/07/2026,2500,3500,3000
Maharashtra,Ratnagiri,"Ratnagiri (Nachane) APMC",Guar,Other,Local,28/07/2026,5000,6000,5500
"Uttar Pradesh",Badaun,"Babrala APMC",Potato,Desi,Medium,28/07/2026,580,600,590
"Madhya Pradesh",Chhatarpur,"LavKush Nagar(Laundi) APMC","Bengal Gram(Gram)(Whole)",Gram,FAQ,28/07/2026,5310,5325,5325
"Madhya Pradesh",Tikamgarh,"Tikamgarh APMC",Wheat,Wheat,FAQ,28/07/2026,2505,2520,2520
"Madhya Pradesh",Chhindwara,"Chhindwara APMC",Maize,Yellow,FAQ,28/07/2026,2365,2365,2365
Gujarat,Anand,"Khambhat(Veg Yard Khambhat) APMC","Bottle gourd","Bottle Gourd",Local,28/07/2026,2500,3500,3000
Gujarat,Anand,"Khambhat(Veg Yard Khambhat) APMC","Green Chilli",Other,Local,28/07/2026,3000,5000,4000
Gujarat,Surat,"Songadh(Badarpada) APMC","Bhindi(Ladies Finger)",Bhindi,FAQ,28/07/2026,1500,4000,3000
Gujarat,Rajkot,"Dhoraji APMC",Wheat,Milbar,Non-FAQ,28/07/2026,2415,2600,2460
Gujarat,Amreli,"Babra APMC",Groundnut,G20,FAQ,28/07/2026,5525,6600,6060
"Tamil Nadu",Madurai,"Chokkikulam(Uzhavar Sandhai )",Papaya,Papaya,Local,28/07/2026,4000,4500,4250
"Tamil Nadu",Madurai,"Chokkikulam(Uzhavar Sandhai )",Groundnut,"Big (With Shell)",Local,28/07/2026,6000,7000,6500
"Tamil Nadu",Madurai,"Chokkikulam(Uzhavar Sandhai )",Mango,Safeda,Local,28/07/2026,4000,7000,5500
"Tamil Nadu",Madurai,"Chokkikulam(Uzhavar Sandhai )","Bottle gourd","Bottle Gourd",Local,28/07/2026,3200,3600,3400
"Tamil Nadu",Madurai,"Chokkikulam(Uzhavar Sandhai )",Ashgourd,Gouard,Local,28/07/2026,2000,2400,2200
"Tamil Nadu",Madurai,"Chokkikulam(Uzhavar Sandhai )",Pumpkin,Pumpkin,Local,28/07/2026,2000,2400,2200
"Tamil Nadu",Madurai,"Chokkikulam(Uzhavar Sandhai )",Amaranthus,Amaranthus,Local,28/07/2026,3000,3600,3300
"Tamil Nadu",Madurai,"Chokkikulam(Uzhavar Sandhai )",Coconut,Coconut,Local,28/07/2026,5800,6000,5900
"Tamil Nadu",Madurai,"Chokkikulam(Uzhavar Sandhai )","Betal Leaves",Mysore,Local,28/07/2026,18000,24000,21000
"Tamil Nadu",Madurai,"Chokkikulam(Uzhavar Sandhai )",Beetroot,Beetroot,Local,28/07/2026,5000,5500,5250
"Tamil Nadu",Madurai,"Chokkikulam(Uzhavar Sandhai )",Capsicum,Capsicum,Local,28/07/2026,9000,10000,9500
"Tamil Nadu",Madurai,"Chokkikulam(Uzhavar Sandhai )","Chow Chow","Chow Chow",Local,28/07/2026,3000,3500,3250
"Tamil Nadu",Madurai,"Chokkikulam(Uzhavar Sandhai )",Drumstick,Drumstick,Local,28/07/2026,4000,7000,5500
"Tamil Nadu",Madurai,"Chokkikulam(Uzhavar Sandhai )","Indian Beans(Seam)","Indian Beans (Seam)",Local,28/07/2026,5000,5500,5250
"Tamil Nadu",Madurai,"Chokkikulam(Uzhavar Sandhai )",Colacasia,Colacasia,Local,28/07/2026,4000,5000,4500
Gujarat,Amreli,"The Agricultural Produce Market Committee-Amreli","Sesamum(Sesame,Gingelly,Til)",Black,FAQ,28/07/2026,11200,19500,16500
Gujarat,Surat,"Surat APMC","Banana - Green",Other,FAQ,28/07/2026,900,1500,1200
Gujarat,Surat,"Surat APMC",Ginger(Green),"Green Ginger",FAQ,28/07/2026,5000,13500,9250
Gujarat,Surat,"Surat APMC",Brinjal,Brinjal,FAQ,28/07/2026,1200,3000,2100
Gujarat,Surat,"Surat APMC","French Beans(Frasbean)",Other,FAQ,28/07/2026,5000,10000,7500
Gujarat,Surat,"Surat APMC","Groundnut pods(raw)",Other,FAQ,28/07/2026,4500,6000,5250
Gujarat,Surat,"Surat APMC","Little gourd(Kundru)",Other,FAQ,28/07/2026,5000,13000,9000
Gujarat,Surat,"Surat APMC","Pea Pod/Pea Cod/हरी मटर",Other,FAQ,28/07/2026,12000,14000,13000
Gujarat,Surat,"Surat APMC","Surat Beans(Papadi)",Other,FAQ,28/07/2026,2500,5000,3750
"Andhra Pradesh",Tirupathi,"Pakala APMC",Gur(Jaggery),"NO 3",Local,28/07/2026,2900,2900,2900
Telangana,Warangal,"Warangal APMC",Capsicum,Capsicum,FAQ,28/07/2026,5500,6000,5750
Telangana,"Bhadradri Kothagudem","Bhadrachalam APMC",Paddy(Common),"Samba Masuri",FAQ,28/07/2026,2389,2389,2389
"Andhra Pradesh","SPSR Nellore","Kavali APMC",Paddy(Common),Other,Local,28/07/2026,2380,2450,2410
Keralam,Kozhikode(Calicut),"Vengeri(Kozhikode) Market",Amaranthus,Amaranthus,FAQ,28/07/2026,2500,2800,2800
Keralam,Kozhikode(Calicut),"Vengeri(Kozhikode) Market","Bottle gourd","Bottle Gourd",FAQ,28/07/2026,2800,3100,3100
Keralam,Kozhikode(Calicut),"Vengeri(Kozhikode) Market",Pumpkin,Pumpkin,FAQ,28/07/2026,1000,1300,1300
Keralam,Kozhikode(Calicut),"Vengeri(Kozhikode) Market",Cucumbar(Kheera),Cucumbar,FAQ,28/07/2026,2200,2500,2500
Keralam,Kozhikode(Calicut),"Vengeri(Kozhikode) Market",Tomato,Tomato,FAQ,28/07/2026,1600,1900,1900
Punjab,Gurdaspur,"Batala APMC","Chilly Capsicum",Other,"Grade C",28/07/2026,3500,4000,3800
Keralam,Thiruvananthapuram,"Chala Market",Grapes,Other,Medium,28/07/2026,8000,8000,8000
Keralam,Thiruvananthapuram,"Chala Market",Grapes,Black,Medium,28/07/2026,8000,8000,8000
Keralam,Thiruvananthapuram,"Chala Market",Grapes,Green,Large,28/07/2026,12000,13000,12000
Uttarakhand,Haridwar,"Roorkee APMC",Banana,Other,Medium,28/07/2026,800,1200,1000
Uttarakhand,Haridwar,"Roorkee APMC",Mango,Other,Local,28/07/2026,1300,2000,1600
Uttarakhand,Haridwar,"Roorkee APMC",Tomato,Other,Medium,28/07/2026,1200,2200,1600
Keralam,Kannur,"Payyannur Market",Copra,Other,Local,28/07/2026,13400,13600,13500
"Tamil Nadu",Cuddalore,"Viruthachalam(Uzhavar Sandhai )",Papaya,Papaya,Local,28/07/2026,4000,4500,4250
"Tamil Nadu",Cuddalore,"Viruthachalam(Uzhavar Sandhai )",Pumpkin,Pumpkin,Local,28/07/2026,2500,2500,2500
"Tamil Nadu",Cuddalore,"Viruthachalam(Uzhavar Sandhai )",Raddish,Raddish,Local,28/07/2026,3000,3000,3000
"Tamil Nadu",Cuddalore,"Viruthachalam(Uzhavar Sandhai )","Onion Green","Onion Green",Local,28/07/2026,7500,7500,7500
"Tamil Nadu",Dharmapuri,"Dharmapuri(Uzhavar Sandhai )",Brinjal,Round,Local,28/07/2026,2800,3000,2900
"Tamil Nadu",Dharmapuri,"Dharmapuri(Uzhavar Sandhai )","Bitter gourd","Bitter Gourd",Local,28/07/2026,4500,4800,4650
"Tamil Nadu",Dharmapuri,"Dharmapuri(Uzhavar Sandhai )",Ginger(Green),"Green Ginger",Local,28/07/2026,23400,23600,23500
"Tamil Nadu",Dharmapuri,"Dharmapuri(Uzhavar Sandhai )","Sweet Potato","Hosur Red",Local,28/07/2026,2200,2500,2350
"Tamil Nadu",Dharmapuri,"Dharmapuri(Uzhavar Sandhai )",Carrot,Pusakesar,Local,28/07/2026,8000,8200,8100
"Tamil Nadu",Dharmapuri,"Dharmapuri(Uzhavar Sandhai )",Beetroot,Beetroot,Local,28/07/2026,5000,5200,5100
"Tamil Nadu",Dharmapuri,"Dharmapuri(Uzhavar Sandhai )",Capsicum,Capsicum,Local,28/07/2026,8600,8800,8700
"Tamil Nadu",Dharmapuri,"Dharmapuri(Uzhavar Sandhai )","Green Avare(W)","Green Avare (W)",Local,28/07/2026,4800,5000,4900
"Tamil Nadu",Dharmapuri,"Dharmapuri(Uzhavar Sandhai )",Drumstick,Drumstick,Local,28/07/2026,5200,5500,5350
"Tamil Nadu",Dharmapuri,"Dharmapuri(Uzhavar Sandhai )",Lemon,Lemon,Local,28/07/2026,11400,11600,11500
"Tamil Nadu",Dharmapuri,"Dharmapuri(Uzhavar Sandhai )",Colacasia,Colacasia,Local,28/07/2026,6500,6800,6650
"Tamil Nadu",Dharmapuri,"Palacode(Uzhavar Sandhai )",Banana,Poovan,Local,28/07/2026,5000,5500,5250
"Tamil Nadu",Dharmapuri,"Palacode(Uzhavar Sandhai )",Garlic,Garlic,Local,28/07/2026,17500,18000,17750
"Tamil Nadu",Dharmapuri,"Palacode(Uzhavar Sandhai )",Coriander(Leaves),"I Sort",Local,28/07/2026,8500,9000,8750
"Tamil Nadu",Dharmapuri,"Palacode(Uzhavar Sandhai )",Ashgourd,Gouard,Local,28/07/2026,1800,2000,1900
"Tamil Nadu",Dharmapuri,"Palacode(Uzhavar Sandhai )",Pumpkin,Pumpkin,Local,28/07/2026,1600,1800,1700
"Tamil Nadu",Dharmapuri,"Palacode(Uzhavar Sandhai )","Green Chilli","Green Chilly",Local,28/07/2026,4400,4600,4500
"Tamil Nadu",Dharmapuri,"Palacode(Uzhavar Sandhai )",Cowpea(Veg),"Cowpea (Veg)",Local,28/07/2026,5000,5500,5250
"Tamil Nadu",Dharmapuri,"Palacode(Uzhavar Sandhai )",Carrot,Pusakesar,Local,28/07/2026,9000,9500,9250
"Tamil Nadu",Dharmapuri,"Palacode(Uzhavar Sandhai )",Raddish,Raddish,Local,28/07/2026,1800,2000,1900
"Tamil Nadu",Dharmapuri,"Palacode(Uzhavar Sandhai )",Capsicum,Capsicum,Local,28/07/2026,7800,8000,7900
"Tamil Nadu",Dharmapuri,"Palacode(Uzhavar Sandhai )",Lemon,Lemon,Local,28/07/2026,9000,9500,9250
"Tamil Nadu",Erode,"Periyar Nagar(Uzhavar Sandhai )",Chikoos(Sapota),Sapota,Local,28/07/2026,3000,3500,3250
"Tamil Nadu",Erode,"Periyar Nagar(Uzhavar Sandhai )",Tomato,Other,Local,28/07/2026,1500,1800,1650
"Tamil Nadu",Erode,"Periyar Nagar(Uzhavar Sandhai )","Bottle gourd","Bottle Gourd",Local,28/07/2026,1800,2000,1900
"Tamil Nadu",Erode,"Periyar Nagar(Uzhavar Sandhai )",Amaranthus,Amaranthus,Local,28/07/2026,3000,3500,3250
"Tamil Nadu",Erode,"Periyar Nagar(Uzhavar Sandhai )",Coconut,Coconut,Local,28/07/2026,4800,5000,4900
"Tamil Nadu",Erode,"Periyar Nagar(Uzhavar Sandhai )",Cucumbar(Kheera),Cucumbar,Local,28/07/2026,4600,5000,4800
"Tamil Nadu",Erode,"Periyar Nagar(Uzhavar Sandhai )","Green Avare(W)",Other,Local,28/07/2026,5600,6000,5800
"Tamil Nadu",Erode,"Periyar Nagar(Uzhavar Sandhai )",Mango(Raw-Ripe),"Mango - Raw-Ripe",Local,28/07/2026,2400,2800,2600
"Tamil Nadu",Erode,"Perundurai(Uzhavar Sandhai )",Onion,Bellary,Local,28/07/2026,3600,4000,3800
"Tamil Nadu",Erode,"Perundurai(Uzhavar Sandhai )",Coriander(Leaves),"I Sort",Local,28/07/2026,4500,4800,4650
"Tamil Nadu",Erode,"Perundurai(Uzhavar Sandhai )","Bitter gourd","Bitter Gourd",Local,28/07/2026,5000,5400,5200
"Tamil Nadu",Erode,"Perundurai(Uzhavar Sandhai )","Bhindi(Ladies Finger)",Bhindi,Local,28/07/2026,2600,3000,2800
"Tamil Nadu",Erode,"Perundurai(Uzhavar Sandhai )",Carrot,Pusakesar,Local,28/07/2026,8500,8800,8650
"Tamil Nadu",Erode,"Perundurai(Uzhavar Sandhai )",Ridgeguard(Tori),Ridgeguard(Tori),Local,28/07/2026,4000,4500,4250
"Tamil Nadu",Erode,"Perundurai(Uzhavar Sandhai )",Drumstick,Drumstick,Local,28/07/2026,5500,5800,5650
"Tamil Nadu",Erode,"Perundurai(Uzhavar Sandhai )",Mango(Raw-Ripe),"Mango - Raw-Ripe",Local,28/07/2026,2400,2800,2600
"Tamil Nadu",Erode,"Thalavadi(Uzhavar Sandhai )",Onion,Bellary,Local,28/07/2026,3400,3800,3600
"Tamil Nadu",Erode,"Thalavadi(Uzhavar Sandhai )",Potato,"Red Nanital",Local,28/07/2026,3400,3800,3600
"Tamil Nadu",Erode,"Thalavadi(Uzhavar Sandhai )",Brinjal,Round,Local,28/07/2026,3000,3400,3200
"Tamil Nadu",Erode,"Thalavadi(Uzhavar Sandhai )","Bottle gourd","Bottle Gourd",Local,28/07/2026,1600,2000,1800
"Tamil Nadu",Erode,"Thalavadi(Uzhavar Sandhai )","Green Chilli","Green Chilly",Local,28/07/2026,3400,3800,3600
"Tamil Nadu",Erode,"Thalavadi(Uzhavar Sandhai )","Sweet Potato","Hosur Red",Local,28/07/2026,2500,3000,2750
"Tamil Nadu",Erode,"Thalavadi(Uzhavar Sandhai )",Cucumbar(Kheera),Cucumbar,Local,28/07/2026,2600,3000,2800
"Tamil Nadu",Kallakuruchi,"Sankarapuram(Uzhavar Sandhai )",Amaranthus,Amaranthus,Local,28/07/2026,4000,4000,4000
"Tamil Nadu",Kallakuruchi,"Sankarapuram(Uzhavar Sandhai )","Sweet Potato","Hosur Red",Local,28/07/2026,4000,4000,4000
"Tamil Nadu",Kallakuruchi,"Sankarapuram(Uzhavar Sandhai )",Snakeguard,Snakeguard,Local,28/07/2026,5000,5000,5000
"Tamil Nadu",Kallakuruchi,"Sankarapuram(Uzhavar Sandhai )",Beetroot,Beetroot,Local,28/07/2026,6000,6000,6000
"Tamil Nadu",Kallakuruchi,"Sankarapuram(Uzhavar Sandhai )",Drumstick,Drumstick,Local,28/07/2026,7000,7000,7000
"Tamil Nadu",Kallakuruchi,"Sankarapuram(Uzhavar Sandhai )","Elephant Yam(Suran)/Amorphophallus","Elephant Yam (Suran)",Local,28/07/2026,4000,4000,4000
"Tamil Nadu",Kallakuruchi,"Sankarapuram(Uzhavar Sandhai )",Lemon,Lemon,Local,28/07/2026,7000,7000,7000
"Tamil Nadu",Kallakuruchi,"Sankarapuram(Uzhavar Sandhai )","Onion Green","Onion Green",Local,28/07/2026,6000,6000,6000
"Tamil Nadu",Kallakuruchi,"Sankarapuram(Uzhavar Sandhai )","Baby Corn","Baby Corn","Grade A",28/07/2026,3000,3000,3000
"Tamil Nadu",Kancheepuram,"Kundrathur(Uzhavar Sandhai )","Mousambi(Sweet Lime)",Mousambi,Local,28/07/2026,8000,8000,8000
"Tamil Nadu",Kancheepuram,"Kundrathur(Uzhavar Sandhai )",Ashgourd,Gouard,Local,28/07/2026,2000,2000,2000
"Tamil Nadu",Kancheepuram,"Kundrathur(Uzhavar Sandhai )","Sweet Potato","Hosur Red",Local,28/07/2026,3000,3000,3000
"Tamil Nadu",Kancheepuram,"Kundrathur(Uzhavar Sandhai )",Carrot,Pusakesar,Local,28/07/2026,5000,6000,5500
"Tamil Nadu",Kancheepuram,"Kundrathur(Uzhavar Sandhai )",Cabbage,Cabbage,Local,28/07/2026,3000,3000,3000
"Tamil Nadu",Kancheepuram,"Kundrathur(Uzhavar Sandhai )",Mango(Raw-Ripe),"Mango - Raw-Ripe",Local,28/07/2026,2000,2500,2250
"Tamil Nadu",Kancheepuram,"Kundrathur(Uzhavar Sandhai )",Pomegranate,Pomogranate,Local,28/07/2026,16000,16000,16000
"Tamil Nadu",Kancheepuram,"Kundrathur(Uzhavar Sandhai )",Colacasia,Colacasia,Local,28/07/2026,3000,3000,3000
"Tamil Nadu",Kancheepuram,"Sunguvarchatram(Uzhavar Sandhai )","Bitter gourd","Bitter Gourd",Local,28/07/2026,4000,4000,4000
"Tamil Nadu",Kancheepuram,"Sunguvarchatram(Uzhavar Sandhai )","Bhindi(Ladies Finger)",Bhindi,Local,28/07/2026,3000,3000,3000
"Tamil Nadu",Kancheepuram,"Sunguvarchatram(Uzhavar Sandhai )",Cucumbar(Kheera),Cucumbar,Local,28/07/2026,3000,3000,3000
"Tamil Nadu",Kancheepuram,"Sunguvarchatram(Uzhavar Sandhai )",Thondekai,Thondekai,Local,28/07/2026,4000,4000,4000
"Tamil Nadu",Krishnagiri,"Avallapalli(Uzhavar Sandhai )",Potato,"Red Nanital",Local,28/07/2026,2000,2500,2250
"Tamil Nadu",Krishnagiri,"Avallapalli(Uzhavar Sandhai )",Brinjal,Round,Local,28/07/2026,3500,4000,3750
"Tamil Nadu",Krishnagiri,"Avallapalli(Uzhavar Sandhai )",Coriander(Leaves),"I Sort",Local,28/07/2026,6000,7000,6500
"Tamil Nadu",Krishnagiri,"Avallapalli(Uzhavar Sandhai )",Ashgourd,Gouard,Local,28/07/2026,2000,2500,2250
"Tamil Nadu",Krishnagiri,"Avallapalli(Uzhavar Sandhai )",Amaranthus,Amaranthus,Local,28/07/2026,5500,6000,5750
"Tamil Nadu",Krishnagiri,"Avallapalli(Uzhavar Sandhai )",Cowpea(Veg),"Cowpea (Veg)",Local,28/07/2026,5500,6000,5750
"Tamil Nadu",Krishnagiri,"Avallapalli(Uzhavar Sandhai )","Banana - Green","Banana - Green",Local,28/07/2026,3500,4000,3750
"Tamil Nadu",Krishnagiri,"Avallapalli(Uzhavar Sandhai )","Sweet Potato","Hosur Red",Local,28/07/2026,4500,5000,4750
"Tamil Nadu",Krishnagiri,"Avallapalli(Uzhavar Sandhai )",Snakeguard,Snakeguard,Local,28/07/2026,3000,3500,3250
"Tamil Nadu",Krishnagiri,"Avallapalli(Uzhavar Sandhai )","Knool Khol","Knool Khol",Local,28/07/2026,4500,5000,4750
"Tamil Nadu",Krishnagiri,"Avallapalli(Uzhavar Sandhai )","Elephant Yam(Suran)/Amorphophallus","Elephant Yam (Suran)",Local,28/07/2026,4500,5000,4750
"Tamil Nadu",Krishnagiri,"Avallapalli(Uzhavar Sandhai )",Yam(Ratalu),"Yam (Ratalu)",Local,28/07/2026,4500,5000,4750
"Tamil Nadu",Krishnagiri,"Avallapalli(Uzhavar Sandhai )",Lemon,Lemon,Local,28/07/2026,8000,9000,8500
"Tamil Nadu",Krishnagiri,"Avallapalli(Uzhavar Sandhai )",Colacasia,Colacasia,Local,28/07/2026,5500,6000,5750
"Tamil Nadu",Dharmapuri,"Karimangalam(Uzhavar Sandhai)",Onion,Bellary,Local,28/07/2026,3600,3800,3700
"Tamil Nadu",Dharmapuri,"Karimangalam(Uzhavar Sandhai)",Cauliflower,Ranchi,Local,28/07/2026,3800,4000,3900
"Tamil Nadu",Dharmapuri,"Karimangalam(Uzhavar Sandhai)",Brinjal,Other,Local,28/07/2026,3800,4000,3900
"Tamil Nadu",Dharmapuri,"Karimangalam(Uzhavar Sandhai)",Raddish,Raddish,Local,28/07/2026,2200,2400,2300
"Tamil Nadu",Dharmapuri,"Karimangalam(Uzhavar Sandhai)",Thondekai,Thondekai,Local,28/07/2026,5000,5500,5250
"Tamil Nadu",Dharmapuri,"Karimangalam(Uzhavar Sandhai)","Onion Green","Onion Green",Local,28/07/2026,4500,5000,4750
"Tamil Nadu",Krishnagiri,"Denkanikottai(Uzhavar Sandhai )",Tomato,Deshi,Local,28/07/2026,1000,1500,1250
"Tamil Nadu",Krishnagiri,"Denkanikottai(Uzhavar Sandhai )","Bottle gourd","Bottle Gourd",Local,28/07/2026,2500,3000,2750
"Tamil Nadu",Krishnagiri,"Denkanikottai(Uzhavar Sandhai )",Amaranthus,Amaranthus,Local,28/07/2026,2500,3000,2750
"Tamil Nadu",Krishnagiri,"Hosur(Uzhavar Sandhai )",Onion,Bellary,Local,28/07/2026,3500,4000,3750
"Tamil Nadu",Krishnagiri,"Hosur(Uzhavar Sandhai )",Chikoos(Sapota),Sapota,Local,28/07/2026,7000,8000,7500
"Tamil Nadu",Krishnagiri,"Hosur(Uzhavar Sandhai )","Green Chilli","Green Chilly",Local,28/07/2026,5000,6000,5500
"Tamil Nadu",Krishnagiri,"Hosur(Uzhavar Sandhai )",Ridgeguard(Tori),Ridgeguard(Tori),Local,28/07/2026,4000,4500,4250
"Tamil Nadu",Krishnagiri,"Hosur(Uzhavar Sandhai )",Thondekai,Thondekai,Local,28/07/2026,2500,3000,2750
"Tamil Nadu",Krishnagiri,"Hosur(Uzhavar Sandhai )",Drumstick,Drumstick,Local,28/07/2026,4000,5000,4500
"Tamil Nadu",Krishnagiri,"Hosur(Uzhavar Sandhai )",Lemon,Lemon,Local,28/07/2026,8000,9000,8500
"Tamil Nadu",Krishnagiri,"Hosur(Uzhavar Sandhai )",Mashrooms,Mashrooms,Local,28/07/2026,18000,20000,19000
"Tamil Nadu",Krishnagiri,"Hosur(Uzhavar Sandhai )","Baby Corn","Baby Corn","Grade A",28/07/2026,2500,3000,2750
"Tamil Nadu",Krishnagiri,"Krishnagiri(Uzhavar Sandhai )",Groundnut,"Big (With Shell)",Local,28/07/2026,6000,7000,6500
"Tamil Nadu",Krishnagiri,"Krishnagiri(Uzhavar Sandhai )",Onion,Bellary,Local,28/07/2026,3000,3500,3250
"Tamil Nadu",Krishnagiri,"Krishnagiri(Uzhavar Sandhai )","Bitter gourd","Bitter Gourd",Local,28/07/2026,4000,4400,4200
"Tamil Nadu",Krishnagiri,"Krishnagiri(Uzhavar Sandhai )",Pumpkin,Pumpkin,Local,28/07/2026,1500,2000,1750
"Tamil Nadu",Krishnagiri,"Krishnagiri(Uzhavar Sandhai )",Amaranthus,Amaranthus,Local,28/07/2026,2500,3000,2750
"Tamil Nadu",Krishnagiri,"Krishnagiri(Uzhavar Sandhai )",Cabbage,Cabbage,Local,28/07/2026,3000,4000,3500
"Tamil Nadu",Krishnagiri,"Krishnagiri(Uzhavar Sandhai )",Raddish,Raddish,Local,28/07/2026,2000,2600,2300
"Tamil Nadu",Krishnagiri,"Krishnagiri(Uzhavar Sandhai )","Onion Green","Onion Green",Local,28/07/2026,5000,6000,5500
"Tamil Nadu",Madurai,"Anaiyur(Uzhavar Sandhai )",Groundnut,"Big (With Shell)",Local,28/07/2026,6000,7000,6500
"Tamil Nadu",Madurai,"Anaiyur(Uzhavar Sandhai )",Soyabean,Local,Local,28/07/2026,9000,10000,9500
"Tamil Nadu",Madurai,"Anaiyur(Uzhavar Sandhai )","Green Chilli","Green Chilly",Local,28/07/2026,4500,5500,5000
"Tamil Nadu",Madurai,"Anaiyur(Uzhavar Sandhai )",Beans,"Beans (Whole)",Local,28/07/2026,8000,10000,9000
"Tamil Nadu",Madurai,"Anaiyur(Uzhavar Sandhai )",Coconut,Coconut,Local,28/07/2026,5800,6000,5900
"Tamil Nadu",Madurai,"Anaiyur(Uzhavar Sandhai )",Ridgeguard(Tori),Ridgeguard(Tori),Local,28/07/2026,6000,6500,6250
"Tamil Nadu",Madurai,"Anaiyur(Uzhavar Sandhai )",Raddish,Raddish,Local,28/07/2026,3000,3500,3250
"Tamil Nadu",Madurai,"Anaiyur(Uzhavar Sandhai )",Thondekai,Thondekai,Local,28/07/2026,5500,6000,5750
"Tamil Nadu",Madurai,"Anaiyur(Uzhavar Sandhai )",Guava,"Guava Allahabad",Local,28/07/2026,7000,8000,7500
"Tamil Nadu",Madurai,"Anaiyur(Uzhavar Sandhai )",Pomegranate,Pomogranate,Local,28/07/2026,18000,20000,19000
"Tamil Nadu",Madurai,"Usilampatti(Uzhavar Sandhai )",Onion,Bellary,Local,28/07/2026,3800,4000,3900
"Tamil Nadu",Madurai,"Usilampatti(Uzhavar Sandhai )",Coriander(Leaves),"I Sort",Local,28/07/2026,5000,5500,5250
"Tamil Nadu",Madurai,"Usilampatti(Uzhavar Sandhai )","Bottle gourd","Bottle Gourd",Local,28/07/2026,3000,3600,3300
"Tamil Nadu",Madurai,"Usilampatti(Uzhavar Sandhai )","Banana - Green","Banana - Green",Local,28/07/2026,2500,3000,2750
"Tamil Nadu",Madurai,"Usilampatti(Uzhavar Sandhai )",Tapioca,Tapioca,Local,28/07/2026,3000,4000,3500
"Tamil Nadu",Madurai,"Usilampatti(Uzhavar Sandhai )",Ridgeguard(Tori),Ridgeguard(Tori),Local,28/07/2026,6000,6500,6250
"Tamil Nadu",Madurai,"Usilampatti(Uzhavar Sandhai )","Elephant Yam(Suran)/Amorphophallus","Elephant Yam (Suran)",Local,28/07/2026,4000,4500,4250
"Tamil Nadu",Nagapattinam,"Nagapattinam(Uzhavar Sandhai )",Banana,Karpura,Local,28/07/2026,6000,6000,6000
"Tamil Nadu",Nagapattinam,"Nagapattinam(Uzhavar Sandhai )",Onion,Bellary,Local,28/07/2026,2000,3000,2500
"Tamil Nadu",Nagapattinam,"Nagapattinam(Uzhavar Sandhai )",Potato,Other,Local,28/07/2026,4100,4100,4100
"Tamil Nadu",Nagapattinam,"Nagapattinam(Uzhavar Sandhai )",Coconut,Coconut,Local,28/07/2026,4600,5000,4800
"Tamil Nadu",Nagapattinam,"Nagapattinam(Uzhavar Sandhai )",Snakeguard,Snakeguard,Local,28/07/2026,2900,3300,3100
"Tamil Nadu",Nagapattinam,"Nagapattinam(Uzhavar Sandhai )",Mango(Raw-Ripe),"Mango - Raw-Ripe",Local,28/07/2026,2700,3500,3100
"Tamil Nadu",Nagapattinam,"Nagapattinam(Uzhavar Sandhai )",Mint(Pudina),Mint(Pudina),Local,28/07/2026,3800,3800,3800
"Tamil Nadu",Nagapattinam,"Sirkali(Uzhavar Sandhai )",Onion,Bellary,Local,28/07/2026,2500,3000,2750
"Tamil Nadu",Nagapattinam,"Sirkali(Uzhavar Sandhai )",Amaranthus,Amaranthus,Local,28/07/2026,1500,2000,1750
"Tamil Nadu",Nagapattinam,"Sirkali(Uzhavar Sandhai )","Banana - Green","Banana - Green",Local,28/07/2026,2500,3000,2750
"Tamil Nadu",Nagapattinam,"Sirkali(Uzhavar Sandhai )",Beetroot,Beetroot,Local,28/07/2026,4500,5000,4750
"Tamil Nadu",Nagapattinam,"Sirkali(Uzhavar Sandhai )","Elephant Yam(Suran)/Amorphophallus","Elephant Yam (Suran)",Local,28/07/2026,5500,6000,5750
"Tamil Nadu",Nagapattinam,"Sirkali(Uzhavar Sandhai )","Onion Green","Onion Green",Local,28/07/2026,5500,6000,5750
"Tamil Nadu",Namakkal,"Kumarapalayam(Uzhavar Sandhai )","Bitter gourd","Bitter Gourd",Local,28/07/2026,5500,6000,5750
"Tamil Nadu",Namakkal,"Kumarapalayam(Uzhavar Sandhai )",Cabbage,Cabbage,Local,28/07/2026,3500,4000,3750
"Tamil Nadu",Namakkal,"Kumarapalayam(Uzhavar Sandhai )","Amla(Nelli Kai)",Amla,Local,28/07/2026,7500,8500,8000
"Tamil Nadu",Namakkal,"Mohanur(Uzhavar Sandhai )",Cauliflower,Ranchi,Local,28/07/2026,3200,4000,3600
"Tamil Nadu",Namakkal,"Mohanur(Uzhavar Sandhai )",Brinjal,Other,Local,28/07/2026,6000,7600,6800
"Tamil Nadu",Namakkal,"Mohanur(Uzhavar Sandhai )",Pumpkin,Pumpkin,Local,28/07/2026,2400,3000,2700
"Tamil Nadu",Namakkal,"Mohanur(Uzhavar Sandhai )",Ridgeguard(Tori),Ridgeguard(Tori),Local,28/07/2026,5600,6000,5800
"Tamil Nadu",Namakkal,"Mohanur(Uzhavar Sandhai )","Green Avare(W)",Other,Local,28/07/2026,8600,10000,9300
"Tamil Nadu",Namakkal,"Mohanur(Uzhavar Sandhai )","Onion Green","Onion Green",Local,28/07/2026,3000,7000,5000
"Tamil Nadu",Namakkal,"Mohanur(Uzhavar Sandhai )",Mint(Pudina),Mint(Pudina),Local,28/07/2026,5600,6000,5800
"Tamil Nadu",Namakkal,"Namakkal(Uzhavar Sandhai )",Snakeguard,Snakeguard,Local,28/07/2026,4800,5400,5100
"Tamil Nadu",Namakkal,"Namakkal(Uzhavar Sandhai )","Jack Fruit(Ripe)","Jack Fruit",Local,28/07/2026,2500,3000,2750
"Tamil Nadu",Namakkal,"Paramathivelur(Uzhavar Sandhai )",Coriander(Leaves),"I Sort",Local,28/07/2026,5500,6000,5750
"Tamil Nadu",Namakkal,"Paramathivelur(Uzhavar Sandhai )",Tomato,Deshi,Local,28/07/2026,1800,2000,1900
"Tamil Nadu",Namakkal,"Paramathivelur(Uzhavar Sandhai )","Bottle gourd","Bottle Gourd",Local,28/07/2026,1200,1600,1400
"Tamil Nadu",Namakkal,"Paramathivelur(Uzhavar Sandhai )",Ridgeguard(Tori),Ridgeguard(Tori),Local,28/07/2026,6000,6500,6250
"Tamil Nadu",Namakkal,"Paramathivelur(Uzhavar Sandhai )","Tender Coconut","Tender Coconut",Local,28/07/2026,3500,4500,4000
"Tamil Nadu",Namakkal,"Rasipuram(Uzhavar Sandhai )",Onion,Bellary,Local,28/07/2026,2800,3000,2900
"Tamil Nadu",Namakkal,"Rasipuram(Uzhavar Sandhai )",Potato,Other,Local,28/07/2026,3200,3500,3350
"Tamil Nadu",Namakkal,"Rasipuram(Uzhavar Sandhai )","Chili Red",Bold,Local,28/07/2026,14000,15000,14500
"Tamil Nadu",Namakkal,"Rasipuram(Uzhavar Sandhai )",Chikoos(Sapota),Sapota,Local,28/07/2026,3500,4000,3750
"Tamil Nadu",Namakkal,"Rasipuram(Uzhavar Sandhai )",Pumpkin,Pumpkin,Local,28/07/2026,2600,3000,2800
"Tamil Nadu",Namakkal,"Rasipuram(Uzhavar Sandhai )",Tapioca,Tapioca,Local,28/07/2026,3200,3800,3500
"Tamil Nadu",Namakkal,"Rasipuram(Uzhavar Sandhai )",Cabbage,Cabbage,Local,28/07/2026,3600,4000,3800
"Tamil Nadu",Namakkal,"Rasipuram(Uzhavar Sandhai )",Snakeguard,Snakeguard,Local,28/07/2026,4000,4500,4250
"Tamil Nadu",Namakkal,"Rasipuram(Uzhavar Sandhai )",Raddish,Raddish,Local,28/07/2026,3000,3500,3250
"Tamil Nadu",Namakkal,"Rasipuram(Uzhavar Sandhai )",Thondekai,Thondekai,Local,28/07/2026,4500,5000,4750
"Tamil Nadu",Namakkal,"Rasipuram(Uzhavar Sandhai )",Drumstick,Drumstick,Local,28/07/2026,5500,6000,5750
"Tamil Nadu",Namakkal,"Rasipuram(Uzhavar Sandhai )",Lemon,Lemon,Local,28/07/2026,3000,5000,4000
"Tamil Nadu",Namakkal,"Rasipuram(Uzhavar Sandhai )","Onion Green","Onion Green",Local,28/07/2026,4500,6500,5500
"Tamil Nadu",Namakkal,"Rasipuram(Uzhavar Sandhai )",Mint(Pudina),Mint(Pudina),Local,28/07/2026,5500,6000,5750
"Tamil Nadu",Namakkal,"Rasipuram(Uzhavar Sandhai )",Rose(Local),"Rose (Local)",Local,28/07/2026,14000,16000,15000
"Tamil Nadu",Madurai,"Palanganatham(Uzhavar Sandhai )",Grapes,Annabesahai,Local,28/07/2026,10000,11000,10500
"Tamil Nadu",Madurai,"Palanganatham(Uzhavar Sandhai )","Green Chilli","Green Chilly",Local,28/07/2026,4500,5500,5000
"Tamil Nadu",Madurai,"Palanganatham(Uzhavar Sandhai )","Betal Leaves",Mysore,Local,28/07/2026,18000,24000,21000
"Tamil Nadu",Madurai,"Palanganatham(Uzhavar Sandhai )",Carrot,Pusakesar,Local,28/07/2026,6000,9000,7500
"Tamil Nadu",Madurai,"Palanganatham(Uzhavar Sandhai )",Snakeguard,Snakeguard,Local,28/07/2026,4000,4500,4250
"Tamil Nadu",Madurai,"Palanganatham(Uzhavar Sandhai )",Thondekai,Thondekai,Local,28/07/2026,4500,6000,5250
"Tamil Nadu",Madurai,"Palanganatham(Uzhavar Sandhai )",Capsicum,Capsicum,Local,28/07/2026,9000,10000,9500
"Tamil Nadu",Madurai,"Palanganatham(Uzhavar Sandhai )","Green Avare(W)","Green Avare (W)",Local,28/07/2026,7000,9500,8250
"Tamil Nadu",Madurai,"Palanganatham(Uzhavar Sandhai )","Knool Khol","Knool Khol",Local,28/07/2026,5500,6500,6000
"Tamil Nadu",Madurai,"Palanganatham(Uzhavar Sandhai )",Pomegranate,Pomogranate,Local,28/07/2026,18000,20000,19000
"Tamil Nadu",Madurai,"Palanganatham(Uzhavar Sandhai )","Indian Beans(Seam)","Indian Beans (Seam)",Local,28/07/2026,5000,5500,5250
"Tamil Nadu",Madurai,"Palanganatham(Uzhavar Sandhai )",Mint(Pudina),Mint(Pudina),Local,28/07/2026,4000,4500,4250
"Tamil Nadu",Madurai,"Anna nagar(Uzhavar Sandhai )",Pineapple,"Pine Apple",Local,28/07/2026,8000,8000,8000
"Tamil Nadu",Madurai,"Anna nagar(Uzhavar Sandhai )",Tomato,Other,Local,28/07/2026,2200,2400,2300
"Tamil Nadu",Madurai,"Anna nagar(Uzhavar Sandhai )",Cowpea(Veg),"Cowpea (Veg)",Local,28/07/2026,4600,4600,4600
"Tamil Nadu",Madurai,"Anna nagar(Uzhavar Sandhai )",Beans,"Beans (Whole)",Local,28/07/2026,10000,10000,10000
"Tamil Nadu",Madurai,"Anna nagar(Uzhavar Sandhai )",Cucumbar(Kheera),Cucumbar,Local,28/07/2026,4600,4600,4600
"Tamil Nadu",Madurai,"Anna nagar(Uzhavar Sandhai )","Green Avare(W)",Other,Local,28/07/2026,8600,8600,8600
"Tamil Nadu",Madurai,"Anna nagar(Uzhavar Sandhai )","Knool Khol","Knool Khol",Local,28/07/2026,3600,3600,3600
"Tamil Nadu",Madurai,"Anna nagar(Uzhavar Sandhai )","Tender Coconut","Tender Coconut",Local,28/07/2026,4500,5000,4750
"Tamil Nadu",Madurai,"Anna nagar(Uzhavar Sandhai )","Elephant Yam(Suran)/Amorphophallus","Elephant Yam (Suran)",Local,28/07/2026,5000,5000,5000
"Tamil Nadu",Madurai,"Anna nagar(Uzhavar Sandhai )",Yam(Ratalu),"Yam (Ratalu)",Local,28/07/2026,8600,8600,8600
"Tamil Nadu",Perambalur,"Perambalur(Uzhavar Sandhai )",Apple,American,Local,28/07/2026,23000,25000,24000
"Tamil Nadu",Perambalur,"Perambalur(Uzhavar Sandhai )",Garlic,Garlic,Local,28/07/2026,18000,20000,19000
"Tamil Nadu",Perambalur,"Perambalur(Uzhavar Sandhai )","Mousambi(Sweet Lime)",Mousambi,Local,28/07/2026,8000,9000,8500
"Tamil Nadu",Perambalur,"Perambalur(Uzhavar Sandhai )",Brinjal,Other,Local,28/07/2026,4800,4800,4800
"Tamil Nadu",Perambalur,"Perambalur(Uzhavar Sandhai )",Coriander(Leaves),"I Sort",Local,28/07/2026,4000,4000,4000
"Tamil Nadu",Perambalur,"Perambalur(Uzhavar Sandhai )","Bottle gourd","Bottle Gourd",Local,28/07/2026,1800,1800,1800
"Tamil Nadu",Perambalur,"Perambalur(Uzhavar Sandhai )",Capsicum,Capsicum,Local,28/07/2026,7200,7200,7200
"Tamil Nadu",Perambalur,"Perambalur(Uzhavar Sandhai )",Pomegranate,Pomogranate,Local,28/07/2026,21000,23000,22000
"Tamil Nadu",Perambalur,"Perambalur(Uzhavar Sandhai )","Elephant Yam(Suran)/Amorphophallus","Elephant Yam (Suran)",Local,28/07/2026,5600,5600,5600
"Tamil Nadu",Perambalur,"Perambalur(Uzhavar Sandhai )",Lemon,Lemon,Local,28/07/2026,8000,10000,9000
"Tamil Nadu",Perambalur,"Perambalur(Uzhavar Sandhai )",Colacasia,Colacasia,Local,28/07/2026,5600,5600,5600
"Tamil Nadu",Perambalur,"Perambalur(Uzhavar Sandhai )","Onion Green","Onion Green",Local,28/07/2026,4000,6000,5000
"Tamil Nadu",Perambalur,"Perambalur(Uzhavar Sandhai )","Sweet Corn ","Sweet Corn ",Local,28/07/2026,4500,5000,4750
"Tamil Nadu",Salem,"Mecheri(Uzhavar Sandhai)",Amaranthus,Amaranthus,Local,28/07/2026,2000,2500,2250
"Tamil Nadu",Salem,"Mecheri(Uzhavar Sandhai)",Coconut,Coconut,Local,28/07/2026,4500,5000,4750
"Tamil Nadu",Salem,"Mecheri(Uzhavar Sandhai)","Onion Green","Onion Green",Local,28/07/2026,4500,5000,4750
"Tamil Nadu",Ranipet,"Ranipettai(Uzhavar Sandhai )",Groundnut,"Big (With Shell)",Local,28/07/2026,7000,7000,7000
"Tamil Nadu",Ranipet,"Ranipettai(Uzhavar Sandhai )",Mango,Neelam,Local,28/07/2026,5000,6000,5500
"Tamil Nadu",Ranipet,"Ranipettai(Uzhavar Sandhai )",Tomato,Other,Local,28/07/2026,1800,2000,1900
"Tamil Nadu",Ranipet,"Ranipettai(Uzhavar Sandhai )",Cowpea(Veg),"Cowpea (Veg)",Local,28/07/2026,6000,6000,6000
"Tamil Nadu",Ranipet,"Ranipettai(Uzhavar Sandhai )",Ginger(Green),"Green Ginger",Local,28/07/2026,18000,18000,18000
"Tamil Nadu",Ranipet,"Ranipettai(Uzhavar Sandhai )",Carrot,Pusakesar,Local,28/07/2026,7000,7000,7000
"Tamil Nadu",Ranipet,"Ranipettai(Uzhavar Sandhai )",Snakeguard,Snakeguard,Local,28/07/2026,4000,4000,4000
"Tamil Nadu",Ranipet,"Ranipettai(Uzhavar Sandhai )",Beetroot,Beetroot,Local,28/07/2026,5000,5000,5000
"Tamil Nadu",Ranipet,"Ranipettai(Uzhavar Sandhai )","Green Avare(W)",Other,Local,28/07/2026,5200,5200,5200
"Tamil Nadu",Ranipet,"Ranipettai(Uzhavar Sandhai )",Drumstick,Drumstick,Local,28/07/2026,5000,7000,6000
"Tamil Nadu",Ranipet,"Ranipettai(Uzhavar Sandhai )",Lemon,Lemon,Local,28/07/2026,8000,8000,8000
"Tamil Nadu",Ranipet,"Ranipettai(Uzhavar Sandhai )","Custard Apple(Sharifa)","Custard Apple(Sharifa)",Local,28/07/2026,7000,7000,7000
"Tamil Nadu",Ranipet,"Ranipettai(Uzhavar Sandhai )","Onion Green","Onion Green",Local,28/07/2026,5000,5000,5000
"Tamil Nadu",Salem,"Ammapet(Uzhavar Sandhai )",Onion,Bellary,Local,28/07/2026,3600,4000,3800
"Tamil Nadu",Salem,"Ammapet(Uzhavar Sandhai )",Brinjal,Other,Local,28/07/2026,4200,4500,4350
"Tamil Nadu",Salem,"Ammapet(Uzhavar Sandhai )",Chikoos(Sapota),Sapota,Local,28/07/2026,3000,4000,3500
"Tamil Nadu",Salem,"Ammapet(Uzhavar Sandhai )",Cowpea(Veg),"Cowpea (Veg)",Local,28/07/2026,4000,4500,4250
"Tamil Nadu",Salem,"Ammapet(Uzhavar Sandhai )",Cucumbar(Kheera),Cucumbar,Local,28/07/2026,4500,5000,4750
"Tamil Nadu",Salem,"Ammapet(Uzhavar Sandhai )",Mango(Raw-Ripe),"Mango - Raw-Ripe",Local,28/07/2026,3000,3500,3250
"Tamil Nadu",Salem,"Ammapet(Uzhavar Sandhai )","Knool Khol","Knool Khol",Local,28/07/2026,5000,5500,5250
"Tamil Nadu",Salem,"Ammapet(Uzhavar Sandhai )","Onion Green","Onion Green",Local,28/07/2026,5000,5400,5200
"Tamil Nadu",Salem,"Ammapet(Uzhavar Sandhai )",Rose(Local),"Rose (Local)",Local,28/07/2026,11000,12000,11500
"Tamil Nadu",Salem,"Mettur(Uzhavar Sandhai )",Coconut,Coconut,Local,28/07/2026,4500,5000,4750
"Tamil Nadu",Salem,"Mettur(Uzhavar Sandhai )",Carrot,Pusakesar,Local,28/07/2026,8500,9000,8750
"Tamil Nadu",Salem,"Mettur(Uzhavar Sandhai )","Green Avare(W)",Other,Local,28/07/2026,5500,6000,5750
"Tamil Nadu",Salem,"Mettur(Uzhavar Sandhai )","Chow Chow","Chow Chow",Local,28/07/2026,3500,4000,3750
"Tamil Nadu",Salem,"Mettur(Uzhavar Sandhai )","Karbuja(Musk Melon)",Karbhuja,Local,28/07/2026,3000,3500,3250
"Tamil Nadu",Salem,"Mettur(Uzhavar Sandhai )",Lemon,Lemon,Local,28/07/2026,4500,5000,4750
"Tamil Nadu",Salem,"Sooramangalam(Uzhavar Sandhai )",Brinjal,Other,Local,28/07/2026,3800,4000,3900
"Tamil Nadu",Salem,"Sooramangalam(Uzhavar Sandhai )",Coriander(Leaves),"I Sort",Local,28/07/2026,3800,4000,3900
"Tamil Nadu",Salem,"Sooramangalam(Uzhavar Sandhai )",Tomato,Local,Local,28/07/2026,1800,2000,1900
"Tamil Nadu",Salem,"Sooramangalam(Uzhavar Sandhai )",Pumpkin,Pumpkin,Local,28/07/2026,2000,2200,2100
"Tamil Nadu",Salem,"Sooramangalam(Uzhavar Sandhai )",Cowpea(Veg),"Cowpea (Veg)",Local,28/07/2026,4000,4500,4250
"Tamil Nadu",Salem,"Sooramangalam(Uzhavar Sandhai )",Coconut,Coconut,Local,28/07/2026,5500,6000,5750
"Tamil Nadu",Salem,"Sooramangalam(Uzhavar Sandhai )",Carrot,Pusakesar,Local,28/07/2026,9000,9400,9200
"Tamil Nadu",Salem,"Sooramangalam(Uzhavar Sandhai )",Snakeguard,Snakeguard,Local,28/07/2026,3800,4000,3900
"Tamil Nadu",Salem,"Sooramangalam(Uzhavar Sandhai )",Beetroot,Beetroot,Local,28/07/2026,8000,8400,8200
"Tamil Nadu",Salem,"Sooramangalam(Uzhavar Sandhai )",Ridgeguard(Tori),Ridgeguard(Tori),Local,28/07/2026,4000,4500,4250
"Tamil Nadu",Salem,"Sooramangalam(Uzhavar Sandhai )",Thondekai,Thondekai,Local,28/07/2026,4000,4500,4250
"Tamil Nadu",Salem,"Sooramangalam(Uzhavar Sandhai )",Capsicum,Capsicum,Local,28/07/2026,7000,7400,7200
"Tamil Nadu",Salem,"Sooramangalam(Uzhavar Sandhai )","Knool Khol","Knool Khol",Local,28/07/2026,5000,5400,5200
"Tamil Nadu",Salem,"Sooramangalam(Uzhavar Sandhai )",Colacasia,Colacasia,Local,28/07/2026,6000,6500,6250
"Tamil Nadu",Salem,"Sooramangalam(Uzhavar Sandhai )","Tube Rose(Loose)","Tube Rose (Loose)",Local,28/07/2026,10000,12000,11000
"Tamil Nadu",Salem,"Sooramangalam(Uzhavar Sandhai )","Sweet Corn ","Sweet Corn ",Local,28/07/2026,3000,3500,3250
"Tamil Nadu",Salem,"Thammampatti (Uzhavar Sandhai )",Pineapple,"Pine Apple",Local,28/07/2026,3500,4000,3750
"Tamil Nadu",Salem,"Thammampatti (Uzhavar Sandhai )",Potato,Other,Local,28/07/2026,2800,3000,2900
"Tamil Nadu",Salem,"Thammampatti (Uzhavar Sandhai )",Chikoos(Sapota),Sapota,Local,28/07/2026,4000,4000,4000
"Tamil Nadu",Salem,"Thammampatti (Uzhavar Sandhai )",Tomato,Deshi,Local,28/07/2026,1500,2000,1750
"Tamil Nadu",Salem,"Thammampatti (Uzhavar Sandhai )","Bitter gourd","Bitter Gourd",Local,28/07/2026,5000,5500,5250
"Tamil Nadu",Salem,"Thammampatti (Uzhavar Sandhai )",Pumpkin,Pumpkin,Local,28/07/2026,2000,2000,2000
"Tamil Nadu",Salem,"Thammampatti (Uzhavar Sandhai )",Coconut,Coconut,Local,28/07/2026,5000,5500,5250
"Tamil Nadu",Salem,"Thammampatti (Uzhavar Sandhai )",Thondekai,Thondekai,Local,28/07/2026,4500,5000,4750
"Tamil Nadu",Salem,"Thammampatti (Uzhavar Sandhai )","Green Avare(W)","Green Avare (W)",Local,28/07/2026,7500,8500,8000
"Tamil Nadu",Salem,"Thammampatti (Uzhavar Sandhai )",Mint(Pudina),Mint(Pudina),Local,28/07/2026,3500,4000,3750
"Tamil Nadu",Salem,"Thathakapatti(Uzhavar Sandhai )",Garlic,Garlic,Local,28/07/2026,20000,25000,22500
"Tamil Nadu",Salem,"Thathakapatti(Uzhavar Sandhai )","Green Peas","Green Peas",Local,28/07/2026,15000,15500,15250
"Tamil Nadu",Salem,"Thathakapatti(Uzhavar Sandhai )","Cluster beans","Cluster Beans",Local,28/07/2026,3000,3400,3200
"Tamil Nadu",Salem,"Thathakapatti(Uzhavar Sandhai )",Raddish,Raddish,Local,28/07/2026,2500,3000,2750
"Tamil Nadu",Salem,"Thathakapatti(Uzhavar Sandhai )","Tender Coconut","Tender Coconut",Local,28/07/2026,3000,5000,4000
"Tamil Nadu",Salem,"Thathakapatti(Uzhavar Sandhai )","Elephant Yam(Suran)/Amorphophallus","Elephant Yam (Suran)",Local,28/07/2026,4000,5000,4500
"Tamil Nadu",Salem,"Thathakapatti(Uzhavar Sandhai )",Lemon,Lemon,Local,28/07/2026,7000,8000,7500
"Tamil Nadu",Salem,"Thathakapatti(Uzhavar Sandhai )",Colacasia,Colacasia,Local,28/07/2026,5000,6000,5500
"Tamil Nadu",Salem,"Thathakapatti(Uzhavar Sandhai )","Custard Apple(Sharifa)","Custard Apple(Sharifa)",Local,28/07/2026,4000,5000,4500
"Tamil Nadu",Salem,"Thathakapatti(Uzhavar Sandhai )","Amla(Nelli Kai)",Amla,Local,28/07/2026,6500,7000,6750
"Tamil Nadu",Salem,"Thathakapatti(Uzhavar Sandhai )","Onion Green","Onion Green",Local,28/07/2026,5000,5400,5200
"Tamil Nadu",Salem,"Thathakapatti(Uzhavar Sandhai )","Sweet Corn ","Sweet Corn ",Local,28/07/2026,3000,4500,3750
"Andhra Pradesh",Annamayya,"Guramkonda Sub-yard of AMC Valmikipuram",Tomato,Hybrid,FAQ,28/07/2026,960,1200,1080
"Tamil Nadu",Pudukkottai,"Pudukottai(Uzhavar Sandhai )","Water Melon","Water Melon",Local,28/07/2026,1000,1500,1250
"Tamil Nadu",Pudukkottai,"Pudukottai(Uzhavar Sandhai )",Onion,Bellary,Local,28/07/2026,4000,5000,4500
"Tamil Nadu",Pudukkottai,"Pudukottai(Uzhavar Sandhai )",Brinjal,Other,Local,28/07/2026,5500,7000,6250
"Tamil Nadu",Pudukkottai,"Pudukottai(Uzhavar Sandhai )","Cluster beans","Cluster Beans",Local,28/07/2026,5000,5500,5250
"Tamil Nadu",Pudukkottai,"Pudukottai(Uzhavar Sandhai )","Bitter gourd",Other,Local,28/07/2026,9000,10000,9500
"Tamil Nadu",Pudukkottai,"Pudukottai(Uzhavar Sandhai )","Bottle gourd","Bottle Gourd",Local,28/07/2026,3000,3500,3250
"Tamil Nadu",Pudukkottai,"Pudukottai(Uzhavar Sandhai )",Ashgourd,Gouard,Local,28/07/2026,1200,1500,1350
"Tamil Nadu",Pudukkottai,"Pudukottai(Uzhavar Sandhai )","Bhindi(Ladies Finger)",Bhindi,Local,28/07/2026,4000,4500,4250
"Tamil Nadu",Pudukkottai,"Pudukottai(Uzhavar Sandhai )",Beans,"Beans (Whole)",Local,28/07/2026,9000,10000,9500
"Tamil Nadu",Pudukkottai,"Pudukottai(Uzhavar Sandhai )",Thondekai,Thondekai,Local,28/07/2026,5500,6000,5750
"Tamil Nadu",Pudukkottai,"Pudukottai(Uzhavar Sandhai )",Lemon,Lemon,Local,28/07/2026,4000,5000,4500
"Tamil Nadu",Pudukkottai,"Pudukottai(Uzhavar Sandhai )",Mint(Pudina),Mint(Pudina),Local,28/07/2026,3500,4000,3750
"Tamil Nadu",Thanjavur,"Kumbakonam (Uzhavar Sandhai )",Onion,Bellary,Local,28/07/2026,3600,4800,4200
"Tamil Nadu",Thanjavur,"Kumbakonam (Uzhavar Sandhai )",Brinjal,Round,Local,28/07/2026,4800,7200,6000
"Tamil Nadu",Thanjavur,"Kumbakonam (Uzhavar Sandhai )","Bottle gourd","Bottle Gourd",Local,28/07/2026,3600,3600,3600
"Tamil Nadu",Thanjavur,"Kumbakonam (Uzhavar Sandhai )","Banana - Green","Banana - Green",Local,28/07/2026,4800,4800,4800
"Tamil Nadu",Thanjavur,"Kumbakonam (Uzhavar Sandhai )",Coconut,Coconut,Local,28/07/2026,6000,6000,6000
"Tamil Nadu",Thanjavur,"Kumbakonam (Uzhavar Sandhai )",Snakeguard,Snakeguard,Local,28/07/2026,4800,4800,4800
"Tamil Nadu",Thanjavur,"Kumbakonam (Uzhavar Sandhai )",Cucumbar(Kheera),Cucumbar,Local,28/07/2026,6000,6000,6000
"Tamil Nadu",Thanjavur,"Kumbakonam (Uzhavar Sandhai )",Ridgeguard(Tori),Ridgeguard(Tori),Local,28/07/2026,7200,7200,7200
"Tamil Nadu",Thanjavur,"Kumbakonam (Uzhavar Sandhai )","Onion Green","Onion Green",Local,28/07/2026,6000,7200,6600
"Tamil Nadu","The Nilgiris","Udhagamandalam(Uzhavar Sandhai )",Apple,American,Local,28/07/2026,20000,25000,22500
"Tamil Nadu","The Nilgiris","Udhagamandalam(Uzhavar Sandhai )",Grapes,Annabesahai,Local,28/07/2026,8000,10000,9000
"Tamil Nadu","The Nilgiris","Udhagamandalam(Uzhavar Sandhai )",Onion,Bellary,Local,28/07/2026,3800,4200,4000
"Tamil Nadu","The Nilgiris","Udhagamandalam(Uzhavar Sandhai )",Brinjal,Other,Local,28/07/2026,4500,5000,4750
"Tamil Nadu","The Nilgiris","Udhagamandalam(Uzhavar Sandhai )",Coriander(Leaves),"I Sort",Local,28/07/2026,6500,7000,6750
"Tamil Nadu","The Nilgiris","Udhagamandalam(Uzhavar Sandhai )","Banana - Green","Banana - Green",Local,28/07/2026,4000,4500,4250
"Tamil Nadu","The Nilgiris","Udhagamandalam(Uzhavar Sandhai )",Coconut,Coconut,Local,28/07/2026,5000,5400,5200
"Tamil Nadu","The Nilgiris","Udhagamandalam(Uzhavar Sandhai )",Snakeguard,Snakeguard,Local,28/07/2026,3000,3500,3250
"Tamil Nadu","The Nilgiris","Udhagamandalam(Uzhavar Sandhai )",Drumstick,Drumstick,Local,28/07/2026,5000,5500,5250
"Tamil Nadu","The Nilgiris","Udhagamandalam(Uzhavar Sandhai )",Mango(Raw-Ripe),"Mango - Raw-Ripe",Local,28/07/2026,3000,3500,3250
"Tamil Nadu","The Nilgiris","Udhagamandalam(Uzhavar Sandhai )",Guava,"Guava Allahabad",Local,28/07/2026,7000,8000,7500
"Tamil Nadu","The Nilgiris","Udhagamandalam(Uzhavar Sandhai )",Lemon,Lemon,Local,28/07/2026,7000,8000,7500
"Tamil Nadu","The Nilgiris","Udhagamandalam(Uzhavar Sandhai )","Onion Green","Onion Green",Local,28/07/2026,5800,6200,6000
"Tamil Nadu",Theni,"Andipatti(Uzhavar Sandhai )",Papaya,Papaya,Local,28/07/2026,2500,3000,2750
"Tamil Nadu",Theni,"Andipatti(Uzhavar Sandhai )",Potato,"Red Nanital",Local,28/07/2026,2400,2600,2500
"Tamil Nadu",Theni,"Andipatti(Uzhavar Sandhai )",Cauliflower,Ranchi,Local,28/07/2026,2000,2500,2250
"Tamil Nadu",Theni,"Andipatti(Uzhavar Sandhai )",Amaranthus,Amaranthus,Local,28/07/2026,2200,2500,2350
"Tamil Nadu",Theni,"Andipatti(Uzhavar Sandhai )",Ginger(Green),"Green Ginger",Local,28/07/2026,18000,19000,18500
"Tamil Nadu",Theni,"Andipatti(Uzhavar Sandhai )",Coconut,Coconut,Local,28/07/2026,5000,5400,5200
"Tamil Nadu",Theni,"Andipatti(Uzhavar Sandhai )",Drumstick,Drumstick,Local,28/07/2026,3400,3800,3600
"Tamil Nadu",Theni,"Bodinayakanur(Uzhavar Sandhai )",Papaya,Papaya,Local,28/07/2026,3000,3000,3000
"Tamil Nadu",Theni,"Bodinayakanur(Uzhavar Sandhai )",Tomato,Other,Local,28/07/2026,2000,2000,2000
"Tamil Nadu",Theni,"Bodinayakanur(Uzhavar Sandhai )","Bottle gourd","Bottle Gourd",Local,28/07/2026,1800,1800,1800
"Tamil Nadu",Theni,"Bodinayakanur(Uzhavar Sandhai )","Bhindi(Ladies Finger)",Bhindi,Local,28/07/2026,3800,3800,3800
"Tamil Nadu",Theni,"Bodinayakanur(Uzhavar Sandhai )",Amaranthus,Amaranthus,Local,28/07/2026,2500,2500,2500
"Tamil Nadu",Theni,"Bodinayakanur(Uzhavar Sandhai )","Banana - Green","Banana - Green",Local,28/07/2026,3000,3000,3000
"Tamil Nadu",Theni,"Bodinayakanur(Uzhavar Sandhai )",Raddish,Raddish,Local,28/07/2026,3000,3000,3000
"Tamil Nadu",Theni,"Bodinayakanur(Uzhavar Sandhai )","Elephant Yam(Suran)/Amorphophallus","Elephant Yam (Suran)",Local,28/07/2026,4000,4000,4000
"Tamil Nadu",Theni,"Chinnamanur(Uzhavar Sandhai )",Coriander(Leaves),"I Sort",Local,28/07/2026,4800,4800,4800
"Tamil Nadu",Theni,"Chinnamanur(Uzhavar Sandhai )",Beans,"Beans (Whole)",Local,28/07/2026,9000,9000,9000
"Tamil Nadu",Theni,"Chinnamanur(Uzhavar Sandhai )",Ginger(Green),"Green Ginger",Local,28/07/2026,19000,19000,19000
"Tamil Nadu",Theni,"Chinnamanur(Uzhavar Sandhai )","Sweet Potato","Hosur Red",Local,28/07/2026,4500,4500,4500
"Tamil Nadu",Theni,"Chinnamanur(Uzhavar Sandhai )",Carrot,Pusakesar,Local,28/07/2026,8400,9000,8700
"Tamil Nadu",Theni,"Chinnamanur(Uzhavar Sandhai )",Mango(Raw-Ripe),"Mango - Raw-Ripe",Local,28/07/2026,4200,4200,4200
"Tamil Nadu",Theni,"Chinnamanur(Uzhavar Sandhai )",Lemon,Lemon,Local,28/07/2026,6000,6000,6000
"Tamil Nadu",Theni,"Chinnamanur(Uzhavar Sandhai )",Colacasia,Colacasia,Local,28/07/2026,4000,4000,4000
"Tamil Nadu",Theni,"Kambam(Uzhavar Sandhai )",Potato,Other,Local,28/07/2026,2500,2500,2500
"Tamil Nadu",Theni,"Kambam(Uzhavar Sandhai )",Coriander(Leaves),"I Sort",Local,28/07/2026,4500,4500,4500
"Tamil Nadu",Theni,"Kambam(Uzhavar Sandhai )","Bottle gourd","Bottle Gourd",Local,28/07/2026,1600,1800,1700
"Tamil Nadu",Theni,"Kambam(Uzhavar Sandhai )",Pumpkin,Pumpkin,Local,28/07/2026,1600,1800,1700
"Tamil Nadu",Theni,"Kambam(Uzhavar Sandhai )","Bhindi(Ladies Finger)",Bhindi,Local,28/07/2026,3800,4000,3900
"Tamil Nadu",Theni,"Kambam(Uzhavar Sandhai )",Cowpea(Veg),"Cowpea (Veg)",Local,28/07/2026,4000,5000,4500
"Tamil Nadu",Theni,"Kambam(Uzhavar Sandhai )",Ginger(Green),"Green Ginger",Local,28/07/2026,18000,18000,18000
"Tamil Nadu",Theni,"Kambam(Uzhavar Sandhai )","Onion Green","Onion Green",Local,28/07/2026,4500,5000,4750
"Tamil Nadu",Theni,"Kambam(Uzhavar Sandhai )",Mint(Pudina),Mint(Pudina),Local,28/07/2026,5500,5500,5500
"Tamil Nadu",Theni,"Theni(Uzhavar Sandhai )","Mousambi(Sweet Lime)",Mousambi,Local,28/07/2026,12000,12000,12000
"Tamil Nadu",Theni,"Theni(Uzhavar Sandhai )","Chili Red",Bold,Local,28/07/2026,10000,10000,10000
"Tamil Nadu",Theni,"Theni(Uzhavar Sandhai )",Brinjal,Other,Local,28/07/2026,4000,4600,4300
"Tamil Nadu",Theni,"Theni(Uzhavar Sandhai )",Coriander(Leaves),"I Sort",Local,28/07/2026,4600,5000,4800
"Tamil Nadu",Theni,"Theni(Uzhavar Sandhai )","Bitter gourd",Other,Local,28/07/2026,5400,5400,5400
"Tamil Nadu",Theni,"Theni(Uzhavar Sandhai )",Ginger(Green),"Green Ginger",Local,28/07/2026,10000,19000,14500
"Tamil Nadu",Theni,"Theni(Uzhavar Sandhai )","Betal Leaves",Mysore,Local,28/07/2026,22000,22000,22000
"Tamil Nadu",Theni,"Theni(Uzhavar Sandhai )",Carrot,Pusakesar,Local,28/07/2026,8400,8400,8400
"Tamil Nadu",Theni,"Theni(Uzhavar Sandhai )",Drumstick,Drumstick,Local,28/07/2026,2000,4000,3000
"Tamil Nadu",Theni,"Theni(Uzhavar Sandhai )","Knool Khol","Knool Khol",Local,28/07/2026,4400,4400,4400
"Tamil Nadu",Theni,"Theni(Uzhavar Sandhai )","Elephant Yam(Suran)/Amorphophallus","Elephant Yam (Suran)",Local,28/07/2026,4000,4000,4000
"Tamil Nadu",Theni,"Theni(Uzhavar Sandhai )","Indian Beans(Seam)","Indian Beans (Seam)",Local,28/07/2026,5000,5500,5250
"Tamil Nadu",Theni,"Theni(Uzhavar Sandhai )",Mashrooms,Mashrooms,Local,28/07/2026,23000,23000,23000
"Tamil Nadu",Thirunelveli,"Kandiyaperi(Uzhavar Sandhai )",Coriander(Leaves),"I Sort",Local,28/07/2026,5000,5500,5250
"Tamil Nadu",Thirunelveli,"Kandiyaperi(Uzhavar Sandhai )","Bhindi(Ladies Finger)",Bhindi,Local,28/07/2026,3000,3400,3200
"Tamil Nadu",Thirunelveli,"Melapalayam(Uzhavar Sandhai )","Bhindi(Ladies Finger)",Bhindi,Local,28/07/2026,3000,3400,3200
"Tamil Nadu",Thirunelveli,"Melapalayam(Uzhavar Sandhai )",Beans,"Beans (Whole)",Local,28/07/2026,12000,12500,12250
"Tamil Nadu",Thirunelveli,"Melapalayam(Uzhavar Sandhai )","Amla(Nelli Kai)",Amla,Local,28/07/2026,5000,5500,5250
"Tamil Nadu",Thirunelveli,"Palayamkottai(Uzhavar Sandhai )",Apple,American,Local,28/07/2026,20000,24000,22000
"Tamil Nadu",Thirunelveli,"Palayamkottai(Uzhavar Sandhai )",Banana,"Red Banana",Local,28/07/2026,9000,10000,9500
"Tamil Nadu",Thirunelveli,"Palayamkottai(Uzhavar Sandhai )","Mousambi(Sweet Lime)",Mousambi,Local,28/07/2026,10000,12000,11000
"Tamil Nadu",Thirunelveli,"Palayamkottai(Uzhavar Sandhai )",Mango,Safeda,Local,28/07/2026,6000,8000,7000
"Tamil Nadu",Thirunelveli,"Palayamkottai(Uzhavar Sandhai )",Brinjal,Other,Local,28/07/2026,3000,3500,3250
"Tamil Nadu",Thirunelveli,"Palayamkottai(Uzhavar Sandhai )",Tomato,Deshi,Local,28/07/2026,2500,2800,2650
"Tamil Nadu",Thirunelveli,"Palayamkottai(Uzhavar Sandhai )","Cluster beans","Cluster Beans",Local,28/07/2026,2600,2800,2700
"Tamil Nadu",Thirunelveli,"Palayamkottai(Uzhavar Sandhai )","Bitter gourd","Bitter Gourd",Local,28/07/2026,5500,6500,6000
"Tamil Nadu",Thirunelveli,"Palayamkottai(Uzhavar Sandhai )",Cowpea(Veg),"Cowpea (Veg)",Local,28/07/2026,2600,2800,2700
"Tamil Nadu",Thirunelveli,"Palayamkottai(Uzhavar Sandhai )",Beans,"Beans (Whole)",Local,28/07/2026,12000,12500,12250
"Tamil Nadu",Thirunelveli,"Palayamkottai(Uzhavar Sandhai )","Sweet Potato","Hosur Red",Local,28/07/2026,4000,4500,4250
"Tamil Nadu",Thirunelveli,"Palayamkottai(Uzhavar Sandhai )",Snakeguard,Snakeguard,Local,28/07/2026,1600,1800,1700
"Tamil Nadu",Thirunelveli,"Palayamkottai(Uzhavar Sandhai )","Chow Chow","Chow Chow",Local,28/07/2026,3500,3800,3650
"Tamil Nadu",Thirunelveli,"Palayamkottai(Uzhavar Sandhai )",Lemon,Lemon,Local,28/07/2026,6500,7000,6750
"Tamil Nadu",Thirunelveli,"Palayamkottai(Uzhavar Sandhai )","Amla(Nelli Kai)",Amla,Local,28/07/2026,5000,5500,5250
"Tamil Nadu",Thirupur,"Kangayam(Uzhavar Sandhai )",Ashgourd,Gouard,Local,28/07/2026,3000,3000,3000
"Tamil Nadu",Thirupur,"Kangayam(Uzhavar Sandhai )",Coconut,Coconut,Local,28/07/2026,5000,5000,5000
"Tamil Nadu",Thirupur,"Kangayam(Uzhavar Sandhai )","Green Avare(W)","Green Avare (W)",Local,28/07/2026,7000,7000,7000
"Tamil Nadu",Thirupur,"Tiruppur (North) (Uzhavar Sandhai )",Papaya,Papaya,Local,28/07/2026,2500,3000,2750
"Tamil Nadu",Thirupur,"Tiruppur (North) (Uzhavar Sandhai )",Brinjal,Other,Local,28/07/2026,3000,4000,3500
"Tamil Nadu",Thirupur,"Tiruppur (North) (Uzhavar Sandhai )",Tomato,Local,Local,28/07/2026,1800,2200,2000
"Tamil Nadu",Thirupur,"Tiruppur (North) (Uzhavar Sandhai )","Cluster beans","Cluster Beans",Local,28/07/2026,3500,4000,3750
"Tamil Nadu",Thirupur,"Tiruppur (North) (Uzhavar Sandhai )","Green Chilli","Green Chilly",Local,28/07/2026,4000,4500,4250
"Tamil Nadu",Thirupur,"Tiruppur (North) (Uzhavar Sandhai )",Cowpea(Veg),"Cowpea (Veg)",Local,28/07/2026,3500,4000,3750
"Tamil Nadu",Thirupur,"Tiruppur (North) (Uzhavar Sandhai )",Ginger(Green),"Green Ginger",Local,28/07/2026,15000,18000,16500
"Tamil Nadu",Thirupur,"Tiruppur (North) (Uzhavar Sandhai )",Raddish,Raddish,Local,28/07/2026,3000,3600,3300
"Tamil Nadu",Thirupur,"Tiruppur (North) (Uzhavar Sandhai )","Chow Chow","Chow Chow",Local,28/07/2026,2500,3000,2750
"Tamil Nadu",Thirupur,"Tiruppur (South) (Uzhavar Sandhai )",Papaya,Papaya,Local,28/07/2026,2000,2500,2250
"Tamil Nadu",Thirupur,"Tiruppur (South) (Uzhavar Sandhai )",Amaranthus,Amaranthus,Local,28/07/2026,2000,3000,2500
"Tamil Nadu",Thirupur,"Tiruppur (South) (Uzhavar Sandhai )",Beans,"Beans (Whole)",Local,28/07/2026,8000,10000,9000
"Tamil Nadu",Thirupur,"Tiruppur (South) (Uzhavar Sandhai )",Snakeguard,Snakeguard,Local,28/07/2026,3000,4000,3500
"Tamil Nadu",Thirupur,"Tiruppur (South) (Uzhavar Sandhai )",Drumstick,Drumstick,Local,28/07/2026,4000,5000,4500
"Tamil Nadu",Thiruvannamalai,"Chengam(Uzhavar Sandhai )",Onion,Bellary,Local,28/07/2026,3000,4000,3500
"Tamil Nadu",Thiruvannamalai,"Chengam(Uzhavar Sandhai )",Coriander(Leaves),"I Sort",Local,28/07/2026,5000,6000,5500
"Tamil Nadu",Thiruvannamalai,"Chengam(Uzhavar Sandhai )","Bitter gourd","Bitter Gourd",Local,28/07/2026,6500,7200,6850
"Tamil Nadu",Thiruvannamalai,"Chengam(Uzhavar Sandhai )",Ashgourd,Gouard,Local,28/07/2026,1500,2000,1750
"Tamil Nadu",Thiruvannamalai,"Chengam(Uzhavar Sandhai )","Green Chilli","Green Chilly",Local,28/07/2026,5000,6000,5500
"Tamil Nadu",Thiruvannamalai,"Chengam(Uzhavar Sandhai )",Cucumbar(Kheera),Cucumbar,Local,28/07/2026,5000,6000,5500
"Tamil Nadu",Thiruvannamalai,"Chengam(Uzhavar Sandhai )",Ridgeguard(Tori),Ridgeguard(Tori),Local,28/07/2026,3500,4000,3750
"Tamil Nadu",Thiruvannamalai,"Chengam(Uzhavar Sandhai )","Custard Apple(Sharifa)","Custard Apple(Sharifa)",Local,28/07/2026,4500,5000,4750
"Tamil Nadu",Thiruvannamalai,"Chengam(Uzhavar Sandhai )","Amla(Nelli Kai)",Amla,Local,28/07/2026,8000,10000,9000
"Tamil Nadu",Thiruvannamalai,"Tamarainagar(Uzhavar Sandhai )",Groundnut,"Big (With Shell)",Local,28/07/2026,6000,7000,6500
"Tamil Nadu",Thiruvannamalai,"Tamarainagar(Uzhavar Sandhai )",Mango,Safeda,Local,28/07/2026,6000,7000,6500
"Tamil Nadu",Thiruvannamalai,"Tamarainagar(Uzhavar Sandhai )",Brinjal,Round,Local,28/07/2026,6000,7200,6600
"Tamil Nadu",Thiruvannamalai,"Tamarainagar(Uzhavar Sandhai )",Coriander(Leaves),"I Sort",Local,28/07/2026,5000,6000,5500
"Tamil Nadu",Thiruvannamalai,"Tamarainagar(Uzhavar Sandhai )",Pumpkin,Pumpkin,Local,28/07/2026,2000,2500,2250
"Tamil Nadu",Thiruvannamalai,"Tamarainagar(Uzhavar Sandhai )","Green Chilli","Green Chilly",Local,28/07/2026,5000,6000,5500
"Tamil Nadu",Thiruvannamalai,"Tamarainagar(Uzhavar Sandhai )",Beans,"Beans (Whole)",Local,28/07/2026,9000,10000,9500
"Tamil Nadu",Thiruvannamalai,"Tamarainagar(Uzhavar Sandhai )",Snakeguard,Snakeguard,Local,28/07/2026,3000,3500,3250
"Tamil Nadu",Thiruvannamalai,"Tamarainagar(Uzhavar Sandhai )",Thondekai,Thondekai,Local,28/07/2026,3000,3500,3250
"Tamil Nadu",Thiruvannamalai,"Tamarainagar(Uzhavar Sandhai )","Tamarind Fruit","Tamarind Fruit",Local,28/07/2026,10000,12000,11000
"Tamil Nadu",Thiruvannamalai,"Tamarainagar(Uzhavar Sandhai )","Sweet Corn ","Sweet Corn ",Local,28/07/2026,3200,3600,3400
"Tamil Nadu",Thiruvannamalai,"Vandavasi(Uzhavar Sandhai )",Ashgourd,Gouard,Local,28/07/2026,2000,2500,2250
"Tamil Nadu",Thiruvannamalai,"Vandavasi(Uzhavar Sandhai )",Pumpkin,Pumpkin,Local,28/07/2026,2500,3000,2750
"Tamil Nadu",Thiruvannamalai,"Vandavasi(Uzhavar Sandhai )","Bhindi(Ladies Finger)",Bhindi,Local,28/07/2026,3500,4000,3750
"Tamil Nadu",Thiruvannamalai,"Vandavasi(Uzhavar Sandhai )","Green Chilli","Green Chilly",Local,28/07/2026,5000,6000,5500
"Tamil Nadu",Thiruvannamalai,"Vandavasi(Uzhavar Sandhai )",Snakeguard,Snakeguard,Local,28/07/2026,3000,3600,3300
"Tamil Nadu",Thiruvannamalai,"Vandavasi(Uzhavar Sandhai )",Thondekai,Thondekai,Local,28/07/2026,3500,4000,3750
"Tamil Nadu",Thiruvannamalai,"Vandavasi(Uzhavar Sandhai )","Green Avare(W)",Other,Local,28/07/2026,4000,4800,4400
"Tamil Nadu",Thiruvarur,"Muthupettai(Uzhavar Sandhai )",Brinjal,Round,Local,28/07/2026,4000,4000,4000
Punjab,"Ropar (Rupnagar)","Morinda APMC",Papaya,Papaya,Medium,28/07/2026,3200,3200,3200
Punjab,"Ropar (Rupnagar)","Morinda APMC",Garlic,Garlic,Local,28/07/2026,8000,8000,8000
Punjab,"Ropar (Rupnagar)","Morinda APMC",Onion,Onion,Local,28/07/2026,2400,2900,2650
Punjab,"Ropar (Rupnagar)","Morinda APMC","Pea Pod/Pea Cod/हरी मटर",Other,Medium,28/07/2026,10000,10000,10000
Punjab,"Ropar (Rupnagar)","Morinda APMC",Potato,Potato,Local,28/07/2026,500,900,700
Punjab,"Ropar (Rupnagar)","Morinda APMC",Ridgeguard(Tori),Ridgeguard(Tori),Medium,28/07/2026,3000,3000,3000
Bihar,"East Champaran/ Motihari","Raxaul APMC","Bitter gourd","Bitter Gourd","Grade A",28/07/2026,1300,1500,1400
"Tamil Nadu",Villupuram,"Gingee(Uzhavar Sandhai )","Cluster beans","Cluster Beans",Local,28/07/2026,3500,3500,3500
"Tamil Nadu",Villupuram,"Gingee(Uzhavar Sandhai )",Pumpkin,Pumpkin,Local,28/07/2026,2000,2000,2000
"Tamil Nadu",Villupuram,"Gingee(Uzhavar Sandhai )","Bhindi(Ladies Finger)",Bhindi,Local,28/07/2026,3500,3500,3500
"Tamil Nadu",Villupuram,"Gingee(Uzhavar Sandhai )",Amaranthus,Amaranthus,Local,28/07/2026,4000,5000,4500
"Tamil Nadu",Villupuram,"Gingee(Uzhavar Sandhai )",Cabbage,Cabbage,Local,28/07/2026,4000,4000,4000
"Tamil Nadu",Villupuram,"Gingee(Uzhavar Sandhai )","Chow Chow","Chow Chow",Local,28/07/2026,5000,5000,5000
"Tamil Nadu",Villupuram,"Gingee(Uzhavar Sandhai )","Tender Coconut","Tender Coconut",Local,28/07/2026,3500,4000,3750
"Tamil Nadu",Thiruvarur,"Valangaiman APMC","Banana - Green","Banana - Green",Local,28/07/2026,4000,4000,4000
"Tamil Nadu",Thiruvarur,"Valangaiman APMC","Onion Green","Onion Green",Local,28/07/2026,7000,7000,7000
"Tamil Nadu",Thiruvellore,"Tiruthani(Uzhavar Sandhai )",Thondekai,Thondekai,Local,28/07/2026,5000,5000,5000
"Tamil Nadu",Thiruvellore,"Tiruthani(Uzhavar Sandhai )",Mango(Raw-Ripe),"Mango - Raw-Ripe",Local,28/07/2026,2000,2000,2000
"Tamil Nadu",Thiruvellore,"Tiruthani(Uzhavar Sandhai )",Mint(Pudina),Mint(Pudina),Local,28/07/2026,5000,5000,5000
"Andhra Pradesh",Srikakulam,"Palasa APMC",Paddy(Common),Common,FAQ,28/07/2026,2369,2369,2369
"Tamil Nadu",Madurai,"Thirumangalam(Uzhavar Sandhai )",Onion,Bellary,Local,28/07/2026,3800,4000,3900
"Tamil Nadu",Madurai,"Thirumangalam(Uzhavar Sandhai )",Brinjal,Round,Local,28/07/2026,5000,5500,5250
"Tamil Nadu",Madurai,"Thirumangalam(Uzhavar Sandhai )","Bitter gourd","Bitter Gourd",Local,28/07/2026,5500,6000,5750
"Tamil Nadu",Madurai,"Thirumangalam(Uzhavar Sandhai )","Bhindi(Ladies Finger)",Bhindi,Local,28/07/2026,4200,4900,4550
"Tamil Nadu",Madurai,"Thirumangalam(Uzhavar Sandhai )",Snakeguard,Snakeguard,Local,28/07/2026,3500,4000,3750
"Madhya Pradesh",Chhatarpur,"Bijawar APMC",Wheat,"Mill Quality",Non-FAQ,28/07/2026,2350,2375,2375
"Tamil Nadu",Madurai,"Melur(Uzhavar Sandhai )","Green Chilli","Green Chilly",Local,28/07/2026,4500,5500,5000
"Tamil Nadu",Madurai,"Melur(Uzhavar Sandhai )","Banana - Green","Banana - Green",Local,28/07/2026,2000,2200,2100
"Tamil Nadu",Madurai,"Melur(Uzhavar Sandhai )",Tapioca,Tapioca,Local,28/07/2026,3000,4000,3500
"Tamil Nadu",Madurai,"Melur(Uzhavar Sandhai )",Raddish,Raddish,Local,28/07/2026,3000,3500,3250
"Tamil Nadu",Madurai,"Melur(Uzhavar Sandhai )","Green Avare(W)","Green Avare (W)",Local,28/07/2026,8500,9500,9000
"Tamil Nadu",Madurai,"Melur(Uzhavar Sandhai )",Colacasia,Colacasia,Local,28/07/2026,4000,5000,4500
"Tamil Nadu",Salem,"Vazhapadi(Uzhavar Sandhai)",Coriander(Leaves),"I Sort",Local,28/07/2026,5000,6000,5500
"Tamil Nadu",Salem,"Vazhapadi(Uzhavar Sandhai)",Tomato,Deshi,Local,28/07/2026,1400,1800,1600
"Tamil Nadu",Salem,"Vazhapadi(Uzhavar Sandhai)","Green Chilli","Green Chilly",Local,28/07/2026,5000,5500,5250
"Tamil Nadu",Salem,"Vazhapadi(Uzhavar Sandhai)",Carrot,Pusakesar,Local,28/07/2026,7000,8000,7500
"Tamil Nadu",Salem,"Vazhapadi(Uzhavar Sandhai)","Green Avare(W)","Green Avare (W)",Local,28/07/2026,8000,8600,8300
"Tamil Nadu",Karur,"Gandhigramam(Uzhavar Sandhai)",Papaya,Papaya,Local,28/07/2026,3000,3500,3250
"Tamil Nadu",Karur,"Gandhigramam(Uzhavar Sandhai)",Potato,Other,Local,28/07/2026,4000,6500,5250
"Tamil Nadu",Karur,"Gandhigramam(Uzhavar Sandhai)",Amaranthus,Amaranthus,Local,28/07/2026,2000,2500,2250
"Tamil Nadu",Karur,"Gandhigramam(Uzhavar Sandhai)",Tapioca,Tapioca,Local,28/07/2026,3000,3500,3250
"Tamil Nadu",Karur,"Gandhigramam(Uzhavar Sandhai)",Cabbage,Cabbage,Local,28/07/2026,5500,6000,5750
"Tamil Nadu",Karur,"Gandhigramam(Uzhavar Sandhai)","Amla(Nelli Kai)",Amla,Local,28/07/2026,7000,8000,7500
"Tamil Nadu",Pudukkottai,"Aranthangi(Uzhavar Sandhai )",Papaya,Papaya,Local,28/07/2026,2500,3000,2750
"Tamil Nadu",Pudukkottai,"Aranthangi(Uzhavar Sandhai )","Bitter gourd","Bitter Gourd",Local,28/07/2026,7500,8000,7750
"Tamil Nadu",Pudukkottai,"Aranthangi(Uzhavar Sandhai )","Bottle gourd","Bottle Gourd",Local,28/07/2026,2000,2500,2250
"Tamil Nadu",Pudukkottai,"Aranthangi(Uzhavar Sandhai )",Ashgourd,Gouard,Local,28/07/2026,1000,1500,1250
"Tamil Nadu",Pudukkottai,"Aranthangi(Uzhavar Sandhai )",Amaranthus,Amaranthus,Local,28/07/2026,1500,2000,1750
"Tamil Nadu",Pudukkottai,"Aranthangi(Uzhavar Sandhai )",Drumstick,Drumstick,Local,28/07/2026,4500,5000,4750
"Tamil Nadu",Coimbatore,"Sulur(Uzhavar Sandhai )",Papaya,Papaya,Local,28/07/2026,3600,4200,3900
"Tamil Nadu",Coimbatore,"Sulur(Uzhavar Sandhai )",Banana,Besrai,Local,28/07/2026,4200,7800,6000
"Tamil Nadu",Coimbatore,"Sulur(Uzhavar Sandhai )",Potato,"Red Nanital",Local,28/07/2026,5400,6600,6000
"Tamil Nadu",Coimbatore,"Sulur(Uzhavar Sandhai )",Cauliflower,Ranchi,Local,28/07/2026,4000,4500,4250
"Tamil Nadu",Coimbatore,"Sulur(Uzhavar Sandhai )",Beetroot,Beetroot,Local,28/07/2026,5000,8300,6650
"Tamil Nadu",Coimbatore,"Sulur(Uzhavar Sandhai )","Elephant Yam(Suran)/Amorphophallus","Elephant Yam (Suran)",Local,28/07/2026,3600,4000,3800
"Tamil Nadu",Coimbatore,"Sulur(Uzhavar Sandhai )",Lemon,Lemon,Local,28/07/2026,7000,8000,7500
"Tamil Nadu",Cuddalore,"Panruti(Uzhavar Sandhai )",Banana,Besrai,Local,28/07/2026,4000,7000,5500
"Tamil Nadu",Cuddalore,"Panruti(Uzhavar Sandhai )",Brinjal,Round,Local,28/07/2026,5000,6000,5500
"Tamil Nadu",Cuddalore,"Panruti(Uzhavar Sandhai )","Banana - Green","Banana - Green",Local,28/07/2026,2500,2500,2500
"Tamil Nadu",Cuddalore,"Panruti(Uzhavar Sandhai )",Snakeguard,Snakeguard,Local,28/07/2026,3000,3000,3000
"Tamil Nadu",Cuddalore,"Panruti(Uzhavar Sandhai )","Jack Fruit(Ripe)","Jack Fruit",Local,28/07/2026,6000,7000,6500
"Tamil Nadu",Cuddalore,"Vadalur(Uzhavar Sandhai )",Garlic,Garlic,Local,28/07/2026,20000,24000,22000
"Tamil Nadu",Cuddalore,"Vadalur(Uzhavar Sandhai )","Bhindi(Ladies Finger)",Bhindi,Local,28/07/2026,3000,3000,3000
"Tamil Nadu",Cuddalore,"Vadalur(Uzhavar Sandhai )","Banana - Green","Banana - Green",Local,28/07/2026,3000,3000,3000
"Tamil Nadu",Cuddalore,"Vadalur(Uzhavar Sandhai )",Ginger(Green),"Green Ginger",Local,28/07/2026,10000,12000,11000
"Tamil Nadu",Cuddalore,"Vadalur(Uzhavar Sandhai )",Coconut,Coconut,Local,28/07/2026,5000,5000,5000
"Tamil Nadu",Dharmapuri,"AJattihalli(Uzhavar Sandhai )",Papaya,Papaya,Local,28/07/2026,3000,3500,3250
"Tamil Nadu",Dharmapuri,"AJattihalli(Uzhavar Sandhai )",Onion,Bellary,Local,28/07/2026,3000,3800,3400
"Tamil Nadu",Dharmapuri,"AJattihalli(Uzhavar Sandhai )","Green Avare(W)",Other,Local,28/07/2026,5500,5500,5500
"Tamil Nadu",Dharmapuri,"AJattihalli(Uzhavar Sandhai )",Colacasia,Colacasia,Local,28/07/2026,6600,6600,6600
"Tamil Nadu",Dharmapuri,"AJattihalli(Uzhavar Sandhai )","Custard Apple(Sharifa)","Custard Apple(Sharifa)",Local,28/07/2026,5000,5000,5000
Keralam,Thiruvananthapuram,"Vengannore  VFPCK Market",Banana,"Nendra Bale","Grade A",28/07/2026,6200,6700,6500
"Tamil Nadu",Nagapattinam,"Vedaranyam(Uzhavar Sandhai)","Bottle gourd","Bottle Gourd",Local,28/07/2026,2800,3000,2900
"Tamil Nadu",Nagapattinam,"Vedaranyam(Uzhavar Sandhai)",Coconut,Coconut,Local,28/07/2026,4500,4800,4650
"Tamil Nadu",Nagapattinam,"Vedaranyam(Uzhavar Sandhai)",Snakeguard,Snakeguard,Local,28/07/2026,3800,4000,3900
"Tamil Nadu",Nagapattinam,"Vedaranyam(Uzhavar Sandhai)","Green Avare(W)","Green Avare (W)",Local,28/07/2026,6600,6800,6700
"Tamil Nadu",Nagapattinam,"Vedaranyam(Uzhavar Sandhai)","Onion Green","Onion Green",Local,28/07/2026,3800,4000,3900
"Tamil Nadu",Vellore,"Perampet(Uzhavar Sandhai)",Groundnut,"Big (With Shell)",Local,28/07/2026,7000,7600,7300
"Tamil Nadu",Vellore,"Perampet(Uzhavar Sandhai)",Onion,Bellary,Local,28/07/2026,3000,3500,3250
"Tamil Nadu",Vellore,"Perampet(Uzhavar Sandhai)",Brinjal,Other,Local,28/07/2026,5000,6000,5500
"Tamil Nadu",Vellore,"Perampet(Uzhavar Sandhai)","Bhindi(Ladies Finger)",Bhindi,Local,28/07/2026,3000,3000,3000
"Tamil Nadu",Vellore,"Perampet(Uzhavar Sandhai)",Carrot,Pusakesar,Local,28/07/2026,7000,7600,7300
"Tamil Nadu",Vellore,"Perampet(Uzhavar Sandhai)",Cucumbar(Kheera),Cucumbar,Local,28/07/2026,3000,3000,3000
"Tamil Nadu",Vellore,"Perampet(Uzhavar Sandhai)",Ridgeguard(Tori),Ridgeguard(Tori),Local,28/07/2026,3500,4000,3750
"Tamil Nadu",Vellore,"Perampet(Uzhavar Sandhai)",Raddish,Raddish,Local,28/07/2026,3000,3000,3000
"Tamil Nadu",Vellore,"Perampet(Uzhavar Sandhai)",Drumstick,Drumstick,Local,28/07/2026,5600,5600,5600
"Andhra Pradesh","Alluri Sitharama Raju","Araku Valley APMC",Millets,Millets,FAQ,28/07/2026,2950,2950,2950
Telangana,Siddipet,"Bejjenki APMC",Maize,Local,FAQ,28/07/2026,2250,2250,2250
Maharashtra,Pune,"Pune(Pimpri) APMC",Tomato,Local,Local,28/07/2026,2000,2000,2000
"Madhya Pradesh",Badwani,"Sendhwa(F&V) APMC","Bhindi(Ladies Finger)",Bhindi,Local,28/07/2026,1000,1400,1100
"Madhya Pradesh",Badwani,"Sendhwa(F&V) APMC","Green Chilli","Green Chilly",Medium,28/07/2026,1000,1400,1200
"Tamil Nadu",Karur,"Kulithalai(Uzhavar Sandhai )",Papaya,Papaya,Local,28/07/2026,2500,3000,2750
"Tamil Nadu",Karur,"Kulithalai(Uzhavar Sandhai )",Banana,Other,Local,28/07/2026,5500,6000,5750
"Tamil Nadu",Karur,"Kulithalai(Uzhavar Sandhai )",Cauliflower,Ranchi,Local,28/07/2026,4000,4500,4250
"Tamil Nadu",Karur,"Kulithalai(Uzhavar Sandhai )",Coriander(Leaves),"I Sort",Local,28/07/2026,6300,6800,6550
"Tamil Nadu",Karur,"Kulithalai(Uzhavar Sandhai )","Bottle gourd","Bottle Gourd",Local,28/07/2026,1500,2000,1750
"Tamil Nadu",Karur,"Kulithalai(Uzhavar Sandhai )",Ashgourd,Gouard,Local,28/07/2026,2500,3000,2750
"Tamil Nadu",Karur,"Kulithalai(Uzhavar Sandhai )","Bhindi(Ladies Finger)",Bhindi,Local,28/07/2026,3600,4000,3800
"Tamil Nadu",Karur,"Kulithalai(Uzhavar Sandhai )",Cabbage,Cabbage,Local,28/07/2026,4400,5000,4700
"Tamil Nadu",Karur,"Kulithalai(Uzhavar Sandhai )",Ridgeguard(Tori),Ridgeguard(Tori),Local,28/07/2026,5000,5600,5300
"Tamil Nadu",Karur,"Pallapatti (Uzhavar Sandhai )",Banana,Other,Local,28/07/2026,5500,6000,5750
"Tamil Nadu",Karur,"Pallapatti (Uzhavar Sandhai )",Coriander(Leaves),"I Sort",Local,28/07/2026,6500,7000,6750
"Tamil Nadu",Karur,"Pallapatti (Uzhavar Sandhai )","Sweet Potato","Hosur Red",Local,28/07/2026,3800,4000,3900
"Tamil Nadu",Karur,"Pallapatti (Uzhavar Sandhai )",Mango(Raw-Ripe),"Mango - Raw-Ripe",Local,28/07/2026,3500,4000,3750
"Tamil Nadu",Karur,"Pallapatti (Uzhavar Sandhai )",Mint(Pudina),Mint(Pudina),Local,28/07/2026,4500,5000,4750
"Tamil Nadu",Karur,"Pallapatti (Uzhavar Sandhai )","Baby Corn","Baby Corn","Grade A",28/07/2026,3600,4000,3800
"Andhra Pradesh",Krishna,"Ghantsala (HQ-Kodali) APMC",Paddy(Common),1001,Local,28/07/2026,2200,2400,2300
"Tamil Nadu",Karur,"Velayuthampalayam(Uzhavar Sandhai )",Brinjal,Other,Local,28/07/2026,4400,5000,4700
"Tamil Nadu",Karur,"Velayuthampalayam(Uzhavar Sandhai )",Tomato,Other,Local,28/07/2026,1500,2000,1750
"Tamil Nadu",Karur,"Velayuthampalayam(Uzhavar Sandhai )","Bottle gourd","Bottle Gourd",Local,28/07/2026,2000,2500,2250
"Tamil Nadu",Karur,"Velayuthampalayam(Uzhavar Sandhai )",Coconut,Coconut,Local,28/07/2026,5200,6000,5600
"Tamil Nadu",Karur,"Velayuthampalayam(Uzhavar Sandhai )","Onion Green","Onion Green",Local,28/07/2026,5800,6500,6150
"Tamil Nadu",Karur,"Velayuthampalayam(Uzhavar Sandhai )",Mint(Pudina),Mint(Pudina),Local,28/07/2026,6000,7000,6500
"Tamil Nadu",Karur,"Vengamedu(Uzhavar Sandhai )",Banana,"Red Banana",Local,28/07/2026,5000,6000,5500
"Tamil Nadu",Karur,"Vengamedu(Uzhavar Sandhai )",Snakeguard,Snakeguard,Local,28/07/2026,3500,4000,3750
"Tamil Nadu",Karur,"Vengamedu(Uzhavar Sandhai )",Mango(Raw-Ripe),"Mango - Raw-Ripe",Local,28/07/2026,3500,4000,3750
"Tamil Nadu",Karur,"Vengamedu(Uzhavar Sandhai )","Onion Green","Onion Green",Local,28/07/2026,6000,6500,6250
"Tamil Nadu",Karur,"Vengamedu(Uzhavar Sandhai )",Mint(Pudina),Mint(Pudina),Local,28/07/2026,6500,7000,6750
"Tamil Nadu",Theni,"Devaram(Uzhavar Sandhai )",Papaya,Papaya,Local,28/07/2026,2500,3000,2750
"Tamil Nadu",Theni,"Devaram(Uzhavar Sandhai )",Onion,Bellary,Local,28/07/2026,3600,3800,3700
"Tamil Nadu",Theni,"Devaram(Uzhavar Sandhai )",Tomato,Deshi,Local,28/07/2026,2000,2000,2000
"Tamil Nadu",Theni,"Devaram(Uzhavar Sandhai )","Bottle gourd","Bottle Gourd",Local,28/07/2026,1200,1500,1350
"Tamil Nadu",Theni,"Devaram(Uzhavar Sandhai )","Bhindi(Ladies Finger)",Bhindi,Local,28/07/2026,4000,4000,4000
"Tamil Nadu",Theni,"Devaram(Uzhavar Sandhai )",Snakeguard,Snakeguard,Local,28/07/2026,3000,3000,3000
"Tamil Nadu",Theni,"Devaram(Uzhavar Sandhai )",Beetroot,Beetroot,Local,28/07/2026,4000,4500,4250
"Tamil Nadu",Theni,"Devaram(Uzhavar Sandhai )",Ridgeguard(Tori),Ridgeguard(Tori),Local,28/07/2026,4600,4600,4600
"Tamil Nadu",Salem,"Attayampatti(Uzhavar Sandhai )",Tomato,Deshi,Local,28/07/2026,1500,2000,1750
"Tamil Nadu",Salem,"Attayampatti(Uzhavar Sandhai )",Ashgourd,Gouard,Local,28/07/2026,2400,2400,2400
"Tamil Nadu",Salem,"Attayampatti(Uzhavar Sandhai )",Cucumbar(Kheera),Cucumbar,Local,28/07/2026,5000,6000,5500
"Tamil Nadu",Salem,"Attayampatti(Uzhavar Sandhai )",Ridgeguard(Tori),Ridgeguard(Tori),Local,28/07/2026,4000,4500,4250
"Tamil Nadu",Salem,"Attayampatti(Uzhavar Sandhai )",Drumstick,Drumstick,Local,28/07/2026,5000,5500,5250
"Tamil Nadu",Salem,"Attayampatti(Uzhavar Sandhai )",Mango(Raw-Ripe),"Mango - Raw-Ripe",Local,28/07/2026,2500,2500,2500
"Tamil Nadu",Salem,"Attayampatti(Uzhavar Sandhai )",Guava,"Guava Allahabad",Local,28/07/2026,5000,6000,5500
"Tamil Nadu",Salem,"Attayampatti(Uzhavar Sandhai )","Elephant Yam(Suran)/Amorphophallus","Elephant Yam (Suran)",Local,28/07/2026,4000,5000,4500
"Tamil Nadu",Salem,"Attayampatti(Uzhavar Sandhai )",Mint(Pudina),Mint(Pudina),Local,28/07/2026,4000,4000,4000
"Tamil Nadu",Sivaganga,"Sivagangai (Uzhavar Sandhai )",Papaya,Papaya,Local,28/07/2026,4200,4600,4400
"Tamil Nadu",Sivaganga,"Sivagangai (Uzhavar Sandhai )",Banana,Poovan,Local,28/07/2026,4000,4000,4000
"Tamil Nadu",Sivaganga,"Sivagangai (Uzhavar Sandhai )",Cauliflower,Ranchi,Local,28/07/2026,2600,3000,2800
"Tamil Nadu",Sivaganga,"Sivagangai (Uzhavar Sandhai )",Coriander(Leaves),"I Sort",Local,28/07/2026,5200,5600,5400
"Tamil Nadu",Sivaganga,"Sivagangai (Uzhavar Sandhai )","Bhindi(Ladies Finger)",Bhindi,Local,28/07/2026,4200,4800,4500
"Tamil Nadu",Sivaganga,"Sivagangai (Uzhavar Sandhai )",Amaranthus,Amaranthus,Local,28/07/2026,3000,4000,3500
"Tamil Nadu",Sivaganga,"Sivagangai (Uzhavar Sandhai )","Green Chilli","Green Chilly",Local,28/07/2026,4200,4600,4400
"Tamil Nadu",Sivaganga,"Sivagangai (Uzhavar Sandhai )","Banana - Green","Banana - Green",Local,28/07/2026,3000,3000,3000
"Tamil Nadu",Sivaganga,"Sivagangai (Uzhavar Sandhai )",Coconut,Coconut,Local,28/07/2026,6000,6200,6100
"Tamil Nadu",Sivaganga,"Sivagangai (Uzhavar Sandhai )",Ridgeguard(Tori),Ridgeguard(Tori),Local,28/07/2026,4200,6600,5400
"Tamil Nadu",Sivaganga,"Sivagangai (Uzhavar Sandhai )",Guava,"Guava Allahabad",Local,28/07/2026,7200,8200,7700
"Tamil Nadu",Sivaganga,"Devakottai (Uzhavar Sandhai )",Pumpkin,Pumpkin,Local,28/07/2026,2200,2600,2400
"Tamil Nadu",Sivaganga,"Devakottai (Uzhavar Sandhai )","Bhindi(Ladies Finger)",Bhindi,Local,28/07/2026,4500,5000,4750
"Tamil Nadu",Sivaganga,"Devakottai (Uzhavar Sandhai )",Carrot,Pusakesar,Local,28/07/2026,6500,9200,7850
"Tamil Nadu",Sivaganga,"Devakottai (Uzhavar Sandhai )",Snakeguard,Snakeguard,Local,28/07/2026,3800,4200,4000
"Tamil Nadu",Sivaganga,"Devakottai (Uzhavar Sandhai )",Drumstick,Drumstick,Local,28/07/2026,6400,7200,6800
"Tamil Nadu",Sivaganga,"Devakottai (Uzhavar Sandhai )",Yam(Ratalu),"Yam (Ratalu)",Local,28/07/2026,7200,8400,7800
"Tamil Nadu",Sivaganga,"Devakottai (Uzhavar Sandhai )",Lemon,Lemon,Local,28/07/2026,6200,7400,6800
"Tamil Nadu",Salem,"Edapadi (Uzhavar Sandhai )",Banana,"Red Banana",Local,28/07/2026,6500,7000,6750
"Tamil Nadu",Salem,"Edapadi (Uzhavar Sandhai )",Onion,Bellary,Local,28/07/2026,3500,4000,3750
"Tamil Nadu",Salem,"Edapadi (Uzhavar Sandhai )",Tomato,Other,Local,28/07/2026,1500,2000,1750
"Tamil Nadu",Salem,"Edapadi (Uzhavar Sandhai )",Amaranthus,Amaranthus,Local,28/07/2026,2200,2600,2400
"Tamil Nadu",Salem,"Edapadi (Uzhavar Sandhai )","Green Chilli","Green Chilly",Local,28/07/2026,4200,4600,4400
"Tamil Nadu",Salem,"Edapadi (Uzhavar Sandhai )",Cabbage,Cabbage,Local,28/07/2026,3000,3500,3250
"Tamil Nadu",Salem,"Edapadi (Uzhavar Sandhai )","Chow Chow","Chow Chow",Local,28/07/2026,3200,3600,3400
"Tamil Nadu",Salem,"Elampillai(Uzhavar Sandhai )",Papaya,Papaya,Local,28/07/2026,2500,3000,2750
"Tamil Nadu",Salem,"Elampillai(Uzhavar Sandhai )",Groundnut,"Big (With Shell)",Local,28/07/2026,6000,7000,6500
"Tamil Nadu",Salem,"Elampillai(Uzhavar Sandhai )","Bottle gourd","Bottle Gourd",Local,28/07/2026,2000,2400,2200
"Tamil Nadu",Salem,"Elampillai(Uzhavar Sandhai )","Bhindi(Ladies Finger)",Bhindi,Local,28/07/2026,3000,3500,3250
"Tamil Nadu",Salem,"Elampillai(Uzhavar Sandhai )","Green Chilli","Green Chilly",Local,28/07/2026,4000,4500,4250
"Tamil Nadu",Salem,"Elampillai(Uzhavar Sandhai )",Tapioca,Tapioca,Local,28/07/2026,2500,3000,2750
"Tamil Nadu",Salem,"Elampillai(Uzhavar Sandhai )",Carrot,Pusakesar,Local,28/07/2026,9000,9500,9250
"Tamil Nadu",Salem,"Elampillai(Uzhavar Sandhai )","Onion Green","Onion Green",Local,28/07/2026,4000,5000,4500
"Tamil Nadu",Salem,"Hasthampatti(Uzhavar Sandhai )",Groundnut,"Big (With Shell)",Local,28/07/2026,7000,7500,7250
"Tamil Nadu",Salem,"Hasthampatti(Uzhavar Sandhai )",Apple,American,Local,28/07/2026,22000,23000,22500
"Tamil Nadu",Salem,"Hasthampatti(Uzhavar Sandhai )",Coriander(Leaves),"I Sort",Local,28/07/2026,2000,2400,2200
"Tamil Nadu",Salem,"Hasthampatti(Uzhavar Sandhai )","Bitter gourd",Other,Local,28/07/2026,5000,5500,5250
"Tamil Nadu",Salem,"Hasthampatti(Uzhavar Sandhai )","Green Chilli","Green Chilly",Local,28/07/2026,4200,4400,4300
"Tamil Nadu",Salem,"Hasthampatti(Uzhavar Sandhai )",Coconut,Coconut,Local,28/07/2026,5000,5500,5250
"Tamil Nadu",Salem,"Hasthampatti(Uzhavar Sandhai )",Cabbage,Cabbage,Local,28/07/2026,3500,4000,3750
"Tamil Nadu",Salem,"Hasthampatti(Uzhavar Sandhai )",Snakeguard,Snakeguard,Local,28/07/2026,4000,4200,4100
"Tamil Nadu",Salem,"Hasthampatti(Uzhavar Sandhai )",Capsicum,Capsicum,Local,28/07/2026,7000,7500,7250
"Tamil Nadu",Salem,"Hasthampatti(Uzhavar Sandhai )","Custard Apple(Sharifa)","Custard Apple(Sharifa)",Local,28/07/2026,3500,4000,3750
"Tamil Nadu",Salem,"Hasthampatti(Uzhavar Sandhai )",Mint(Pudina),Mint(Pudina),Local,28/07/2026,4000,4500,4250
"Tamil Nadu",Salem,"Jalagandapuram(Uzhavar Sandhai )",Chikoos(Sapota),Sapota,Local,28/07/2026,4000,4500,4250
"Tamil Nadu",Salem,"Jalagandapuram(Uzhavar Sandhai )","Cluster beans","Cluster Beans",Local,28/07/2026,3000,3400,3200
"Tamil Nadu",Salem,"Jalagandapuram(Uzhavar Sandhai )",Pumpkin,Pumpkin,Local,28/07/2026,2000,2400,2200
"Tamil Nadu",Salem,"Jalagandapuram(Uzhavar Sandhai )","Banana - Green","Banana - Green",Local,28/07/2026,2000,2400,2200
"Tamil Nadu",Salem,"Jalagandapuram(Uzhavar Sandhai )","Onion Green","Onion Green",Local,28/07/2026,4500,5000,4750
"Tamil Nadu",Sivaganga,"Singampunari(Uzhavar Sandhai )",Mango,Other,Local,28/07/2026,3600,4200,3900
"Tamil Nadu",Sivaganga,"Singampunari(Uzhavar Sandhai )","Cluster beans","Cluster Beans",Local,28/07/2026,3200,3800,3500
"Tamil Nadu",Sivaganga,"Singampunari(Uzhavar Sandhai )",Ginger(Green),"Green Ginger",Local,28/07/2026,15000,22000,18500
"Tamil Nadu",Sivaganga,"Singampunari(Uzhavar Sandhai )",Raddish,Raddish,Local,28/07/2026,3200,3600,3400
"Tamil Nadu",Sivaganga,"Singampunari(Uzhavar Sandhai )","Chow Chow","Chow Chow",Local,28/07/2026,3200,3600,3400
"Tamil Nadu",Sivaganga,"Singampunari(Uzhavar Sandhai )","Onion Green","Onion Green",Local,28/07/2026,5600,6200,5900
"Tamil Nadu",Sivaganga,"Karaikudi(Uzhavar Sandhai )",Papaya,Papaya,Local,28/07/2026,4500,4800,4650
"Tamil Nadu",Sivaganga,"Karaikudi(Uzhavar Sandhai )",Coriander(Leaves),"I Sort",Local,28/07/2026,5500,6000,5750
"Tamil Nadu",Sivaganga,"Karaikudi(Uzhavar Sandhai )",Ashgourd,Gouard,Local,28/07/2026,2800,3000,2900
"Tamil Nadu",Sivaganga,"Karaikudi(Uzhavar Sandhai )","Knool Khol","Knool Khol",Local,28/07/2026,6000,7000,6500
"Tamil Nadu",Thanjavur,"Pattukottai(Uzhavar Sandhai )",Coriander(Leaves),"I Sort",Local,28/07/2026,4200,4200,4200
"Tamil Nadu",Thanjavur,"Pattukottai(Uzhavar Sandhai )","Cluster beans","Cluster Beans",Local,28/07/2026,4000,4000,4000
"Tamil Nadu",Thanjavur,"Pattukottai(Uzhavar Sandhai )",Snakeguard,Snakeguard,Local,28/07/2026,4800,4800,4800
"Tamil Nadu",Thanjavur,"Pattukottai(Uzhavar Sandhai )",Beetroot,Beetroot,Local,28/07/2026,5800,5800,5800
"Tamil Nadu",Thanjavur,"Pattukottai(Uzhavar Sandhai )",Capsicum,Capsicum,Local,28/07/2026,6000,6000,6000
"Tamil Nadu",Thanjavur,"Pattukottai(Uzhavar Sandhai )","Onion Green","Onion Green",Local,28/07/2026,6000,6000,6000
"Tamil Nadu",Thiruchirappalli,"KKNagar(Uzhavar Sandhai )","Mousambi(Sweet Lime)",Mousambi,Local,28/07/2026,9000,9000,9000
"Tamil Nadu",Thiruchirappalli,"KKNagar(Uzhavar Sandhai )",Potato,Other,Local,28/07/2026,3000,3000,3000
"Tamil Nadu",Thiruchirappalli,"KKNagar(Uzhavar Sandhai )",Coriander(Leaves),"I Sort",Local,28/07/2026,4000,4000,4000
"Tamil Nadu",Thiruchirappalli,"KKNagar(Uzhavar Sandhai )","Cluster beans","Cluster Beans",Local,28/07/2026,4600,4600,4600
"Tamil Nadu",Thiruchirappalli,"KKNagar(Uzhavar Sandhai )",Cabbage,Cabbage,Local,28/07/2026,4400,4400,4400
"Tamil Nadu",Thiruchirappalli,"KKNagar(Uzhavar Sandhai )",Snakeguard,Snakeguard,Local,28/07/2026,4600,4600,4600
"Tamil Nadu",Thiruchirappalli,"KKNagar(Uzhavar Sandhai )","Tender Coconut","Tender Coconut",Local,28/07/2026,5000,5000,5000
"Tamil Nadu",Thiruchirappalli,"KKNagar(Uzhavar Sandhai )","Indian Beans(Seam)","Indian Beans (Seam)",Local,28/07/2026,7000,7000,7000
"Tamil Nadu",Thiruchirappalli,"Lalgudi(Uzhavar Sandhai )",Amaranthus,Amaranthus,Local,28/07/2026,1500,1500,1500
"Tamil Nadu",Thiruchirappalli,"Lalgudi(Uzhavar Sandhai )","Sweet Potato","Hosur Red",Local,28/07/2026,5000,5000,5000
"Tamil Nadu",Thiruchirappalli,"Lalgudi(Uzhavar Sandhai )",Cabbage,Cabbage,Local,28/07/2026,4600,4600,4600
"Tamil Nadu",Thiruchirappalli,"Lalgudi(Uzhavar Sandhai )",Ridgeguard(Tori),Ridgeguard(Tori),Local,28/07/2026,6000,6000,6000
"Tamil Nadu",Thiruchirappalli,"Lalgudi(Uzhavar Sandhai )","Indian Beans(Seam)","Indian Beans (Seam)",Local,28/07/2026,7000,7000,7000
"Tamil Nadu",Thiruchirappalli,"Manachanallur(Uzhavar Sandhai )",Onion,Bellary,Local,28/07/2026,3500,4000,3750
"Tamil Nadu",Thiruchirappalli,"Manachanallur(Uzhavar Sandhai )",Coriander(Leaves),"I Sort",Local,28/07/2026,4000,4000,4000
"Tamil Nadu",Thiruchirappalli,"Manachanallur(Uzhavar Sandhai )",Tomato,Other,Local,28/07/2026,2400,2400,2400
"Tamil Nadu",Thiruchirappalli,"Manachanallur(Uzhavar Sandhai )","Cluster beans","Cluster Beans",Local,28/07/2026,3800,4400,4100
"Tamil Nadu",Thiruchirappalli,"Manachanallur(Uzhavar Sandhai )",Ashgourd,Gouard,Local,28/07/2026,2000,2400,2200
"Tamil Nadu",Thiruchirappalli,"Manachanallur(Uzhavar Sandhai )",Cowpea(Veg),"Cowpea (Veg)",Local,28/07/2026,4500,4500,4500
"Tamil Nadu",Thiruchirappalli,"Manachanallur(Uzhavar Sandhai )",Cabbage,Cabbage,Local,28/07/2026,4000,4500,4250
"Tamil Nadu",Thiruchirappalli,"Manachanallur(Uzhavar Sandhai )","Chow Chow","Chow Chow",Local,28/07/2026,3500,4000,3750
"Tamil Nadu",Thiruchirappalli,"Manapparai(Uzhavar Sandhai )",Papaya,Papaya,Local,28/07/2026,4000,4000,4000
"Tamil Nadu",Thiruchirappalli,"Manapparai(Uzhavar Sandhai )",Potato,Other,Local,28/07/2026,3000,3000,3000
"Tamil Nadu",Thiruchirappalli,"Manapparai(Uzhavar Sandhai )",Garlic,Garlic,Local,28/07/2026,20000,20000,20000
"Tamil Nadu",Thiruchirappalli,"Manapparai(Uzhavar Sandhai )",Brinjal,Other,Local,28/07/2026,4000,4000,4000
"Tamil Nadu",Thiruchirappalli,"Manapparai(Uzhavar Sandhai )",Amaranthus,Amaranthus,Local,28/07/2026,2000,2000,2000
"Tamil Nadu",Thiruchirappalli,"Manapparai(Uzhavar Sandhai )",Beans,"Beans (Whole)",Local,28/07/2026,10000,10000,10000
"Tamil Nadu",Thiruchirappalli,"Manapparai(Uzhavar Sandhai )","Green Avare(W)",Other,Local,28/07/2026,7000,7000,7000
"Tamil Nadu",Thiruchirappalli,"Manapparai(Uzhavar Sandhai )","Chow Chow","Chow Chow",Local,28/07/2026,4200,4200,4200
"Tamil Nadu",Thiruchirappalli,"Manapparai(Uzhavar Sandhai )","Knool Khol","Knool Khol",Local,28/07/2026,4200,4200,4200
"Tamil Nadu",Thiruchirappalli,"Musiri(Uzhavar Sandhai )",Onion,Bellary,Local,28/07/2026,4000,4500,4250
"Tamil Nadu",Thiruchirappalli,"Musiri(Uzhavar Sandhai )",Coriander(Leaves),"I Sort",Local,28/07/2026,3500,4000,3750
"Tamil Nadu",Thiruchirappalli,"Musiri(Uzhavar Sandhai )","Bottle gourd","Bottle Gourd",Local,28/07/2026,2000,2500,2250
"Tamil Nadu",Thiruchirappalli,"Musiri(Uzhavar Sandhai )","Bhindi(Ladies Finger)",Bhindi,Local,28/07/2026,3500,4000,3750
"Tamil Nadu",Thiruchirappalli,"Musiri(Uzhavar Sandhai )",Beans,"Beans (Whole)",Local,28/07/2026,9000,10000,9500
"Tamil Nadu",Thiruchirappalli,"Musiri(Uzhavar Sandhai )",Beetroot,Beetroot,Local,28/07/2026,5000,5500,5250
"Tamil Nadu",Thiruchirappalli,"Musiri(Uzhavar Sandhai )",Ridgeguard(Tori),Ridgeguard(Tori),Local,28/07/2026,5000,6000,5500
"Tamil Nadu",Thiruchirappalli,"Musiri(Uzhavar Sandhai )",Raddish,Raddish,Local,28/07/2026,3000,3600,3300
"Tamil Nadu",Thiruchirappalli,"Musiri(Uzhavar Sandhai )",Drumstick,Drumstick,Local,28/07/2026,4500,5000,4750
"Tamil Nadu",Thiruchirappalli,"Musiri(Uzhavar Sandhai )","Elephant Yam(Suran)/Amorphophallus","Elephant Yam (Suran)",Local,28/07/2026,4000,4600,4300
"Tamil Nadu",Thiruchirappalli,"Musiri(Uzhavar Sandhai )",Lemon,Lemon,Local,28/07/2026,5000,6000,5500
"Tamil Nadu",Thiruchirappalli,"Thiruverumbur(Uzhavar Sandhai )",Banana,Karpura,Local,28/07/2026,4000,4000,4000
"Tamil Nadu",Thiruchirappalli,"Thiruverumbur(Uzhavar Sandhai )",Onion,Bellary,Local,28/07/2026,3000,4200,3600
"Tamil Nadu",Thiruchirappalli,"Thiruverumbur(Uzhavar Sandhai )",Cauliflower,Ranchi,Local,28/07/2026,4000,5000,4500
"Tamil Nadu",Thiruchirappalli,"Thiruverumbur(Uzhavar Sandhai )",Brinjal,Other,Local,28/07/2026,7000,7000,7000
"Tamil Nadu",Thiruchirappalli,"Thiruverumbur(Uzhavar Sandhai )","Bottle gourd","Bottle Gourd",Local,28/07/2026,3000,3000,3000
"Tamil Nadu",Thiruchirappalli,"Thiruverumbur(Uzhavar Sandhai )",Ashgourd,Gouard,Local,28/07/2026,2400,2400,2400
"Tamil Nadu",Thiruchirappalli,"Thiruverumbur(Uzhavar Sandhai )",Pumpkin,Pumpkin,Local,28/07/2026,2000,2000,2000
"Tamil Nadu",Thiruchirappalli,"Thiruverumbur(Uzhavar Sandhai )","Banana - Green","Banana - Green",Local,28/07/2026,2500,2500,2500
"Tamil Nadu",Thiruchirappalli,"Thiruverumbur(Uzhavar Sandhai )",Cabbage,Cabbage,Local,28/07/2026,4200,4200,4200
"Tamil Nadu",Thiruchirappalli,"Thiruverumbur(Uzhavar Sandhai )",Ridgeguard(Tori),Ridgeguard(Tori),Local,28/07/2026,6000,6000,6000
"Tamil Nadu",Thiruchirappalli,"Thiruverumbur(Uzhavar Sandhai )","Green Avare(W)",Other,Local,28/07/2026,7000,7000,7000
"Tamil Nadu",Thiruchirappalli,"Thiruverumbur(Uzhavar Sandhai )","Indian Beans(Seam)","Indian Beans (Seam)",Local,28/07/2026,7000,7000,7000
"Tamil Nadu",Thiruchirappalli,"Thiruverumbur(Uzhavar Sandhai )",Lemon,Lemon,Local,28/07/2026,7000,8000,7500
"Tamil Nadu",Virudhunagar,"Rajapalayam(Uzhavar Sandhai )",Papaya,Papaya,Local,28/07/2026,3000,3500,3250
"Tamil Nadu",Virudhunagar,"Rajapalayam(Uzhavar Sandhai )",Coriander(Leaves),"I Sort",Local,28/07/2026,5000,6000,5500
"Tamil Nadu",Virudhunagar,"Rajapalayam(Uzhavar Sandhai )",Tomato,Deshi,Local,28/07/2026,1500,1800,1650
"Tamil Nadu",Virudhunagar,"Rajapalayam(Uzhavar Sandhai )","Cluster beans","Cluster Beans",Local,28/07/2026,2500,3000,2750
"Tamil Nadu",Virudhunagar,"Rajapalayam(Uzhavar Sandhai )",Amaranthus,Amaranthus,Local,28/07/2026,2500,3000,2750
"Tamil Nadu",Virudhunagar,"Sathur(Uzhavar Sandhai )",Banana,Besrai,Local,28/07/2026,3500,4000,3750
"Tamil Nadu",Virudhunagar,"Sathur(Uzhavar Sandhai )",Onion,Bellary,Local,28/07/2026,3500,4000,3750
"Tamil Nadu",Virudhunagar,"Sathur(Uzhavar Sandhai )","Bottle gourd","Bottle Gourd",Local,28/07/2026,2500,3000,2750
"Tamil Nadu",Virudhunagar,"Sathur(Uzhavar Sandhai )",Cabbage,Cabbage,Local,28/07/2026,4500,5000,4750
"Tamil Nadu",Virudhunagar,"Sathur(Uzhavar Sandhai )",Ridgeguard(Tori),Ridgeguard(Tori),Local,28/07/2026,5500,6000,5750
"Tamil Nadu",Virudhunagar,"Sathur(Uzhavar Sandhai )",Raddish,Raddish,Local,28/07/2026,3000,3500,3250
"Tamil Nadu",Virudhunagar,"Sathur(Uzhavar Sandhai )",Lemon,Lemon,Local,28/07/2026,4500,5000,4750
"Tamil Nadu",Virudhunagar,"Thalavaipuram(Uzhavar Sandhai )",Onion,Bellary,Local,28/07/2026,3500,4000,3750
"Tamil Nadu",Virudhunagar,"Thalavaipuram(Uzhavar Sandhai )","Banana - Green","Banana - Green",Local,28/07/2026,3000,3500,3250
"Tamil Nadu",Virudhunagar,"Thalavaipuram(Uzhavar Sandhai )",Coconut,Coconut,Local,28/07/2026,5000,5700,5350
"Tamil Nadu",Virudhunagar,"Thalavaipuram(Uzhavar Sandhai )",Ridgeguard(Tori),Ridgeguard(Tori),Local,28/07/2026,5000,6000,5500
"Tamil Nadu",Virudhunagar,"Thalavaipuram(Uzhavar Sandhai )","Chow Chow","Chow Chow",Local,28/07/2026,3500,4000,3750
"Tamil Nadu",Chengalpattu,"Nanganallur(Uzhavar Sandhai )",Papaya,Papaya,Local,28/07/2026,4500,5000,4750
"Tamil Nadu",Chengalpattu,"Nanganallur(Uzhavar Sandhai )","Water Melon","Water Melon",Local,28/07/2026,2000,2000,2000
"Tamil Nadu",Chengalpattu,"Nanganallur(Uzhavar Sandhai )",Apple,American,Local,28/07/2026,23000,24000,23500
"Tamil Nadu",Chengalpattu,"Nanganallur(Uzhavar Sandhai )",Grapes,Annabesahai,Local,28/07/2026,9000,10000,9500
"Tamil Nadu",Chengalpattu,"Nanganallur(Uzhavar Sandhai )",Cauliflower,Ranchi,Local,28/07/2026,3500,4000,3750
"Tamil Nadu",Chengalpattu,"Nanganallur(Uzhavar Sandhai )",Tomato,Deshi,Local,28/07/2026,1800,2000,1900
"Tamil Nadu",Chengalpattu,"Nanganallur(Uzhavar Sandhai )","Bitter gourd","Bitter Gourd",Local,28/07/2026,5500,6000,5750
"Tamil Nadu",Chengalpattu,"Nanganallur(Uzhavar Sandhai )","Bottle gourd","Bottle Gourd",Local,28/07/2026,4500,5000,4750
"Tamil Nadu",Chengalpattu,"Nanganallur(Uzhavar Sandhai )",Ashgourd,Gouard,Local,28/07/2026,2500,3000,2750
"Tamil Nadu",Chengalpattu,"Nanganallur(Uzhavar Sandhai )",Cabbage,Cabbage,Local,28/07/2026,3500,4000,3750
"Tamil Nadu",Chengalpattu,"Nanganallur(Uzhavar Sandhai )",Cucumbar(Kheera),Cucumbar,Local,28/07/2026,4500,5000,4750
"Tamil Nadu",Chengalpattu,"Nanganallur(Uzhavar Sandhai )",Mango(Raw-Ripe),"Mango - Raw-Ripe",Local,28/07/2026,2500,3000,2750
"Tamil Nadu",Chengalpattu,"Nanganallur(Uzhavar Sandhai )","Karbuja(Musk Melon)",Karbhuja,Local,28/07/2026,4500,5000,4750
"Tamil Nadu",Chengalpattu,"Nanganallur(Uzhavar Sandhai )",Pomegranate,Pomogranate,Local,28/07/2026,11000,12000,11500
"Tamil Nadu",Chengalpattu,"Nanganallur(Uzhavar Sandhai )","Onion Green","Onion Green",Local,28/07/2026,7500,8000,7750
"Tamil Nadu",Chengalpattu,"Pallavaram(Uzhavar Sandhai )",Potato,Other,Local,28/07/2026,2500,3000,2750
"Tamil Nadu",Chengalpattu,"Pallavaram(Uzhavar Sandhai )",Coriander(Leaves),"I Sort",Local,28/07/2026,4000,5000,4500
"Tamil Nadu",Chengalpattu,"Pallavaram(Uzhavar Sandhai )","Cluster beans","Cluster Beans",Local,28/07/2026,4000,5000,4500
"Tamil Nadu",Chengalpattu,"Pallavaram(Uzhavar Sandhai )","Bitter gourd",Other,Local,28/07/2026,6000,7000,6500
"Tamil Nadu",Chengalpattu,"Pallavaram(Uzhavar Sandhai )","Bhindi(Ladies Finger)",Bhindi,Local,28/07/2026,3500,4000,3750
"Tamil Nadu",Chengalpattu,"Pallavaram(Uzhavar Sandhai )",Snakeguard,Snakeguard,Local,28/07/2026,4000,5000,4500
"Tamil Nadu",Chengalpattu,"Pallavaram(Uzhavar Sandhai )","Onion Green","Onion Green",Local,28/07/2026,6000,7000,6500
"Tamil Nadu",Chengalpattu,"Pallavaram(Uzhavar Sandhai )",Mint(Pudina),Mint(Pudina),Local,28/07/2026,4000,5000,4500
"Tamil Nadu","Nagercoil (Kannyiakumari)","Myladi(Uzhavar Sandhai )",Pineapple,"Pine Apple",Local,28/07/2026,4000,5000,4500
"Tamil Nadu","Nagercoil (Kannyiakumari)","Myladi(Uzhavar Sandhai )",Onion,Bellary,Local,28/07/2026,4000,4500,4250
"Tamil Nadu","Nagercoil (Kannyiakumari)","Myladi(Uzhavar Sandhai )","Bhindi(Ladies Finger)",Bhindi,Local,28/07/2026,4000,4500,4250
"Tamil Nadu","Nagercoil (Kannyiakumari)","Myladi(Uzhavar Sandhai )",Tapioca,Tapioca,Local,28/07/2026,3500,4000,3750
"Tamil Nadu","Nagercoil (Kannyiakumari)","Myladi(Uzhavar Sandhai )",Guava,"Guava Allahabad",Local,28/07/2026,5500,6000,5750
"Tamil Nadu",Chengalpattu,"Jameenrayapettai(Uzhavar Sandhai )",Garlic,Garlic,Local,28/07/2026,18000,22000,20000
"Tamil Nadu",Chengalpattu,"Jameenrayapettai(Uzhavar Sandhai )",Ashgourd,Gouard,Local,28/07/2026,2000,2500,2250
"Tamil Nadu",Chengalpattu,"Jameenrayapettai(Uzhavar Sandhai )","Green Chilli","Green Chilly",Local,28/07/2026,5000,6000,5500
"Tamil Nadu",Chengalpattu,"Jameenrayapettai(Uzhavar Sandhai )",Ridgeguard(Tori),Ridgeguard(Tori),Local,28/07/2026,7000,8000,7500
"Tamil Nadu",Chengalpattu,"Jameenrayapettai(Uzhavar Sandhai )",Capsicum,Capsicum,Local,28/07/2026,6000,7000,6500
"Tamil Nadu",Chengalpattu,"Jameenrayapettai(Uzhavar Sandhai )","Green Avare(W)",Other,Local,28/07/2026,7000,8000,7500
"Tamil Nadu",Chengalpattu,"Jameenrayapettai(Uzhavar Sandhai )",Drumstick,Drumstick,Local,28/07/2026,6000,7000,6500
"Tamil Nadu",Chengalpattu,"Jameenrayapettai(Uzhavar Sandhai )",Mango(Raw-Ripe),"Mango - Raw-Ripe",Local,28/07/2026,4000,5000,4500
"Tamil Nadu",Chengalpattu,"Jameenrayapettai(Uzhavar Sandhai )",Colacasia,Colacasia,Local,28/07/2026,4000,5000,4500
"Tamil Nadu",Chengalpattu,"Jameenrayapettai(Uzhavar Sandhai )",Mint(Pudina),Mint(Pudina),Local,28/07/2026,4000,5000,4500
"Tamil Nadu",Chengalpattu,"Guduvancheri(Uzhavar Sandhai )",Garlic,Garlic,Local,28/07/2026,18000,22000,20000
"Tamil Nadu",Chengalpattu,"Guduvancheri(Uzhavar Sandhai )",Coriander(Leaves),"I Sort",Local,28/07/2026,7000,8000,7500
"Tamil Nadu",Chengalpattu,"Guduvancheri(Uzhavar Sandhai )",Tomato,Other,Local,28/07/2026,2000,2500,2250
"Tamil Nadu",Chengalpattu,"Guduvancheri(Uzhavar Sandhai )","Cluster beans","Cluster Beans",Local,28/07/2026,4000,5000,4500
"Tamil Nadu",Chengalpattu,"Guduvancheri(Uzhavar Sandhai )",Cabbage,Cabbage,Local,28/07/2026,3000,3500,3250
"Tamil Nadu",Chengalpattu,"Guduvancheri(Uzhavar Sandhai )",Cucumbar(Kheera),Cucumbar,Local,28/07/2026,5000,6000,5500
"Tamil Nadu",Chengalpattu,"Guduvancheri(Uzhavar Sandhai )",Thondekai,Thondekai,Local,28/07/2026,5000,6000,5500
"Tamil Nadu",Chengalpattu,"Guduvancheri(Uzhavar Sandhai )",Mango(Raw-Ripe),"Mango - Raw-Ripe",Local,28/07/2026,4000,5000,4500
"Tamil Nadu",Chengalpattu,"Guduvancheri(Uzhavar Sandhai )","Knool Khol","Knool Khol",Local,28/07/2026,6000,7000,6500
"Tamil Nadu",Chengalpattu,"Guduvancheri(Uzhavar Sandhai )",Marigold(Calcutta),Marigold(Calcutta),Local,28/07/2026,24000,25000,24500
"Tamil Nadu",Chengalpattu,"Guduvancheri(Uzhavar Sandhai )",Colacasia,Colacasia,Local,28/07/2026,4000,5000,4500
"Tamil Nadu",Thirupur,"Dharapuram(Uzhavar Sandhai )",Papaya,Papaya,Local,28/07/2026,2500,2500,2500
"Tamil Nadu",Thirupur,"Dharapuram(Uzhavar Sandhai )",Potato,"Red Nanital",Local,28/07/2026,4000,6700,5350
"Tamil Nadu",Thirupur,"Dharapuram(Uzhavar Sandhai )",Brinjal,Round,Local,28/07/2026,5500,5500,5500
"Tamil Nadu",Thirupur,"Dharapuram(Uzhavar Sandhai )",Cowpea(Veg),"Cowpea (Veg)",Local,28/07/2026,4000,4000,4000
"Tamil Nadu",Thirupur,"Dharapuram(Uzhavar Sandhai )",Cabbage,Cabbage,Local,28/07/2026,3500,3500,3500
"Tamil Nadu",Thirupur,"Dharapuram(Uzhavar Sandhai )",Snakeguard,Snakeguard,Local,28/07/2026,4200,4200,4200
"Tamil Nadu",Thirupur,"Dharapuram(Uzhavar Sandhai )",Cucumbar(Kheera),Cucumbar,Local,28/07/2026,5000,5000,5000
"Tamil Nadu",Thirupur,"Dharapuram(Uzhavar Sandhai )","Elephant Yam(Suran)/Amorphophallus","Elephant Yam (Suran)",Local,28/07/2026,4200,4200,4200
"Tamil Nadu",Thirupur,"Palladam(Uzhavar Sandhai )","Bottle gourd","Bottle Gourd",Local,28/07/2026,1500,2000,1750
"Tamil Nadu",Thirupur,"Palladam(Uzhavar Sandhai )","Bhindi(Ladies Finger)",Bhindi,Local,28/07/2026,4000,5000,4500
"Tamil Nadu",Thirupur,"Palladam(Uzhavar Sandhai )",Raddish,Raddish,Local,28/07/2026,3000,3500,3250
"Tamil Nadu",Thirupur,"Palladam(Uzhavar Sandhai )",Thondekai,Thondekai,Local,28/07/2026,3500,4000,3750
"Tamil Nadu",Thirupur,"Palladam(Uzhavar Sandhai )",Drumstick,Drumstick,Local,28/07/2026,4000,5000,4500
"Tamil Nadu",Thirupur,"Palladam(Uzhavar Sandhai )","Onion Green","Onion Green",Local,28/07/2026,5000,6000,5500
"Uttar Pradesh",Baghpat,"Khekda APMC","Sponge gourd","Sponge gourd",FAQ,28/07/2026,1400,1650,1500
"Tamil Nadu",Kallakuruchi,"Kallakurichi(Uzhavar Sandhai )",Mango,Neelam,Local,28/07/2026,4000,4000,4000
"Tamil Nadu",Kallakuruchi,"Kallakurichi(Uzhavar Sandhai )","Bitter gourd","Bitter Gourd",Local,28/07/2026,6000,6000,6000
"Tamil Nadu",Kallakuruchi,"Kallakurichi(Uzhavar Sandhai )","Banana - Green","Banana - Green",Local,28/07/2026,3000,3000,3000
"Tamil Nadu",Kallakuruchi,"Kallakurichi(Uzhavar Sandhai )",Beetroot,Beetroot,Local,28/07/2026,6000,6000,6000
"Tamil Nadu",Kallakuruchi,"Kallakurichi(Uzhavar Sandhai )","Chow Chow","Chow Chow",Local,28/07/2026,6000,6000,6000
"Tamil Nadu",Kallakuruchi,"Kallakurichi(Uzhavar Sandhai )","Knool Khol","Knool Khol",Local,28/07/2026,7000,7000,7000
"Tamil Nadu",Kallakuruchi,"Kallakurichi(Uzhavar Sandhai )",Marigold(Calcutta),Marigold(Calcutta),Local,28/07/2026,40000,40000,40000
"Andhra Pradesh","Sri Sathya Sai","Dharmavaram APMC",Paddy(Common),"B P T",FAQ,28/07/2026,2000,2200,2100
Punjab,Gurdaspur,"Gurdaspur APMC",Pomegranate,Other,"Grade A",28/07/2026,9500,9500,9500
Punjab,Gurdaspur,"Gurdaspur APMC",Mango,Other,"Grade A",28/07/2026,4650,4650,4650
Punjab,Gurdaspur,"Gurdaspur APMC","Mousambi(Sweet Lime)",Other,"Grade A",28/07/2026,4200,4200,4200
Punjab,Gurdaspur,"Gurdaspur APMC","Banana - Green",Other,FAQ,28/07/2026,2500,2500,2500
Punjab,Gurdaspur,"Gurdaspur APMC",Papaya,Other,"Grade B",28/07/2026,3700,3700,3700
Punjab,Gurdaspur,"Gurdaspur APMC","French Beans(Frasbean)",Other,"Grade A",28/07/2026,5500,5500,5500
"Andhra Pradesh",Palnadu,"Gurazala APMC","Chili Red",Red,"Grade Range-1",28/07/2026,17000,28500,25000
"Tamil Nadu",Thirupathur,"Natrampalli(Uzhavar Sandhai )",Mango,Safeda,Local,28/07/2026,2000,3000,2500
"Tamil Nadu",Thirupathur,"Natrampalli(Uzhavar Sandhai )",Onion,Bellary,Local,28/07/2026,3000,4000,3500
"Tamil Nadu",Thirupathur,"Natrampalli(Uzhavar Sandhai )",Brinjal,Round,Local,28/07/2026,4000,5000,4500
"Tamil Nadu",Thirupathur,"Natrampalli(Uzhavar Sandhai )","Bhindi(Ladies Finger)",Bhindi,Local,28/07/2026,2500,3000,2750
"Tamil Nadu",Thirupathur,"Natrampalli(Uzhavar Sandhai )","Green Chilli","Green Chilly",Local,28/07/2026,5000,6000,5500
"Tamil Nadu",Thirupathur,"Natrampalli(Uzhavar Sandhai )",Carrot,Pusakesar,Local,28/07/2026,5000,6000,5500
"Tamil Nadu",Thirupathur,"Natrampalli(Uzhavar Sandhai )",Cabbage,Cabbage,Local,28/07/2026,3000,3500,3250
"Tamil Nadu",Thirupathur,"Natrampalli(Uzhavar Sandhai )",Cucumbar(Kheera),Cucumbar,Local,28/07/2026,2500,3000,2750
"Tamil Nadu",Thirupathur,"Natrampalli(Uzhavar Sandhai )",Lemon,Lemon,Local,28/07/2026,4000,5000,4500
"Tamil Nadu",Thirupathur,"Natrampalli(Uzhavar Sandhai )",Mint(Pudina),Mint(Pudina),Local,28/07/2026,3000,4000,3500
Punjab,Bhatinda,"Bathinda APMC",Papaya,Papaya,"Grade B",28/07/2026,1700,1800,1750
"Andhra Pradesh",Srikakulam,"Hiramandalam APMC",Maize,Medium,Local,28/07/2026,2200,2200,2200
"Andhra Pradesh",Palnadu,"Ipur APMC",Paddy(Common),Paddy,FAQ,28/07/2026,2350,2600,2450
"Andhra Pradesh",Palnadu,"Ipur APMC","Black Gram(Urd Beans)(Whole)",Local,FAQ,28/07/2026,8200,9000,8500
"Andhra Pradesh",Palnadu,"Ipur APMC","Green Gram(Moong)(Whole)",Local,FAQ,28/07/2026,8500,9000,8850
"Andhra Pradesh",Anakapally,"Madugula APMC",Cashewnuts,Local,Local,28/07/2026,8000,12000,10000
"Andhra Pradesh",Vijayanagaram,"Kothavalasa APMC",Paddy(Common),1001,Local,28/07/2026,2369,2369,2369
"Andhra Pradesh",Dr.B.R.A.Konaseema,"Ravulapalem (Kothapeta APMC)",Banana,Amruthapani,Local,28/07/2026,2600,3600,3400
"Andhra Pradesh","Parvathipuram Manyam","Kurupam APMC",Maize,Local,Local,28/07/2026,2400,2400,2400
"Andhra Pradesh",Krishna,"Pamarru APMC",Paddy(Common),"B P T",Local,28/07/2026,2441,2481,2471
"Andhra Pradesh",Ananthapuramu,"RAYADURG APMC",Maize,Local,"Grade Range-1",28/07/2026,2000,2500,2200
"Andhra Pradesh",Anakapally,"Payakaraopeta APMC",Paddy(Common),1001,Local,28/07/2026,2349,2369,2359
"Andhra Pradesh",Kakinada,"Tuni APMC",Cashewnuts,Local(Raw),FAQ,28/07/2026,13000,13000,13000
"Andhra Pradesh",NTR,"Tiruvuru APMC",Paddy(Common),Sona,Local,28/07/2026,2500,2500,2500
"Andhra Pradesh","West Godavari","Tadepalligudem APMC",Paddy(Common),1001,FAQ,28/07/2026,2445,2445,2445
"Andhra Pradesh","Sri Sathya Sai","Puttaparthi  APMC",Groundnut,F.A.Q,FAQ,28/07/2026,6400,6800,6600
"Tamil Nadu",Salem,"Athur(Uzhavar Sandhai )",Pineapple,"Pine Apple",Local,28/07/2026,3500,4000,3750
"Tamil Nadu",Salem,"Athur(Uzhavar Sandhai )",Coriander(Leaves),"I Sort",Local,28/07/2026,3500,4000,3750
"Tamil Nadu",Salem,"Athur(Uzhavar Sandhai )","Cluster beans","Cluster Beans",Local,28/07/2026,3500,4000,3750
"Tamil Nadu",Salem,"Athur(Uzhavar Sandhai )","Bitter gourd","Bitter Gourd",Local,28/07/2026,4000,4500,4250
"Tamil Nadu",Salem,"Athur(Uzhavar Sandhai )","Bottle gourd","Bottle Gourd",Local,28/07/2026,2000,2200,2100
"Tamil Nadu",Salem,"Athur(Uzhavar Sandhai )","Banana - Green","Banana - Green",Local,28/07/2026,2000,2400,2200
"Tamil Nadu",Salem,"Athur(Uzhavar Sandhai )",Ginger(Green),"Green Ginger",Local,28/07/2026,18000,20000,19000
"Tamil Nadu",Salem,"Athur(Uzhavar Sandhai )",Carrot,Pusakesar,Local,28/07/2026,8500,9000,8750
"Tamil Nadu",Salem,"Athur(Uzhavar Sandhai )",Raddish,Raddish,Local,28/07/2026,2500,3000,2750
"Tamil Nadu",Salem,"Athur(Uzhavar Sandhai )",Kakada,Kakada,Local,28/07/2026,15000,20000,17500
"Tamil Nadu",Salem,"Athur(Uzhavar Sandhai )",Marigold(Calcutta),Marigold(Calcutta),Local,28/07/2026,28000,30000,29000
"Tamil Nadu",Salem,"Athur(Uzhavar Sandhai )",Mint(Pudina),Mint(Pudina),Local,28/07/2026,4000,5000,4500
"Tamil Nadu",Salem,"Athur(Uzhavar Sandhai )",Rose(Local),"Rose (Local)",Local,28/07/2026,16000,18000,17000
"Tamil Nadu",Theni,"Periyakulam(Uzhavar Sandhai )",Tomato,Other,Local,28/07/2026,1800,2000,1900
"Tamil Nadu",Theni,"Periyakulam(Uzhavar Sandhai )",Pumpkin,Pumpkin,Local,28/07/2026,1600,1800,1700
"Tamil Nadu",Theni,"Periyakulam(Uzhavar Sandhai )",Beans,"Beans (Whole)",Local,28/07/2026,8600,9000,8800
"Tamil Nadu",Theni,"Periyakulam(Uzhavar Sandhai )",Beetroot,Beetroot,Local,28/07/2026,4200,4500,4350
"Tamil Nadu",Theni,"Periyakulam(Uzhavar Sandhai )",Ridgeguard(Tori),Ridgeguard(Tori),Local,28/07/2026,4600,4800,4700
"Tamil Nadu",Theni,"Periyakulam(Uzhavar Sandhai )",Thondekai,Thondekai,Local,28/07/2026,4800,5000,4900
"Tamil Nadu",Theni,"Periyakulam(Uzhavar Sandhai )","Onion Green","Onion Green",Local,28/07/2026,6000,6400,6200
"Tamil Nadu",Virudhunagar,"Srivilliputhur(Uzhavar Sandhai )",Cauliflower,Ranchi,Local,28/07/2026,2500,3000,2750
"Tamil Nadu",Virudhunagar,"Srivilliputhur(Uzhavar Sandhai )",Beans,"Beans (Whole)",Local,28/07/2026,7000,8000,7500
"Tamil Nadu",Virudhunagar,"Srivilliputhur(Uzhavar Sandhai )",Coconut,Coconut,Local,28/07/2026,5000,6000,5500
"Tamil Nadu",Virudhunagar,"Srivilliputhur(Uzhavar Sandhai )",Snakeguard,Snakeguard,Local,28/07/2026,4500,5000,4750
"Tamil Nadu",Virudhunagar,"Srivilliputhur(Uzhavar Sandhai )","Tender Coconut","Tender Coconut",Local,28/07/2026,2000,2500,2250
"Tamil Nadu",Virudhunagar,"Srivilliputhur(Uzhavar Sandhai )",Yam(Ratalu),"Yam (Ratalu)",Local,28/07/2026,9000,10000,9500
"Tamil Nadu",Virudhunagar,"Srivilliputhur(Uzhavar Sandhai )",Lemon,Lemon,Local,28/07/2026,5000,6000,5500
"Tamil Nadu",Virudhunagar,"Srivilliputhur(Uzhavar Sandhai )",Colacasia,Colacasia,Local,28/07/2026,5000,6000,5500
"Tamil Nadu",Virudhunagar,"Srivilliputhur(Uzhavar Sandhai )","Onion Green","Onion Green",Local,28/07/2026,5000,6000,5500
"Uttar Pradesh",Badaun,"Shahaswan APMC",Apple,Apple,Medium,28/07/2026,8500,9500,9000
Punjab,Ludhiana,"Sahnewal APMC","Round gourd","Round gourd",FAQ,28/07/2026,2800,2800,2800
Punjab,Ludhiana,"Sahnewal APMC",Onion,Onion,FAQ,28/07/2026,3000,3000,3000
Punjab,Ludhiana,"Sahnewal APMC",Pumpkin,Pumpkin,FAQ,28/07/2026,1800,1800,1800
Punjab,Sangrur,"Bhawanigarh APMC",Mango,Other,Medium,28/07/2026,5000,5500,5250
Punjab,Sangrur,"Bhawanigarh APMC",Plum,Other,Medium,28/07/2026,6500,7000,6750
Punjab,Sangrur,"Bhawanigarh APMC",Coriander(Leaves),Coriander,Medium,28/07/2026,8000,8000,8000
Punjab,Sangrur,"Bhawanigarh APMC",Cucumbar(Kheera),Other,Medium,28/07/2026,1200,1200,1200
Punjab,Sangrur,"Bhawanigarh APMC",Ridgeguard(Tori),Other,Medium,28/07/2026,2800,3000,2900
"West Bengal","Paschim Bardhaman","Durgapur APMC",Rice,Fine,FAQ,28/07/2026,4675,4850,4765
"Tamil Nadu",Coimbatore,"Vadavalli(Uzhavar Sandhai )",Papaya,Papaya,Local,28/07/2026,3800,4200,4000
"Tamil Nadu",Coimbatore,"Vadavalli(Uzhavar Sandhai )",Apple,American,Local,28/07/2026,24000,27000,25500
"Tamil Nadu",Coimbatore,"Vadavalli(Uzhavar Sandhai )",Banana,Besrai,Local,28/07/2026,6800,7800,7300
"Tamil Nadu",Coimbatore,"Vadavalli(Uzhavar Sandhai )","Water Melon","Water Melon",Local,28/07/2026,2200,2600,2400
"Tamil Nadu",Coimbatore,"Vadavalli(Uzhavar Sandhai )",Garlic,Garlic,Local,28/07/2026,18000,22000,20000
"Tamil Nadu",Coimbatore,"Vadavalli(Uzhavar Sandhai )","Cluster beans","Cluster Beans",Local,28/07/2026,3600,4200,3900
"Tamil Nadu",Coimbatore,"Vadavalli(Uzhavar Sandhai )",Pumpkin,Pumpkin,Local,28/07/2026,1400,2000,1700
"Tamil Nadu",Coimbatore,"Vadavalli(Uzhavar Sandhai )",Ginger(Green),"Green Ginger",Local,28/07/2026,11500,16500,14000
"Tamil Nadu",Coimbatore,"Vadavalli(Uzhavar Sandhai )","Sweet Potato","Hosur Red",Local,28/07/2026,3500,4000,3750
"Tamil Nadu",Coimbatore,"Vadavalli(Uzhavar Sandhai )",Carrot,Pusakesar,Local,28/07/2026,7500,8500,8000
"Tamil Nadu",Coimbatore,"Vadavalli(Uzhavar Sandhai )",Cabbage,Cabbage,Local,28/07/2026,3200,3800,3500
"Tamil Nadu",Coimbatore,"Vadavalli(Uzhavar Sandhai )",Beetroot,Beetroot,Local,28/07/2026,7000,7800,7400
"Tamil Nadu",Coimbatore,"Vadavalli(Uzhavar Sandhai )",Raddish,Raddish,Local,28/07/2026,3800,4200,4000
"Tamil Nadu",Coimbatore,"Vadavalli(Uzhavar Sandhai )",Pomegranate,Pomogranate,Local,28/07/2026,21500,23500,22500
"Tamil Nadu",Coimbatore,"Vadavalli(Uzhavar Sandhai )","Sweet Corn ","Sweet Corn ",Local,28/07/2026,3000,4000,3500
"West Bengal",Darjeeling,"Karsiyang(Matigara) APMC",Tomato,Other,FAQ,28/07/2026,3600,3800,3700
"West Bengal",Darjeeling,"Darjeeling APMC",Cabbage,Other,FAQ,28/07/2026,2700,2900,2800
"West Bengal",Darjeeling,"Darjeeling APMC",Potato,Red,FAQ,28/07/2026,1400,1600,1500
"West Bengal",Darjeeling,"Darjeeling APMC","Squash(Chappal Kadoo)",Other,FAQ,28/07/2026,2400,2600,2500
"West Bengal",Darjeeling,"Darjeeling APMC",Tomato,Other,FAQ,28/07/2026,3600,3800,3700
Haryana,Palwal,"Hassanpur APMC",Potato,Potato,Local,28/07/2026,1000,1000,1000
Haryana,Palwal,"Hassanpur APMC",Cucumbar(Kheera),Cucumbar,Local,28/07/2026,1500,1500,1500
Haryana,Palwal,"Hassanpur APMC","Bitter gourd","Bitter Gourd",Local,28/07/2026,1900,1900,1900
"Uttar Pradesh",Bulandshahar,"Gulavati APMC",Colacasia,Other,FAQ,28/07/2026,4100,4300,4200
Haryana,Hissar,"Barwala(Hisar) APMC",Mango,Other,Local,28/07/2026,8000,10000,9000
Haryana,Hissar,"Barwala(Hisar) APMC",Capsicum,Capsicum,Local,28/07/2026,6000,7000,6500
Haryana,Hissar,"Barwala(Hisar) APMC","Round gourd",Other,Local,28/07/2026,1000,1200,1100
Haryana,Hissar,"Barwala(Hisar) APMC","Bottle gourd","Bottle Gourd",Local,28/07/2026,2000,2800,2500
Punjab,Fazilka,"Jalalabad APMC",Mango,Other,Medium,28/07/2026,4700,5000,4800
Punjab,Fazilka,"Jalalabad APMC","Mousambi(Sweet Lime)",Mousambi,Medium,28/07/2026,5000,5200,5000
Punjab,Fazilka,"Jalalabad APMC",Pineapple,Other,Medium,28/07/2026,4800,5200,5000
Punjab,Fazilka,"Jalalabad APMC","Green Chilli",Other,Medium,28/07/2026,2700,3000,2800
Punjab,Fazilka,"Jalalabad APMC",Potato,Potato,Medium,28/07/2026,1000,1200,1100
Punjab,Fazilka,"Jalalabad APMC",Tinda,Other,Medium,28/07/2026,3500,3800,3600
"Tamil Nadu",Coimbatore,"Udumalpet APMC",Potato,"Red Nanital",Local,28/07/2026,3000,3500,3250
"Tamil Nadu",Coimbatore,"Udumalpet APMC",Coriander(Leaves),"I Sort",Local,28/07/2026,6000,7500,6750
"Tamil Nadu",Coimbatore,"Udumalpet APMC",Beans,"Beans (Whole)",Local,28/07/2026,8000,10800,9400
"Tamil Nadu",Coimbatore,"Udumalpet APMC",Coconut,Coconut,Local,28/07/2026,5000,5800,5400
"Tamil Nadu",Coimbatore,"Udumalpet APMC","Sweet Potato","Hosur Red",Local,28/07/2026,4000,5000,4500
"Tamil Nadu",Coimbatore,"Udumalpet APMC","Onion Green","Onion Green",Local,28/07/2026,5000,7000,6000
"West Bengal",Darjeeling,"Siliguri APMC",Banana,"Banana - Ripe","Grade A",28/07/2026,2100,2300,2200
"Tamil Nadu",Erode,"Gobichettipalayam(Uzhavar Sandhai )",Banana,Besrai,Local,28/07/2026,5000,5200,5100
"Tamil Nadu",Erode,"Gobichettipalayam(Uzhavar Sandhai )",Potato,"Red Nanital",Local,28/07/2026,3400,3600,3500
"Tamil Nadu",Erode,"Gobichettipalayam(Uzhavar Sandhai )","Cluster beans","Cluster Beans",Local,28/07/2026,3600,4000,3800
"Tamil Nadu",Erode,"Gobichettipalayam(Uzhavar Sandhai )","Bitter gourd","Bitter Gourd",Local,28/07/2026,5000,5500,5250
"Tamil Nadu",Erode,"Gobichettipalayam(Uzhavar Sandhai )",Amaranthus,Amaranthus,Local,28/07/2026,4200,4500,4350
"Tamil Nadu",Erode,"Gobichettipalayam(Uzhavar Sandhai )",Coconut,Coconut,Local,28/07/2026,2500,3000,2750
"Tamil Nadu",Erode,"Gobichettipalayam(Uzhavar Sandhai )",Cabbage,Cabbage,Local,28/07/2026,3600,4000,3800
"Tamil Nadu",Erode,"Gobichettipalayam(Uzhavar Sandhai )",Raddish,Raddish,Local,28/07/2026,2500,3000,2750
"Tamil Nadu",Erode,"Gobichettipalayam(Uzhavar Sandhai )",Mint(Pudina),Mint(Pudina),Local,28/07/2026,3600,3800,3700
"Himachal Pradesh",Shimla,"SMY Rohroo","Bhindi(Ladies Finger)",Bhindi,"Grade B",28/07/2026,3500,4000,3800
"Himachal Pradesh",Shimla,"SMY Rohroo","French Beans(Frasbean)",Other,"Grade B",28/07/2026,2800,3200,3000
"Himachal Pradesh",Shimla,"SMY Rohroo",Raddish,Other,"Grade B",28/07/2026,2000,2200,2100
"Tamil Nadu",Pudukkottai,"Ponnamaravathi(Uzhavar Sandhai)",Brinjal,Round,Local,28/07/2026,6500,7000,6750
"Tamil Nadu",Pudukkottai,"Ponnamaravathi(Uzhavar Sandhai)",Ashgourd,Gouard,Local,28/07/2026,1000,1500,1250
"Tamil Nadu",Pudukkottai,"Ponnamaravathi(Uzhavar Sandhai)","Bhindi(Ladies Finger)",Bhindi,Local,28/07/2026,3500,4000,3750
"Tamil Nadu",Pudukkottai,"Ponnamaravathi(Uzhavar Sandhai)",Amaranthus,Amaranthus,Local,28/07/2026,1500,2000,1750
"Tamil Nadu",Pudukkottai,"Ponnamaravathi(Uzhavar Sandhai)",Ridgeguard(Tori),Ridgeguard(Tori),Local,28/07/2026,6500,7000,6750
"Tamil Nadu",Pudukkottai,"Ponnamaravathi(Uzhavar Sandhai)",Raddish,Raddish,Local,28/07/2026,3500,4000,3750
"Tamil Nadu",Pudukkottai,"Ponnamaravathi(Uzhavar Sandhai)",Mango(Raw-Ripe),"Mango - Raw-Ripe",Local,28/07/2026,3000,3500,3250
"Tamil Nadu",Pudukkottai,"Ponnamaravathi(Uzhavar Sandhai)",Lemon,Lemon,Local,28/07/2026,4500,5000,4750
Telangana,Karimnagar,"Huzzurabad APMC",Paddy(Common),1001,FAQ,28/07/2026,2369,2389,2369
"Tamil Nadu",Nagapattinam,"Mayiladuthurai(Uzhavar Sandhai )","Bottle gourd","Bottle Gourd",Local,28/07/2026,2500,3000,2750
"Tamil Nadu",Nagapattinam,"Mayiladuthurai(Uzhavar Sandhai )",Carrot,Pusakesar,Local,28/07/2026,8000,8000,8000
"Tamil Nadu",Nagapattinam,"Mayiladuthurai(Uzhavar Sandhai )","Green Avare(W)","Green Avare (W)",Local,28/07/2026,6000,7000,6500
"Tamil Nadu",Nagapattinam,"Mayiladuthurai(Uzhavar Sandhai )",Mango(Raw-Ripe),"Mango - Raw-Ripe",Local,28/07/2026,1500,2000,1750
"Tamil Nadu",Pudukkottai,"Viralimalai(Uzhavar Sandhai )",Banana,"Red Banana",Local,28/07/2026,7000,8000,7500
"Tamil Nadu",Pudukkottai,"Viralimalai(Uzhavar Sandhai )","Bottle gourd","Bottle Gourd",Local,28/07/2026,2500,3000,2750
"Tamil Nadu",Pudukkottai,"Viralimalai(Uzhavar Sandhai )",Ashgourd,Gouard,Local,28/07/2026,1000,1500,1250
"Tamil Nadu",Pudukkottai,"Viralimalai(Uzhavar Sandhai )","Bhindi(Ladies Finger)",Bhindi,Local,28/07/2026,3500,4000,3750
"Tamil Nadu",Pudukkottai,"Viralimalai(Uzhavar Sandhai )",Snakeguard,Snakeguard,Local,28/07/2026,3500,4000,3750
"Tamil Nadu",Pudukkottai,"Viralimalai(Uzhavar Sandhai )",Mint(Pudina),Mint(Pudina),Local,28/07/2026,3500,4000,3750
"Tamil Nadu",Ramanathapuram,"Kamuthi(Uzhavar Sandhai )",Coriander(Leaves),"I Sort",Local,28/07/2026,8500,9000,8750
"Tamil Nadu",Ramanathapuram,"Kamuthi(Uzhavar Sandhai )","Bhindi(Ladies Finger)",Bhindi,Local,28/07/2026,6000,6200,6100
"Tamil Nadu",Ramanathapuram,"Paramakudi(Uzhavar Sandhai )",Onion,Bellary,Local,28/07/2026,4500,4800,4650
"Tamil Nadu",Ramanathapuram,"Paramakudi(Uzhavar Sandhai )",Potato,"Red Nanital",Local,28/07/2026,4500,5000,4750
"Tamil Nadu",Ramanathapuram,"Paramakudi(Uzhavar Sandhai )",Cauliflower,Ranchi,Local,28/07/2026,5000,5200,5100
"Tamil Nadu",Ramanathapuram,"Paramakudi(Uzhavar Sandhai )",Pumpkin,Pumpkin,Local,28/07/2026,1800,2000,1900
"Tamil Nadu",Ramanathapuram,"Paramakudi(Uzhavar Sandhai )","Green Chilli","Green Chilly",Local,28/07/2026,7500,8000,7750
"Tamil Nadu",Ramanathapuram,"Paramakudi(Uzhavar Sandhai )",Marigold(Calcutta),Marigold(Calcutta),Local,28/07/2026,9000,10000,9500
"Tamil Nadu",Ramanathapuram,"Paramakudi(Uzhavar Sandhai )",Mint(Pudina),Mint(Pudina),Local,28/07/2026,7000,7500,7250
"Tamil Nadu",Ramanathapuram,"Ramanathapuram(Uzhavar Sandhai )",Onion,Bellary,Local,28/07/2026,4500,5000,4750
"Tamil Nadu",Ramanathapuram,"Ramanathapuram(Uzhavar Sandhai )",Potato,"Red Nanital",Local,28/07/2026,4800,5000,4900
"Tamil Nadu",Ramanathapuram,"Ramanathapuram(Uzhavar Sandhai )","Cluster beans","Cluster Beans",Local,28/07/2026,3800,4000,3900
"Tamil Nadu",Ramanathapuram,"Ramanathapuram(Uzhavar Sandhai )","Bottle gourd","Bottle Gourd",Local,28/07/2026,2400,2600,2500
"Tamil Nadu",Ramanathapuram,"Ramanathapuram(Uzhavar Sandhai )",Amaranthus,Amaranthus,Local,28/07/2026,3500,3800,3650
"Tamil Nadu",Ramanathapuram,"Ramanathapuram(Uzhavar Sandhai )",Ginger(Green),"Green Ginger",Local,28/07/2026,16000,16500,16250
"Tamil Nadu",Ramanathapuram,"Ramanathapuram(Uzhavar Sandhai )",Raddish,Raddish,Local,28/07/2026,4200,4500,4350
"Tamil Nadu",Ramanathapuram,"Ramanathapuram(Uzhavar Sandhai )",Mango(Raw-Ripe),"Mango - Raw-Ripe",Local,28/07/2026,4000,4500,4250
"Tamil Nadu",Ramanathapuram,"Ramanathapuram(Uzhavar Sandhai )",Lemon,Lemon,Local,28/07/2026,9500,10000,9750
"Tamil Nadu",Ramanathapuram,"Ramanathapuram(Uzhavar Sandhai )","Onion Green","Onion Green",Local,28/07/2026,6500,6800,6650
"Tamil Nadu",Pudukkottai,"Alangudi(Uzhavar Sandhai )",Banana,Karpura,Local,28/07/2026,4500,5000,4750
"Tamil Nadu",Pudukkottai,"Alangudi(Uzhavar Sandhai )","Cluster beans","Cluster Beans",Local,28/07/2026,4500,5000,4750
"Tamil Nadu",Pudukkottai,"Alangudi(Uzhavar Sandhai )","Banana - Green","Banana - Green",Local,28/07/2026,2500,3000,2750
"Tamil Nadu",Pudukkottai,"Alangudi(Uzhavar Sandhai )",Mango(Raw-Ripe),"Mango - Raw-Ripe",Local,28/07/2026,2500,3000,2750
"Tamil Nadu",Thiruvannamalai,"Arani(Uzhavar Sandhai )",Brinjal,Round,Local,28/07/2026,6000,7000,6500
"Tamil Nadu",Thiruvannamalai,"Arani(Uzhavar Sandhai )","Bottle gourd","Bottle Gourd",Local,28/07/2026,2000,2400,2200
"Tamil Nadu",Thiruvannamalai,"Arani(Uzhavar Sandhai )",Amaranthus,Amaranthus,Local,28/07/2026,1500,2000,1750
"Tamil Nadu",Thiruvannamalai,"Arani(Uzhavar Sandhai )",Beans,"Beans (Whole)",Local,28/07/2026,7200,8400,7800
"Tamil Nadu",Thiruvannamalai,"Arani(Uzhavar Sandhai )",Coconut,Coconut,Local,28/07/2026,3800,4500,4150
"Tamil Nadu",Thiruvannamalai,"Arani(Uzhavar Sandhai )",Ridgeguard(Tori),Ridgeguard(Tori),Local,28/07/2026,3500,4200,3850
"Tamil Nadu",Thiruvannamalai,"Arani(Uzhavar Sandhai )",Guava,"Guava Allahabad",Local,28/07/2026,4000,5000,4500
"Tamil Nadu",Thiruvannamalai,"Polur(Uzhavar Sandhai )",Banana,Besrai,Local,28/07/2026,4200,5000,4600
"Tamil Nadu",Thiruvannamalai,"Polur(Uzhavar Sandhai )",Potato,"Red Nanital",Local,28/07/2026,3300,4000,3650
"Tamil Nadu",Thiruvannamalai,"Polur(Uzhavar Sandhai )",Garlic,Garlic,Local,28/07/2026,20000,24000,22000
"Tamil Nadu",Thiruvannamalai,"Polur(Uzhavar Sandhai )","Bhindi(Ladies Finger)",Bhindi,Local,28/07/2026,3300,4000,3650
"Tamil Nadu",Thiruvannamalai,"Polur(Uzhavar Sandhai )",Amaranthus,Amaranthus,Local,28/07/2026,1600,2000,1800
"Tamil Nadu",Thiruvannamalai,"Polur(Uzhavar Sandhai )",Coconut,Coconut,Local,28/07/2026,4000,4500,4250
"Tamil Nadu",Thiruvannamalai,"Polur(Uzhavar Sandhai )","Sweet Potato","Hosur Red",Local,28/07/2026,3300,4000,3650
"Tamil Nadu",Thiruvannamalai,"Polur(Uzhavar Sandhai )",Raddish,Raddish,Local,28/07/2026,2500,3000,2750
"Tamil Nadu",Thiruvannamalai,"Polur(Uzhavar Sandhai )","Green Avare(W)","Green Avare (W)",Local,28/07/2026,5000,6000,5500
"Tamil Nadu",Thiruvannamalai,"Polur(Uzhavar Sandhai )",Drumstick,Drumstick,Local,28/07/2026,5000,6000,5500
"Tamil Nadu",Thiruvannamalai,"Polur(Uzhavar Sandhai )",Yam(Ratalu),"Yam (Ratalu)",Local,28/07/2026,5000,6000,5500
"Tamil Nadu",Thiruvannamalai,"Polur(Uzhavar Sandhai )",Mint(Pudina),Mint(Pudina),Local,28/07/2026,3300,4000,3650
"Tamil Nadu",Thiruvannamalai,"Polur(Uzhavar Sandhai )",Rose(Local),"Rose (Local)",Local,28/07/2026,16000,20000,18000
"Tamil Nadu",Thiruvannamalai,"Tiruvannamalai(Uzhavar Sandhai )",Mango,Safeda,Local,28/07/2026,5000,6000,5500
"Tamil Nadu",Thiruvannamalai,"Tiruvannamalai(Uzhavar Sandhai )",Chikoos(Sapota),Sapota,Local,28/07/2026,4000,5000,4500
"Tamil Nadu",Thiruvannamalai,"Tiruvannamalai(Uzhavar Sandhai )","Cluster beans","Cluster Beans",Local,28/07/2026,4000,4800,4400
"Tamil Nadu",Thiruvannamalai,"Tiruvannamalai(Uzhavar Sandhai )","Bitter gourd","Bitter Gourd",Local,28/07/2026,5000,6000,5500
"Tamil Nadu",Thiruvannamalai,"Tiruvannamalai(Uzhavar Sandhai )",Pumpkin,Pumpkin,Local,28/07/2026,2000,2500,2250
"Tamil Nadu",Thiruvannamalai,"Tiruvannamalai(Uzhavar Sandhai )","Green Chilli","Green Chilly",Local,28/07/2026,5000,6000,5500
"Tamil Nadu",Thiruvannamalai,"Tiruvannamalai(Uzhavar Sandhai )",Cowpea(Veg),"Cowpea (Veg)",Local,28/07/2026,5000,6000,5500
"Tamil Nadu",Thiruvannamalai,"Tiruvannamalai(Uzhavar Sandhai )",Tapioca,Tapioca,Local,28/07/2026,2500,3000,2750
"Tamil Nadu",Thiruvannamalai,"Tiruvannamalai(Uzhavar Sandhai )",Raddish,Raddish,Local,28/07/2026,2500,3000,2750
"Tamil Nadu",Thiruvannamalai,"Tiruvannamalai(Uzhavar Sandhai )","Green Avare(W)","Green Avare (W)",Local,28/07/2026,4800,5600,5200
"Tamil Nadu",Thiruvannamalai,"Tiruvannamalai(Uzhavar Sandhai )",Drumstick,Drumstick,Local,28/07/2026,5000,6000,5500
"Tamil Nadu",Thiruvannamalai,"Tiruvannamalai(Uzhavar Sandhai )","Jamun(Narale Hannu)",Jamun,Local,28/07/2026,18000,20000,19000
"Tamil Nadu",Thiruvannamalai,"Tiruvannamalai(Uzhavar Sandhai )",Guava,"Guava Allahabad",Local,28/07/2026,5000,6000,5500
"Tamil Nadu",Thiruvannamalai,"Tiruvannamalai(Uzhavar Sandhai )",Fig(Anjura/Anjeer),Anjura,Local,28/07/2026,7000,8000,7500
"Tamil Nadu",Thiruvannamalai,"Tiruvannamalai(Uzhavar Sandhai )","Onion Green","Onion Green",Local,28/07/2026,7000,8000,7500
"Tamil Nadu",Thiruvannamalai,"Tiruvannamalai(Uzhavar Sandhai )","Sweet Corn ","Sweet Corn ",Local,28/07/2026,3000,3500,3250
"Tamil Nadu",Thiruvellore,"Ambattur(Uzhavar Sandhai )",Onion,Bellary,Local,28/07/2026,3000,3000,3000
"Tamil Nadu",Thiruvellore,"Perambakkam(Uzhavar Sandhai )",Brinjal,Round,Local,28/07/2026,5000,5000,5000
"Tamil Nadu",Thiruvellore,"Perambakkam(Uzhavar Sandhai )","Cluster beans","Cluster Beans",Local,28/07/2026,4500,4500,4500
"Tamil Nadu",Thiruvellore,"Perambakkam(Uzhavar Sandhai )",Snakeguard,Snakeguard,Local,28/07/2026,4500,4500,4500
"Tamil Nadu",Tuticorin,"Kovilpatti(Uzhavar Sandhai )",Papaya,Papaya,Local,28/07/2026,2500,3000,2750
"Tamil Nadu",Tuticorin,"Kovilpatti(Uzhavar Sandhai )",Onion,Bellary,Local,28/07/2026,4000,4500,4250
"Tamil Nadu",Tuticorin,"Kovilpatti(Uzhavar Sandhai )",Brinjal,Other,Local,28/07/2026,3000,3500,3250
"Tamil Nadu",Tuticorin,"Kovilpatti(Uzhavar Sandhai )","Bitter gourd",Other,Local,28/07/2026,15000,16000,15500
"Tamil Nadu",Tuticorin,"Kovilpatti(Uzhavar Sandhai )",Pumpkin,Pumpkin,Local,28/07/2026,2500,3000,2750
"Tamil Nadu",Tuticorin,"Kovilpatti(Uzhavar Sandhai )",Amaranthus,Amaranthus,Local,28/07/2026,1500,1800,1650
"Tamil Nadu",Tuticorin,"Kovilpatti(Uzhavar Sandhai )",Coconut,Coconut,Local,28/07/2026,6500,7000,6750
"Tamil Nadu",Tuticorin,"Kovilpatti(Uzhavar Sandhai )",Capsicum,Capsicum,Local,28/07/2026,8000,8500,8250
"Tamil Nadu",Tuticorin,"Kovilpatti(Uzhavar Sandhai )","Green Avare(W)",Other,Local,28/07/2026,6000,6500,6250
"Tamil Nadu",Tuticorin,"Kovilpatti(Uzhavar Sandhai )",Lime,Lime,Local,28/07/2026,15000,16000,15500
"Tamil Nadu",Tuticorin,"Kovilpatti(Uzhavar Sandhai )",Guava,"Guava Allahabad",Local,28/07/2026,5000,5500,5250
"Tamil Nadu",Tuticorin,"Kovilpatti(Uzhavar Sandhai )",Lemon,Lemon,Local,28/07/2026,8000,8500,8250
"Tamil Nadu",Vellore,"Gudiyatham(Uzhavar Sandhai )",Banana,"Red Banana",Local,28/07/2026,8000,8000,8000
"Tamil Nadu",Vellore,"Gudiyatham(Uzhavar Sandhai )",Garlic,Garlic,Local,28/07/2026,23000,23000,23000
"Tamil Nadu",Vellore,"Gudiyatham(Uzhavar Sandhai )",Amaranthus,Amaranthus,Local,28/07/2026,4000,4000,4000
"Tamil Nadu",Vellore,"Gudiyatham(Uzhavar Sandhai )","Banana - Green","Banana - Green",Local,28/07/2026,3500,3500,3500
"Tamil Nadu",Vellore,"Gudiyatham(Uzhavar Sandhai )",Ridgeguard(Tori),Ridgeguard(Tori),Local,28/07/2026,4000,4000,4000
"Tamil Nadu",Vellore,"Gudiyatham(Uzhavar Sandhai )",Drumstick,Drumstick,Local,28/07/2026,5000,5000,5000
"Tamil Nadu",Vellore,"Gudiyatham(Uzhavar Sandhai )","Tamarind Fruit","Tamarind Fruit",Local,28/07/2026,10000,10000,10000
"Tamil Nadu",Vellore,"Gudiyatham(Uzhavar Sandhai )","Indian Beans(Seam)","Indian Beans (Seam)",Local,28/07/2026,6600,6600,6600
"Tamil Nadu",Vellore,"Kahithapattarai(Uzhavar Sandhai )",Apple,American,Local,28/07/2026,28000,28000,28000
"Tamil Nadu",Vellore,"Kahithapattarai(Uzhavar Sandhai )",Banana,Besrai,Local,28/07/2026,5000,5000,5000
"Tamil Nadu",Vellore,"Kahithapattarai(Uzhavar Sandhai )",Mango,Neelam,Local,28/07/2026,4000,5000,4500
"Tamil Nadu",Vellore,"Kahithapattarai(Uzhavar Sandhai )",Onion,Bellary,Local,28/07/2026,3800,3800,3800
"Tamil Nadu",Vellore,"Kahithapattarai(Uzhavar Sandhai )",Brinjal,Other,Local,28/07/2026,3500,3500,3500
"Tamil Nadu",Vellore,"Kahithapattarai(Uzhavar Sandhai )","Bitter gourd",Other,Local,28/07/2026,6000,6000,6000
"Tamil Nadu",Vellore,"Kahithapattarai(Uzhavar Sandhai )","Bottle gourd","Bottle Gourd",Local,28/07/2026,2000,3000,2500
"Tamil Nadu",Vellore,"Kahithapattarai(Uzhavar Sandhai )","Banana - Green","Banana - Green",Local,28/07/2026,5000,5000,5000
"Tamil Nadu",Vellore,"Kahithapattarai(Uzhavar Sandhai )",Beans,"Beans (Whole)",Local,28/07/2026,8000,8000,8000
"Tamil Nadu",Vellore,"Kahithapattarai(Uzhavar Sandhai )",Thondekai,Thondekai,Local,28/07/2026,4000,4000,4000
"Tamil Nadu",Vellore,"Kahithapattarai(Uzhavar Sandhai )",Pomegranate,Pomogranate,Local,28/07/2026,22000,22000,22000
"Tamil Nadu",Vellore,"Kahithapattarai(Uzhavar Sandhai )","Tamarind Fruit","Tamarind Fruit",Local,28/07/2026,16000,16000,16000
"Tamil Nadu",Vellore,"Kahithapattarai(Uzhavar Sandhai )","Indian Beans(Seam)","Indian Beans (Seam)",Local,28/07/2026,4500,4500,4500
"Tamil Nadu",Vellore,"Kahithapattarai(Uzhavar Sandhai )","Onion Green","Onion Green",Local,28/07/2026,4500,4500,4500
"Andhra Pradesh",Palnadu,"Narasaraopet APMC",Paddy(Common),Paddy,FAQ,28/07/2026,3300,3300,3300
"Andhra Pradesh",Palnadu,"Narasaraopet APMC",Rice,"B P T",FAQ,28/07/2026,6000,6000,6000
"Andhra Pradesh",Palnadu,"Narasaraopet APMC","Bengal Gram(Gram)(Whole)","Desi (Whole)",FAQ,28/07/2026,6200,6200,6200
"Andhra Pradesh",Palnadu,"Narasaraopet APMC","Green Gram(Moong)(Whole)","Local (Whole)",FAQ,28/07/2026,7000,7000,7000
Haryana,Rewari,"Rewari APMC",Banana,Other,Medium,28/07/2026,1500,4000,2500
Punjab,Hoshiarpur,"Mukerian APMC",Apple,Apple,"Grade B",28/07/2026,13000,15000,14000
Punjab,Ludhiana,"Ludhiana APMC",Onion,Other,FAQ,28/07/2026,1000,2600,1700
Punjab,Ludhiana,"Ludhiana APMC",Ridgeguard(Tori),Other,FAQ,28/07/2026,1800,2800,2200
Punjab,Ludhiana,"Ludhiana APMC",Raddish,Raddish,FAQ,28/07/2026,200,900,500
Punjab,Ludhiana,"Ludhiana APMC",Ashgourd,Other,FAQ,28/07/2026,1000,2000,1500
Punjab,Ludhiana,"Ludhiana APMC",Brinjal,Other,FAQ,28/07/2026,700,2000,1200
"Andaman and Nicobar","North and Middle Andaman ","Diglipur Vegetable Market (Subhashgram)","Bhindi(Ladies Finger)",Other,FAQ,28/07/2026,4000,8000,6000
"Andaman and Nicobar","North and Middle Andaman ","Diglipur Vegetable Market (Subhashgram)","Little gourd(Kundru)",Other,FAQ,28/07/2026,3000,6000,4500
"Andaman and Nicobar","North and Middle Andaman ","Diglipur Vegetable Market (Subhashgram)",Cowpea(Veg),"Cowpea (Veg)",FAQ,28/07/2026,3000,6000,4500
"Andaman and Nicobar","North and Middle Andaman ","Diglipur Vegetable Market (Subhashgram)","Black Gram(Urd Beans)(Whole)",Other,FAQ,28/07/2026,8000,12000,9500
"Andaman and Nicobar","North and Middle Andaman ","Diglipur Vegetable Market (Subhashgram)",Banana,"Banana - Ripe",Local,28/07/2026,3000,6000,4500
"Andhra Pradesh",Dr.B.R.A.Konaseema,"Ambajipeta APMC",Banana,"Banana - Ripe",Medium,28/07/2026,1040,2240,1640
Keralam,Kottayam,"Pampady Market",Beetroot,Beetroot,FAQ,28/07/2026,4500,6000,5500
Keralam,Kottayam,"Pampady Market",Pumpkin,Pumpkin,FAQ,28/07/2026,2500,3500,3000
Keralam,Kottayam,"Pampady Market","Elephant Yam(Suran)/Amorphophallus",Other,FAQ,28/07/2026,5000,6500,6000
Keralam,Kottayam,"Pampady Market",Cowpea(Veg),"Cowpea (Veg)",FAQ,28/07/2026,6500,7500,7000
Keralam,Kottayam,"Pampady Market",Cucumbar(Kheera),Cucumbar,FAQ,28/07/2026,2000,3500,3000
Keralam,Kottayam,"Pampady Market",Drumstick,Drumstick,FAQ,28/07/2026,7500,8500,8000
Keralam,Kottayam,"Pampady Market",Ginger(Green),"Green Ginger",FAQ,28/07/2026,30000,35000,33000
Keralam,Kottayam,"Pampady Market","Green Chilli","Green Chilly",FAQ,28/07/2026,5000,7000,6000
"Tamil Nadu",Thiruvannamalai,"Cheyyar(Uzhavar Sandhai )",Onion,Bellary,Local,28/07/2026,3200,4000,3600
"Tamil Nadu",Thiruvannamalai,"Cheyyar(Uzhavar Sandhai )",Brinjal,Other,Local,28/07/2026,4800,6000,5400
"Tamil Nadu",Thiruvannamalai,"Cheyyar(Uzhavar Sandhai )","Bitter gourd",Other,Local,28/07/2026,3200,4000,3600
"Tamil Nadu",Thiruvannamalai,"Cheyyar(Uzhavar Sandhai )","Bhindi(Ladies Finger)",Bhindi,Local,28/07/2026,3200,4000,3600
"Tamil Nadu",Thiruvannamalai,"Cheyyar(Uzhavar Sandhai )",Carrot,Pusakesar,Local,28/07/2026,6500,8000,7250
"Tamil Nadu",Thiruvannamalai,"Cheyyar(Uzhavar Sandhai )",Cucumbar(Kheera),Cucumbar,Local,28/07/2026,2500,3000,2750
"Tamil Nadu",Thiruvannamalai,"Cheyyar(Uzhavar Sandhai )","Chow Chow","Chow Chow",Local,28/07/2026,3500,4200,3850
"Tamil Nadu",Thiruvannamalai,"Cheyyar(Uzhavar Sandhai )","Tender Coconut","Tender Coconut",Local,28/07/2026,2000,2500,2250
"Tamil Nadu",Thiruvannamalai,"Cheyyar(Uzhavar Sandhai )",Colacasia,Colacasia,Local,28/07/2026,3200,4000,3600
"Andhra Pradesh",Anakapally,"Chodavaram APMC",Cashewnuts,Local(Raw),Local,28/07/2026,8000,12000,10000
"Andhra Pradesh","Sri Sathya Sai","Madakasira APMC",Groundnut,Local,FAQ,28/07/2026,7300,7300,7300
"Andhra Pradesh",Dr.B.R.A.Konaseema,"Mummidivaram APMC",Fish,"Katla (Small)",FAQ,28/07/2026,9900,10000,9900
"Andhra Pradesh",Vijayanagaram,"Pusapatirega APMC",Maize,Local,FAQ,28/07/2026,4800,4800,4800
Odisha,Sundergarh,"Panposh APMC",Brinjal,Brinjal,FAQ,28/07/2026,3000,4000,3500
"Tamil Nadu",Ariyalur,"Ariyalur(Uzhavar Sandhai)",Amaranthus,Amaranthus,Local,28/07/2026,3000,3500,3250
"Tamil Nadu",Ariyalur,"Ariyalur(Uzhavar Sandhai)",Coconut,Coconut,Local,28/07/2026,5000,6000,5500
Haryana,Mahendragarh-Narnaul,"Narnaul APMC","Bhindi(Ladies Finger)",Bhindi,Medium,28/07/2026,1500,3000,2500
Haryana,Mahendragarh-Narnaul,"Narnaul APMC",Tinda,Tinda,Medium,28/07/2026,2000,4000,3000
Haryana,Mahendragarh-Narnaul,"Narnaul APMC",Tomato,Tomato,Medium,28/07/2026,2000,3800,3000
Haryana,Mahendragarh-Narnaul,"Narnaul APMC",Capsicum,Capsicum,Medium,28/07/2026,5000,7000,6000
Haryana,Mahendragarh-Narnaul,"Narnaul APMC",Onion,Onion,Medium,28/07/2026,2000,2800,2500
Uttarakhand,Haridwar,"Haridwar Union APMC","Mousambi(Sweet Lime)",Mousambi,"Grade B",28/07/2026,4500,5500,5000
Uttarakhand,Haridwar,"Haridwar Union APMC",Onion,Nasik,FAQ,28/07/2026,1300,2000,1550
Uttarakhand,Haridwar,"Haridwar Union APMC","Bhindi(Ladies Finger)",Bhindi,FAQ,28/07/2026,1200,2000,1500
Uttarakhand,Haridwar,"Haridwar Union APMC",Capsicum,Capsicum,FAQ,28/07/2026,1800,2600,2200
"Uttar Pradesh",Amroha,"Hasanpur APMC","Banana - Green","Banana - Green",FAQ,28/07/2026,1450,1520,1500
"Uttar Pradesh",Amroha,"Hasanpur APMC",Brinjal,Round/Long,FAQ,28/07/2026,1000,1020,1010
"Uttar Pradesh",Amroha,"Hasanpur APMC",Cabbage,Cabbage,FAQ,28/07/2026,1450,1520,1500
Punjab,Ludhiana,"Doraha APMC",Capsicum,Capsicum,Local,28/07/2026,4000,5000,4500
Punjab,Ludhiana,"Doraha APMC","Squash(Chappal Kadoo)",Other,Local,28/07/2026,800,1200,1000
Punjab,Ludhiana,"Doraha APMC",Cucumbar(Kheera),Cucumbar,Local,28/07/2026,2000,2000,2000
Punjab,Ludhiana,"Doraha APMC","Bitter gourd",Other,Local,28/07/2026,2000,3000,2500
Keralam,Idukki,"Munnar Market","Green Avare(W)","Green Avare (W)",Medium,28/07/2026,7500,7500,7500
Keralam,Idukki,"Munnar Market","Indian Beans(Seam)","Indian Beans (Seam)",Medium,28/07/2026,6000,6000,6000
Keralam,Idukki,"Munnar Market",Mint(Pudina),Mint(Pudina),Medium,28/07/2026,9000,9000,9000
Keralam,Idukki,"Munnar Market",Onion,Big,Medium,28/07/2026,4500,4500,4500
Keralam,Idukki,"Munnar Market",Onion,Small,Medium,28/07/2026,6700,6700,6700
Keralam,Alappuzha,"Chengannur Market","Elephant Yam(Suran)/Amorphophallus",Amorphophallus,FAQ,28/07/2026,4900,5200,5000
Keralam,Alappuzha,"Chengannur Market",Cabbage,Other,FAQ,28/07/2026,3500,4200,4000
Keralam,Alappuzha,"Chengannur Market",Brinjal,Brinjal,FAQ,28/07/2026,3800,4100,4000
Keralam,Alappuzha,"Chengannur Market",Cowpea(Veg),"Cowpea (Veg)",FAQ,28/07/2026,4800,5200,5000
Keralam,Alappuzha,"Chengannur Market",Garlic,Garlic,FAQ,28/07/2026,19500,20000,20000
Keralam,Alappuzha,"Chengannur Market",Potato,Other,FAQ,28/07/2026,2900,3200,3000
Keralam,Alappuzha,"Chengannur Market",Ginger(Green),"Green Ginger",FAQ,28/07/2026,15500,16200,16000
Keralam,Alappuzha,"Chengannur Market",Onion,Big,FAQ,28/07/2026,3000,3300,3200
Keralam,Alappuzha,"Chengannur Market",Tomato,Tomato,FAQ,28/07/2026,3800,4200,4000
"Andhra Pradesh",Kakinada,"Jaggampet APMC",Paddy(Common),Common,FAQ,28/07/2026,2369,2380,2369
"Andhra Pradesh","YSR Kadapa","Yerraguntla APMC",Onion,Local,FAQ,28/07/2026,2600,3000,2800
Punjab,Gurdaspur,"Kalanaur APMC","Bhindi(Ladies Finger)",Other,"Grade A",28/07/2026,4100,4100,4100
"Uttar Pradesh","Khiri (Lakhimpur)","Maigalganj APMC",Cucumbar(Kheera),Cucumbar,FAQ,28/07/2026,920,970,945
"Uttar Pradesh","Khiri (Lakhimpur)","Maigalganj APMC","Bottle gourd","Bottle Gourd",FAQ,28/07/2026,1120,1160,1140
"Himachal Pradesh",Kangra,"SMY Baijnath",Pumpkin,Pumpkin,"Grade A",28/07/2026,2700,2800,2800
"Himachal Pradesh",Kangra,"SMY Baijnath",Capsicum,Capsicum,"Grade A",28/07/2026,7000,7200,7200
"Himachal Pradesh",Kangra,"SMY Baijnath","Bitter gourd","Bitter Gourd","Grade A",28/07/2026,3200,3600,3500
"Himachal Pradesh",Kangra,"SMY Baijnath","Bhindi(Ladies Finger)",Bhindi,"Grade A",28/07/2026,4000,4500,4200
"Himachal Pradesh",Kangra,"SMY Jaisinghpur",Papaya,Other,Medium,28/07/2026,4600,4800,4700
"Himachal Pradesh",Kangra,"SMY Jaisinghpur",Tomato,Tomato,FAQ,28/07/2026,2200,3200,2700
"Andhra Pradesh",Visakhapatnam,"Visakhapatnam APMC",Ghee,Other,"Grade Range-1",28/07/2026,58250,58250,58250
"Andhra Pradesh",Visakhapatnam,"Visakhapatnam APMC",Rice,"B P T","Grade Range-1",28/07/2026,5800,5800,5800
Keralam,Kozhikode(Calicut),"Quilandy Market","Bottle gourd",Other,FAQ,28/07/2026,3500,4000,3700
Keralam,Kozhikode(Calicut),"Quilandy Market",Cauliflower,Other,FAQ,28/07/2026,3800,4000,4000
Keralam,Kozhikode(Calicut),"Quilandy Market","Elephant Yam(Suran)/Amorphophallus",Other,FAQ,28/07/2026,4500,4800,4600
Keralam,Kozhikode(Calicut),"Quilandy Market",Coriander(Leaves),Other,FAQ,28/07/2026,7800,8000,8000
"Tamil Nadu",Coimbatore,"Mettupalayam(Uzhavar Sandhai )","Water Melon","Water Melon",Local,28/07/2026,2000,2500,2250
"Tamil Nadu",Coimbatore,"Mettupalayam(Uzhavar Sandhai )",Mango,Safeda,Local,28/07/2026,7000,10000,8500
"Tamil Nadu",Coimbatore,"Mettupalayam(Uzhavar Sandhai )",Coriander(Leaves),"I Sort",Local,28/07/2026,5000,6000,5500
"Tamil Nadu",Coimbatore,"Mettupalayam(Uzhavar Sandhai )","Cluster beans","Cluster Beans",Local,28/07/2026,3500,4000,3750
"Tamil Nadu",Coimbatore,"Mettupalayam(Uzhavar Sandhai )",Pumpkin,Pumpkin,Local,28/07/2026,1500,2000,1750
"Tamil Nadu",Coimbatore,"Mettupalayam(Uzhavar Sandhai )",Cucumbar(Kheera),Cucumbar,Local,28/07/2026,4000,4500,4250
"Tamil Nadu",Coimbatore,"Mettupalayam(Uzhavar Sandhai )",Raddish,Raddish,Local,28/07/2026,3000,3800,3400
"Tamil Nadu",Coimbatore,"Mettupalayam(Uzhavar Sandhai )",Lemon,Lemon,Local,28/07/2026,7000,7500,7250
"Tamil Nadu",Erode,"Sathiyamagalam(Uzhavar Sandhai )",Tomato,Local,Local,28/07/2026,1400,1800,1600
"Tamil Nadu",Erode,"Sathiyamagalam(Uzhavar Sandhai )",Coriander(Leaves),"I Sort",Local,28/07/2026,4500,5000,4750
"Tamil Nadu",Erode,"Sathiyamagalam(Uzhavar Sandhai )","Bottle gourd","Bottle Gourd",Local,28/07/2026,1500,2000,1750
"Tamil Nadu",Erode,"Sathiyamagalam(Uzhavar Sandhai )",Amaranthus,Amaranthus,Local,28/07/2026,3500,4000,3750
"Tamil Nadu",Erode,"Sathiyamagalam(Uzhavar Sandhai )",Cucumbar(Kheera),Cucumbar,Local,28/07/2026,3000,3600,3300
"Tamil Nadu",Erode,"Sathiyamagalam(Uzhavar Sandhai )",Ridgeguard(Tori),Ridgeguard(Tori),Local,28/07/2026,5000,5300,5150
"Tamil Nadu",Erode,"Sathiyamagalam(Uzhavar Sandhai )","Chow Chow","Chow Chow",Local,28/07/2026,2500,3000,2750
"Tamil Nadu",Erode,"Sathiyamagalam(Uzhavar Sandhai )",Drumstick,Drumstick,Local,28/07/2026,6500,7000,6750
"Tamil Nadu",Erode,"Sathiyamagalam(Uzhavar Sandhai )","Onion Green","Onion Green",Local,28/07/2026,5500,6000,5750
"Tamil Nadu",Namakkal,"Tiruchengode APMC",Papaya,Papaya,Local,28/07/2026,3000,3500,3250
"Tamil Nadu",Namakkal,"Tiruchengode APMC",Onion,Bellary,Local,28/07/2026,4000,4500,4250
"Tamil Nadu",Namakkal,"Tiruchengode APMC",Coriander(Leaves),"I Sort",Local,28/07/2026,9000,10000,9500
"Tamil Nadu",Namakkal,"Tiruchengode APMC","Green Chilli","Green Chilly",Local,28/07/2026,4500,5000,4750
"Tamil Nadu",Namakkal,"Tiruchengode APMC","Banana - Green","Banana - Green",Local,28/07/2026,3000,3500,3250
"Tamil Nadu",Namakkal,"Tiruchengode APMC",Beetroot,Beetroot,Local,28/07/2026,7000,8000,7500
"Tamil Nadu",Namakkal,"Tiruchengode APMC",Raddish,Raddish,Local,28/07/2026,2600,3000,2800
"Tamil Nadu",Namakkal,"Tiruchengode APMC",Lemon,Lemon,Local,28/07/2026,4500,5000,4750
"Tamil Nadu",Namakkal,"Tiruchengode APMC","Sweet Corn ","Sweet Corn ",Local,28/07/2026,4500,5000,4750
"Tamil Nadu",Ariyalur,"Jeyankondam (Uzhavar Sandhai )","Bottle gourd","Bottle Gourd",Local,28/07/2026,2500,3000,2750
"Tamil Nadu",Coimbatore,"RSPuram(Uzhavar Sandhai )",Banana,"Red Banana",Local,28/07/2026,7400,7800,7600
"Tamil Nadu",Coimbatore,"RSPuram(Uzhavar Sandhai )","Green Peas","Green Peas",Local,28/07/2026,23000,24000,23500
"Tamil Nadu",Coimbatore,"RSPuram(Uzhavar Sandhai )","Bottle gourd","Bottle Gourd",Local,28/07/2026,2200,2800,2500
"Tamil Nadu",Coimbatore,"RSPuram(Uzhavar Sandhai )",Cowpea(Veg),"Cowpea (Veg)",Local,28/07/2026,3000,3500,3250
"Tamil Nadu",Coimbatore,"RSPuram(Uzhavar Sandhai )",Tapioca,Tapioca,Local,28/07/2026,3000,3400,3200
"Tamil Nadu",Coimbatore,"RSPuram(Uzhavar Sandhai )","Sweet Potato","Hosur Red",Local,28/07/2026,3500,4000,3750
"Tamil Nadu",Coimbatore,"RSPuram(Uzhavar Sandhai )",Snakeguard,Snakeguard,Local,28/07/2026,2800,3400,3100
"Tamil Nadu",Coimbatore,"RSPuram(Uzhavar Sandhai )","Knool Khol","Knool Khol",Local,28/07/2026,5000,5500,5250
"Tamil Nadu",Coimbatore,"RSPuram(Uzhavar Sandhai )","Custard Apple(Sharifa)","Custard Apple(Sharifa)",Local,28/07/2026,5000,6000,5500
"Tamil Nadu",Coimbatore,"RSPuram(Uzhavar Sandhai )","Onion Green","Onion Green",Local,28/07/2026,5000,5600,5300
"Tamil Nadu",Coimbatore,"RSPuram(Uzhavar Sandhai )",Mint(Pudina),Mint(Pudina),Local,28/07/2026,6500,7000,6750
"Tamil Nadu",Coimbatore,"Singanallur(Uzhavar Sandhai )",Orange,Darjeeling,Local,28/07/2026,10000,12000,11000
"Tamil Nadu",Coimbatore,"Singanallur(Uzhavar Sandhai )",Onion,Bellary,Local,28/07/2026,3200,3600,3400
"Tamil Nadu",Coimbatore,"Singanallur(Uzhavar Sandhai )",Potato,Other,Local,28/07/2026,6000,6600,6300
"Tamil Nadu",Coimbatore,"Singanallur(Uzhavar Sandhai )",Cauliflower,Ranchi,Local,28/07/2026,4000,4500,4250
"Tamil Nadu",Coimbatore,"Singanallur(Uzhavar Sandhai )",Brinjal,Other,Local,28/07/2026,4800,5400,5100
"Tamil Nadu",Coimbatore,"Singanallur(Uzhavar Sandhai )",Coriander(Leaves),"I Sort",Local,28/07/2026,6000,6500,6250
"Tamil Nadu",Coimbatore,"Singanallur(Uzhavar Sandhai )","Cluster beans","Cluster Beans",Local,28/07/2026,3200,3600,3400
"Tamil Nadu",Coimbatore,"Singanallur(Uzhavar Sandhai )",Ashgourd,Gouard,Local,28/07/2026,1500,2000,1750
"Tamil Nadu",Coimbatore,"Singanallur(Uzhavar Sandhai )",Pumpkin,Pumpkin,Local,28/07/2026,1500,2000,1750
"Tamil Nadu",Coimbatore,"Singanallur(Uzhavar Sandhai )","Bhindi(Ladies Finger)",Bhindi,Local,28/07/2026,4500,5000,4750
"Tamil Nadu",Coimbatore,"Singanallur(Uzhavar Sandhai )","Green Chilli","Green Chilly",Local,28/07/2026,4500,5000,4750
"Tamil Nadu",Coimbatore,"Singanallur(Uzhavar Sandhai )","Banana - Green","Banana - Green",Local,28/07/2026,3500,4000,3750
"Tamil Nadu",Coimbatore,"Singanallur(Uzhavar Sandhai )",Coconut,Coconut,Local,28/07/2026,5500,5800,5650
"Tamil Nadu",Coimbatore,"Singanallur(Uzhavar Sandhai )",Cabbage,Cabbage,Local,28/07/2026,3500,3800,3650
"Tamil Nadu",Coimbatore,"Singanallur(Uzhavar Sandhai )",Cucumbar(Kheera),Cucumbar,Local,28/07/2026,4000,4500,4250
"Tamil Nadu",Coimbatore,"Singanallur(Uzhavar Sandhai )","Green Avare(W)",Other,Local,28/07/2026,6000,6800,6400
"Tamil Nadu",Coimbatore,"Pollachi(Uzhavar Sandhai )",Potato,"Red Nanital",Local,28/07/2026,4000,6500,5250
"Tamil Nadu",Coimbatore,"Pollachi(Uzhavar Sandhai )",Garlic,Garlic,Local,28/07/2026,18000,22000,20000
"Tamil Nadu",Coimbatore,"Pollachi(Uzhavar Sandhai )","Bottle gourd","Bottle Gourd",Local,28/07/2026,2500,3000,2750
"Tamil Nadu",Coimbatore,"Pollachi(Uzhavar Sandhai )",Snakeguard,Snakeguard,Local,28/07/2026,3000,3500,3250
"Tamil Nadu",Coimbatore,"Pollachi(Uzhavar Sandhai )",Beetroot,Beetroot,Local,28/07/2026,5000,9000,7000
"Tamil Nadu",Coimbatore,"Pollachi(Uzhavar Sandhai )",Raddish,Raddish,Local,28/07/2026,4000,4500,4250
"Tamil Nadu",Coimbatore,"Pollachi(Uzhavar Sandhai )",Mint(Pudina),Mint(Pudina),Local,28/07/2026,6000,7000,6500
Telangana,"Ranga Reddy","Vanasthalipuram,RBZ ","Bitter gourd","Bitter Gourd",Local,28/07/2026,3300,3300,3300
Telangana,"Ranga Reddy","Vanasthalipuram,RBZ ",Onion,Onion,Local,28/07/2026,3000,3000,3000
Telangana,"Ranga Reddy","Vanasthalipuram,RBZ ",Ridgeguard(Tori),Ridgeguard(Tori),Local,28/07/2026,3800,3800,3800
Telangana,"Ranga Reddy","Vanasthalipuram,RBZ ","French Beans(Frasbean)",Other,Local,28/07/2026,7500,7500,7500
"Tamil Nadu",Karur,"Karur(Uzhavar Sandhai )",Papaya,Papaya,Local,28/07/2026,3000,3500,3250
"Tamil Nadu",Karur,"Karur(Uzhavar Sandhai )",Onion,Bellary,Local,28/07/2026,3500,4000,3750
"Tamil Nadu",Karur,"Karur(Uzhavar Sandhai )",Ashgourd,Gouard,Local,28/07/2026,2300,2800,2550
"Tamil Nadu",Karur,"Karur(Uzhavar Sandhai )","Banana - Green","Banana - Green",Local,28/07/2026,2500,3000,2750
"Tamil Nadu",Karur,"Karur(Uzhavar Sandhai )",Snakeguard,Snakeguard,Local,28/07/2026,3500,4000,3750
"Tamil Nadu",Karur,"Karur(Uzhavar Sandhai )","Green Avare(W)",Other,Local,28/07/2026,7000,8000,7500
Tripura,"South Tripura",Manubazar,Cucumbar(Kheera),Cucumbar,"Grade A",28/07/2026,5300,5500,5400
"Tamil Nadu",Coimbatore,"Kurichi(Uzhavar Sandhai )",Banana,"Red Banana",Local,28/07/2026,7400,7800,7600
"Tamil Nadu",Coimbatore,"Kurichi(Uzhavar Sandhai )","Bitter gourd",Other,Local,28/07/2026,6000,6800,6400
"Tamil Nadu",Coimbatore,"Kurichi(Uzhavar Sandhai )",Pumpkin,Pumpkin,Local,28/07/2026,1500,1800,1650
"Tamil Nadu",Coimbatore,"Kurichi(Uzhavar Sandhai )",Coconut,Coconut,Local,28/07/2026,5400,5600,5500
"Tamil Nadu",Coimbatore,"Kurichi(Uzhavar Sandhai )",Snakeguard,Snakeguard,Local,28/07/2026,3000,3500,3250
"Tamil Nadu",Coimbatore,"Kurichi(Uzhavar Sandhai )",Ridgeguard(Tori),Ridgeguard(Tori),Local,28/07/2026,5500,6000,5750
"Tamil Nadu",Coimbatore,"Kurichi(Uzhavar Sandhai )",Raddish,Raddish,Local,28/07/2026,3800,4200,4000
"Tamil Nadu",Coimbatore,"Kurichi(Uzhavar Sandhai )",Thondekai,Thondekai,Local,28/07/2026,4500,5000,4750
"Tamil Nadu",Coimbatore,"Kurichi(Uzhavar Sandhai )",Guava,"Guava Allahabad",Local,28/07/2026,5500,6000,5750
"Tamil Nadu",Coimbatore,"Kurichi(Uzhavar Sandhai )","Onion Green","Onion Green",Local,28/07/2026,5400,5800,5600
"Tamil Nadu",Cuddalore,"Chidambaram(Uzhavar Sandhai )",Potato,"Red Nanital",Local,28/07/2026,4000,4000,4000
"Tamil Nadu",Cuddalore,"Chidambaram(Uzhavar Sandhai )","Bottle gourd","Bottle Gourd",Local,28/07/2026,3000,3000,3000
"Tamil Nadu",Cuddalore,"Chidambaram(Uzhavar Sandhai )","Bhindi(Ladies Finger)",Bhindi,Local,28/07/2026,3500,3500,3500
"Tamil Nadu",Cuddalore,"Chidambaram(Uzhavar Sandhai )",Coconut,Coconut,Local,28/07/2026,5000,6000,5500
"Tamil Nadu",Cuddalore,"Cuddalore(Uzhavar Sandhai )",Mango,Safeda,Local,28/07/2026,5000,7000,6000
"Tamil Nadu",Cuddalore,"Cuddalore(Uzhavar Sandhai )",Potato,"Red Nanital",Local,28/07/2026,3000,3000,3000
"Tamil Nadu",Cuddalore,"Cuddalore(Uzhavar Sandhai )",Tomato,Deshi,Local,28/07/2026,2000,2000,2000
"Tamil Nadu",Cuddalore,"Cuddalore(Uzhavar Sandhai )","Cluster beans","Cluster Beans",Local,28/07/2026,5000,5000,5000
"Tamil Nadu",Cuddalore,"Cuddalore(Uzhavar Sandhai )",Capsicum,Capsicum,Local,28/07/2026,8000,8000,8000
"Tamil Nadu",Cuddalore,"Cuddalore(Uzhavar Sandhai )",Yam(Ratalu),"Yam (Ratalu)",Local,28/07/2026,6000,6000,6000
"Tamil Nadu",Cuddalore,"Cuddalore(Uzhavar Sandhai )","Amla(Nelli Kai)",Amla,Local,28/07/2026,9000,9000,9000
"Tamil Nadu",Chengalpattu,"Thirukalukundram(Uzhavar Sandhai )",Papaya,Papaya,Local,28/07/2026,3500,4000,3750
"Tamil Nadu",Chengalpattu,"Thirukalukundram(Uzhavar Sandhai )",Garlic,Garlic,Local,28/07/2026,18000,20000,19000
"Tamil Nadu",Chengalpattu,"Thirukalukundram(Uzhavar Sandhai )",Brinjal,Other,Local,28/07/2026,3700,4200,3950
"Tamil Nadu",Chengalpattu,"Thirukalukundram(Uzhavar Sandhai )",Tomato,Local,Local,28/07/2026,2000,2200,2100
"Tamil Nadu",Chengalpattu,"Thirukalukundram(Uzhavar Sandhai )","Bhindi(Ladies Finger)",Bhindi,Local,28/07/2026,3300,3500,3400
"Tamil Nadu",Chengalpattu,"Thirukalukundram(Uzhavar Sandhai )","Green Chilli","Green Chilly",Local,28/07/2026,6500,7000,6750
"Tamil Nadu",Chengalpattu,"Thirukalukundram(Uzhavar Sandhai )",Beans,"Beans (Whole)",Local,28/07/2026,8000,8500,8250
"Tamil Nadu",Chengalpattu,"Thirukalukundram(Uzhavar Sandhai )",Coconut,Coconut,Local,28/07/2026,5000,5200,5100
"Tamil Nadu",Chengalpattu,"Thirukalukundram(Uzhavar Sandhai )",Guava,"Guava Allahabad",Local,28/07/2026,4500,5000,4750
"Tamil Nadu",Tuticorin,"Tuticorin(Uzhavar Sandhai )",Orange,Darjeeling,Local,28/07/2026,9000,10000,9500
"Tamil Nadu",Tuticorin,"Tuticorin(Uzhavar Sandhai )",Mango,Safeda,Local,28/07/2026,4500,5000,4750
"Tamil Nadu",Tuticorin,"Tuticorin(Uzhavar Sandhai )",Onion,Bellary,Local,28/07/2026,4000,4500,4250
"Tamil Nadu",Tuticorin,"Tuticorin(Uzhavar Sandhai )",Garlic,Garlic,Local,28/07/2026,21000,22000,21500
"Tamil Nadu",Tuticorin,"Tuticorin(Uzhavar Sandhai )",Cauliflower,Ranchi,Local,28/07/2026,4500,5000,4750
"Tamil Nadu",Tuticorin,"Tuticorin(Uzhavar Sandhai )",Coriander(Leaves),"I Sort",Local,28/07/2026,8000,9000,8500
"Tamil Nadu",Tuticorin,"Tuticorin(Uzhavar Sandhai )",Chikoos(Sapota),Sapota,Local,28/07/2026,4000,5000,4500
"Tamil Nadu",Tuticorin,"Tuticorin(Uzhavar Sandhai )",Carrot,Pusakesar,Local,28/07/2026,10000,11000,10500
"Tamil Nadu",Tuticorin,"Tuticorin(Uzhavar Sandhai )",Cucumbar(Kheera),Cucumbar,Local,28/07/2026,4500,5000,4750
"Tamil Nadu",Tuticorin,"Tuticorin(Uzhavar Sandhai )","Chow Chow","Chow Chow",Local,28/07/2026,4000,4500,4250
"Tamil Nadu",Tuticorin,"Tuticorin(Uzhavar Sandhai )","Elephant Yam(Suran)/Amorphophallus","Elephant Yam (Suran)",Local,28/07/2026,3500,4000,3750
"Tamil Nadu",Tuticorin,"Tuticorin(Uzhavar Sandhai )","Amla(Nelli Kai)",Amla,Local,28/07/2026,7500,8000,7750
"Tamil Nadu","Nagercoil (Kannyiakumari)","Vadaseri APMC",Papaya,Papaya,Local,28/07/2026,3500,4000,3750
"Tamil Nadu","Nagercoil (Kannyiakumari)","Vadaseri APMC",Pineapple,"Pine Apple",Local,28/07/2026,4500,5000,4750
"Tamil Nadu","Nagercoil (Kannyiakumari)","Vadaseri APMC",Potato,"Red Nanital",Local,28/07/2026,3000,3500,3250
"Tamil Nadu","Nagercoil (Kannyiakumari)","Vadaseri APMC",Brinjal,Round,Local,28/07/2026,5500,6000,5750
"Tamil Nadu","Nagercoil (Kannyiakumari)","Vadaseri APMC","Banana - Green","Banana - Green",Local,28/07/2026,5500,6000,5750
"Tamil Nadu","Nagercoil (Kannyiakumari)","Vadaseri APMC","Chow Chow","Chow Chow",Local,28/07/2026,4500,5000,4750
"Tamil Nadu","Nagercoil (Kannyiakumari)","Vadaseri APMC",Jasmine,Jasmine,Local,28/07/2026,40000,50000,45000
"Tamil Nadu",Pudukkottai,"Karambakkudi(Uzhavar Sandhai )",Papaya,Papaya,Local,28/07/2026,2500,3000,2750
"Tamil Nadu",Pudukkottai,"Karambakkudi(Uzhavar Sandhai )",Onion,Bellary,Local,28/07/2026,4000,4500,4250
"Tamil Nadu",Pudukkottai,"Karambakkudi(Uzhavar Sandhai )",Coriander(Leaves),"I Sort",Local,28/07/2026,4000,5000,4500
"Tamil Nadu",Pudukkottai,"Karambakkudi(Uzhavar Sandhai )",Tomato,Other,Local,28/07/2026,2000,2500,2250
"Tamil Nadu",Pudukkottai,"Karambakkudi(Uzhavar Sandhai )","Banana - Green","Banana - Green",Local,28/07/2026,2500,3000,2750
"Madhya Pradesh",Morena,"Kailaras APMC",Potato,Other,FAQ,28/07/2026,600,600,600
"Madhya Pradesh",Damoh,"Javera APMC",Wheat,Wheat,FAQ,28/07/2026,2450,2450,2450
"Madhya Pradesh",Satna,"Amarpatan APMC",Wheat,"Mill Quality",FAQ,28/07/2026,2525,2525,2525
"Tamil Nadu",Vellore,"Thirupathur APMC",Banana,Besrai,Local,28/07/2026,4000,4000,4000
"Tamil Nadu",Vellore,"Thirupathur APMC","Bitter gourd","Bitter Gourd",Local,28/07/2026,5000,5000,5000
"Tamil Nadu",Vellore,"Thirupathur APMC",Amaranthus,Amaranthus,Local,28/07/2026,2000,2000,2000
"Tamil Nadu",Vellore,"Thirupathur APMC","Green Chilli","Green Chilly",Local,28/07/2026,6000,6000,6000
"Tamil Nadu",Vellore,"Thirupathur APMC","Sweet Potato","Hosur Red",Local,28/07/2026,4000,4000,4000
"Tamil Nadu",Vellore,"Thirupathur APMC",Carrot,Pusakesar,Local,28/07/2026,6400,6400,6400
"Tamil Nadu",Vellore,"Thirupathur APMC",Beetroot,Beetroot,Local,28/07/2026,5000,5000,5000
"Tamil Nadu",Vellore,"Thirupathur APMC",Ridgeguard(Tori),Ridgeguard(Tori),Local,28/07/2026,4000,4000,4000
"Tamil Nadu",Vellore,"Thirupathur APMC","Jamun(Narale Hannu)",Jamun,Local,28/07/2026,10000,10000,10000
"Tamil Nadu",Vellore,"Vellore APMC",Onion,Bellary,Local,28/07/2026,3600,3600,3600
"Tamil Nadu",Vellore,"Vellore APMC",Brinjal,Other,Local,28/07/2026,4500,4500,4500
"Tamil Nadu",Vellore,"Vellore APMC","Cluster beans","Cluster Beans",Local,28/07/2026,3500,3500,3500
"Tamil Nadu",Vellore,"Vellore APMC",Beans,"Beans (Whole)",Local,28/07/2026,9000,9000,9000
Bihar,Sheikhpura,"Shekhpura APMC",Wheat,"147 Average",FAQ,28/07/2026,2500,2600,2550
Bihar,Supaul,"Supaul APMC",Brinjal,Brinjal,"Grade A",28/07/2026,2600,3000,2800
"Tamil Nadu",Dharmapuri,"Harur(Uzhavar Sandhai )",Papaya,Papaya,Local,28/07/2026,2000,2500,2250
"Tamil Nadu",Dharmapuri,"Harur(Uzhavar Sandhai )","Cluster beans","Cluster Beans",Local,28/07/2026,3500,4000,3750
"Tamil Nadu",Dharmapuri,"Harur(Uzhavar Sandhai )","Bhindi(Ladies Finger)",Bhindi,Local,28/07/2026,2000,2500,2250
"Tamil Nadu",Dharmapuri,"Harur(Uzhavar Sandhai )","Green Chilli","Green Chilly",Local,28/07/2026,4500,5000,4750
"Tamil Nadu",Dharmapuri,"Harur(Uzhavar Sandhai )",Beans,"Beans (Whole)",Local,28/07/2026,9000,10000,9500
"Tamil Nadu",Dharmapuri,"Harur(Uzhavar Sandhai )",Ginger(Green),"Green Ginger",Local,28/07/2026,15000,20000,17500
"Tamil Nadu",Dharmapuri,"Harur(Uzhavar Sandhai )",Mint(Pudina),Mint(Pudina),Local,28/07/2026,4500,5000,4750
"Tamil Nadu",Krishnagiri,"Kaveripattinam(Uzhavar Sandhai )",Potato,"Red Nanital",Local,28/07/2026,4000,4000,4000
"Tamil Nadu",Krishnagiri,"Kaveripattinam(Uzhavar Sandhai )",Pumpkin,Pumpkin,Local,28/07/2026,2500,2500,2500
"Tamil Nadu",Krishnagiri,"Kaveripattinam(Uzhavar Sandhai )",Beans,"Beans (Whole)",Local,28/07/2026,9000,9000,9000
"Tamil Nadu","The Nilgiris","Coonoor(Uzhavar Sandhai )",Potato,Other,Local,28/07/2026,5500,6000,5750
"Tamil Nadu","The Nilgiris","Coonoor(Uzhavar Sandhai )",Garlic,Garlic,Local,28/07/2026,19000,20000,19500
"Tamil Nadu","The Nilgiris","Coonoor(Uzhavar Sandhai )",Tapioca,Tapioca,Local,28/07/2026,3500,4000,3750
"Tamil Nadu","The Nilgiris","Coonoor(Uzhavar Sandhai )",Ginger(Green),"Green Ginger",Local,28/07/2026,16000,17000,16500
"Tamil Nadu","The Nilgiris","Coonoor(Uzhavar Sandhai )",Cucumbar(Kheera),Cucumbar,Local,28/07/2026,4500,5000,4750
"Tamil Nadu","The Nilgiris","Coonoor(Uzhavar Sandhai )",Drumstick,Drumstick,Local,28/07/2026,5000,5400,5200
"Tamil Nadu","The Nilgiris","Gudalur(Uzhavar Sandhai )",Garlic,Garlic,Local,28/07/2026,20000,22000,21000
"Tamil Nadu","The Nilgiris","Gudalur(Uzhavar Sandhai )",Coriander(Leaves),"I Sort",Local,28/07/2026,6500,7000,6750
"Himachal Pradesh",Kangra,"SMY Palampur","Mousambi(Sweet Lime)",Mousambi,Medium,28/07/2026,6000,7000,6500
"Himachal Pradesh",Kangra,"SMY Palampur",Plum,Other,Medium,28/07/2026,4000,6000,5000
"Himachal Pradesh",Kangra,"SMY Palampur",Tinda,Tinda,FAQ,28/07/2026,5500,6000,5800
"Himachal Pradesh",Kangra,"SMY Palampur","French Beans(Frasbean)",Other,FAQ,28/07/2026,6000,6500,6200
"Himachal Pradesh",Kangra,"SMY Palampur","Bitter gourd","Bitter Gourd",FAQ,28/07/2026,3500,4000,3800
"Himachal Pradesh",Kangra,"SMY Palampur",Carrot,Carrot,FAQ,28/07/2026,3000,3500,3200
"Himachal Pradesh",Kangra,"SMY Palampur",Mashrooms,Mashrooms,FAQ,28/07/2026,16000,18000,17000
"West Bengal","Paschim Bardhaman","Asansol APMC",Tomato,Hybrid,FAQ,28/07/2026,2800,3050,2950
Punjab,Tarntaran,"Patti APMC",Brinjal,Other,Local,28/07/2026,1,1,1
Punjab,Tarntaran,"Patti APMC",Colacasia,Other,Local,28/07/2026,2.5,2.5,2.5
Punjab,Tarntaran,"Patti APMC",Tomato,Other,Local,28/07/2026,1,1,1
Punjab,Tarntaran,"Patti APMC",Capsicum,Other,Local,28/07/2026,3000,3000,3000
"Andhra Pradesh",NTR,"Vijayawada APMC",Paddy(Common),1001,Local,28/07/2026,2369,2369,2369
Uttarakhand,Dehradoon,"Vikasnagar APMC",Cabbage,Cabbage,Medium,28/07/2026,600,800,800
Punjab,Mohali,"Lalru APMC","Peas Wet",Other,Local,28/07/2026,8500,8500,8500
Haryana,Sonipat,"Gohana APMC","Bhindi(Ladies Finger)",Other,Medium,28/07/2026,2000,2600,2200
Haryana,Sonipat,"Gohana APMC","Pea Pod/Pea Cod/हरी मटर",Other,Medium,28/07/2026,8000,10000,9000
Haryana,Sonipat,"Gohana APMC","Bitter gourd",Other,Medium,28/07/2026,2000,3000,2500
Haryana,Sonipat,"Gohana APMC",Mango,Other,Medium,28/07/2026,4000,6000,5000
Haryana,Sonipat,"Gohana APMC",Banana,Other,Medium,28/07/2026,2000,2500,2200
Haryana,Hissar,"Hansi APMC",Pineapple,Other,"Grade B",28/07/2026,3000,4000,3500
Haryana,Hissar,"Hansi APMC",Brinjal,Other,FAQ,28/07/2026,2500,3000,2750
Haryana,Hissar,"Hansi APMC","Bhindi(Ladies Finger)",Other,FAQ,28/07/2026,2000,2500,2250
Haryana,Hissar,"Hansi APMC",Cucumbar(Kheera),Other,FAQ,28/07/2026,2000,3000,2500
Haryana,Hissar,"Hansi APMC",Tomato,Other,FAQ,28/07/2026,2500,3500,3000
Punjab,Amritsar,"Rayya APMC",Ridgeguard(Tori),Other,FAQ,28/07/2026,2105,2105,2105
Gujarat,Amreli,"Bagasara APMC","Red gram/Arhar/Tur(whole)","777 New Ind",Local,28/07/2026,6750,6870,6810
"Andhra Pradesh",Bapatla,"Kuchinapudi APMC",Maize,Local,Local,28/07/2026,2800,3000,2900
"Andhra Pradesh",Prakasam,"Maddipadu APMC","Bengal Gram(Gram)(Whole)",Gulabi,FAQ,28/07/2026,5900,5900,5900
Keralam,Kozhikode(Calicut),"Mukkom Market","Banana - Green","Banana - Green",FAQ,28/07/2026,3200,3600,3400
Keralam,Kozhikode(Calicut),"Mukkom Market",Coconut,Other,FAQ,28/07/2026,5000,5300,5100
Keralam,Kozhikode(Calicut),"Mukkom Market",Ashgourd,Other,FAQ,28/07/2026,1600,1900,1800
Keralam,Kozhikode(Calicut),"Mukkom Market",Grapes,Other,Large,28/07/2026,8000,9000,8500
Keralam,Kozhikode(Calicut),"Mukkom Market","Bhindi(Ladies Finger)",Bhindi,FAQ,28/07/2026,4000,4500,4200
Keralam,Kozhikode(Calicut),"Mukkom Market","Bitter gourd","Bitter Gourd",FAQ,28/07/2026,6000,6400,6200
Keralam,Kozhikode(Calicut),"Mukkom Market",Pineapple,Other,Large,28/07/2026,7000,8000,7400
Keralam,Kozhikode(Calicut),"Mukkom Market",Potato,Potato,FAQ,28/07/2026,2800,3200,3000
Keralam,Kozhikode(Calicut),"Mukkom Market",Pumpkin,Pumpkin,FAQ,28/07/2026,1800,2200,2000
Haryana,Sonipat,"Ganaur APMC",Potato,Potato,FAQ,28/07/2026,1000,1500,1200
Haryana,Sonipat,"Ganaur APMC",Onion,Onion,FAQ,28/07/2026,3000,4000,3500
Haryana,Sonipat,"Ganaur APMC",Cauliflower,Other,Medium,28/07/2026,4000,5000,4500
Haryana,Sonipat,"Ganaur APMC",Banana,"Banana - Ripe",Medium,28/07/2026,3000,4000,3500
Haryana,Sonipat,"Ganaur APMC",Spinach,Spinach,Medium,28/07/2026,2000,3000,2500
Haryana,Sonipat,"Ganaur APMC","Mousambi(Sweet Lime)",Mousambi,Medium,28/07/2026,6000,7000,6500
Haryana,Kurukshetra,"Shahabad APMC",Colacasia,Other,Medium,28/07/2026,1500,1800,1600
Rajasthan,Hanumangarh,"Sangriya APMC",Potato,Potato,Local,28/07/2026,800,1700,1100
Rajasthan,Jhunjhunu,"Nawalgarh APMC",Mustard,Mustard,Local,28/07/2026,7550,7550,7550
Rajasthan,Jalore,"Jalore APMC","Cluster beans",Other,Local,28/07/2026,3000,3500,3300
Rajasthan,Jalore,"Jalore APMC",Capsicum,Other,Local,28/07/2026,2800,3200,3000
Keralam,Thiruvananthapuram,"Vamanapuram Market","Banana - Green",Other,Local,28/07/2026,5500,6000,6000
Keralam,Thiruvananthapuram,"Vamanapuram Market",Cowpea(Veg),Other,Local,28/07/2026,5500,6000,5500
Keralam,Thiruvananthapuram,"Vamanapuram Market",Snakeguard,Other,Local,28/07/2026,3500,4000,3500
Keralam,Ernakulam,"Perumbavoor Market",Cabbage,Cabbage,Medium,28/07/2026,3500,4300,4000
Keralam,Ernakulam,"Perumbavoor Market",Colacasia,Other,Medium,28/07/2026,4500,5500,5000
Keralam,Ernakulam,"Perumbavoor Market",Cucumbar(Kheera),Cucumbar,Medium,28/07/2026,2000,2800,2400
Keralam,Ernakulam,"Perumbavoor Market","Field Pea","Field Pea",Medium,28/07/2026,3500,4500,4000
Keralam,Ernakulam,"Perumbavoor Market",Pumpkin,Pumpkin,Large,28/07/2026,1600,2200,2000
Keralam,Ernakulam,"Perumbavoor Market",Tapioca,Tapioca,Medium,28/07/2026,2000,3000,2500
"Andhra Pradesh",Bapatla,"Parchur APMC",Cotton,"Cotton (Unginned)",Local,28/07/2026,7300,7500,7300
"Andhra Pradesh",Bapatla,"Parchur APMC",Paddy(Common),Paddy,Local,28/07/2026,2300,2500,2300
"Andhra Pradesh",Bapatla,"Parchur APMC","Black Gram(Urd Beans)(Whole)",Local,Local,28/07/2026,7500,8500,8000
"Tamil Nadu",Kancheepuram,"Thirukkalukundram APMC",Paddy(Common),"ADT 37",Local,28/07/2026,1800,2000,1900
"Madhya Pradesh",Balaghat,"Balaghat APMC",Wheat,Wheat,Non-FAQ,28/07/2026,2050,2200,2200
"Tamil Nadu",Thanjavur,"Tirukattupalli(Uzhavar Sandhai )",Onion,Bellary,Local,28/07/2026,4000,4000,4000
"Tamil Nadu",Thanjavur,"Tirukattupalli(Uzhavar Sandhai )",Pumpkin,Pumpkin,Local,28/07/2026,2400,2400,2400
"Tamil Nadu",Thanjavur,"Tirukattupalli(Uzhavar Sandhai )",Coconut,Coconut,Local,28/07/2026,6000,6000,6000
"Tamil Nadu",Thiruchirappalli,"Thuraiyur APMC","Green Chilli","Green Chilly",Local,28/07/2026,5000,5000,5000
"Tamil Nadu",Thiruchirappalli,"Thuraiyur APMC",Capsicum,Capsicum,Local,28/07/2026,6000,6000,6000
"Tamil Nadu",Thiruchirappalli,"Thuraiyur APMC",Drumstick,Drumstick,Local,28/07/2026,4500,5500,5000
"Tamil Nadu",Thiruchirappalli,"Thuraiyur APMC",Guava,"Guava Allahabad",Local,28/07/2026,8000,8000,8000
"Tamil Nadu",Thiruchirappalli,"Thuraiyur APMC","Amla(Nelli Kai)",Amla,Local,28/07/2026,8000,8000,8000
"Tamil Nadu",Villupuram,"Tindivanam APMC",Mango,Safeda,Local,28/07/2026,5000,5000,5000
"Tamil Nadu",Villupuram,"Tindivanam APMC",Onion,Bellary,Local,28/07/2026,3400,3400,3400
"Tamil Nadu",Villupuram,"Tindivanam APMC",Tomato,Deshi,Local,28/07/2026,1600,1600,1600
"Tamil Nadu",Villupuram,"Tindivanam APMC","Banana - Green","Banana - Green",Local,28/07/2026,5000,5000,5000
"Tamil Nadu",Villupuram,"Tindivanam APMC",Tapioca,Tapioca,Local,28/07/2026,4500,4500,4500
"Tamil Nadu",Villupuram,"Tindivanam APMC",Carrot,Pusakesar,Local,28/07/2026,7600,7600,7600
"Tamil Nadu",Villupuram,"Tindivanam APMC",Snakeguard,Snakeguard,Local,28/07/2026,4000,4000,4000
"Tamil Nadu",Villupuram,"Tindivanam APMC",Cucumbar(Kheera),Cucumbar,Local,28/07/2026,4000,4000,4000
"Tamil Nadu",Villupuram,"Tindivanam APMC",Thondekai,Thondekai,Local,28/07/2026,3500,3500,3500
"Tamil Nadu",Villupuram,"Tindivanam APMC","Chow Chow","Chow Chow",Local,28/07/2026,4600,4600,4600
"Tamil Nadu",Villupuram,"Tindivanam APMC",Marigold(Calcutta),Marigold(Calcutta),Local,28/07/2026,40000,40000,40000
"Tamil Nadu",Villupuram,"Tindivanam APMC",Yam(Ratalu),"Yam (Ratalu)",Local,28/07/2026,6000,6000,6000
"Tamil Nadu",Villupuram,"Tindivanam APMC",Mint(Pudina),Mint(Pudina),Local,28/07/2026,4000,4000,4000
"Tamil Nadu",Villupuram,"Tindivanam APMC",Rose(Local),"Rose (Local)",Local,28/07/2026,30000,30000,30000
"Tamil Nadu",Villupuram,"Ulundurpettai APMC",Brinjal,Round,Local,28/07/2026,8000,8000,8000
"Tamil Nadu",Villupuram,"Ulundurpettai APMC",Coriander(Leaves),"I Sort",Local,28/07/2026,6000,6000,6000
"Tamil Nadu",Villupuram,"Ulundurpettai APMC",Pumpkin,Pumpkin,Local,28/07/2026,2500,2500,2500
"Tamil Nadu",Villupuram,"Ulundurpettai APMC","Green Chilli","Green Chilly",Local,28/07/2026,6000,6000,6000
"Tamil Nadu",Villupuram,"Ulundurpettai APMC",Ridgeguard(Tori),Ridgeguard(Tori),Local,28/07/2026,6000,6000,6000
"Tamil Nadu",Villupuram,"Ulundurpettai APMC","Tender Coconut","Tender Coconut",Local,28/07/2026,3000,3000,3000
Maharashtra,Pune,"Pune(Moshi) APMC",Cauliflower,Other,Local,28/07/2026,1500,2000,1750
Maharashtra,Pune,"Pune(Moshi) APMC","Bitter gourd",Other,Local,28/07/2026,2000,3000,2500
Maharashtra,Pune,"Pune(Moshi) APMC",Cabbage,Other,Local,28/07/2026,1000,1500,1250
Maharashtra,Pune,"Pune(Moshi) APMC","Pointed gourd(Parval)",Other,Local,28/07/2026,5000,7000,6000
Maharashtra,Pune,"Pune(Moshi) APMC",Tomato,Local,Local,28/07/2026,1000,1500,1250
Maharashtra,Pune,"Pune(Moshi) APMC","Peas Wet",Other,Local,28/07/2026,12000,12000,12000
Maharashtra,Pune,"Pune(Moshi) APMC",Mango,Other,Local,28/07/2026,4000,10000,7000
Maharashtra,Pune,"Pune(Moshi) APMC",Banana,Other,Local,28/07/2026,3000,9000,6000
Maharashtra,Ratnagiri,"Ratnagiri (Nachane) APMC","Bhindi(Ladies Finger)",Other,Local,28/07/2026,3000,4000,3500
Maharashtra,Ratnagiri,"Ratnagiri (Nachane) APMC","French Beans(Frasbean)",Other,Local,28/07/2026,4500,5500,5000
Telangana,Suryapet,"Huzurnagar APMC",Paddy(Common),"B P T",Local,28/07/2026,2389,2389,2389
"Madhya Pradesh",Tikamgarh,"Niwadi APMC",Wheat,"Mill Quality",Non-FAQ,28/07/2026,2500,2516,2516
Gujarat,Anand,"Khambhat(Veg Yard Khambhat) APMC",Mango(Raw-Ripe),"Mango - Raw-Ripe",Local,28/07/2026,3500,5500,4500
Gujarat,Anand,"Khambhat(Veg Yard Khambhat) APMC",Brinjal,Other,Local,28/07/2026,800,1500,1000
Gujarat,Anand,"Khambhat(Veg Yard Khambhat) APMC",Guar,Other,Local,28/07/2026,6000,9000,7500
Gujarat,Anand,"Khambhat(Veg Yard Khambhat) APMC",Cabbage,Other,Local,28/07/2026,2500,3000,2500
Gujarat,Surat,"Mahuva(Anaval) APMC","Pointed gourd(Parval)",Other,Local,28/07/2026,2650,2750,2700
Gujarat,Rajkot,"Dhoraji APMC","Castor Seed","Castor seed",Local,28/07/2026,6580,6805,6755
Gujarat,Rajkot,"Dhoraji APMC","Ground Nut Seed","Ground Nut Seed",Local,28/07/2026,9005,10030,9505
Gujarat,Jamnagar,"Kalawad APMC","Castor Seed",Other,Local,28/07/2026,4800,4800,4800
"Tamil Nadu",Madurai,"Chokkikulam(Uzhavar Sandhai )",Tomato,Deshi,Local,28/07/2026,2000,2200,2100
"Tamil Nadu",Madurai,"Chokkikulam(Uzhavar Sandhai )",Tapioca,Tapioca,Local,28/07/2026,3000,4000,3500
"Tamil Nadu",Madurai,"Chokkikulam(Uzhavar Sandhai )",Snakeguard,Snakeguard,Local,28/07/2026,4000,4500,4250
"Tamil Nadu",Madurai,"Chokkikulam(Uzhavar Sandhai )","Knool Khol","Knool Khol",Local,28/07/2026,5500,6500,6000
"Tamil Nadu",Madurai,"Chokkikulam(Uzhavar Sandhai )",Pomegranate,Pomogranate,Local,28/07/2026,18000,20000,19000
"Tamil Nadu",Madurai,"Chokkikulam(Uzhavar Sandhai )",Yam(Ratalu),"Yam (Ratalu)",Local,28/07/2026,7000,8000,7500
"Tamil Nadu",Madurai,"Chokkikulam(Uzhavar Sandhai )","Onion Green","Onion Green",Local,28/07/2026,5500,6000,5750
"Tamil Nadu",Madurai,"Chokkikulam(Uzhavar Sandhai )",Mint(Pudina),Mint(Pudina),Local,28/07/2026,4000,4500,4250
Gujarat,Amreli,"The Agricultural Produce Market Committee-Amreli",Cotton,Other,FAQ,28/07/2026,5250,9775,9250
Gujarat,Amreli,"The Agricultural Produce Market Committee-Amreli","Castor Seed","Castor seed",FAQ,28/07/2026,5000,6700,6700
Gujarat,Amreli,"The Agricultural Produce Market Committee-Amreli","Sesamum(Sesame,Gingelly,Til)",White,FAQ,28/07/2026,6800,13350,11975
Gujarat,Amreli,"The Agricultural Produce Market Committee-Amreli","Methi Seeds",Methiseeds,FAQ,28/07/2026,5000,6650,6125
Gujarat,Surat,"Surat APMC","Bhindi(Ladies Finger)",Bhindi,FAQ,28/07/2026,2000,6000,4000
Gujarat,Surat,"Surat APMC",Carrot,Carrot,FAQ,28/07/2026,2000,2800,2400
Gujarat,Surat,"Surat APMC",Cucumbar(Kheera),Cucumbar,FAQ,28/07/2026,2000,6000,4000
Gujarat,Surat,"Surat APMC","Indian Beans(Seam)",Other,FAQ,28/07/2026,3500,6500,5000
Gujarat,Surat,"Surat APMC",Papaya(Raw),Other,FAQ,28/07/2026,700,1400,1050
Gujarat,Surat,"Surat APMC","Pegeon Pea(Arhar Fali)",Other,FAQ,28/07/2026,4000,12000,8000
Gujarat,Surat,"Surat APMC",Turmeric(raw),Other,FAQ,28/07/2026,2500,7000,4750
"Andhra Pradesh",NTR,"Mylavaram APMC",Paddy(Common),1001,FAQ,28/07/2026,2369,2369,2369
"Andhra Pradesh",NTR,"Mylavaram APMC",Cotton,Bunny,"Grade Range-3",28/07/2026,7100,7100,7100
"Andhra Pradesh",Prakasam,"Ongole APMC",Paddy(Common),"B P T",Local,28/07/2026,2500,2500,2500
"Andhra Pradesh",Prakasam,"Kandukur APMC",Paddy(Common),Other,Local,28/07/2026,2380,2450,2410
Keralam,Kozhikode(Calicut),"Vengeri(Kozhikode) Market","Bitter gourd","Bitter Gourd",FAQ,28/07/2026,6000,6300,6300
"Andhra Pradesh",Palnadu,"Pidugurala APMC",Paddy(Common),Paddy,FAQ,28/07/2026,2400,2490,2450
Keralam,Thiruvananthapuram,"Chala Market",Orange,Other,"Grade Range-1",28/07/2026,14000,14000,14000
Keralam,Thiruvananthapuram,"Chala Market",Ashgourd,Other,FAQ,28/07/2026,1800,1900,1900
Uttarakhand,Haridwar,"Roorkee APMC",Cauliflower,Other,Local,28/07/2026,700,1000,800
Uttarakhand,Haridwar,"Roorkee APMC",Cucumbar(Kheera),Other,Local,28/07/2026,500,700,600
Uttarakhand,Haridwar,"Roorkee APMC",Onion,Other,Medium,28/07/2026,2000,4000,3000
"Tamil Nadu",Cuddalore,"Viruthachalam(Uzhavar Sandhai )",Banana,Besrai,Local,28/07/2026,4000,7000,5500
"Tamil Nadu",Cuddalore,"Viruthachalam(Uzhavar Sandhai )",Potato,"Red Nanital",Local,28/07/2026,4000,4000,4000
"Tamil Nadu",Cuddalore,"Viruthachalam(Uzhavar Sandhai )","Bitter gourd","Bitter Gourd",Local,28/07/2026,6000,6000,6000
"Tamil Nadu",Cuddalore,"Viruthachalam(Uzhavar Sandhai )","Green Chilli","Green Chilly",Local,28/07/2026,4000,4000,4000
"Tamil Nadu",Cuddalore,"Viruthachalam(Uzhavar Sandhai )","Banana - Green","Banana - Green",Local,28/07/2026,2500,2500,2500
"Tamil Nadu",Cuddalore,"Viruthachalam(Uzhavar Sandhai )",Coconut,Coconut,Local,28/07/2026,5000,5000,5000
"Tamil Nadu",Cuddalore,"Viruthachalam(Uzhavar Sandhai )",Carrot,Pusakesar,Local,28/07/2026,9000,9000,9000
"Tamil Nadu",Cuddalore,"Viruthachalam(Uzhavar Sandhai )",Snakeguard,Snakeguard,Local,28/07/2026,3000,3000,3000
"Tamil Nadu",Cuddalore,"Viruthachalam(Uzhavar Sandhai )",Drumstick,Drumstick,Local,28/07/2026,3000,3000,3000
"Tamil Nadu",Dharmapuri,"Dharmapuri(Uzhavar Sandhai )",Mango,Safeda,Local,28/07/2026,4800,5000,4900
"Tamil Nadu",Dharmapuri,"Dharmapuri(Uzhavar Sandhai )",Tomato,Deshi,Local,28/07/2026,1400,1600,1500
"Tamil Nadu",Dharmapuri,"Dharmapuri(Uzhavar Sandhai )","Bhindi(Ladies Finger)",Bhindi,Local,28/07/2026,1800,2000,1900
"Tamil Nadu",Dharmapuri,"Dharmapuri(Uzhavar Sandhai )",Amaranthus,Amaranthus,Local,28/07/2026,4400,4600,4500
"Tamil Nadu",Dharmapuri,"Dharmapuri(Uzhavar Sandhai )","Banana - Green","Banana - Green",Local,28/07/2026,2800,3000,2900
"Tamil Nadu",Dharmapuri,"Dharmapuri(Uzhavar Sandhai )",Coconut,Coconut,Local,28/07/2026,6500,6800,6650
"Tamil Nadu",Dharmapuri,"Dharmapuri(Uzhavar Sandhai )","Knool Khol","Knool Khol",Local,28/07/2026,5600,6000,5800
"Tamil Nadu",Dharmapuri,"Dharmapuri(Uzhavar Sandhai )",Guava,"Guava Allahabad",Local,28/07/2026,5600,6000,5800
"Tamil Nadu",Dharmapuri,"Dharmapuri(Uzhavar Sandhai )","Elephant Yam(Suran)/Amorphophallus","Elephant Yam (Suran)",Local,28/07/2026,5400,5600,5500
"Tamil Nadu",Dharmapuri,"Dharmapuri(Uzhavar Sandhai )","Amla(Nelli Kai)",Amla,Local,28/07/2026,6200,6500,6350
"Tamil Nadu",Dharmapuri,"Dharmapuri(Uzhavar Sandhai )",Mint(Pudina),Mint(Pudina),Local,28/07/2026,7600,8000,7800
"Tamil Nadu",Dharmapuri,"Palacode(Uzhavar Sandhai )","Bitter gourd",Other,Local,28/07/2026,4600,4800,4700
"Tamil Nadu",Dharmapuri,"Palacode(Uzhavar Sandhai )","Bottle gourd","Bottle Gourd",Local,28/07/2026,1400,1600,1500
"Tamil Nadu",Dharmapuri,"Palacode(Uzhavar Sandhai )","Banana - Green","Banana - Green",Local,28/07/2026,2000,2500,2250
"Tamil Nadu",Dharmapuri,"Palacode(Uzhavar Sandhai )",Snakeguard,Snakeguard,Local,28/07/2026,2600,2800,2700
"Tamil Nadu",Dharmapuri,"Palacode(Uzhavar Sandhai )",Thondekai,Thondekai,Local,28/07/2026,5800,6000,5900
"Tamil Nadu",Dharmapuri,"Palacode(Uzhavar Sandhai )",Drumstick,Drumstick,Local,28/07/2026,5000,5500,5250
"Tamil Nadu",Dharmapuri,"Palacode(Uzhavar Sandhai )",Guava,"Guava Allahabad",Local,28/07/2026,5500,6000,5750
"Tamil Nadu",Erode,"Periyar Nagar(Uzhavar Sandhai )",Brinjal,Other,Local,28/07/2026,4600,5000,4800
"Tamil Nadu",Erode,"Periyar Nagar(Uzhavar Sandhai )",Coriander(Leaves),"I Sort",Local,28/07/2026,4600,5000,4800
"Tamil Nadu",Erode,"Periyar Nagar(Uzhavar Sandhai )","Bitter gourd",Other,Local,28/07/2026,5600,6000,5800
"Tamil Nadu",Erode,"Periyar Nagar(Uzhavar Sandhai )","Green Chilli","Green Chilly",Local,28/07/2026,3600,4000,3800
"Tamil Nadu",Erode,"Periyar Nagar(Uzhavar Sandhai )","Sweet Potato","Hosur Red",Local,28/07/2026,3600,4000,3800
"Tamil Nadu",Erode,"Periyar Nagar(Uzhavar Sandhai )",Raddish,Raddish,Local,28/07/2026,2600,3000,2800
"Tamil Nadu",Erode,"Periyar Nagar(Uzhavar Sandhai )","Tender Coconut","Tender Coconut",Local,28/07/2026,3500,4000,3750
"Tamil Nadu",Erode,"Periyar Nagar(Uzhavar Sandhai )",Lemon,Lemon,Local,28/07/2026,10000,11000,10500
"Tamil Nadu",Erode,"Periyar Nagar(Uzhavar Sandhai )","Onion Green","Onion Green",Local,28/07/2026,4500,5000,4750
"Tamil Nadu",Erode,"Perundurai(Uzhavar Sandhai )",Papaya,Papaya,Local,28/07/2026,2600,3000,2800
"Tamil Nadu",Erode,"Perundurai(Uzhavar Sandhai )",Banana,Besrai,Local,28/07/2026,2500,2800,2650
"Tamil Nadu",Erode,"Perundurai(Uzhavar Sandhai )",Brinjal,Round,Local,28/07/2026,3500,3800,3650
"Tamil Nadu",Erode,"Perundurai(Uzhavar Sandhai )","Bottle gourd","Bottle Gourd",Local,28/07/2026,1800,2000,1900
"Tamil Nadu",Erode,"Perundurai(Uzhavar Sandhai )",Pumpkin,Pumpkin,Local,28/07/2026,2000,2400,2200
"Tamil Nadu",Erode,"Perundurai(Uzhavar Sandhai )",Beans,"Beans (Whole)",Local,28/07/2026,8500,8800,8650
"Tamil Nadu",Erode,"Perundurai(Uzhavar Sandhai )",Coconut,Coconut,Local,28/07/2026,4000,4400,4200
"Tamil Nadu",Erode,"Perundurai(Uzhavar Sandhai )",Mint(Pudina),Mint(Pudina),Local,28/07/2026,3000,3400,3200
"Tamil Nadu",Erode,"Thalavadi(Uzhavar Sandhai )",Papaya,Papaya,Local,28/07/2026,2000,2400,2200
"Tamil Nadu",Erode,"Thalavadi(Uzhavar Sandhai )",Banana,"Red Banana",Local,28/07/2026,5500,6000,5750
"Tamil Nadu",Erode,"Thalavadi(Uzhavar Sandhai )",Coriander(Leaves),"I Sort",Local,28/07/2026,4400,4800,4600
"Tamil Nadu",Erode,"Thalavadi(Uzhavar Sandhai )","Bitter gourd",Other,Local,28/07/2026,5500,6000,5750
"Tamil Nadu",Erode,"Thalavadi(Uzhavar Sandhai )",Pumpkin,Pumpkin,Local,28/07/2026,1000,1300,1150
"Tamil Nadu",Erode,"Thalavadi(Uzhavar Sandhai )",Amaranthus,Amaranthus,Local,28/07/2026,3500,4000,3750
"Tamil Nadu",Erode,"Thalavadi(Uzhavar Sandhai )",Beans,"Beans (Whole)",Local,28/07/2026,5500,6000,5750
"Tamil Nadu",Erode,"Thalavadi(Uzhavar Sandhai )",Tapioca,Tapioca,Local,28/07/2026,2500,3000,2750
"Tamil Nadu",Erode,"Thalavadi(Uzhavar Sandhai )","Green Avare(W)",Other,Local,28/07/2026,5000,5500,5250
"Tamil Nadu",Erode,"Thalavadi(Uzhavar Sandhai )",Drumstick,Drumstick,Local,28/07/2026,6000,6500,6250
"Tamil Nadu",Erode,"Thalavadi(Uzhavar Sandhai )",Mint(Pudina),Mint(Pudina),Local,28/07/2026,4400,4800,4600
"Tamil Nadu",Kallakuruchi,"Sankarapuram(Uzhavar Sandhai )",Banana,Besrai,Local,28/07/2026,4000,4000,4000
"Tamil Nadu",Kallakuruchi,"Sankarapuram(Uzhavar Sandhai )",Mango,Neelam,Local,28/07/2026,5000,5000,5000
"Tamil Nadu",Kallakuruchi,"Sankarapuram(Uzhavar Sandhai )",Onion,Bellary,Local,28/07/2026,4000,4000,4000
"Tamil Nadu",Kallakuruchi,"Sankarapuram(Uzhavar Sandhai )","Bitter gourd","Bitter Gourd",Local,28/07/2026,7000,7000,7000
"Tamil Nadu",Kallakuruchi,"Sankarapuram(Uzhavar Sandhai )","Bottle gourd","Bottle Gourd",Local,28/07/2026,2500,2500,2500
"Tamil Nadu",Kallakuruchi,"Sankarapuram(Uzhavar Sandhai )","Banana - Green","Banana - Green",Local,28/07/2026,3000,3000,3000
"Tamil Nadu",Kallakuruchi,"Sankarapuram(Uzhavar Sandhai )",Ridgeguard(Tori),Ridgeguard(Tori),Local,28/07/2026,6000,6000,6000
"Tamil Nadu",Kallakuruchi,"Sankarapuram(Uzhavar Sandhai )",Raddish,Raddish,Local,28/07/2026,4000,4000,4000
"Tamil Nadu",Kallakuruchi,"Sankarapuram(Uzhavar Sandhai )",Thondekai,Thondekai,Local,28/07/2026,5000,5000,5000
"Tamil Nadu",Kallakuruchi,"Sankarapuram(Uzhavar Sandhai )","Green Avare(W)","Green Avare (W)",Local,28/07/2026,8000,8000,8000
"Tamil Nadu",Kallakuruchi,"Sankarapuram(Uzhavar Sandhai )","Jack Fruit(Ripe)","Jack Fruit",Local,28/07/2026,2000,2000,2000
"Tamil Nadu",Kancheepuram,"Kundrathur(Uzhavar Sandhai )",Banana,"Red Banana",Local,28/07/2026,7000,8000,7500
"Tamil Nadu",Kancheepuram,"Kundrathur(Uzhavar Sandhai )",Grapes,Annabesahai,Local,28/07/2026,8000,8000,8000
"Tamil Nadu",Kancheepuram,"Kundrathur(Uzhavar Sandhai )","Cluster beans","Cluster Beans",Local,28/07/2026,4500,4500,4500
"Tamil Nadu",Kancheepuram,"Kundrathur(Uzhavar Sandhai )","Bitter gourd","Bitter Gourd",Local,28/07/2026,4000,4000,4000
"Tamil Nadu",Kancheepuram,"Kundrathur(Uzhavar Sandhai )","Banana - Green","Banana - Green",Local,28/07/2026,3000,3000,3000
"Tamil Nadu",Kancheepuram,"Kundrathur(Uzhavar Sandhai )",Beans,"Beans (Whole)",Local,28/07/2026,6000,7000,6500
"Tamil Nadu",Kancheepuram,"Kundrathur(Uzhavar Sandhai )",Snakeguard,Snakeguard,Local,28/07/2026,4000,4000,4000
"Tamil Nadu",Kancheepuram,"Kundrathur(Uzhavar Sandhai )",Beetroot,Beetroot,Local,28/07/2026,3500,4000,3750
"Tamil Nadu",Kancheepuram,"Kundrathur(Uzhavar Sandhai )","Green Avare(W)","Green Avare (W)",Local,28/07/2026,4000,5000,4500
"Tamil Nadu",Kancheepuram,"Kundrathur(Uzhavar Sandhai )","Chow Chow","Chow Chow",Local,28/07/2026,3000,3500,3250
"Tamil Nadu",Kancheepuram,"Kundrathur(Uzhavar Sandhai )","Onion Green","Onion Green",Local,28/07/2026,5000,5000,5000
"Tamil Nadu",Kancheepuram,"Sunguvarchatram(Uzhavar Sandhai )",Brinjal,Other,Local,28/07/2026,3500,4000,3750
"Tamil Nadu",Kancheepuram,"Sunguvarchatram(Uzhavar Sandhai )",Tomato,Other,Local,28/07/2026,2000,2200,2100
"Tamil Nadu",Kancheepuram,"Sunguvarchatram(Uzhavar Sandhai )",Ashgourd,Gouard,Local,28/07/2026,2000,2000,2000
"Tamil Nadu",Kancheepuram,"Sunguvarchatram(Uzhavar Sandhai )",Amaranthus,Amaranthus,Local,28/07/2026,3000,3000,3000
"Tamil Nadu",Kancheepuram,"Sunguvarchatram(Uzhavar Sandhai )",Carrot,Pusakesar,Local,28/07/2026,5000,6000,5500
"Tamil Nadu",Kancheepuram,"Sunguvarchatram(Uzhavar Sandhai )",Cabbage,Cabbage,Local,28/07/2026,3000,3000,3000
"Tamil Nadu",Kancheepuram,"Sunguvarchatram(Uzhavar Sandhai )",Snakeguard,Snakeguard,Local,28/07/2026,4000,4000,4000
"Tamil Nadu",Kancheepuram,"Sunguvarchatram(Uzhavar Sandhai )",Raddish,Raddish,Local,28/07/2026,3000,3000,3000
"Tamil Nadu",Krishnagiri,"Avallapalli(Uzhavar Sandhai )","Cluster beans","Cluster Beans",Local,28/07/2026,4500,5000,4750
"Tamil Nadu",Krishnagiri,"Avallapalli(Uzhavar Sandhai )","Bitter gourd","Bitter Gourd",Local,28/07/2026,5000,5500,5250
"Tamil Nadu",Krishnagiri,"Avallapalli(Uzhavar Sandhai )",Cucumbar(Kheera),Cucumbar,Local,28/07/2026,2500,3000,2750
"Tamil Nadu",Krishnagiri,"Avallapalli(Uzhavar Sandhai )",Raddish,Raddish,Local,28/07/2026,2000,2500,2250
"Tamil Nadu",Krishnagiri,"Avallapalli(Uzhavar Sandhai )","Tamarind Fruit","Tamarind Fruit",Local,28/07/2026,9000,10000,9500
"Tamil Nadu",Krishnagiri,"Avallapalli(Uzhavar Sandhai )","Indian Beans(Seam)","Indian Beans (Seam)",Local,28/07/2026,5500,6000,5750
"Tamil Nadu",Dharmapuri,"Karimangalam(Uzhavar Sandhai)",Banana,Karpura,Local,28/07/2026,4500,5000,4750
"Tamil Nadu",Dharmapuri,"Karimangalam(Uzhavar Sandhai)",Pumpkin,Pumpkin,Local,28/07/2026,1800,2000,1900
"Tamil Nadu",Dharmapuri,"Karimangalam(Uzhavar Sandhai)",Amaranthus,Amaranthus,Local,28/07/2026,2300,2500,2400
"Tamil Nadu",Dharmapuri,"Karimangalam(Uzhavar Sandhai)",Beans,"Beans (Whole)",Local,28/07/2026,10000,11000,10500
"Tamil Nadu",Dharmapuri,"Karimangalam(Uzhavar Sandhai)",Tapioca,Tapioca,Local,28/07/2026,2800,3000,2900
"Tamil Nadu",Dharmapuri,"Karimangalam(Uzhavar Sandhai)","Green Avare(W)",Other,Local,28/07/2026,4500,5000,4750
"Tamil Nadu",Dharmapuri,"Karimangalam(Uzhavar Sandhai)",Mint(Pudina),Mint(Pudina),Local,28/07/2026,6000,7000,6500
"Tamil Nadu",Krishnagiri,"Denkanikottai(Uzhavar Sandhai )",Banana,Besrai,Local,28/07/2026,5000,7000,6000
"Tamil Nadu",Krishnagiri,"Denkanikottai(Uzhavar Sandhai )",Potato,"Red Nanital",Local,28/07/2026,2000,2500,2250
"Tamil Nadu",Krishnagiri,"Denkanikottai(Uzhavar Sandhai )",Garlic,Garlic,Local,28/07/2026,22000,24000,23000
"Tamil Nadu",Krishnagiri,"Denkanikottai(Uzhavar Sandhai )","Bhindi(Ladies Finger)",Bhindi,Local,28/07/2026,3000,3500,3250
"Tamil Nadu",Krishnagiri,"Denkanikottai(Uzhavar Sandhai )",Cowpea(Veg),"Cowpea (Veg)",Local,28/07/2026,5000,5500,5250
"Tamil Nadu",Krishnagiri,"Denkanikottai(Uzhavar Sandhai )","Sweet Potato","Hosur Red",Local,28/07/2026,4500,5000,4750
"Tamil Nadu",Krishnagiri,"Denkanikottai(Uzhavar Sandhai )",Carrot,Pusakesar,Local,28/07/2026,6000,7000,6500
"Tamil Nadu",Krishnagiri,"Denkanikottai(Uzhavar Sandhai )",Snakeguard,Snakeguard,Local,28/07/2026,3000,3500,3250
"Tamil Nadu",Krishnagiri,"Denkanikottai(Uzhavar Sandhai )",Ridgeguard(Tori),Ridgeguard(Tori),Local,28/07/2026,4000,4500,4250
"Tamil Nadu",Krishnagiri,"Denkanikottai(Uzhavar Sandhai )",Drumstick,Drumstick,Local,28/07/2026,4000,5000,4500
"Tamil Nadu",Krishnagiri,"Denkanikottai(Uzhavar Sandhai )","Knool Khol","Knool Khol",Local,28/07/2026,3500,4000,3750
"Tamil Nadu",Krishnagiri,"Hosur(Uzhavar Sandhai )",Papaya,Papaya,Local,28/07/2026,3500,4000,3750
"Tamil Nadu",Krishnagiri,"Hosur(Uzhavar Sandhai )",Orange,Darjeeling,Local,28/07/2026,14000,16000,15000
"Tamil Nadu",Krishnagiri,"Hosur(Uzhavar Sandhai )",Banana,"Red Banana",Local,28/07/2026,6500,7000,6750
"Tamil Nadu",Krishnagiri,"Hosur(Uzhavar Sandhai )",Coriander(Leaves),"I Sort",Local,28/07/2026,6000,7000,6500
"Tamil Nadu",Krishnagiri,"Hosur(Uzhavar Sandhai )","Bitter gourd","Bitter Gourd",Local,28/07/2026,5000,5500,5250
"Tamil Nadu",Krishnagiri,"Hosur(Uzhavar Sandhai )","Bottle gourd","Bottle Gourd",Local,28/07/2026,2500,3000,2750
"Tamil Nadu",Krishnagiri,"Hosur(Uzhavar Sandhai )","Bhindi(Ladies Finger)",Bhindi,Local,28/07/2026,3000,3500,3250
"Tamil Nadu",Krishnagiri,"Hosur(Uzhavar Sandhai )",Beans,"Beans (Whole)",Local,28/07/2026,8000,10000,9000
"Tamil Nadu",Krishnagiri,"Hosur(Uzhavar Sandhai )",Coconut,Coconut,Local,28/07/2026,5000,5500,5250
"Tamil Nadu",Krishnagiri,"Hosur(Uzhavar Sandhai )","Betal Leaves",Mysore,Local,28/07/2026,10000,12000,11000
"Tamil Nadu",Krishnagiri,"Hosur(Uzhavar Sandhai )",Carrot,Pusakesar,Local,28/07/2026,6000,7000,6500
"Tamil Nadu",Krishnagiri,"Hosur(Uzhavar Sandhai )",Snakeguard,Snakeguard,Local,28/07/2026,3000,3500,3250
"Tamil Nadu",Krishnagiri,"Hosur(Uzhavar Sandhai )",Beetroot,Beetroot,Local,28/07/2026,3500,4000,3750
"Tamil Nadu",Krishnagiri,"Hosur(Uzhavar Sandhai )",Cucumbar(Kheera),Cucumbar,Local,28/07/2026,2500,3000,2750
"Tamil Nadu",Krishnagiri,"Hosur(Uzhavar Sandhai )","Chow Chow","Chow Chow",Local,28/07/2026,2500,3000,2750
"Tamil Nadu",Krishnagiri,"Hosur(Uzhavar Sandhai )","Knool Khol","Knool Khol",Local,28/07/2026,4000,5000,4500
"Tamil Nadu",Krishnagiri,"Hosur(Uzhavar Sandhai )","Jack Fruit(Ripe)","Jack Fruit",Local,28/07/2026,2000,2500,2250
"Tamil Nadu",Krishnagiri,"Hosur(Uzhavar Sandhai )",Pomegranate,Pomogranate,Local,28/07/2026,16000,18000,17000
"Tamil Nadu",Krishnagiri,"Hosur(Uzhavar Sandhai )","Tender Coconut","Tender Coconut",Local,28/07/2026,2500,3000,2750
"Tamil Nadu",Krishnagiri,"Hosur(Uzhavar Sandhai )","Tamarind Fruit","Tamarind Fruit",Local,28/07/2026,12000,15000,13500
"Tamil Nadu",Krishnagiri,"Hosur(Uzhavar Sandhai )",Yam(Ratalu),"Yam (Ratalu)",Local,28/07/2026,4000,5000,4500
"Tamil Nadu",Krishnagiri,"Hosur(Uzhavar Sandhai )","Onion Green","Onion Green",Local,28/07/2026,7000,8000,7500
"Tamil Nadu",Krishnagiri,"Krishnagiri(Uzhavar Sandhai )",Papaya,Papaya,Local,28/07/2026,2500,2800,2650
"Tamil Nadu",Krishnagiri,"Krishnagiri(Uzhavar Sandhai )","Water Melon","Water Melon",Local,28/07/2026,1500,2000,1750
"Tamil Nadu",Krishnagiri,"Krishnagiri(Uzhavar Sandhai )",Potato,"Red Nanital",Local,28/07/2026,2000,2600,2300
"Tamil Nadu",Krishnagiri,"Krishnagiri(Uzhavar Sandhai )",Beans,"Beans (Whole)",Local,28/07/2026,8000,9000,8500
"Tamil Nadu",Krishnagiri,"Krishnagiri(Uzhavar Sandhai )",Coconut,Coconut,Local,28/07/2026,4000,5000,4500
"Tamil Nadu",Krishnagiri,"Krishnagiri(Uzhavar Sandhai )",Mango(Raw-Ripe),"Mango - Raw-Ripe",Local,28/07/2026,1500,2000,1750
"Tamil Nadu",Krishnagiri,"Krishnagiri(Uzhavar Sandhai )",Guava,"Guava Allahabad",Local,28/07/2026,4000,4500,4250
"Tamil Nadu",Krishnagiri,"Krishnagiri(Uzhavar Sandhai )","Indian Beans(Seam)","Indian Beans (Seam)",Local,28/07/2026,5000,6000,5500
"Tamil Nadu",Krishnagiri,"Krishnagiri(Uzhavar Sandhai )",Mint(Pudina),Mint(Pudina),Local,28/07/2026,2500,3000,2750
"Tamil Nadu",Madurai,"Anaiyur(Uzhavar Sandhai )",Mango,Safeda,Local,28/07/2026,4000,7000,5500
"Tamil Nadu",Madurai,"Anaiyur(Uzhavar Sandhai )",Garlic,Garlic,Local,28/07/2026,13000,26000,19500
"Tamil Nadu",Madurai,"Anaiyur(Uzhavar Sandhai )","Green Peas","Green Peas",Local,28/07/2026,14000,15000,14500
"Tamil Nadu",Madurai,"Anaiyur(Uzhavar Sandhai )",Chikoos(Sapota),Sapota,Local,28/07/2026,4000,6000,5000
"Tamil Nadu",Madurai,"Anaiyur(Uzhavar Sandhai )",Tomato,Deshi,Local,28/07/2026,2000,2200,2100
"Tamil Nadu",Madurai,"Anaiyur(Uzhavar Sandhai )","Cluster beans","Cluster Beans",Local,28/07/2026,3000,3600,3300
"Tamil Nadu",Madurai,"Anaiyur(Uzhavar Sandhai )",Tapioca,Tapioca,Local,28/07/2026,3000,4000,3500
"Tamil Nadu",Madurai,"Anaiyur(Uzhavar Sandhai )",Carrot,Pusakesar,Local,28/07/2026,8500,9000,8750
"Tamil Nadu",Madurai,"Anaiyur(Uzhavar Sandhai )",Cucumbar(Kheera),Cucumbar,Local,28/07/2026,4000,5000,4500
"Tamil Nadu",Madurai,"Anaiyur(Uzhavar Sandhai )",Capsicum,Capsicum,Local,28/07/2026,9000,10000,9500
"Tamil Nadu",Madurai,"Anaiyur(Uzhavar Sandhai )","Indian Beans(Seam)","Indian Beans (Seam)",Local,28/07/2026,5000,5500,5250
"Tamil Nadu",Madurai,"Anaiyur(Uzhavar Sandhai )",Mashrooms,Mashrooms,Local,28/07/2026,22500,25000,23750
"Tamil Nadu",Madurai,"Usilampatti(Uzhavar Sandhai )",Brinjal,Round,Local,28/07/2026,5000,5500,5250
"Tamil Nadu",Madurai,"Usilampatti(Uzhavar Sandhai )",Tomato,Deshi,Local,28/07/2026,2000,2200,2100
"Tamil Nadu",Madurai,"Usilampatti(Uzhavar Sandhai )","Bitter gourd","Bitter Gourd",Local,28/07/2026,5500,6000,5750
"Tamil Nadu",Madurai,"Usilampatti(Uzhavar Sandhai )",Snakeguard,Snakeguard,Local,28/07/2026,4000,4500,4250
"Tamil Nadu",Madurai,"Usilampatti(Uzhavar Sandhai )","Indian Beans(Seam)","Indian Beans (Seam)",Local,28/07/2026,5000,5500,5250
"Tamil Nadu",Madurai,"Usilampatti(Uzhavar Sandhai )",Lemon,Lemon,Local,28/07/2026,6000,7000,6500
"Tamil Nadu",Madurai,"Usilampatti(Uzhavar Sandhai )","Onion Green","Onion Green",Local,28/07/2026,5500,6000,5750
"Tamil Nadu",Nagapattinam,"Nagapattinam(Uzhavar Sandhai )",Garlic,Garlic,Local,28/07/2026,16700,18000,17350
"Tamil Nadu",Nagapattinam,"Nagapattinam(Uzhavar Sandhai )",Coriander(Leaves),"I Sort",Local,28/07/2026,3700,3700,3700
"Tamil Nadu",Nagapattinam,"Nagapattinam(Uzhavar Sandhai )","Bitter gourd",Other,Local,28/07/2026,3700,3700,3700
"Tamil Nadu",Nagapattinam,"Nagapattinam(Uzhavar Sandhai )",Pumpkin,Pumpkin,Local,28/07/2026,3500,3500,3500
"Tamil Nadu",Nagapattinam,"Nagapattinam(Uzhavar Sandhai )","Bhindi(Ladies Finger)",Bhindi,Local,28/07/2026,5000,5500,5250
"Tamil Nadu",Nagapattinam,"Nagapattinam(Uzhavar Sandhai )",Ginger(Green),"Green Ginger",Local,28/07/2026,16200,17500,16850
"Tamil Nadu",Nagapattinam,"Nagapattinam(Uzhavar Sandhai )",Carrot,Pusakesar,Local,28/07/2026,7800,7800,7800
"Tamil Nadu",Nagapattinam,"Nagapattinam(Uzhavar Sandhai )",Cabbage,Cabbage,Local,28/07/2026,3500,4000,3750
"Tamil Nadu",Nagapattinam,"Nagapattinam(Uzhavar Sandhai )",Cucumbar(Kheera),Cucumbar,Local,28/07/2026,7200,7200,7200
"Tamil Nadu",Nagapattinam,"Nagapattinam(Uzhavar Sandhai )","Green Avare(W)",Other,Local,28/07/2026,8300,8300,8300
"Tamil Nadu",Nagapattinam,"Nagapattinam(Uzhavar Sandhai )","Chow Chow","Chow Chow",Local,28/07/2026,2800,2800,2800
"Tamil Nadu",Nagapattinam,"Nagapattinam(Uzhavar Sandhai )","Elephant Yam(Suran)/Amorphophallus","Elephant Yam (Suran)",Local,28/07/2026,7400,7400,7400
"Tamil Nadu",Nagapattinam,"Nagapattinam(Uzhavar Sandhai )",Yam(Ratalu),"Yam (Ratalu)",Local,28/07/2026,7100,8000,7550
"Tamil Nadu",Nagapattinam,"Nagapattinam(Uzhavar Sandhai )","Onion Green","Onion Green",Local,28/07/2026,5600,6500,6050
"Tamil Nadu",Nagapattinam,"Sirkali(Uzhavar Sandhai )","Bitter gourd","Bitter Gourd",Local,28/07/2026,5500,6000,5750
"Tamil Nadu",Nagapattinam,"Sirkali(Uzhavar Sandhai )","Bottle gourd","Bottle Gourd",Local,28/07/2026,2500,3000,2750
"Tamil Nadu",Nagapattinam,"Sirkali(Uzhavar Sandhai )","Green Chilli","Green Chilly",Local,28/07/2026,5500,6000,5750
"Tamil Nadu",Nagapattinam,"Sirkali(Uzhavar Sandhai )",Beans,"Beans (Whole)",Local,28/07/2026,8500,9000,8750
"Tamil Nadu",Nagapattinam,"Sirkali(Uzhavar Sandhai )",Ginger(Green),"Green Ginger",Local,28/07/2026,15000,15000,15000
"Tamil Nadu",Nagapattinam,"Sirkali(Uzhavar Sandhai )",Carrot,Pusakesar,Local,28/07/2026,7000,7000,7000
"Tamil Nadu",Nagapattinam,"Sirkali(Uzhavar Sandhai )",Cabbage,Cabbage,Local,28/07/2026,2500,3000,2750
"Tamil Nadu",Nagapattinam,"Sirkali(Uzhavar Sandhai )",Snakeguard,Snakeguard,Local,28/07/2026,4500,5000,4750
"Tamil Nadu",Nagapattinam,"Sirkali(Uzhavar Sandhai )",Drumstick,Drumstick,Local,28/07/2026,5500,6000,5750
"Tamil Nadu",Nagapattinam,"Sirkali(Uzhavar Sandhai )",Mango(Raw-Ripe),"Mango - Raw-Ripe",Local,28/07/2026,4500,5000,4750
"Tamil Nadu",Nagapattinam,"Sirkali(Uzhavar Sandhai )",Lime,Lime,Local,28/07/2026,3500,4000,3750
"Tamil Nadu",Nagapattinam,"Sirkali(Uzhavar Sandhai )",Guava,"Guava Allahabad",Local,28/07/2026,4000,5000,4500
"Tamil Nadu",Nagapattinam,"Sirkali(Uzhavar Sandhai )",Yam(Ratalu),"Yam (Ratalu)",Local,28/07/2026,5500,6000,5750
"Tamil Nadu",Namakkal,"Kumarapalayam(Uzhavar Sandhai )",Banana,Besrai,Local,28/07/2026,3500,4000,3750
"Tamil Nadu",Namakkal,"Kumarapalayam(Uzhavar Sandhai )",Cauliflower,Ranchi,Local,28/07/2026,3500,4000,3750
"Tamil Nadu",Namakkal,"Kumarapalayam(Uzhavar Sandhai )",Chikoos(Sapota),Sapota,Local,28/07/2026,4000,4500,4250
"Tamil Nadu",Namakkal,"Kumarapalayam(Uzhavar Sandhai )","Green Chilli","Green Chilly",Local,28/07/2026,5000,5500,5250
"Tamil Nadu",Namakkal,"Kumarapalayam(Uzhavar Sandhai )",Raddish,Raddish,Local,28/07/2026,2500,3000,2750
"Tamil Nadu",Namakkal,"Kumarapalayam(Uzhavar Sandhai )",Jasmine,Jasmine,Local,28/07/2026,30000,37000,33500
"Tamil Nadu",Namakkal,"Mohanur(Uzhavar Sandhai )",Potato,Other,Local,28/07/2026,3000,3500,3250
"Tamil Nadu",Namakkal,"Mohanur(Uzhavar Sandhai )",Coriander(Leaves),"I Sort",Local,28/07/2026,5400,6000,5700
"Tamil Nadu",Namakkal,"Mohanur(Uzhavar Sandhai )",Tomato,Deshi,Local,28/07/2026,1400,2000,1700
"Tamil Nadu",Namakkal,"Mohanur(Uzhavar Sandhai )",Amaranthus,Amaranthus,Local,28/07/2026,5500,6000,5750
"Tamil Nadu",Namakkal,"Mohanur(Uzhavar Sandhai )","Banana - Green","Banana - Green",Local,28/07/2026,3200,4000,3600
"Tamil Nadu",Namakkal,"Mohanur(Uzhavar Sandhai )",Ginger(Green),"Green Ginger",Local,28/07/2026,22000,24000,23000
"Tamil Nadu",Namakkal,"Mohanur(Uzhavar Sandhai )",Snakeguard,Snakeguard,Local,28/07/2026,5400,6000,5700
"Tamil Nadu",Namakkal,"Namakkal(Uzhavar Sandhai )",Mango,Neelam,Local,28/07/2026,6000,7000,6500
"Tamil Nadu",Namakkal,"Paramathivelur(Uzhavar Sandhai )",Potato,"Red Nanital",Local,28/07/2026,3500,4000,3750
"Tamil Nadu",Namakkal,"Paramathivelur(Uzhavar Sandhai )","Cluster beans","Cluster Beans",Local,28/07/2026,4000,4500,4250
"Tamil Nadu",Namakkal,"Paramathivelur(Uzhavar Sandhai )",Ashgourd,Gouard,Local,28/07/2026,2000,2500,2250
"Tamil Nadu",Namakkal,"Paramathivelur(Uzhavar Sandhai )",Carrot,Pusakesar,Local,28/07/2026,7000,8000,7500
"Tamil Nadu",Namakkal,"Paramathivelur(Uzhavar Sandhai )",Beetroot,Beetroot,Local,28/07/2026,8000,9000,8500
"Tamil Nadu",Namakkal,"Paramathivelur(Uzhavar Sandhai )",Drumstick,Drumstick,Local,28/07/2026,6000,6500,6250
"Tamil Nadu",Namakkal,"Paramathivelur(Uzhavar Sandhai )",Lemon,Lemon,Local,28/07/2026,5500,6000,5750
"Tamil Nadu",Namakkal,"Rasipuram(Uzhavar Sandhai )","Mousambi(Sweet Lime)",Mousambi,Local,28/07/2026,3500,4000,3750
"Tamil Nadu",Namakkal,"Rasipuram(Uzhavar Sandhai )",Coriander(Leaves),"I Sort",Local,28/07/2026,8000,9000,8500
"Tamil Nadu",Namakkal,"Rasipuram(Uzhavar Sandhai )","Bottle gourd","Bottle Gourd",Local,28/07/2026,2000,2200,2100
"Tamil Nadu",Namakkal,"Rasipuram(Uzhavar Sandhai )",Ashgourd,Gouard,Local,28/07/2026,2800,3000,2900
"Tamil Nadu",Namakkal,"Rasipuram(Uzhavar Sandhai )","Bhindi(Ladies Finger)",Bhindi,Local,28/07/2026,3600,4500,4050
"Tamil Nadu",Namakkal,"Rasipuram(Uzhavar Sandhai )",Guava,"Guava Allahabad",Local,28/07/2026,5500,6500,6000
"Tamil Nadu",Namakkal,"Rasipuram(Uzhavar Sandhai )","Tamarind Fruit","Tamarind Fruit",Local,28/07/2026,13000,15000,14000
"Tamil Nadu",Namakkal,"Rasipuram(Uzhavar Sandhai )","Elephant Yam(Suran)/Amorphophallus","Elephant Yam (Suran)",Local,28/07/2026,3500,4000,3750
"Tamil Nadu",Namakkal,"Rasipuram(Uzhavar Sandhai )","Amla(Nelli Kai)",Amla,Local,28/07/2026,8500,9000,8750
"Tamil Nadu",Madurai,"Palanganatham(Uzhavar Sandhai )",Apple,American,Local,28/07/2026,20000,27000,23500
"Tamil Nadu",Madurai,"Palanganatham(Uzhavar Sandhai )",Orange,Darjeeling,Local,28/07/2026,14000,16000,15000
"Tamil Nadu",Madurai,"Palanganatham(Uzhavar Sandhai )",Onion,Bellary,Local,28/07/2026,3000,4000,3500
"Tamil Nadu",Madurai,"Palanganatham(Uzhavar Sandhai )",Garlic,Garlic,Local,28/07/2026,26000,27000,26500
"Tamil Nadu",Madurai,"Palanganatham(Uzhavar Sandhai )",Brinjal,Other,Local,28/07/2026,5000,5200,5100
"Tamil Nadu",Madurai,"Palanganatham(Uzhavar Sandhai )",Tomato,Deshi,Local,28/07/2026,2000,2200,2100
"Tamil Nadu",Madurai,"Palanganatham(Uzhavar Sandhai )","Bottle gourd","Bottle Gourd",Local,28/07/2026,3200,3600,3400
"Tamil Nadu",Madurai,"Palanganatham(Uzhavar Sandhai )",Pumpkin,Pumpkin,Local,28/07/2026,2000,2400,2200
"Tamil Nadu",Madurai,"Palanganatham(Uzhavar Sandhai )",Amaranthus,Amaranthus,Local,28/07/2026,3000,3600,3300
"Tamil Nadu",Madurai,"Palanganatham(Uzhavar Sandhai )",Ginger(Green),"Green Ginger",Local,28/07/2026,15000,22000,18500
"Tamil Nadu",Madurai,"Palanganatham(Uzhavar Sandhai )",Coconut,Coconut,Local,28/07/2026,5800,6000,5900
"Tamil Nadu",Madurai,"Palanganatham(Uzhavar Sandhai )",Ridgeguard(Tori),Ridgeguard(Tori),Local,28/07/2026,4000,6500,5250
"Tamil Nadu",Madurai,"Palanganatham(Uzhavar Sandhai )",Raddish,Raddish,Local,28/07/2026,3000,3500,3250
"Tamil Nadu",Madurai,"Palanganatham(Uzhavar Sandhai )","Chow Chow","Chow Chow",Local,28/07/2026,3000,3500,3250
"Tamil Nadu",Madurai,"Palanganatham(Uzhavar Sandhai )",Mango(Raw-Ripe),"Mango - Raw-Ripe",Local,28/07/2026,2000,3500,2750
"Tamil Nadu",Madurai,"Palanganatham(Uzhavar Sandhai )","Elephant Yam(Suran)/Amorphophallus","Elephant Yam (Suran)",Local,28/07/2026,4000,4500,4250
"Tamil Nadu",Madurai,"Palanganatham(Uzhavar Sandhai )",Yam(Ratalu),"Yam (Ratalu)",Local,28/07/2026,7000,8000,7500
"Tamil Nadu",Madurai,"Palanganatham(Uzhavar Sandhai )",Colacasia,Colacasia,Local,28/07/2026,4000,5000,4500
"Tamil Nadu",Madurai,"Palanganatham(Uzhavar Sandhai )","Onion Green","Onion Green",Local,28/07/2026,5500,6000,5750
"Tamil Nadu",Madurai,"Anna nagar(Uzhavar Sandhai )",Papaya,Papaya,Local,28/07/2026,4000,4000,4000
"Tamil Nadu",Madurai,"Anna nagar(Uzhavar Sandhai )",Orange,Darjeeling,Local,28/07/2026,12000,12000,12000
"Tamil Nadu",Madurai,"Anna nagar(Uzhavar Sandhai )","Chili Red",Bold,Local,28/07/2026,20000,20000,20000
"Tamil Nadu",Madurai,"Anna nagar(Uzhavar Sandhai )",Brinjal,Other,Local,28/07/2026,4600,4600,4600
"Tamil Nadu",Madurai,"Anna nagar(Uzhavar Sandhai )","Banana - Green","Banana - Green",Local,28/07/2026,2000,2500,2250
"Tamil Nadu",Madurai,"Anna nagar(Uzhavar Sandhai )",Tapioca,Tapioca,Local,28/07/2026,4000,4000,4000
"Tamil Nadu",Madurai,"Anna nagar(Uzhavar Sandhai )","Sweet Potato","Hosur Red",Local,28/07/2026,4600,5000,4800
"Tamil Nadu",Madurai,"Anna nagar(Uzhavar Sandhai )",Carrot,Pusakesar,Local,28/07/2026,10000,10000,10000
"Tamil Nadu",Madurai,"Anna nagar(Uzhavar Sandhai )",Capsicum,Capsicum,Local,28/07/2026,6000,6000,6000
"Tamil Nadu",Madurai,"Anna nagar(Uzhavar Sandhai )",Colacasia,Colacasia,Local,28/07/2026,5000,5000,5000
"Tamil Nadu",Perambalur,"Perambalur(Uzhavar Sandhai )",Papaya,Papaya,Local,28/07/2026,3500,4000,3750
"Tamil Nadu",Perambalur,"Perambalur(Uzhavar Sandhai )",Onion,Bellary,Local,28/07/2026,4000,4200,4100
"Tamil Nadu",Perambalur,"Perambalur(Uzhavar Sandhai )",Ashgourd,Gouard,Local,28/07/2026,2000,2400,2200
"Tamil Nadu",Perambalur,"Perambalur(Uzhavar Sandhai )",Pumpkin,Pumpkin,Local,28/07/2026,1800,2000,1900
"Tamil Nadu",Perambalur,"Perambalur(Uzhavar Sandhai )","Green Chilli","Green Chilly",Local,28/07/2026,4500,5000,4750
"Tamil Nadu",Perambalur,"Perambalur(Uzhavar Sandhai )",Coconut,Coconut,Local,28/07/2026,5000,6000,5500
"Tamil Nadu",Perambalur,"Perambalur(Uzhavar Sandhai )",Cabbage,Cabbage,Local,28/07/2026,4000,4600,4300
"Tamil Nadu",Perambalur,"Perambalur(Uzhavar Sandhai )",Ridgeguard(Tori),Ridgeguard(Tori),Local,28/07/2026,5600,6000,5800
"Tamil Nadu",Perambalur,"Perambalur(Uzhavar Sandhai )","Chow Chow","Chow Chow",Local,28/07/2026,4400,4800,4600
"Tamil Nadu",Perambalur,"Perambalur(Uzhavar Sandhai )",Guava,"Guava Allahabad",Local,28/07/2026,6000,7000,6500
"Tamil Nadu",Salem,"Mecheri(Uzhavar Sandhai)",Brinjal,Round,Local,28/07/2026,4500,5000,4750
"Tamil Nadu",Salem,"Mecheri(Uzhavar Sandhai)","Bhindi(Ladies Finger)",Bhindi,Local,28/07/2026,3000,3500,3250
"Tamil Nadu",Ranipet,"Ranipettai(Uzhavar Sandhai )",Banana,"Red Banana",Local,28/07/2026,10000,10000,10000
"Tamil Nadu",Ranipet,"Ranipettai(Uzhavar Sandhai )",Onion,Bellary,Local,28/07/2026,3500,3500,3500
"Tamil Nadu",Ranipet,"Ranipettai(Uzhavar Sandhai )","Cluster beans","Cluster Beans",Local,28/07/2026,4400,4400,4400
"Tamil Nadu",Ranipet,"Ranipettai(Uzhavar Sandhai )","Bitter gourd",Other,Local,28/07/2026,5000,5000,5000
"Tamil Nadu",Ranipet,"Ranipettai(Uzhavar Sandhai )","Green Chilli","Green Chilly",Local,28/07/2026,6000,7000,6500
"Tamil Nadu",Ranipet,"Ranipettai(Uzhavar Sandhai )",Raddish,Raddish,Local,28/07/2026,3600,4000,3800
"Tamil Nadu",Ranipet,"Ranipettai(Uzhavar Sandhai )","Chow Chow","Chow Chow",Local,28/07/2026,4000,4000,4000
"Tamil Nadu",Ranipet,"Ranipettai(Uzhavar Sandhai )","Tender Coconut","Tender Coconut",Local,28/07/2026,2500,2500,2500
"Tamil Nadu",Ranipet,"Ranipettai(Uzhavar Sandhai )",Jasmine,Jasmine,Local,28/07/2026,54000,54000,54000
"Tamil Nadu",Ranipet,"Ranipettai(Uzhavar Sandhai )","Elephant Yam(Suran)/Amorphophallus","Elephant Yam (Suran)",Local,28/07/2026,5000,6000,5500
"Tamil Nadu",Ranipet,"Ranipettai(Uzhavar Sandhai )",Colacasia,Colacasia,Local,28/07/2026,3600,4000,3800
"Tamil Nadu",Salem,"Ammapet(Uzhavar Sandhai )",Orange,Darjeeling,Local,28/07/2026,8000,9000,8500
"Tamil Nadu",Salem,"Ammapet(Uzhavar Sandhai )",Cauliflower,Ranchi,Local,28/07/2026,2500,3000,2750
"Tamil Nadu",Salem,"Ammapet(Uzhavar Sandhai )",Tomato,Local,Local,28/07/2026,1500,1800,1650
"Tamil Nadu",Salem,"Ammapet(Uzhavar Sandhai )",Pumpkin,Pumpkin,Local,28/07/2026,2000,2400,2200
"Tamil Nadu",Salem,"Ammapet(Uzhavar Sandhai )","Green Avare(W)",Other,Local,28/07/2026,5000,5500,5250
"Tamil Nadu",Salem,"Ammapet(Uzhavar Sandhai )",Drumstick,Drumstick,Local,28/07/2026,4000,5000,4500
"Tamil Nadu",Salem,"Ammapet(Uzhavar Sandhai )","Tender Coconut","Tender Coconut",Local,28/07/2026,3500,4000,3750
"Tamil Nadu",Salem,"Ammapet(Uzhavar Sandhai )","Tamarind Fruit","Tamarind Fruit",Local,28/07/2026,14000,15000,14500
"Tamil Nadu",Salem,"Ammapet(Uzhavar Sandhai )",Yam(Ratalu),"Yam (Ratalu)",Local,28/07/2026,5500,6000,5750
"Tamil Nadu",Salem,"Ammapet(Uzhavar Sandhai )",Mashrooms,Mashrooms,Local,28/07/2026,19000,20000,19500
"Tamil Nadu",Salem,"Ammapet(Uzhavar Sandhai )","Custard Apple(Sharifa)","Custard Apple(Sharifa)",Local,28/07/2026,5000,6000,5500
"Tamil Nadu",Salem,"Ammapet(Uzhavar Sandhai )","Baby Corn","Baby Corn","Grade A",28/07/2026,2500,3000,2750
"Tamil Nadu",Salem,"Ammapet(Uzhavar Sandhai )","Sweet Corn ","Sweet Corn ",Local,28/07/2026,3500,4000,3750
"Tamil Nadu",Salem,"Mettur(Uzhavar Sandhai )",Papaya,Papaya,Local,28/07/2026,2500,3000,2750
"Tamil Nadu",Salem,"Mettur(Uzhavar Sandhai )",Banana,"Red Banana",Local,28/07/2026,6500,7000,6750
"Tamil Nadu",Salem,"Mettur(Uzhavar Sandhai )",Mango,Neelam,Local,28/07/2026,4500,5000,4750
"Tamil Nadu",Salem,"Mettur(Uzhavar Sandhai )",Cauliflower,Ranchi,Local,28/07/2026,3500,4000,3750
"Tamil Nadu",Salem,"Mettur(Uzhavar Sandhai )",Amaranthus,Amaranthus,Local,28/07/2026,2000,2500,2250
"Tamil Nadu",Salem,"Mettur(Uzhavar Sandhai )",Beans,"Beans (Whole)",Local,28/07/2026,8500,9000,8750
"Tamil Nadu",Salem,"Mettur(Uzhavar Sandhai )",Ginger(Green),"Green Ginger",Local,28/07/2026,18500,19000,18750
"Tamil Nadu",Salem,"Mettur(Uzhavar Sandhai )",Snakeguard,Snakeguard,Local,28/07/2026,3500,4000,3750
"Tamil Nadu",Salem,"Mettur(Uzhavar Sandhai )",Ridgeguard(Tori),Ridgeguard(Tori),Local,28/07/2026,4500,5000,4750
"Tamil Nadu",Salem,"Mettur(Uzhavar Sandhai )",Raddish,Raddish,Local,28/07/2026,3000,3400,3200
"Tamil Nadu",Salem,"Mettur(Uzhavar Sandhai )","Knool Khol","Knool Khol",Local,28/07/2026,5500,6000,5750
"Tamil Nadu",Salem,"Mettur(Uzhavar Sandhai )",Marigold(Calcutta),Marigold(Calcutta),Local,28/07/2026,24000,26000,25000
"Tamil Nadu",Salem,"Mettur(Uzhavar Sandhai )","Amla(Nelli Kai)",Amla,Local,28/07/2026,7000,7500,7250
"Tamil Nadu",Salem,"Mettur(Uzhavar Sandhai )",Mint(Pudina),Mint(Pudina),Local,28/07/2026,2500,3000,2750
"Tamil Nadu",Salem,"Sooramangalam(Uzhavar Sandhai )",Onion,Bellary,Local,28/07/2026,3500,3800,3650
"Tamil Nadu",Salem,"Sooramangalam(Uzhavar Sandhai )",Potato,Other,Local,28/07/2026,6000,6800,6400
"Tamil Nadu",Salem,"Sooramangalam(Uzhavar Sandhai )","Cluster beans","Cluster Beans",Local,28/07/2026,3000,3600,3300
"Tamil Nadu",Salem,"Sooramangalam(Uzhavar Sandhai )",Tapioca,Tapioca,Local,28/07/2026,3000,3500,3250
"Tamil Nadu",Salem,"Sooramangalam(Uzhavar Sandhai )",Cucumbar(Kheera),Cucumbar,Local,28/07/2026,4000,4500,4250
"Tamil Nadu",Salem,"Sooramangalam(Uzhavar Sandhai )",Raddish,Raddish,Local,28/07/2026,3000,3400,3200
"Tamil Nadu",Salem,"Sooramangalam(Uzhavar Sandhai )",Guava,"Guava Allahabad",Local,28/07/2026,5000,6000,5500
"Tamil Nadu",Salem,"Sooramangalam(Uzhavar Sandhai )","Elephant Yam(Suran)/Amorphophallus","Elephant Yam (Suran)",Local,28/07/2026,4500,5000,4750
"Tamil Nadu",Salem,"Thammampatti (Uzhavar Sandhai )",Banana,"Red Banana",Local,28/07/2026,6000,6500,6250
"Tamil Nadu",Salem,"Thammampatti (Uzhavar Sandhai )","Water Melon","Water Melon",Local,28/07/2026,2000,2500,2250
"Tamil Nadu",Salem,"Thammampatti (Uzhavar Sandhai )",Mango,Safeda,Local,28/07/2026,4000,5000,4500
"Tamil Nadu",Salem,"Thammampatti (Uzhavar Sandhai )","Bottle gourd","Bottle Gourd",Local,28/07/2026,2000,2500,2250
"Tamil Nadu",Salem,"Thammampatti (Uzhavar Sandhai )",Amaranthus,Amaranthus,Local,28/07/2026,2000,2500,2250
"Tamil Nadu",Salem,"Thammampatti (Uzhavar Sandhai )",Carrot,Pusakesar,Local,28/07/2026,8000,8200,8100
"Tamil Nadu",Salem,"Thammampatti (Uzhavar Sandhai )",Capsicum,Capsicum,Local,28/07/2026,8000,8000,8000
"Tamil Nadu",Salem,"Thammampatti (Uzhavar Sandhai )","Chow Chow","Chow Chow",Local,28/07/2026,4000,4000,4000
"Tamil Nadu",Salem,"Thathakapatti(Uzhavar Sandhai )","Water Melon","Water Melon",Local,28/07/2026,1500,2000,1750
"Tamil Nadu",Salem,"Thathakapatti(Uzhavar Sandhai )",Groundnut,"Big (With Shell)",Local,28/07/2026,7000,8000,7500
"Tamil Nadu",Salem,"Thathakapatti(Uzhavar Sandhai )",Cauliflower,Ranchi,Local,28/07/2026,2000,2500,2250
"Tamil Nadu",Salem,"Thathakapatti(Uzhavar Sandhai )",Chikoos(Sapota),Sapota,Local,28/07/2026,3000,4000,3500
"Tamil Nadu",Salem,"Thathakapatti(Uzhavar Sandhai )",Pumpkin,Pumpkin,Local,28/07/2026,2000,2400,2200
"Tamil Nadu",Salem,"Thathakapatti(Uzhavar Sandhai )",Cowpea(Veg),"Cowpea (Veg)",Local,28/07/2026,3500,4000,3750
"Tamil Nadu",Salem,"Thathakapatti(Uzhavar Sandhai )",Tapioca,Tapioca,Local,28/07/2026,3000,3000,3000
"Tamil Nadu",Salem,"Thathakapatti(Uzhavar Sandhai )","Green Avare(W)","Green Avare (W)",Local,28/07/2026,6000,6500,6250
"Tamil Nadu",Salem,"Thathakapatti(Uzhavar Sandhai )","Chow Chow","Chow Chow",Local,28/07/2026,3400,3600,3500
"Tamil Nadu",Salem,"Thathakapatti(Uzhavar Sandhai )",Guava,"Guava Allahabad",Local,28/07/2026,5000,6000,5500
"Tamil Nadu",Salem,"Thathakapatti(Uzhavar Sandhai )",Kakada,Kakada,Local,28/07/2026,18000,20000,19000
"Tamil Nadu",Pudukkottai,"Pudukottai(Uzhavar Sandhai )",Papaya,Papaya,Local,28/07/2026,2000,3000,2500
"Tamil Nadu",Pudukkottai,"Pudukottai(Uzhavar Sandhai )",Groundnut,"Big (With Shell)",Local,28/07/2026,6000,7000,6500
"Tamil Nadu",Pudukkottai,"Pudukottai(Uzhavar Sandhai )",Pineapple,"Pine Apple",Local,28/07/2026,3500,4000,3750
"Tamil Nadu",Pudukkottai,"Pudukottai(Uzhavar Sandhai )",Amaranthus,Amaranthus,Local,28/07/2026,1500,2000,1750
"Tamil Nadu",Pudukkottai,"Pudukottai(Uzhavar Sandhai )",Ginger(Green),"Green Ginger",Local,28/07/2026,21000,22000,21500
"Tamil Nadu",Pudukkottai,"Pudukottai(Uzhavar Sandhai )",Raddish,Raddish,Local,28/07/2026,3000,4000,3500
"Tamil Nadu",Pudukkottai,"Pudukottai(Uzhavar Sandhai )","Green Avare(W)",Other,Local,28/07/2026,6000,7000,6500
"Tamil Nadu",Pudukkottai,"Pudukottai(Uzhavar Sandhai )",Lime,Lime,Local,28/07/2026,1500,2000,1750
"Tamil Nadu",Pudukkottai,"Pudukottai(Uzhavar Sandhai )","Tender Coconut","Tender Coconut",Local,28/07/2026,5000,6000,5500
"Tamil Nadu",Pudukkottai,"Pudukottai(Uzhavar Sandhai )","Tamarind Fruit","Tamarind Fruit",Local,28/07/2026,6000,7000,6500
"Tamil Nadu",Pudukkottai,"Pudukottai(Uzhavar Sandhai )",Yam(Ratalu),"Yam (Ratalu)",Local,28/07/2026,8000,9000,8500
"Tamil Nadu",Pudukkottai,"Pudukottai(Uzhavar Sandhai )",Mashrooms,Mashrooms,Local,28/07/2026,23500,25000,24250
"Tamil Nadu",Pudukkottai,"Pudukottai(Uzhavar Sandhai )","Amla(Nelli Kai)",Amla,Local,28/07/2026,6000,7000,6500
"Tamil Nadu",Thanjavur,"Kumbakonam (Uzhavar Sandhai )",Papaya,Papaya,Local,28/07/2026,4000,4000,4000
"Tamil Nadu",Thanjavur,"Kumbakonam (Uzhavar Sandhai )",Banana,Besrai,Local,28/07/2026,4000,4000,4000
"Tamil Nadu",Thanjavur,"Kumbakonam (Uzhavar Sandhai )",Garlic,Garlic,Local,28/07/2026,20000,20000,20000
"Tamil Nadu",Thanjavur,"Kumbakonam (Uzhavar Sandhai )","Cluster beans","Cluster Beans",Local,28/07/2026,4800,4800,4800
"Tamil Nadu",Thanjavur,"Kumbakonam (Uzhavar Sandhai )","Green Chilli","Green Chilly",Local,28/07/2026,6000,6000,6000
"Tamil Nadu",Thanjavur,"Kumbakonam (Uzhavar Sandhai )",Beans,"Beans (Whole)",Local,28/07/2026,8400,10800,9600
"Tamil Nadu",Thanjavur,"Kumbakonam (Uzhavar Sandhai )","Sweet Potato","Hosur Red",Local,28/07/2026,5000,5000,5000
"Tamil Nadu",Thanjavur,"Kumbakonam (Uzhavar Sandhai )",Cabbage,Cabbage,Local,28/07/2026,4200,4200,4200
"Tamil Nadu",Thanjavur,"Kumbakonam (Uzhavar Sandhai )",Capsicum,Capsicum,Local,28/07/2026,9600,9600,9600
"Tamil Nadu",Thanjavur,"Kumbakonam (Uzhavar Sandhai )",Guava,"Guava Allahabad",Local,28/07/2026,8000,8000,8000
"Tamil Nadu",Thanjavur,"Kumbakonam (Uzhavar Sandhai )","Amla(Nelli Kai)",Amla,Local,28/07/2026,8000,8000,8000
"Tamil Nadu","The Nilgiris","Udhagamandalam(Uzhavar Sandhai )",Pineapple,"Pine Apple",Local,28/07/2026,8000,9000,8500
"Tamil Nadu","The Nilgiris","Udhagamandalam(Uzhavar Sandhai )",Cauliflower,Ranchi,Local,28/07/2026,4000,4500,4250
"Tamil Nadu","The Nilgiris","Udhagamandalam(Uzhavar Sandhai )","Green Chilli","Green Chilly",Local,28/07/2026,4500,5000,4750
"Tamil Nadu","The Nilgiris","Udhagamandalam(Uzhavar Sandhai )",Cucumbar(Kheera),Cucumbar,Local,28/07/2026,3000,3500,3250
"Tamil Nadu","The Nilgiris","Udhagamandalam(Uzhavar Sandhai )",Ridgeguard(Tori),Ridgeguard(Tori),Local,28/07/2026,5000,5400,5200
"Tamil Nadu","The Nilgiris","Udhagamandalam(Uzhavar Sandhai )",Capsicum,Capsicum,Local,28/07/2026,7000,8000,7500
"Tamil Nadu","The Nilgiris","Udhagamandalam(Uzhavar Sandhai )","Green Avare(W)","Green Avare (W)",Local,28/07/2026,8000,9000,8500
"Tamil Nadu","The Nilgiris","Udhagamandalam(Uzhavar Sandhai )","Chow Chow","Chow Chow",Local,28/07/2026,2000,2500,2250
"Tamil Nadu","The Nilgiris","Udhagamandalam(Uzhavar Sandhai )",Lime,Lime,Local,28/07/2026,15000,17000,16000
"Tamil Nadu","The Nilgiris","Udhagamandalam(Uzhavar Sandhai )",Pomegranate,Pomogranate,Local,28/07/2026,20000,21000,20500
"Tamil Nadu",Theni,"Andipatti(Uzhavar Sandhai )",Soyabean,Local,Local,28/07/2026,9000,10000,9500
"Tamil Nadu",Theni,"Andipatti(Uzhavar Sandhai )",Banana,Besrai,Local,28/07/2026,4500,5000,4750
"Tamil Nadu",Theni,"Andipatti(Uzhavar Sandhai )",Garlic,Garlic,Local,28/07/2026,22000,24000,23000
"Tamil Nadu",Theni,"Andipatti(Uzhavar Sandhai )",Tomato,Deshi,Local,28/07/2026,1800,2000,1900
"Tamil Nadu",Theni,"Andipatti(Uzhavar Sandhai )","Bhindi(Ladies Finger)",Bhindi,Local,28/07/2026,3200,3500,3350
"Tamil Nadu",Theni,"Andipatti(Uzhavar Sandhai )","Green Avare(W)","Green Avare (W)",Local,28/07/2026,7400,7800,7600
"Tamil Nadu",Theni,"Andipatti(Uzhavar Sandhai )",Lemon,Lemon,Local,28/07/2026,4000,4500,4250
"Tamil Nadu",Theni,"Andipatti(Uzhavar Sandhai )",Mint(Pudina),Mint(Pudina),Local,28/07/2026,5000,5500,5250
"Tamil Nadu",Theni,"Bodinayakanur(Uzhavar Sandhai )",Potato,"Red Nanital",Local,28/07/2026,2600,2600,2600
"Tamil Nadu",Theni,"Bodinayakanur(Uzhavar Sandhai )",Cauliflower,Ranchi,Local,28/07/2026,2800,2800,2800
"Tamil Nadu",Theni,"Bodinayakanur(Uzhavar Sandhai )",Coriander(Leaves),"I Sort",Local,28/07/2026,4600,4600,4600
"Tamil Nadu",Theni,"Bodinayakanur(Uzhavar Sandhai )",Ashgourd,Gouard,Local,28/07/2026,1500,1500,1500
"Tamil Nadu",Theni,"Bodinayakanur(Uzhavar Sandhai )",Cabbage,Cabbage,Local,28/07/2026,4000,4000,4000
"Tamil Nadu",Theni,"Bodinayakanur(Uzhavar Sandhai )",Mint(Pudina),Mint(Pudina),Local,28/07/2026,5500,5500,5500
"Tamil Nadu",Theni,"Chinnamanur(Uzhavar Sandhai )",Onion,Bellary,Local,28/07/2026,3800,3800,3800
"Tamil Nadu",Theni,"Chinnamanur(Uzhavar Sandhai )",Potato,Other,Local,28/07/2026,2500,2500,2500
"Tamil Nadu",Theni,"Chinnamanur(Uzhavar Sandhai )","Cluster beans","Cluster Beans",Local,28/07/2026,3800,3800,3800
"Tamil Nadu",Theni,"Chinnamanur(Uzhavar Sandhai )",Coconut,Coconut,Local,28/07/2026,5400,5400,5400
"Tamil Nadu",Theni,"Chinnamanur(Uzhavar Sandhai )",Cabbage,Cabbage,Local,28/07/2026,4000,4000,4000
"Tamil Nadu",Theni,"Chinnamanur(Uzhavar Sandhai )",Snakeguard,Snakeguard,Local,28/07/2026,4200,4200,4200
"Tamil Nadu",Theni,"Chinnamanur(Uzhavar Sandhai )","Green Avare(W)",Other,Local,28/07/2026,7000,7000,7000
"Tamil Nadu",Theni,"Chinnamanur(Uzhavar Sandhai )",Lime,Lime,Local,28/07/2026,11500,14000,12750
"Tamil Nadu",Theni,"Chinnamanur(Uzhavar Sandhai )","Elephant Yam(Suran)/Amorphophallus","Elephant Yam (Suran)",Local,28/07/2026,4400,4400,4400
"Tamil Nadu",Theni,"Kambam(Uzhavar Sandhai )","Bitter gourd",Other,Local,28/07/2026,4500,5400,4950
"Tamil Nadu",Theni,"Kambam(Uzhavar Sandhai )",Ashgourd,Gouard,Local,28/07/2026,1400,1400,1400
"Tamil Nadu",Theni,"Kambam(Uzhavar Sandhai )","Green Chilli","Green Chilly",Local,28/07/2026,4000,4500,4250
"Tamil Nadu",Theni,"Kambam(Uzhavar Sandhai )",Beans,"Beans (Whole)",Local,28/07/2026,8000,9000,8500
"Tamil Nadu",Theni,"Kambam(Uzhavar Sandhai )",Cabbage,Cabbage,Local,28/07/2026,4000,4000,4000
"Tamil Nadu",Theni,"Kambam(Uzhavar Sandhai )",Cucumbar(Kheera),Cucumbar,Local,28/07/2026,1600,1600,1600
"Tamil Nadu",Theni,"Kambam(Uzhavar Sandhai )",Raddish,Raddish,Local,28/07/2026,2800,2800,2800
"Tamil Nadu",Theni,"Kambam(Uzhavar Sandhai )",Thondekai,Thondekai,Local,28/07/2026,5000,5000,5000
"Tamil Nadu",Theni,"Theni(Uzhavar Sandhai )",Papaya,Papaya,Local,28/07/2026,3000,3500,3250
"Tamil Nadu",Theni,"Theni(Uzhavar Sandhai )","Water Melon","Water Melon",Local,28/07/2026,2500,2500,2500
"Tamil Nadu",Theni,"Theni(Uzhavar Sandhai )",Grapes,Annabesahai,Local,28/07/2026,10000,10000,10000
"Tamil Nadu",Theni,"Theni(Uzhavar Sandhai )",Potato,Other,Local,28/07/2026,2600,2600,2600
"Tamil Nadu",Theni,"Theni(Uzhavar Sandhai )","Cluster beans","Cluster Beans",Local,28/07/2026,3800,3800,3800
"Tamil Nadu",Theni,"Theni(Uzhavar Sandhai )",Beans,"Beans (Whole)",Local,28/07/2026,9000,9500,9250
"Tamil Nadu",Theni,"Theni(Uzhavar Sandhai )",Cabbage,Cabbage,Local,28/07/2026,4000,4000,4000
"Tamil Nadu",Theni,"Theni(Uzhavar Sandhai )",Snakeguard,Snakeguard,Local,28/07/2026,3000,3000,3000
"Tamil Nadu",Theni,"Theni(Uzhavar Sandhai )",Capsicum,Capsicum,Local,28/07/2026,6000,6000,6000
"Tamil Nadu",Theni,"Theni(Uzhavar Sandhai )",Mango(Raw-Ripe),"Mango - Raw-Ripe",Local,28/07/2026,2500,2500,2500
"Tamil Nadu",Theni,"Theni(Uzhavar Sandhai )",Lemon,Lemon,Local,28/07/2026,3000,4500,3750
"Tamil Nadu",Theni,"Theni(Uzhavar Sandhai )","Custard Apple(Sharifa)","Custard Apple(Sharifa)",Local,28/07/2026,8000,8000,8000
"Tamil Nadu",Theni,"Theni(Uzhavar Sandhai )","Onion Green","Onion Green",Local,28/07/2026,3000,6400,4700
"Tamil Nadu",Theni,"Theni(Uzhavar Sandhai )",Mint(Pudina),Mint(Pudina),Local,28/07/2026,5500,5500,5500
"Tamil Nadu",Theni,"Theni(Uzhavar Sandhai )","Baby Corn","Baby Corn","Grade A",28/07/2026,5000,5000,5000
"Tamil Nadu",Thirunelveli,"Kandiyaperi(Uzhavar Sandhai )",Brinjal,Other,Local,28/07/2026,3000,3500,3250
"Tamil Nadu",Thirunelveli,"Kandiyaperi(Uzhavar Sandhai )",Ashgourd,Gouard,Local,28/07/2026,1600,1800,1700
"Tamil Nadu",Thirunelveli,"Kandiyaperi(Uzhavar Sandhai )",Amaranthus,Amaranthus,Local,28/07/2026,1200,1500,1350
"Tamil Nadu",Thirunelveli,"Melapalayam(Uzhavar Sandhai )",Brinjal,Other,Local,28/07/2026,3000,3500,3250
"Tamil Nadu",Thirunelveli,"Melapalayam(Uzhavar Sandhai )",Beetroot,Beetroot,Local,28/07/2026,4800,7200,6000
"Tamil Nadu",Thirunelveli,"Palayamkottai(Uzhavar Sandhai )",Papaya,Papaya,Local,28/07/2026,3500,4000,3750
"Tamil Nadu",Thirunelveli,"Palayamkottai(Uzhavar Sandhai )","Bhindi(Ladies Finger)",Bhindi,Local,28/07/2026,3000,3400,3200
"Tamil Nadu",Thirunelveli,"Palayamkottai(Uzhavar Sandhai )","Green Chilli","Green Chilly",Local,28/07/2026,3800,4200,4000
"Tamil Nadu",Thirunelveli,"Palayamkottai(Uzhavar Sandhai )","Banana - Green","Banana - Green",Local,28/07/2026,2500,3000,2750
"Tamil Nadu",Thirunelveli,"Palayamkottai(Uzhavar Sandhai )",Coconut,Coconut,Local,28/07/2026,5600,6000,5800
"Tamil Nadu",Thirunelveli,"Palayamkottai(Uzhavar Sandhai )",Beetroot,Beetroot,Local,28/07/2026,4800,7200,6000
"Tamil Nadu",Thirunelveli,"Palayamkottai(Uzhavar Sandhai )","Green Avare(W)",Other,Local,28/07/2026,8000,8500,8250
"Tamil Nadu",Thirunelveli,"Palayamkottai(Uzhavar Sandhai )",Pomegranate,Pomogranate,Local,28/07/2026,20000,24000,22000
"Tamil Nadu",Thirunelveli,"Palayamkottai(Uzhavar Sandhai )","Elephant Yam(Suran)/Amorphophallus","Elephant Yam (Suran)",Local,28/07/2026,4000,4200,4100
"Tamil Nadu",Thirunelveli,"Palayamkottai(Uzhavar Sandhai )",Colacasia,Colacasia,Local,28/07/2026,4000,5000,4500
"Tamil Nadu",Thirupur,"Kangayam(Uzhavar Sandhai )",Onion,Bellary,Local,28/07/2026,3500,3500,3500
"Tamil Nadu",Thirupur,"Kangayam(Uzhavar Sandhai )","Cluster beans","Cluster Beans",Local,28/07/2026,4500,4500,4500
"Tamil Nadu",Thirupur,"Kangayam(Uzhavar Sandhai )","Bitter gourd","Bitter Gourd",Local,28/07/2026,6500,6500,6500
"Tamil Nadu",Thirupur,"Kangayam(Uzhavar Sandhai )","Bottle gourd","Bottle Gourd",Local,28/07/2026,1800,1800,1800
"Tamil Nadu",Thirupur,"Kangayam(Uzhavar Sandhai )",Beetroot,Beetroot,Local,28/07/2026,3000,3000,3000
"Tamil Nadu",Thirupur,"Kangayam(Uzhavar Sandhai )",Drumstick,Drumstick,Local,28/07/2026,7500,7500,7500
"Tamil Nadu",Thirupur,"Tiruppur (North) (Uzhavar Sandhai )",Banana,"Red Banana",Local,28/07/2026,6000,7000,6500
"Tamil Nadu",Thirupur,"Tiruppur (North) (Uzhavar Sandhai )",Beans,"Beans (Whole)",Local,28/07/2026,7000,8000,7500
"Tamil Nadu",Thirupur,"Tiruppur (North) (Uzhavar Sandhai )",Carrot,Pusakesar,Local,28/07/2026,8000,8500,8250
"Tamil Nadu",Thirupur,"Tiruppur (North) (Uzhavar Sandhai )","Elephant Yam(Suran)/Amorphophallus","Elephant Yam (Suran)",Local,28/07/2026,3500,4000,3750
"Tamil Nadu",Thirupur,"Tiruppur (South) (Uzhavar Sandhai )",Brinjal,Other,Local,28/07/2026,5000,7000,6000
"Tamil Nadu",Thirupur,"Tiruppur (South) (Uzhavar Sandhai )","Bottle gourd","Bottle Gourd",Local,28/07/2026,1500,2000,1750
"Tamil Nadu",Thirupur,"Tiruppur (South) (Uzhavar Sandhai )",Coconut,Coconut,Local,28/07/2026,4500,5000,4750
"Tamil Nadu",Thirupur,"Tiruppur (South) (Uzhavar Sandhai )",Cabbage,Cabbage,Local,28/07/2026,2500,3000,2750
"Tamil Nadu",Thirupur,"Tiruppur (South) (Uzhavar Sandhai )",Beetroot,Beetroot,Local,28/07/2026,8000,10000,9000
"Tamil Nadu",Thirupur,"Tiruppur (South) (Uzhavar Sandhai )","Green Avare(W)",Other,Local,28/07/2026,6000,7000,6500
"Tamil Nadu",Thirupur,"Tiruppur (South) (Uzhavar Sandhai )","Amla(Nelli Kai)",Amla,Local,28/07/2026,4500,6800,5650
"Tamil Nadu",Thirupur,"Tiruppur (South) (Uzhavar Sandhai )",Mint(Pudina),Mint(Pudina),Local,28/07/2026,2500,3000,2750
"Tamil Nadu",Thiruvannamalai,"Chengam(Uzhavar Sandhai )",Brinjal,Round,Local,28/07/2026,3500,4000,3750
"Tamil Nadu",Thiruvannamalai,"Chengam(Uzhavar Sandhai )","Banana - Green","Banana - Green",Local,28/07/2026,1200,1500,1350
"Tamil Nadu",Thiruvannamalai,"Chengam(Uzhavar Sandhai )",Coconut,Coconut,Local,28/07/2026,4000,5000,4500
"Tamil Nadu",Thiruvannamalai,"Chengam(Uzhavar Sandhai )","Sweet Potato","Hosur Red",Local,28/07/2026,3500,4000,3750
"Tamil Nadu",Thiruvannamalai,"Chengam(Uzhavar Sandhai )","Chow Chow","Chow Chow",Local,28/07/2026,3500,4000,3750
"Tamil Nadu",Thiruvannamalai,"Chengam(Uzhavar Sandhai )",Drumstick,Drumstick,Local,28/07/2026,5000,6000,5500
"Tamil Nadu",Thiruvannamalai,"Tamarainagar(Uzhavar Sandhai )","Bottle gourd","Bottle Gourd",Local,28/07/2026,2500,3000,2750
"Tamil Nadu",Thiruvannamalai,"Tamarainagar(Uzhavar Sandhai )","Sweet Potato","Hosur Red",Local,28/07/2026,3500,4200,3850
"Tamil Nadu",Thiruvannamalai,"Tamarainagar(Uzhavar Sandhai )",Ridgeguard(Tori),Ridgeguard(Tori),Local,28/07/2026,5000,6000,5500
"Tamil Nadu",Thiruvannamalai,"Tamarainagar(Uzhavar Sandhai )",Guava,"Guava Allahabad",Local,28/07/2026,6000,7000,6500
"Tamil Nadu",Thiruvannamalai,"Tamarainagar(Uzhavar Sandhai )","Onion Green","Onion Green",Local,28/07/2026,5000,6000,5500
"Tamil Nadu",Thiruvannamalai,"Vandavasi(Uzhavar Sandhai )",Papaya,Papaya,Local,28/07/2026,3000,4000,3500
"Tamil Nadu",Thiruvannamalai,"Vandavasi(Uzhavar Sandhai )",Banana,Karpura,Local,28/07/2026,4000,5000,4500
"Tamil Nadu",Thiruvannamalai,"Vandavasi(Uzhavar Sandhai )",Onion,Bellary,Local,28/07/2026,3500,4000,3750
"Tamil Nadu",Thiruvannamalai,"Vandavasi(Uzhavar Sandhai )","Cluster beans","Cluster Beans",Local,28/07/2026,4000,4800,4400
"Tamil Nadu",Thiruvannamalai,"Vandavasi(Uzhavar Sandhai )","Banana - Green","Banana - Green",Local,28/07/2026,1600,2000,1800
"Tamil Nadu",Thiruvannamalai,"Vandavasi(Uzhavar Sandhai )",Drumstick,Drumstick,Local,28/07/2026,5000,6000,5500
"Tamil Nadu",Thiruvannamalai,"Vandavasi(Uzhavar Sandhai )",Colacasia,Colacasia,Local,28/07/2026,3500,4000,3750
"Tamil Nadu",Thiruvarur,"Muthupettai(Uzhavar Sandhai )",Onion,Bellary,Local,28/07/2026,3600,3600,3600
"Tamil Nadu",Thiruvarur,"Muthupettai(Uzhavar Sandhai )",Coriander(Leaves),"I Sort",Local,28/07/2026,5000,5000,5000
"Tamil Nadu",Thiruvarur,"Muthupettai(Uzhavar Sandhai )","Banana - Green","Banana - Green",Local,28/07/2026,4000,4000,4000
"Tamil Nadu",Thiruvarur,"Muthupettai(Uzhavar Sandhai )",Beetroot,Beetroot,Local,28/07/2026,5000,5000,5000
"Tamil Nadu",Thiruvarur,"Muthupettai(Uzhavar Sandhai )",Lemon,Lemon,Local,28/07/2026,5000,5000,5000
Punjab,"Ropar (Rupnagar)","Morinda APMC",Pineapple,"Pine Apple",Medium,28/07/2026,6000,6000,6000
Punjab,"Ropar (Rupnagar)","Morinda APMC","Mousambi(Sweet Lime)",Mousambi,Medium,28/07/2026,4000,5000,4500
Punjab,"Ropar (Rupnagar)","Morinda APMC",Tomato,Tomato,Medium,28/07/2026,2500,3000,2750
Bihar,"East Champaran/ Motihari","Raxaul APMC",Potato,"Red Nanital","Grade A",28/07/2026,1300,1500,1400
Bihar,"East Champaran/ Motihari","Raxaul APMC","Pointed gourd(Parval)",Other,"Grade A",28/07/2026,1800,2000,1900
"Tamil Nadu",Villupuram,"Gingee(Uzhavar Sandhai )",Groundnut,"Big (With Shell)",Local,28/07/2026,7000,7000,7000
"Tamil Nadu",Villupuram,"Gingee(Uzhavar Sandhai )",Onion,Bellary,Local,28/07/2026,4000,4000,4000
"Tamil Nadu",Villupuram,"Gingee(Uzhavar Sandhai )",Coriander(Leaves),"I Sort",Local,28/07/2026,5000,5000,5000
"Tamil Nadu",Villupuram,"Gingee(Uzhavar Sandhai )","Green Chilli","Green Chilly",Local,28/07/2026,5000,5000,5000
"Tamil Nadu",Villupuram,"Gingee(Uzhavar Sandhai )",Coconut,Coconut,Local,28/07/2026,6000,6000,6000
"Tamil Nadu",Villupuram,"Gingee(Uzhavar Sandhai )",Beetroot,Beetroot,Local,28/07/2026,4000,4000,4000
"Tamil Nadu",Villupuram,"Gingee(Uzhavar Sandhai )",Cucumbar(Kheera),Cucumbar,Local,28/07/2026,4000,4000,4000
"Tamil Nadu",Villupuram,"Gingee(Uzhavar Sandhai )",Raddish,Raddish,Local,28/07/2026,4500,4500,4500
"Tamil Nadu",Villupuram,"Gingee(Uzhavar Sandhai )",Lemon,Lemon,Local,28/07/2026,10000,10000,10000
"Tamil Nadu",Villupuram,"Gingee(Uzhavar Sandhai )","Amla(Nelli Kai)",Amla,Local,28/07/2026,8000,8000,8000
"Tamil Nadu",Villupuram,"Gingee(Uzhavar Sandhai )",Mint(Pudina),Mint(Pudina),Local,28/07/2026,4000,4000,4000
"Tamil Nadu",Thiruvarur,"Valangaiman APMC",Tomato,Deshi,Local,28/07/2026,2000,2000,2000
"Tamil Nadu",Thiruvarur,"Valangaiman APMC","Bottle gourd","Bottle Gourd",Local,28/07/2026,3000,3000,3000
"Tamil Nadu",Thiruvarur,"Valangaiman APMC",Ashgourd,Gouard,Local,28/07/2026,2400,2400,2400
"Tamil Nadu",Thiruvarur,"Valangaiman APMC",Mango(Raw-Ripe),"Mango - Raw-Ripe",Local,28/07/2026,2400,2400,2400
"Andhra Pradesh",Srikakulam,"Ichapuram APMC",Paddy(Common),Sannalu,Local,28/07/2026,2369,2369,2369
"Tamil Nadu",Thiruvellore,"Tiruthani(Uzhavar Sandhai )","Bottle gourd","Bottle Gourd",Local,28/07/2026,3000,3000,3000
"Tamil Nadu",Thiruvellore,"Tiruthani(Uzhavar Sandhai )",Coconut,Coconut,Local,28/07/2026,6000,6000,6000
"Tamil Nadu",Thiruvellore,"Tiruthani(Uzhavar Sandhai )",Cabbage,Cabbage,Local,28/07/2026,4000,4000,4000
"Andhra Pradesh",Srikakulam,"Palasa APMC",Cashewnuts,"320 Counts",Local,28/07/2026,14000,14000,14000
"Tamil Nadu",Madurai,"Thirumangalam(Uzhavar Sandhai )",Banana,Besrai,Local,28/07/2026,3000,4000,3500
"Tamil Nadu",Madurai,"Thirumangalam(Uzhavar Sandhai )",Mango,Safeda,Local,28/07/2026,6000,7000,6500
"Tamil Nadu",Madurai,"Thirumangalam(Uzhavar Sandhai )",Pumpkin,Pumpkin,Local,28/07/2026,2000,2400,2200
"Tamil Nadu",Madurai,"Thirumangalam(Uzhavar Sandhai )",Coconut,Coconut,Local,28/07/2026,5800,6000,5900
"Tamil Nadu",Madurai,"Thirumangalam(Uzhavar Sandhai )","Elephant Yam(Suran)/Amorphophallus","Elephant Yam (Suran)",Local,28/07/2026,4000,4500,4250
"Tamil Nadu",Madurai,"Thirumangalam(Uzhavar Sandhai )","Onion Green","Onion Green",Local,28/07/2026,5500,6000,5750
Punjab,Hoshiarpur,"GarhShankar (Kotfatuhi) APMC",Cucumbar(Kheera),Other,FAQ,28/07/2026,2000,2000,2000
Punjab,Hoshiarpur,"GarhShankar (Kotfatuhi) APMC",Onion,Other,FAQ,28/07/2026,2300,2300,2300
"Tamil Nadu",Madurai,"Melur(Uzhavar Sandhai )",Papaya,Papaya,Local,28/07/2026,4000,4500,4250
"Tamil Nadu",Madurai,"Melur(Uzhavar Sandhai )",Groundnut,"Big (With Shell)",Local,28/07/2026,6000,7000,6500
"Tamil Nadu",Madurai,"Melur(Uzhavar Sandhai )",Brinjal,Round,Local,28/07/2026,5000,5200,5100
"Tamil Nadu",Madurai,"Melur(Uzhavar Sandhai )",Chikoos(Sapota),Sapota,Local,28/07/2026,4000,6000,5000
"Tamil Nadu",Madurai,"Melur(Uzhavar Sandhai )",Cowpea(Veg),"Cowpea (Veg)",Local,28/07/2026,3500,4000,3750
"Tamil Nadu",Madurai,"Melur(Uzhavar Sandhai )",Snakeguard,Snakeguard,Local,28/07/2026,4000,4500,4250
"Tamil Nadu",Madurai,"Melur(Uzhavar Sandhai )",Cucumbar(Kheera),Cucumbar,Local,28/07/2026,4000,5000,4500
"Tamil Nadu",Madurai,"Melur(Uzhavar Sandhai )",Thondekai,Thondekai,Local,28/07/2026,5500,6000,5750
"Tamil Nadu",Madurai,"Melur(Uzhavar Sandhai )",Drumstick,Drumstick,Local,28/07/2026,6000,7000,6500
"Tamil Nadu",Madurai,"Melur(Uzhavar Sandhai )",Guava,"Guava Allahabad",Local,28/07/2026,7000,8000,7500
"Tamil Nadu",Madurai,"Melur(Uzhavar Sandhai )","Amla(Nelli Kai)",Amla,Local,28/07/2026,6000,6500,6250
"Tamil Nadu",Madurai,"Melur(Uzhavar Sandhai )",Mint(Pudina),Mint(Pudina),Local,28/07/2026,4000,4500,4250
"Tamil Nadu",Salem,"Vazhapadi(Uzhavar Sandhai)",Onion,Bellary,Local,28/07/2026,3000,4000,3500
"Tamil Nadu",Salem,"Vazhapadi(Uzhavar Sandhai)",Cauliflower,Ranchi,Local,28/07/2026,2500,3000,2750
"Tamil Nadu",Salem,"Vazhapadi(Uzhavar Sandhai)",Chikoos(Sapota),Sapota,Local,28/07/2026,4000,4000,4000
"Tamil Nadu",Salem,"Vazhapadi(Uzhavar Sandhai)","Cluster beans","Cluster Beans",Local,28/07/2026,3800,3800,3800
"Tamil Nadu",Salem,"Vazhapadi(Uzhavar Sandhai)","Bitter gourd","Bitter Gourd",Local,28/07/2026,6000,6500,6250
"Tamil Nadu",Salem,"Vazhapadi(Uzhavar Sandhai)",Ashgourd,Gouard,Local,28/07/2026,2400,2400,2400
"Tamil Nadu",Salem,"Vazhapadi(Uzhavar Sandhai)","Bhindi(Ladies Finger)",Bhindi,Local,28/07/2026,3200,3200,3200
"Tamil Nadu",Salem,"Vazhapadi(Uzhavar Sandhai)",Ginger(Green),"Green Ginger",Local,28/07/2026,10000,16000,13000
"Tamil Nadu",Salem,"Vazhapadi(Uzhavar Sandhai)",Cabbage,Cabbage,Local,28/07/2026,4000,4400,4200
"Tamil Nadu",Salem,"Vazhapadi(Uzhavar Sandhai)",Cucumbar(Kheera),Cucumbar,Local,28/07/2026,6000,6000,6000
"Tamil Nadu",Salem,"Vazhapadi(Uzhavar Sandhai)",Ridgeguard(Tori),Ridgeguard(Tori),Local,28/07/2026,4000,5000,4500
"Tamil Nadu",Salem,"Vazhapadi(Uzhavar Sandhai)",Drumstick,Drumstick,Local,28/07/2026,6000,6000,6000
"Tamil Nadu",Salem,"Vazhapadi(Uzhavar Sandhai)",Lemon,Lemon,Local,28/07/2026,5000,5000,5000
"Tamil Nadu",Karur,"Gandhigramam(Uzhavar Sandhai)",Cauliflower,Ranchi,Local,28/07/2026,3500,4000,3750
"Tamil Nadu",Karur,"Gandhigramam(Uzhavar Sandhai)",Chikoos(Sapota),Sapota,Local,28/07/2026,4500,5000,4750
"Tamil Nadu",Karur,"Gandhigramam(Uzhavar Sandhai)","Cluster beans","Cluster Beans",Local,28/07/2026,3500,4000,3750
"Tamil Nadu",Karur,"Gandhigramam(Uzhavar Sandhai)","Bottle gourd","Bottle Gourd",Local,28/07/2026,2000,2500,2250
"Tamil Nadu",Karur,"Gandhigramam(Uzhavar Sandhai)","Green Avare(W)",Other,Local,28/07/2026,8000,10000,9000
"Tamil Nadu",Karur,"Gandhigramam(Uzhavar Sandhai)",Drumstick,Drumstick,Local,28/07/2026,3000,3500,3250
"Tamil Nadu",Karur,"Gandhigramam(Uzhavar Sandhai)",Mango(Raw-Ripe),"Mango - Raw-Ripe",Local,28/07/2026,3000,4000,3500
"Tamil Nadu",Karur,"Gandhigramam(Uzhavar Sandhai)",Lemon,Lemon,Local,28/07/2026,6000,8000,7000
"Tamil Nadu",Pudukkottai,"Aranthangi(Uzhavar Sandhai )","Bhindi(Ladies Finger)",Bhindi,Local,28/07/2026,3500,4000,3750
"Tamil Nadu",Pudukkottai,"Aranthangi(Uzhavar Sandhai )",Coconut,Coconut,Local,28/07/2026,3500,4000,3750
"Tamil Nadu",Pudukkottai,"Aranthangi(Uzhavar Sandhai )",Raddish,Raddish,Local,28/07/2026,3000,3500,3250
"Tamil Nadu",Pudukkottai,"Aranthangi(Uzhavar Sandhai )",Mint(Pudina),Mint(Pudina),Local,28/07/2026,3500,4000,3750
"Tamil Nadu",Coimbatore,"Sulur(Uzhavar Sandhai )","Bottle gourd","Bottle Gourd",Local,28/07/2026,2800,3200,3000
"Tamil Nadu",Coimbatore,"Sulur(Uzhavar Sandhai )",Beans,"Beans (Whole)",Local,28/07/2026,8000,8500,8250
"Tamil Nadu",Coimbatore,"Sulur(Uzhavar Sandhai )",Coconut,Coconut,Local,28/07/2026,5400,5800,5600
"Tamil Nadu",Coimbatore,"Sulur(Uzhavar Sandhai )",Carrot,Pusakesar,Local,28/07/2026,8000,8800,8400
"Tamil Nadu",Coimbatore,"Sulur(Uzhavar Sandhai )",Cabbage,Cabbage,Local,28/07/2026,3400,3800,3600
"Tamil Nadu",Coimbatore,"Sulur(Uzhavar Sandhai )","Chow Chow","Chow Chow",Local,28/07/2026,3000,3600,3300
"Tamil Nadu",Coimbatore,"Sulur(Uzhavar Sandhai )",Mint(Pudina),Mint(Pudina),Local,28/07/2026,5400,6000,5700
"Tamil Nadu",Cuddalore,"Panruti(Uzhavar Sandhai )",Papaya,Papaya,Local,28/07/2026,4000,4000,4000
"Tamil Nadu",Cuddalore,"Panruti(Uzhavar Sandhai )",Onion,Bellary,Local,28/07/2026,3500,4000,3750
"Tamil Nadu",Cuddalore,"Panruti(Uzhavar Sandhai )",Potato,"Red Nanital",Local,28/07/2026,4000,4000,4000
"Tamil Nadu",Cuddalore,"Panruti(Uzhavar Sandhai )",Tomato,Deshi,Local,28/07/2026,1500,1500,1500
"Tamil Nadu",Cuddalore,"Panruti(Uzhavar Sandhai )",Ridgeguard(Tori),Ridgeguard(Tori),Local,28/07/2026,6000,6000,6000
"Tamil Nadu",Cuddalore,"Panruti(Uzhavar Sandhai )","Green Avare(W)","Green Avare (W)",Local,28/07/2026,7000,13000,10000
"Tamil Nadu",Cuddalore,"Panruti(Uzhavar Sandhai )",Lemon,Lemon,Local,28/07/2026,6000,6000,6000
"Tamil Nadu",Cuddalore,"Panruti(Uzhavar Sandhai )","Onion Green","Onion Green",Local,28/07/2026,7000,7000,7000
"Tamil Nadu",Cuddalore,"Panruti(Uzhavar Sandhai )",Mint(Pudina),Mint(Pudina),Local,28/07/2026,5000,5000,5000
"Tamil Nadu",Cuddalore,"Vadalur(Uzhavar Sandhai )","Bottle gourd","Bottle Gourd",Local,28/07/2026,3000,3000,3000
"Tamil Nadu",Cuddalore,"Vadalur(Uzhavar Sandhai )","Green Avare(W)",Other,Local,28/07/2026,8000,8000,8000
"Tamil Nadu",Cuddalore,"Vadalur(Uzhavar Sandhai )",Mango(Raw-Ripe),"Mango - Raw-Ripe",Local,28/07/2026,3000,3000,3000
"Tamil Nadu",Cuddalore,"Vadalur(Uzhavar Sandhai )","Knool Khol","Knool Khol",Local,28/07/2026,5000,5000,5000
"Tamil Nadu",Dharmapuri,"AJattihalli(Uzhavar Sandhai )",Brinjal,Other,Local,28/07/2026,3000,3000,3000
"Tamil Nadu",Dharmapuri,"AJattihalli(Uzhavar Sandhai )",Tomato,Deshi,Local,28/07/2026,1200,1600,1400
"Tamil Nadu",Dharmapuri,"AJattihalli(Uzhavar Sandhai )","Bitter gourd",Other,Local,28/07/2026,4800,4800,4800
"Tamil Nadu",Dharmapuri,"AJattihalli(Uzhavar Sandhai )",Cowpea(Veg),"Cowpea (Veg)",Local,28/07/2026,7000,7000,7000
"Tamil Nadu",Dharmapuri,"AJattihalli(Uzhavar Sandhai )","Banana - Green","Banana - Green",Local,28/07/2026,2500,2500,2500
"Tamil Nadu",Dharmapuri,"AJattihalli(Uzhavar Sandhai )",Capsicum,Capsicum,Local,28/07/2026,8800,8800,8800
"Tamil Nadu",Dharmapuri,"AJattihalli(Uzhavar Sandhai )","Knool Khol","Knool Khol",Local,28/07/2026,6000,6000,6000
"Tamil Nadu",Dharmapuri,"AJattihalli(Uzhavar Sandhai )",Lemon,Lemon,Local,28/07/2026,6500,8000,7250
"Tamil Nadu",Dharmapuri,"AJattihalli(Uzhavar Sandhai )",Mint(Pudina),Mint(Pudina),Local,28/07/2026,7000,8000,7500
"Tamil Nadu",Nagapattinam,"Vedaranyam(Uzhavar Sandhai)",Banana,Besrai,Local,28/07/2026,3800,4000,3900
"Tamil Nadu",Nagapattinam,"Vedaranyam(Uzhavar Sandhai)",Onion,Bellary,Local,28/07/2026,3200,3500,3350
"Tamil Nadu",Nagapattinam,"Vedaranyam(Uzhavar Sandhai)","Bitter gourd","Bitter Gourd",Local,28/07/2026,4000,4500,4250
"Tamil Nadu",Nagapattinam,"Vedaranyam(Uzhavar Sandhai)",Amaranthus,Amaranthus,Local,28/07/2026,2000,2200,2100
"Tamil Nadu",Nagapattinam,"Vedaranyam(Uzhavar Sandhai)",Ginger(Green),"Green Ginger",Local,28/07/2026,11500,12000,11750
"Tamil Nadu",Nagapattinam,"Vedaranyam(Uzhavar Sandhai)",Cabbage,Cabbage,Local,28/07/2026,3200,3500,3350
"Tamil Nadu",Vellore,"Perampet(Uzhavar Sandhai)","Bitter gourd","Bitter Gourd",Local,28/07/2026,5000,5000,5000
"Tamil Nadu",Vellore,"Perampet(Uzhavar Sandhai)","Bottle gourd","Bottle Gourd",Local,28/07/2026,2400,2400,2400
"Tamil Nadu",Vellore,"Perampet(Uzhavar Sandhai)",Cabbage,Cabbage,Local,28/07/2026,4000,4000,4000
"Tamil Nadu",Vellore,"Perampet(Uzhavar Sandhai)","Green Avare(W)","Green Avare (W)",Local,28/07/2026,4500,5000,4750
"Tamil Nadu",Vellore,"Perampet(Uzhavar Sandhai)","Onion Green","Onion Green",Local,28/07/2026,6000,6000,6000
Maharashtra,Pune,"Pune(Pimpri) APMC",Beetroot,Other,Local,28/07/2026,2500,2500,2500
Maharashtra,Pune,"Pune(Pimpri) APMC",Cucumbar(Kheera),Other,Local,28/07/2026,1500,1700,1600
"Madhya Pradesh",Badwani,"Sendhwa(F&V) APMC","Bottle gourd","Bottle Gourd",Medium,28/07/2026,700,1200,900
"Madhya Pradesh",Badwani,"Sendhwa(F&V) APMC",Pumpkin,Pumpkin,Large,28/07/2026,700,1300,900
"Madhya Pradesh",Badwani,"Sendhwa(F&V) APMC",Onion,Red,Medium,28/07/2026,700,1100,900
"Tamil Nadu",Karur,"Kulithalai(Uzhavar Sandhai )",Mango,Neelam,Local,28/07/2026,5000,6000,5500
"Tamil Nadu",Karur,"Kulithalai(Uzhavar Sandhai )","Banana - Green","Banana - Green",Local,28/07/2026,3500,4000,3750
"Tamil Nadu",Karur,"Kulithalai(Uzhavar Sandhai )",Ginger(Green),"Green Ginger",Local,28/07/2026,19500,20000,19750
"Tamil Nadu",Karur,"Kulithalai(Uzhavar Sandhai )",Carrot,Pusakesar,Local,28/07/2026,9000,10000,9500
"Tamil Nadu",Karur,"Kulithalai(Uzhavar Sandhai )",Snakeguard,Snakeguard,Local,28/07/2026,3600,4000,3800
"Tamil Nadu",Karur,"Kulithalai(Uzhavar Sandhai )",Raddish,Raddish,Local,28/07/2026,3600,4000,3800
"Tamil Nadu",Karur,"Kulithalai(Uzhavar Sandhai )",Thondekai,Thondekai,Local,28/07/2026,4500,5000,4750
"Tamil Nadu",Karur,"Kulithalai(Uzhavar Sandhai )","Green Avare(W)",Other,Local,28/07/2026,7000,8000,7500
"Tamil Nadu",Karur,"Kulithalai(Uzhavar Sandhai )",Lemon,Lemon,Local,28/07/2026,5500,6000,5750
"Tamil Nadu",Karur,"Kulithalai(Uzhavar Sandhai )","Onion Green","Onion Green",Local,28/07/2026,5500,6000,5750
"Tamil Nadu",Karur,"Kulithalai(Uzhavar Sandhai )",Mint(Pudina),Mint(Pudina),Local,28/07/2026,6500,7000,6750
"Tamil Nadu",Karur,"Pallapatti (Uzhavar Sandhai )",Brinjal,Other,Local,28/07/2026,6500,7000,6750
"Tamil Nadu",Karur,"Pallapatti (Uzhavar Sandhai )","Bottle gourd","Bottle Gourd",Local,28/07/2026,2000,2500,2250
"Tamil Nadu",Karur,"Pallapatti (Uzhavar Sandhai )",Ashgourd,Gouard,Local,28/07/2026,2000,2500,2250
"Tamil Nadu",Karur,"Pallapatti (Uzhavar Sandhai )",Pumpkin,Pumpkin,Local,28/07/2026,2000,2500,2250
"Tamil Nadu",Karur,"Pallapatti (Uzhavar Sandhai )","Green Chilli","Green Chilly",Local,28/07/2026,5500,6000,5750
"Tamil Nadu",Karur,"Pallapatti (Uzhavar Sandhai )",Raddish,Raddish,Local,28/07/2026,3600,4000,3800
"Tamil Nadu",Karur,"Velayuthampalayam(Uzhavar Sandhai )","Bitter gourd","Bitter Gourd",Local,28/07/2026,5200,6000,5600
"Tamil Nadu",Karur,"Velayuthampalayam(Uzhavar Sandhai )",Ashgourd,Gouard,Local,28/07/2026,2400,2800,2600
"Tamil Nadu",Karur,"Vengamedu(Uzhavar Sandhai )","Bitter gourd",Other,Local,28/07/2026,5500,6000,5750
"Tamil Nadu",Karur,"Vengamedu(Uzhavar Sandhai )","Bhindi(Ladies Finger)",Bhindi,Local,28/07/2026,3500,4000,3750
"Tamil Nadu",Karur,"Vengamedu(Uzhavar Sandhai )",Raddish,Raddish,Local,28/07/2026,3500,4000,3750
"Tamil Nadu",Karur,"Vengamedu(Uzhavar Sandhai )","Green Avare(W)",Other,Local,28/07/2026,7000,8000,7500
"Tamil Nadu",Karur,"Vengamedu(Uzhavar Sandhai )",Lemon,Lemon,Local,28/07/2026,7500,8000,7750
"Tamil Nadu",Theni,"Devaram(Uzhavar Sandhai )",Cowpea(Veg),"Cowpea (Veg)",Local,28/07/2026,4000,4000,4000
"Tamil Nadu",Theni,"Devaram(Uzhavar Sandhai )","Sweet Potato","Hosur Red",Local,28/07/2026,3000,3200,3100
"Tamil Nadu",Theni,"Devaram(Uzhavar Sandhai )","Chow Chow","Chow Chow",Local,28/07/2026,3400,3400,3400
"Tamil Nadu",Theni,"Devaram(Uzhavar Sandhai )",Drumstick,Drumstick,Local,28/07/2026,3500,4500,4000
"Tamil Nadu",Salem,"Attayampatti(Uzhavar Sandhai )",Brinjal,Round,Local,28/07/2026,4000,4600,4300
"Tamil Nadu",Salem,"Attayampatti(Uzhavar Sandhai )","Bitter gourd","Bitter Gourd",Local,28/07/2026,5000,5500,5250
"Tamil Nadu",Salem,"Attayampatti(Uzhavar Sandhai )",Raddish,Raddish,Local,28/07/2026,3000,3400,3200
"Tamil Nadu",Sivaganga,"Sivagangai (Uzhavar Sandhai )",Onion,Bellary,Local,28/07/2026,4000,4200,4100
"Tamil Nadu",Sivaganga,"Sivagangai (Uzhavar Sandhai )","Bitter gourd",Other,Local,28/07/2026,5600,6200,5900
"Tamil Nadu",Sivaganga,"Sivagangai (Uzhavar Sandhai )",Ashgourd,Gouard,Local,28/07/2026,2600,2800,2700
"Tamil Nadu",Sivaganga,"Sivagangai (Uzhavar Sandhai )",Snakeguard,Snakeguard,Local,28/07/2026,4200,4600,4400
"Tamil Nadu",Sivaganga,"Sivagangai (Uzhavar Sandhai )",Mango(Raw-Ripe),"Mango - Raw-Ripe",Local,28/07/2026,2200,3600,2900
"Tamil Nadu",Sivaganga,"Sivagangai (Uzhavar Sandhai )","Elephant Yam(Suran)/Amorphophallus","Elephant Yam (Suran)",Local,28/07/2026,4200,4600,4400
"Tamil Nadu",Sivaganga,"Sivagangai (Uzhavar Sandhai )",Yam(Ratalu),"Yam (Ratalu)",Local,28/07/2026,7200,8200,7700
"Tamil Nadu",Sivaganga,"Sivagangai (Uzhavar Sandhai )",Colacasia,Colacasia,Local,28/07/2026,4200,5200,4700
"Tamil Nadu",Sivaganga,"Sivagangai (Uzhavar Sandhai )",Mint(Pudina),Mint(Pudina),Local,28/07/2026,4200,4600,4400
"Tamil Nadu",Sivaganga,"Devakottai (Uzhavar Sandhai )",Onion,Bellary,Local,28/07/2026,3200,4400,3800
"Tamil Nadu",Sivaganga,"Devakottai (Uzhavar Sandhai )",Brinjal,Other,Local,28/07/2026,5400,5800,5600
"Tamil Nadu",Sivaganga,"Devakottai (Uzhavar Sandhai )","Bitter gourd",Other,Local,28/07/2026,6000,6400,6200
"Tamil Nadu",Sivaganga,"Devakottai (Uzhavar Sandhai )","Bottle gourd","Bottle Gourd",Local,28/07/2026,3200,3800,3500
"Tamil Nadu",Sivaganga,"Devakottai (Uzhavar Sandhai )",Ashgourd,Gouard,Local,28/07/2026,2200,2800,2500
"Tamil Nadu",Sivaganga,"Devakottai (Uzhavar Sandhai )",Coconut,Coconut,Local,28/07/2026,5800,6500,6150
"Tamil Nadu",Sivaganga,"Devakottai (Uzhavar Sandhai )",Raddish,Raddish,Local,28/07/2026,3200,3800,3500
"Tamil Nadu",Sivaganga,"Devakottai (Uzhavar Sandhai )","Green Avare(W)",Other,Local,28/07/2026,6000,7200,6600
"Tamil Nadu",Sivaganga,"Devakottai (Uzhavar Sandhai )","Elephant Yam(Suran)/Amorphophallus","Elephant Yam (Suran)",Local,28/07/2026,4400,4800,4600
"Tamil Nadu",Salem,"Edapadi (Uzhavar Sandhai )",Potato,Other,Local,28/07/2026,2800,3000,2900
"Tamil Nadu",Salem,"Edapadi (Uzhavar Sandhai )","Knool Khol","Knool Khol",Local,28/07/2026,5000,5500,5250
"Tamil Nadu",Salem,"Elampillai(Uzhavar Sandhai )",Cauliflower,Ranchi,Local,28/07/2026,2000,3000,2500
"Tamil Nadu",Salem,"Elampillai(Uzhavar Sandhai )","Cluster beans","Cluster Beans",Local,28/07/2026,2500,3000,2750
"Tamil Nadu",Salem,"Elampillai(Uzhavar Sandhai )",Pumpkin,Pumpkin,Local,28/07/2026,2000,2400,2200
"Tamil Nadu",Salem,"Elampillai(Uzhavar Sandhai )",Amaranthus,Amaranthus,Local,28/07/2026,2000,2500,2250
"Tamil Nadu",Salem,"Elampillai(Uzhavar Sandhai )",Coconut,Coconut,Local,28/07/2026,4500,5500,5000
"Tamil Nadu",Salem,"Elampillai(Uzhavar Sandhai )",Snakeguard,Snakeguard,Local,28/07/2026,3600,4000,3800
"Tamil Nadu",Salem,"Elampillai(Uzhavar Sandhai )",Beetroot,Beetroot,Local,28/07/2026,5500,6400,5950
"Tamil Nadu",Salem,"Elampillai(Uzhavar Sandhai )",Capsicum,Capsicum,Local,28/07/2026,7000,7500,7250
"Tamil Nadu",Salem,"Elampillai(Uzhavar Sandhai )",Mint(Pudina),Mint(Pudina),Local,28/07/2026,4000,4500,4250
"Tamil Nadu",Salem,"Hasthampatti(Uzhavar Sandhai )",Potato,Other,Local,28/07/2026,4500,5000,4750
"Tamil Nadu",Salem,"Hasthampatti(Uzhavar Sandhai )",Ashgourd,Gouard,Local,28/07/2026,2000,2400,2200
"Tamil Nadu",Salem,"Hasthampatti(Uzhavar Sandhai )","Bhindi(Ladies Finger)",Bhindi,Local,28/07/2026,3000,3500,3250
"Tamil Nadu",Salem,"Hasthampatti(Uzhavar Sandhai )","Banana - Green","Banana - Green",Local,28/07/2026,1500,2000,1750
"Tamil Nadu",Salem,"Hasthampatti(Uzhavar Sandhai )",Beans,"Beans (Whole)",Local,28/07/2026,11500,12200,11850
"Tamil Nadu",Salem,"Hasthampatti(Uzhavar Sandhai )",Beetroot,Beetroot,Local,28/07/2026,6000,6400,6200
"Tamil Nadu",Salem,"Hasthampatti(Uzhavar Sandhai )",Drumstick,Drumstick,Local,28/07/2026,4500,5000,4750
"Tamil Nadu",Salem,"Hasthampatti(Uzhavar Sandhai )",Mango(Raw-Ripe),"Mango - Raw-Ripe",Local,28/07/2026,3500,4000,3750
"Tamil Nadu",Salem,"Hasthampatti(Uzhavar Sandhai )",Guava,"Guava Allahabad",Local,28/07/2026,5000,6000,5500
"Tamil Nadu",Salem,"Hasthampatti(Uzhavar Sandhai )","Onion Green","Onion Green",Local,28/07/2026,4500,5000,4750
"Tamil Nadu",Salem,"Hasthampatti(Uzhavar Sandhai )","Baby Corn","Baby Corn","Grade A",28/07/2026,2000,2500,2250
"Tamil Nadu",Salem,"Hasthampatti(Uzhavar Sandhai )","Sweet Corn ","Sweet Corn ",Local,28/07/2026,3000,3500,3250
"Tamil Nadu",Salem,"Jalagandapuram(Uzhavar Sandhai )",Groundnut,"Big (With Shell)",Local,28/07/2026,6000,6500,6250
"Tamil Nadu",Salem,"Jalagandapuram(Uzhavar Sandhai )",Tomato,Other,Local,28/07/2026,1500,1800,1650
"Tamil Nadu",Salem,"Jalagandapuram(Uzhavar Sandhai )","Bitter gourd",Other,Local,28/07/2026,5000,5500,5250
"Tamil Nadu",Salem,"Jalagandapuram(Uzhavar Sandhai )",Cowpea(Veg),"Cowpea (Veg)",Local,28/07/2026,4500,5000,4750
"Tamil Nadu",Salem,"Jalagandapuram(Uzhavar Sandhai )",Ginger(Green),"Green Ginger",Local,28/07/2026,18000,19500,18750
"Tamil Nadu",Salem,"Jalagandapuram(Uzhavar Sandhai )",Beetroot,Beetroot,Local,28/07/2026,5000,6000,5500
"Tamil Nadu",Salem,"Jalagandapuram(Uzhavar Sandhai )",Raddish,Raddish,Local,28/07/2026,2600,3000,2800
"Tamil Nadu",Salem,"Jalagandapuram(Uzhavar Sandhai )",Capsicum,Capsicum,Local,28/07/2026,7000,8000,7500
"Tamil Nadu",Salem,"Jalagandapuram(Uzhavar Sandhai )",Drumstick,Drumstick,Local,28/07/2026,4500,5000,4750
"Tamil Nadu",Salem,"Jalagandapuram(Uzhavar Sandhai )",Lime,Lime,Local,28/07/2026,3000,3500,3250
"Tamil Nadu",Salem,"Jalagandapuram(Uzhavar Sandhai )",Guava,"Guava Allahabad",Local,28/07/2026,5000,6000,5500
"Tamil Nadu",Salem,"Jalagandapuram(Uzhavar Sandhai )","Amla(Nelli Kai)",Amla,Local,28/07/2026,6500,7000,6750
"Tamil Nadu",Sivaganga,"Singampunari(Uzhavar Sandhai )",Onion,Bellary,Local,28/07/2026,3200,4200,3700
"Tamil Nadu",Sivaganga,"Singampunari(Uzhavar Sandhai )",Potato,Other,Local,28/07/2026,5600,6000,5800
"Tamil Nadu",Sivaganga,"Singampunari(Uzhavar Sandhai )",Coconut,Coconut,Local,28/07/2026,5400,5800,5600
"Tamil Nadu",Sivaganga,"Singampunari(Uzhavar Sandhai )","Green Avare(W)",Other,Local,28/07/2026,6400,7200,6800
"Tamil Nadu",Sivaganga,"Singampunari(Uzhavar Sandhai )","Knool Khol","Knool Khol",Local,28/07/2026,5600,6600,6100
"Tamil Nadu",Sivaganga,"Karaikudi(Uzhavar Sandhai )",Onion,Bellary,Local,28/07/2026,4200,4500,4350
"Tamil Nadu",Sivaganga,"Karaikudi(Uzhavar Sandhai )",Cauliflower,Ranchi,Local,28/07/2026,3000,3200,3100
"Tamil Nadu",Sivaganga,"Karaikudi(Uzhavar Sandhai )",Pumpkin,Pumpkin,Local,28/07/2026,2400,2800,2600
"Tamil Nadu",Sivaganga,"Karaikudi(Uzhavar Sandhai )","Green Chilli","Green Chilly",Local,28/07/2026,2800,3000,2900
"Tamil Nadu",Sivaganga,"Karaikudi(Uzhavar Sandhai )",Ginger(Green),"Green Ginger",Local,28/07/2026,15500,22500,19000
"Tamil Nadu",Sivaganga,"Karaikudi(Uzhavar Sandhai )",Beetroot,Beetroot,Local,28/07/2026,5500,6000,5750
"Tamil Nadu",Sivaganga,"Karaikudi(Uzhavar Sandhai )",Raddish,Raddish,Local,28/07/2026,3500,4000,3750
"Tamil Nadu",Sivaganga,"Karaikudi(Uzhavar Sandhai )",Guava,"Guava Allahabad",Local,28/07/2026,7500,8500,8000
"Tamil Nadu",Sivaganga,"Karaikudi(Uzhavar Sandhai )",Yam(Ratalu),"Yam (Ratalu)",Local,28/07/2026,7500,8500,8000
"Tamil Nadu",Thanjavur,"Pattukottai(Uzhavar Sandhai )","Bitter gourd","Bitter Gourd",Local,28/07/2026,6000,6000,6000
"Tamil Nadu",Thanjavur,"Pattukottai(Uzhavar Sandhai )",Amaranthus,Amaranthus,Local,28/07/2026,2000,2000,2000
"Tamil Nadu",Thanjavur,"Pattukottai(Uzhavar Sandhai )",Ginger(Green),"Green Ginger",Local,28/07/2026,14000,18000,16000
"Tamil Nadu",Thanjavur,"Pattukottai(Uzhavar Sandhai )",Lemon,Lemon,Local,28/07/2026,5400,5400,5400
"Tamil Nadu",Thiruchirappalli,"KKNagar(Uzhavar Sandhai )",Banana,Karpura,Local,28/07/2026,6000,6000,6000
"Tamil Nadu",Thiruchirappalli,"KKNagar(Uzhavar Sandhai )",Garlic,Garlic,Local,28/07/2026,26000,26000,26000
"Tamil Nadu",Thiruchirappalli,"KKNagar(Uzhavar Sandhai )","Chili Red",Bold,Local,28/07/2026,28000,28000,28000
"Tamil Nadu",Thiruchirappalli,"KKNagar(Uzhavar Sandhai )",Cauliflower,Ranchi,Local,28/07/2026,5000,5000,5000
"Tamil Nadu",Thiruchirappalli,"KKNagar(Uzhavar Sandhai )",Brinjal,Other,Local,28/07/2026,6600,6600,6600
"Tamil Nadu",Thiruchirappalli,"KKNagar(Uzhavar Sandhai )","Bitter gourd","Bitter Gourd",Local,28/07/2026,7000,7000,7000
"Tamil Nadu",Thiruchirappalli,"KKNagar(Uzhavar Sandhai )","Bhindi(Ladies Finger)",Bhindi,Local,28/07/2026,3600,3600,3600
"Tamil Nadu",Thiruchirappalli,"KKNagar(Uzhavar Sandhai )","Betal Leaves",Mysore,Local,28/07/2026,12000,12000,12000
"Tamil Nadu",Thiruchirappalli,"KKNagar(Uzhavar Sandhai )","Sweet Potato","Hosur Red",Local,28/07/2026,5600,5600,5600
"Tamil Nadu",Thiruchirappalli,"KKNagar(Uzhavar Sandhai )",Carrot,Pusakesar,Local,28/07/2026,10000,10000,10000
"Tamil Nadu",Thiruchirappalli,"KKNagar(Uzhavar Sandhai )",Raddish,Raddish,Local,28/07/2026,3600,3600,3600
"Tamil Nadu",Thiruchirappalli,"KKNagar(Uzhavar Sandhai )","Green Avare(W)","Green Avare (W)",Local,28/07/2026,7000,7000,7000
"Tamil Nadu",Thiruchirappalli,"KKNagar(Uzhavar Sandhai )",Lime,Lime,Local,28/07/2026,4000,4000,4000
"Tamil Nadu",Thiruchirappalli,"KKNagar(Uzhavar Sandhai )",Yam(Ratalu),"Yam (Ratalu)",Local,28/07/2026,10000,10000,10000
"Tamil Nadu",Thiruchirappalli,"KKNagar(Uzhavar Sandhai )","Onion Green","Onion Green",Local,28/07/2026,7400,7400,7400
"Tamil Nadu",Thiruchirappalli,"KKNagar(Uzhavar Sandhai )",Mint(Pudina),Mint(Pudina),Local,28/07/2026,6400,6400,6400
"Tamil Nadu",Thiruchirappalli,"Lalgudi(Uzhavar Sandhai )",Brinjal,Other,Local,28/07/2026,7000,7000,7000
"Tamil Nadu",Thiruchirappalli,"Lalgudi(Uzhavar Sandhai )",Ashgourd,Gouard,Local,28/07/2026,2400,2400,2400
"Tamil Nadu",Thiruchirappalli,"Lalgudi(Uzhavar Sandhai )",Pumpkin,Pumpkin,Local,28/07/2026,2000,2000,2000
"Tamil Nadu",Thiruchirappalli,"Lalgudi(Uzhavar Sandhai )",Cowpea(Veg),"Cowpea (Veg)",Local,28/07/2026,4600,4600,4600
"Tamil Nadu",Thiruchirappalli,"Lalgudi(Uzhavar Sandhai )",Cucumbar(Kheera),Cucumbar,Local,28/07/2026,4600,4600,4600
"Tamil Nadu",Thiruchirappalli,"Lalgudi(Uzhavar Sandhai )",Drumstick,Drumstick,Local,28/07/2026,5600,5600,5600
"Tamil Nadu",Thiruchirappalli,"Lalgudi(Uzhavar Sandhai )",Colacasia,Colacasia,Local,28/07/2026,4600,4600,4600
"Tamil Nadu",Thiruchirappalli,"Lalgudi(Uzhavar Sandhai )","Amla(Nelli Kai)",Amla,Local,28/07/2026,9000,9000,9000
"Tamil Nadu",Thiruchirappalli,"Manachanallur(Uzhavar Sandhai )",Papaya,Papaya,Local,28/07/2026,4000,4000,4000
"Tamil Nadu",Thiruchirappalli,"Manachanallur(Uzhavar Sandhai )",Banana,Karpura,Local,28/07/2026,3000,4000,3500
"Tamil Nadu",Thiruchirappalli,"Manachanallur(Uzhavar Sandhai )",Garlic,Garlic,Local,28/07/2026,16000,18000,17000
"Tamil Nadu",Thiruchirappalli,"Manachanallur(Uzhavar Sandhai )",Cauliflower,Ranchi,Local,28/07/2026,4000,4000,4000
"Tamil Nadu",Thiruchirappalli,"Manachanallur(Uzhavar Sandhai )","Bitter gourd",Other,Local,28/07/2026,6000,6600,6300
"Tamil Nadu",Thiruchirappalli,"Manachanallur(Uzhavar Sandhai )","Bottle gourd","Bottle Gourd",Local,28/07/2026,2500,3000,2750
"Tamil Nadu",Thiruchirappalli,"Manachanallur(Uzhavar Sandhai )",Amaranthus,Amaranthus,Local,28/07/2026,1500,2000,1750
"Tamil Nadu",Thiruchirappalli,"Manachanallur(Uzhavar Sandhai )",Carrot,Pusakesar,Local,28/07/2026,9000,10000,9500
"Tamil Nadu",Thiruchirappalli,"Manachanallur(Uzhavar Sandhai )",Snakeguard,Snakeguard,Local,28/07/2026,4000,4000,4000
"Tamil Nadu",Thiruchirappalli,"Manachanallur(Uzhavar Sandhai )",Ridgeguard(Tori),Ridgeguard(Tori),Local,28/07/2026,6000,6000,6000
"Tamil Nadu",Thiruchirappalli,"Manachanallur(Uzhavar Sandhai )",Thondekai,Thondekai,Local,28/07/2026,5000,5600,5300
"Tamil Nadu",Thiruchirappalli,"Manachanallur(Uzhavar Sandhai )","Onion Green","Onion Green",Local,28/07/2026,6000,7000,6500
"Tamil Nadu",Thiruchirappalli,"Manapparai(Uzhavar Sandhai )",Cauliflower,Ranchi,Local,28/07/2026,5000,5000,5000
"Tamil Nadu",Thiruchirappalli,"Manapparai(Uzhavar Sandhai )",Coriander(Leaves),"I Sort",Local,28/07/2026,4000,4000,4000
"Tamil Nadu",Thiruchirappalli,"Manapparai(Uzhavar Sandhai )","Bottle gourd","Bottle Gourd",Local,28/07/2026,2500,3000,2750
"Tamil Nadu",Thiruchirappalli,"Manapparai(Uzhavar Sandhai )",Cowpea(Veg),"Cowpea (Veg)",Local,28/07/2026,4600,4600,4600
"Tamil Nadu",Thiruchirappalli,"Manapparai(Uzhavar Sandhai )",Cabbage,Cabbage,Local,28/07/2026,4600,4600,4600
"Tamil Nadu",Thiruchirappalli,"Manapparai(Uzhavar Sandhai )",Drumstick,Drumstick,Local,28/07/2026,5000,6000,5500
"Tamil Nadu",Thiruchirappalli,"Manapparai(Uzhavar Sandhai )",Lemon,Lemon,Local,28/07/2026,5000,6000,5500
"Tamil Nadu",Thiruchirappalli,"Musiri(Uzhavar Sandhai )",Mango,Safeda,Local,28/07/2026,2500,3000,2750
"Tamil Nadu",Thiruchirappalli,"Musiri(Uzhavar Sandhai )",Cauliflower,Ranchi,Local,28/07/2026,3000,3500,3250
"Tamil Nadu",Thiruchirappalli,"Musiri(Uzhavar Sandhai )",Cowpea(Veg),"Cowpea (Veg)",Local,28/07/2026,3500,4000,3750
"Tamil Nadu",Thiruchirappalli,"Musiri(Uzhavar Sandhai )","Banana - Green","Banana - Green",Local,28/07/2026,2000,2500,2250
"Tamil Nadu",Thiruchirappalli,"Musiri(Uzhavar Sandhai )",Tapioca,Tapioca,Local,28/07/2026,3000,3600,3300
"Tamil Nadu",Thiruchirappalli,"Musiri(Uzhavar Sandhai )",Coconut,Coconut,Local,28/07/2026,5000,5600,5300
"Tamil Nadu",Thiruchirappalli,"Musiri(Uzhavar Sandhai )",Snakeguard,Snakeguard,Local,28/07/2026,4000,4600,4300
"Tamil Nadu",Thiruchirappalli,"Musiri(Uzhavar Sandhai )",Thondekai,Thondekai,Local,28/07/2026,5000,5600,5300
"Tamil Nadu",Thiruchirappalli,"Musiri(Uzhavar Sandhai )",Lime,Lime,Local,28/07/2026,3500,4000,3750
"Tamil Nadu",Thiruchirappalli,"Musiri(Uzhavar Sandhai )","Tender Coconut","Tender Coconut",Local,28/07/2026,3500,4000,3750
"Tamil Nadu",Thiruchirappalli,"Musiri(Uzhavar Sandhai )","Indian Beans(Seam)","Indian Beans (Seam)",Local,28/07/2026,6000,7000,6500
"Tamil Nadu",Thiruchirappalli,"Musiri(Uzhavar Sandhai )","Onion Green","Onion Green",Local,28/07/2026,5000,6000,5500
"Tamil Nadu",Thiruchirappalli,"Thiruverumbur(Uzhavar Sandhai )","Bitter gourd",Other,Local,28/07/2026,7000,7000,7000
"Tamil Nadu",Thiruchirappalli,"Thiruverumbur(Uzhavar Sandhai )",Amaranthus,Amaranthus,Local,28/07/2026,2000,2000,2000
"Tamil Nadu",Thiruchirappalli,"Thiruverumbur(Uzhavar Sandhai )",Coconut,Coconut,Local,28/07/2026,6600,6600,6600
"Tamil Nadu",Thiruchirappalli,"Thiruverumbur(Uzhavar Sandhai )",Thondekai,Thondekai,Local,28/07/2026,6000,6000,6000
"Tamil Nadu",Thiruchirappalli,"Thiruverumbur(Uzhavar Sandhai )",Drumstick,Drumstick,Local,28/07/2026,5000,5000,5000
"Tamil Nadu",Virudhunagar,"Rajapalayam(Uzhavar Sandhai )",Onion,Bellary,Local,28/07/2026,3500,4000,3750
"Tamil Nadu",Virudhunagar,"Rajapalayam(Uzhavar Sandhai )",Potato,"Red Nanital",Local,28/07/2026,2500,3000,2750
"Tamil Nadu",Virudhunagar,"Rajapalayam(Uzhavar Sandhai )","Bottle gourd","Bottle Gourd",Local,28/07/2026,1500,2000,1750
"Tamil Nadu",Virudhunagar,"Rajapalayam(Uzhavar Sandhai )",Cabbage,Cabbage,Local,28/07/2026,4000,4500,4250
"Tamil Nadu",Virudhunagar,"Rajapalayam(Uzhavar Sandhai )",Snakeguard,Snakeguard,Local,28/07/2026,4500,5000,4750
"Tamil Nadu",Virudhunagar,"Rajapalayam(Uzhavar Sandhai )",Drumstick,Drumstick,Local,28/07/2026,5000,6000,5500
"Tamil Nadu",Virudhunagar,"Rajapalayam(Uzhavar Sandhai )",Lemon,Lemon,Local,28/07/2026,9000,10000,9500
"Tamil Nadu",Virudhunagar,"Sathur(Uzhavar Sandhai )",Potato,"Red Nanital",Local,28/07/2026,3500,4000,3750
"Tamil Nadu",Virudhunagar,"Sathur(Uzhavar Sandhai )",Chikoos(Sapota),Sapota,Local,28/07/2026,2500,3000,2750
"Tamil Nadu",Virudhunagar,"Sathur(Uzhavar Sandhai )",Ashgourd,Gouard,Local,28/07/2026,2000,2500,2250
"Tamil Nadu",Virudhunagar,"Sathur(Uzhavar Sandhai )",Pumpkin,Pumpkin,Local,28/07/2026,2200,2500,2350
"Tamil Nadu",Virudhunagar,"Sathur(Uzhavar Sandhai )","Green Chilli","Green Chilly",Local,28/07/2026,5500,6000,5750
"Tamil Nadu",Virudhunagar,"Sathur(Uzhavar Sandhai )",Snakeguard,Snakeguard,Local,28/07/2026,3500,4000,3750
"Tamil Nadu",Virudhunagar,"Sathur(Uzhavar Sandhai )",Guava,"Guava Allahabad",Local,28/07/2026,4500,5000,4750
"Tamil Nadu",Virudhunagar,"Thalavaipuram(Uzhavar Sandhai )",Banana,Besrai,Local,28/07/2026,3500,4000,3750
"Tamil Nadu",Virudhunagar,"Thalavaipuram(Uzhavar Sandhai )",Potato,"Red Nanital",Local,28/07/2026,4000,4500,4250
"Tamil Nadu",Virudhunagar,"Thalavaipuram(Uzhavar Sandhai )","Bitter gourd","Bitter Gourd",Local,28/07/2026,8000,9000,8500
"Tamil Nadu",Virudhunagar,"Thalavaipuram(Uzhavar Sandhai )","Bottle gourd","Bottle Gourd",Local,28/07/2026,1500,2000,1750
"Tamil Nadu",Virudhunagar,"Thalavaipuram(Uzhavar Sandhai )","Bhindi(Ladies Finger)",Bhindi,Local,28/07/2026,2500,3000,2750
"Tamil Nadu",Chengalpattu,"Nanganallur(Uzhavar Sandhai )",Banana,"Red Banana",Local,28/07/2026,7000,8000,7500
"Tamil Nadu",Chengalpattu,"Nanganallur(Uzhavar Sandhai )",Mango,Neelam,Local,28/07/2026,6500,7000,6750
"Tamil Nadu",Chengalpattu,"Nanganallur(Uzhavar Sandhai )",Onion,Bellary,Local,28/07/2026,3000,3500,3250
"Tamil Nadu",Chengalpattu,"Nanganallur(Uzhavar Sandhai )",Brinjal,Round,Local,28/07/2026,4500,5000,4750
"Tamil Nadu",Chengalpattu,"Nanganallur(Uzhavar Sandhai )","Cluster beans","Cluster Beans",Local,28/07/2026,4500,5000,4750
"Tamil Nadu",Chengalpattu,"Nanganallur(Uzhavar Sandhai )",Pumpkin,Pumpkin,Local,28/07/2026,3500,4000,3750
"Tamil Nadu",Chengalpattu,"Nanganallur(Uzhavar Sandhai )","Banana - Green","Banana - Green",Local,28/07/2026,3500,4000,3750
"Tamil Nadu",Chengalpattu,"Nanganallur(Uzhavar Sandhai )",Beetroot,Beetroot,Local,28/07/2026,5500,6000,5750
"Tamil Nadu",Chengalpattu,"Nanganallur(Uzhavar Sandhai )","Tender Coconut","Tender Coconut",Local,28/07/2026,5500,6000,5750
"Tamil Nadu",Chengalpattu,"Nanganallur(Uzhavar Sandhai )",Lemon,Lemon,Local,28/07/2026,6500,7000,6750
"Tamil Nadu",Chengalpattu,"Nanganallur(Uzhavar Sandhai )",Pear(Marasebu),Pears,Local,28/07/2026,9000,10000,9500
"Tamil Nadu",Chengalpattu,"Nanganallur(Uzhavar Sandhai )","Amla(Nelli Kai)",Amla,Local,28/07/2026,9000,10000,9500
"Tamil Nadu",Chengalpattu,"Pallavaram(Uzhavar Sandhai )",Groundnut,"Big (With Shell)",Local,28/07/2026,9000,10000,9500
"Tamil Nadu",Chengalpattu,"Pallavaram(Uzhavar Sandhai )",Onion,Bellary,Local,28/07/2026,3500,4000,3750
"Tamil Nadu",Chengalpattu,"Pallavaram(Uzhavar Sandhai )",Pumpkin,Pumpkin,Local,28/07/2026,2500,3000,2750
"Tamil Nadu",Chengalpattu,"Pallavaram(Uzhavar Sandhai )",Tapioca,Tapioca,Local,28/07/2026,3500,4000,3750
"Tamil Nadu",Chengalpattu,"Pallavaram(Uzhavar Sandhai )",Beetroot,Beetroot,Local,28/07/2026,4000,5000,4500
"Tamil Nadu",Chengalpattu,"Pallavaram(Uzhavar Sandhai )",Cucumbar(Kheera),Cucumbar,Local,28/07/2026,5000,6000,5500
"Tamil Nadu",Chengalpattu,"Pallavaram(Uzhavar Sandhai )",Raddish,Raddish,Local,28/07/2026,4000,5000,4500
"Tamil Nadu",Chengalpattu,"Pallavaram(Uzhavar Sandhai )",Capsicum,Capsicum,Local,28/07/2026,6000,7000,6500
"Tamil Nadu",Chengalpattu,"Pallavaram(Uzhavar Sandhai )","Chow Chow","Chow Chow",Local,28/07/2026,4000,5000,4500
"Tamil Nadu",Chengalpattu,"Pallavaram(Uzhavar Sandhai )",Mango(Raw-Ripe),"Mango - Raw-Ripe",Local,28/07/2026,4000,5000,4500
"Tamil Nadu",Chengalpattu,"Pallavaram(Uzhavar Sandhai )","Knool Khol","Knool Khol",Local,28/07/2026,6000,7000,6500
"Tamil Nadu",Chengalpattu,"Pallavaram(Uzhavar Sandhai )","Tender Coconut","Tender Coconut",Local,28/07/2026,2000,2500,2250
"Tamil Nadu","Nagercoil (Kannyiakumari)","Myladi(Uzhavar Sandhai )",Papaya,Papaya,Local,28/07/2026,3500,4000,3750
"Tamil Nadu","Nagercoil (Kannyiakumari)","Myladi(Uzhavar Sandhai )",Banana,Besrai,Local,28/07/2026,4000,4500,4250
"Tamil Nadu","Nagercoil (Kannyiakumari)","Myladi(Uzhavar Sandhai )",Potato,"Red Nanital",Local,28/07/2026,3000,3500,3250
"Tamil Nadu","Nagercoil (Kannyiakumari)","Myladi(Uzhavar Sandhai )","Banana - Green","Banana - Green",Local,28/07/2026,5500,6000,5750
"Tamil Nadu","Nagercoil (Kannyiakumari)","Myladi(Uzhavar Sandhai )",Cucumbar(Kheera),Cucumbar,Local,28/07/2026,2500,3000,2750
"Tamil Nadu",Chengalpattu,"Jameenrayapettai(Uzhavar Sandhai )",Orange,Darjeeling,Local,28/07/2026,11000,13000,12000
"Tamil Nadu",Chengalpattu,"Jameenrayapettai(Uzhavar Sandhai )",Coriander(Leaves),"I Sort",Local,28/07/2026,7000,8000,7500
"Tamil Nadu",Chengalpattu,"Jameenrayapettai(Uzhavar Sandhai )","Cluster beans","Cluster Beans",Local,28/07/2026,4000,5000,4500
"Tamil Nadu",Chengalpattu,"Jameenrayapettai(Uzhavar Sandhai )",Amaranthus,Amaranthus,Local,28/07/2026,2500,3000,2750
"Tamil Nadu",Chengalpattu,"Jameenrayapettai(Uzhavar Sandhai )","Banana - Green","Banana - Green",Local,28/07/2026,3500,4000,3750
"Tamil Nadu",Chengalpattu,"Jameenrayapettai(Uzhavar Sandhai )",Ginger(Green),"Green Ginger",Local,28/07/2026,20000,22000,21000
"Tamil Nadu",Chengalpattu,"Jameenrayapettai(Uzhavar Sandhai )",Carrot,Pusakesar,Local,28/07/2026,11000,12000,11500
"Tamil Nadu",Chengalpattu,"Jameenrayapettai(Uzhavar Sandhai )",Cabbage,Cabbage,Local,28/07/2026,3000,3500,3250
"Tamil Nadu",Chengalpattu,"Jameenrayapettai(Uzhavar Sandhai )","Chow Chow","Chow Chow",Local,28/07/2026,4000,5000,4500
"Tamil Nadu",Chengalpattu,"Jameenrayapettai(Uzhavar Sandhai )","Knool Khol","Knool Khol",Local,28/07/2026,6000,7000,6500
"Tamil Nadu",Chengalpattu,"Jameenrayapettai(Uzhavar Sandhai )",Marigold(Calcutta),Marigold(Calcutta),Local,28/07/2026,24000,25000,24500
"Tamil Nadu",Chengalpattu,"Jameenrayapettai(Uzhavar Sandhai )",Rose(Local),"Rose (Local)",Local,28/07/2026,10000,12000,11000
"Tamil Nadu",Chengalpattu,"Guduvancheri(Uzhavar Sandhai )","Bhindi(Ladies Finger)",Bhindi,Local,28/07/2026,3500,4000,3750
"Tamil Nadu",Chengalpattu,"Guduvancheri(Uzhavar Sandhai )","Green Chilli","Green Chilly",Local,28/07/2026,5000,6000,5500
"Tamil Nadu",Chengalpattu,"Guduvancheri(Uzhavar Sandhai )","Tube Rose(Loose)","Tube Rose (Loose)",Local,28/07/2026,18000,20000,19000
"Tamil Nadu",Chengalpattu,"Guduvancheri(Uzhavar Sandhai )","Sweet Corn ","Sweet Corn ",Local,28/07/2026,4000,5000,4500
"Tamil Nadu",Thirupur,"Dharapuram(Uzhavar Sandhai )",Beans,"Beans (Whole)",Local,28/07/2026,8000,8000,8000
"Tamil Nadu",Thirupur,"Dharapuram(Uzhavar Sandhai )",Ridgeguard(Tori),Ridgeguard(Tori),Local,28/07/2026,6500,6500,6500
"Tamil Nadu",Thirupur,"Dharapuram(Uzhavar Sandhai )",Raddish,Raddish,Local,28/07/2026,3500,3500,3500
"Tamil Nadu",Thirupur,"Dharapuram(Uzhavar Sandhai )","Chow Chow","Chow Chow",Local,28/07/2026,2500,2500,2500
"Tamil Nadu",Thirupur,"Dharapuram(Uzhavar Sandhai )",Drumstick,Drumstick,Local,28/07/2026,5200,5200,5200
"Tamil Nadu",Thirupur,"Dharapuram(Uzhavar Sandhai )",Mango(Raw-Ripe),"Mango - Raw-Ripe",Local,28/07/2026,3000,3000,3000
"Tamil Nadu",Thirupur,"Dharapuram(Uzhavar Sandhai )",Lemon,Lemon,Local,28/07/2026,8000,8000,8000
"Tamil Nadu",Thirupur,"Dharapuram(Uzhavar Sandhai )",Mint(Pudina),Mint(Pudina),Local,28/07/2026,3000,3000,3000
"Tamil Nadu",Thirupur,"Palladam(Uzhavar Sandhai )",Chikoos(Sapota),Sapota,Local,28/07/2026,3000,4000,3500
"Tamil Nadu",Thirupur,"Palladam(Uzhavar Sandhai )","Cluster beans","Cluster Beans",Local,28/07/2026,3500,4000,3750
"Tamil Nadu",Thirupur,"Palladam(Uzhavar Sandhai )","Bitter gourd",Other,Local,28/07/2026,4000,5000,4500
"Tamil Nadu",Thirupur,"Palladam(Uzhavar Sandhai )","Green Chilli","Green Chilly",Local,28/07/2026,4000,5000,4500
"Tamil Nadu",Thirupur,"Palladam(Uzhavar Sandhai )",Ginger(Green),"Green Ginger",Local,28/07/2026,17000,18000,17500
"Tamil Nadu",Thirupur,"Palladam(Uzhavar Sandhai )","Green Avare(W)",Other,Local,28/07/2026,6000,7000,6500
"Tamil Nadu",Thirupur,"Palladam(Uzhavar Sandhai )",Mango(Raw-Ripe),"Mango - Raw-Ripe",Local,28/07/2026,2500,3000,2750
"Tamil Nadu",Kallakuruchi,"Kallakurichi(Uzhavar Sandhai )",Garlic,Garlic,Local,28/07/2026,31000,31000,31000
"Tamil Nadu",Kallakuruchi,"Kallakurichi(Uzhavar Sandhai )",Ashgourd,Gouard,Local,28/07/2026,3000,3000,3000
"Tamil Nadu",Kallakuruchi,"Kallakurichi(Uzhavar Sandhai )",Pumpkin,Pumpkin,Local,28/07/2026,2500,2500,2500
"Tamil Nadu",Kallakuruchi,"Kallakurichi(Uzhavar Sandhai )",Amaranthus,Amaranthus,Local,28/07/2026,3000,3000,3000
"Tamil Nadu",Kallakuruchi,"Kallakurichi(Uzhavar Sandhai )",Tapioca,Tapioca,Local,28/07/2026,3000,3000,3000
"Tamil Nadu",Kallakuruchi,"Kallakurichi(Uzhavar Sandhai )",Drumstick,Drumstick,Local,28/07/2026,7000,7000,7000
"Tamil Nadu",Kallakuruchi,"Kallakurichi(Uzhavar Sandhai )",Colacasia,Colacasia,Local,28/07/2026,4000,4000,4000
"Tamil Nadu",Kallakuruchi,"Kallakurichi(Uzhavar Sandhai )","Amla(Nelli Kai)",Amla,Local,28/07/2026,7000,7000,7000
"Tamil Nadu",Kallakuruchi,"Kallakurichi(Uzhavar Sandhai )","Onion Green","Onion Green",Local,28/07/2026,6000,6000,6000
"Tamil Nadu",Kallakuruchi,"Kallakurichi(Uzhavar Sandhai )",Rose(Local),"Rose (Local)",Local,28/07/2026,40000,40000,40000
Punjab,Gurdaspur,"Gurdaspur APMC",Plum,Other,"Grade B",28/07/2026,7200,7200,7200
Punjab,Gurdaspur,"Gurdaspur APMC","Bitter gourd",Other,"Grade A",28/07/2026,2600,2600,2600
Punjab,Gurdaspur,"Gurdaspur APMC",Potato,Other,"Grade A",28/07/2026,700,700,700
Punjab,Gurdaspur,"Gurdaspur APMC",Ginger(Green),Other,"Grade A",28/07/2026,10000,10000,10000
Punjab,Gurdaspur,"Gurdaspur APMC",Tomato,Other,"Grade A",28/07/2026,2500,2500,2500
Punjab,Gurdaspur,"Gurdaspur APMC",Onion,Other,"Grade A",28/07/2026,2500,2500,2500
"Andhra Pradesh",Srikakulam,"Jalumuru APMC",Paddy(Common),1121,FAQ,28/07/2026,2369,2369,2369
"Andhra Pradesh",Palnadu,"Gurazala APMC","Chili Red",Red,Local,28/07/2026,15000,22500,19500
"Tamil Nadu",Thirupathur,"Natrampalli(Uzhavar Sandhai )",Banana,Besrai,Local,28/07/2026,4000,6000,5000
"Tamil Nadu",Thirupathur,"Natrampalli(Uzhavar Sandhai )","Bitter gourd","Bitter Gourd",Local,28/07/2026,4000,5000,4500
"Tamil Nadu",Thirupathur,"Natrampalli(Uzhavar Sandhai )",Beans,"Beans (Whole)",Local,28/07/2026,8000,10000,9000
"Tamil Nadu",Thirupathur,"Natrampalli(Uzhavar Sandhai )",Drumstick,Drumstick,Local,28/07/2026,5000,6000,5500
Punjab,Bhatinda,"Bathinda APMC",Mango,Other,"Grade B",28/07/2026,4000,6000,5000
"Andhra Pradesh",Vijayanagaram,"Chipurupalli APMC",Maize,Local,FAQ,28/07/2026,4800,4800,4800
"Andhra Pradesh",Vijayanagaram,"Merakamudidam APMC",Maize,Local,Local,28/07/2026,1800,2000,1950
"Andhra Pradesh",Anakapally,"Madugula APMC",Paddy(Common),Paddy,Local,28/07/2026,2200,2400,2300
"Andhra Pradesh",Srikakulam,"Kothabommali APMC",Paddy(Common),Paddy,Local,28/07/2026,2500,2500,2500
"Andhra Pradesh",Dr.B.R.A.Konaseema,"Ravulapalem (Kothapeta APMC)",Banana,Chakkarakeli(White),Local,28/07/2026,2600,3800,3600
"Andhra Pradesh",Dr.B.R.A.Konaseema,"Ravulapalem (Kothapeta APMC)",Banana,Desi(Bontha),Local,28/07/2026,1700,2400,2200
"Andhra Pradesh",Krishna,"Machilipatnam APMC",Paddy(Common),"B P T",Local,28/07/2026,2933.3326,3066.6659,2999.99925
"Andhra Pradesh",Palnadu,"Macharla APMC",Paddy(Common),"B P T","Grade Range-1",28/07/2026,2400,2400,2400
"Andhra Pradesh","Parvathipuram Manyam","Parvathipuram APMC",Maize,Local,Local,28/07/2026,2400,2400,2400
"Andhra Pradesh",NTR,"Tiruvuru APMC",Rice,Sona,Local,28/07/2026,4700,4700,4700
"Andhra Pradesh",Krishna,"Vuyyur APMC","Black Gram Dal(Urd Dal)",Local,FAQ,28/07/2026,9300,9500,9400
"Andhra Pradesh",Guntur,"Tadikonda APMC",Cotton,"Cotton (Unginned)","Grade Range-1",28/07/2026,5800,5800,5800
"Tamil Nadu",Salem,"Athur(Uzhavar Sandhai )",Amaranthus,Amaranthus,Local,28/07/2026,2000,2500,2250
"Tamil Nadu",Salem,"Athur(Uzhavar Sandhai )",Cucumbar(Kheera),Cucumbar,Local,28/07/2026,6000,8000,7000
"Tamil Nadu",Salem,"Athur(Uzhavar Sandhai )","Chow Chow","Chow Chow",Local,28/07/2026,3500,4000,3750
"Tamil Nadu",Salem,"Athur(Uzhavar Sandhai )",Mango(Raw-Ripe),"Mango - Raw-Ripe",Local,28/07/2026,2500,3000,2750
"Tamil Nadu",Salem,"Athur(Uzhavar Sandhai )","Knool Khol","Knool Khol",Local,28/07/2026,5500,6000,5750
"Tamil Nadu",Salem,"Athur(Uzhavar Sandhai )","Tamarind Fruit","Tamarind Fruit",Local,28/07/2026,12000,13000,12500
"Tamil Nadu",Theni,"Periyakulam(Uzhavar Sandhai )",Onion,Bellary,Local,28/07/2026,3600,3800,3700
"Tamil Nadu",Theni,"Periyakulam(Uzhavar Sandhai )",Potato,Other,Local,28/07/2026,2400,2600,2500
"Tamil Nadu",Theni,"Periyakulam(Uzhavar Sandhai )",Cauliflower,Ranchi,Local,28/07/2026,2000,2500,2250
"Tamil Nadu",Theni,"Periyakulam(Uzhavar Sandhai )","Bottle gourd","Bottle Gourd",Local,28/07/2026,1600,1800,1700
"Tamil Nadu",Theni,"Periyakulam(Uzhavar Sandhai )","Banana - Green","Banana - Green",Local,28/07/2026,3000,3500,3250
"Tamil Nadu",Theni,"Periyakulam(Uzhavar Sandhai )",Carrot,Pusakesar,Local,28/07/2026,8000,8400,8200
"Tamil Nadu",Theni,"Periyakulam(Uzhavar Sandhai )",Snakeguard,Snakeguard,Local,28/07/2026,2500,3000,2750
"Tamil Nadu",Theni,"Periyakulam(Uzhavar Sandhai )",Mango(Raw-Ripe),"Mango - Raw-Ripe",Local,28/07/2026,3000,3500,3250
"Tamil Nadu",Theni,"Periyakulam(Uzhavar Sandhai )",Yam(Ratalu),"Yam (Ratalu)",Local,28/07/2026,7200,7500,7350
"Tamil Nadu",Theni,"Periyakulam(Uzhavar Sandhai )","Indian Beans(Seam)","Indian Beans (Seam)",Local,28/07/2026,5000,5500,5250
"Tamil Nadu",Virudhunagar,"Srivilliputhur(Uzhavar Sandhai )",Papaya,Papaya,Local,28/07/2026,2500,3000,2750
"Tamil Nadu",Virudhunagar,"Srivilliputhur(Uzhavar Sandhai )","Cluster beans","Cluster Beans",Local,28/07/2026,2500,3000,2750
"Tamil Nadu",Virudhunagar,"Srivilliputhur(Uzhavar Sandhai )","Bottle gourd","Bottle Gourd",Local,28/07/2026,1700,2000,1850
"Tamil Nadu",Virudhunagar,"Srivilliputhur(Uzhavar Sandhai )",Amaranthus,Amaranthus,Local,28/07/2026,2500,3000,2750
"Tamil Nadu",Virudhunagar,"Srivilliputhur(Uzhavar Sandhai )",Beetroot,Beetroot,Local,28/07/2026,4500,5500,5000
"Tamil Nadu",Virudhunagar,"Srivilliputhur(Uzhavar Sandhai )","Chow Chow","Chow Chow",Local,28/07/2026,3500,4000,3750
"Uttar Pradesh",Hathras,"Shadabad APMC",Brinjal,Brinjal,Small,28/07/2026,700,800,750
"Uttar Pradesh",Hathras,"Shadabad APMC",Pumpkin,Pumpkin,Small,28/07/2026,900,1000,950
Punjab,Ludhiana,"Sahnewal APMC",Cucumbar(Kheera),Cucumbar,FAQ,28/07/2026,2000,2000,2000
Punjab,Sangrur,"Bhawanigarh APMC",Papaya,Other,Medium,28/07/2026,2500,3000,2750
Punjab,Sangrur,"Bhawanigarh APMC",Pomegranate,Other,Medium,28/07/2026,13000,13000,13000
Punjab,Sangrur,"Bhawanigarh APMC",Carrot,Other,Medium,28/07/2026,2500,2700,2600
Punjab,Sangrur,"Bhawanigarh APMC",Brinjal,Other,Medium,28/07/2026,2600,3000,2800
Punjab,Jalandhar,"Noor Mehal APMC",Tomato,Other,Local,28/07/2026,2200,2200,2200
"West Bengal","Paschim Bardhaman","Durgapur APMC",Wheat,Kalyan,FAQ,28/07/2026,2500,2750,2600
"West Bengal","Paschim Bardhaman","Durgapur APMC",Cabbage,Other,FAQ,28/07/2026,1750,2000,1865
Nagaland,Kohima,"Kohima APMC",Cabbage,Cabbage,Local,28/07/2026,2000,2000,2000
"Tamil Nadu",Coimbatore,"Vadavalli(Uzhavar Sandhai )",Grapes,Annabesahai,Local,28/07/2026,7800,8500,8150
"Tamil Nadu",Coimbatore,"Vadavalli(Uzhavar Sandhai )","Bhindi(Ladies Finger)",Bhindi,Local,28/07/2026,4800,5500,5150
"Tamil Nadu",Coimbatore,"Vadavalli(Uzhavar Sandhai )",Amaranthus,Amaranthus,Local,28/07/2026,3500,4500,4000
"Tamil Nadu",Coimbatore,"Vadavalli(Uzhavar Sandhai )",Tapioca,Tapioca,Local,28/07/2026,3000,3400,3200
"Tamil Nadu",Coimbatore,"Vadavalli(Uzhavar Sandhai )",Coconut,Coconut,Local,28/07/2026,5200,5800,5500
"Tamil Nadu",Coimbatore,"Vadavalli(Uzhavar Sandhai )",Cucumbar(Kheera),Cucumbar,Local,28/07/2026,3600,4200,3900
"Tamil Nadu",Coimbatore,"Vadavalli(Uzhavar Sandhai )",Guava,"Guava Allahabad",Local,28/07/2026,5000,5500,5250
"West Bengal",Darjeeling,"Darjeeling APMC",Ginger(Green),Other,FAQ,28/07/2026,9000,9500,9200
Haryana,Palwal,"Hassanpur APMC","Bottle gourd","Bottle Gourd",Local,28/07/2026,1000,1000,1000
Haryana,Palwal,"Hassanpur APMC",Brinjal,Brinjal,Local,28/07/2026,1900,1900,1900
"Uttar Pradesh",Bulandshahar,"Gulavati APMC",Cucumbar(Kheera),Cucumbar,FAQ,28/07/2026,1500,17000,1600
"Uttar Pradesh",Bulandshahar,"Gulavati APMC",Lemon,Other,FAQ,28/07/2026,9100,9300,9200
"Uttar Pradesh",Bulandshahar,"Gulavati APMC","Bhindi(Ladies Finger)",Bhindi,FAQ,28/07/2026,3000,3200,3100
Haryana,Hissar,"Barwala(Hisar) APMC","Bhindi(Ladies Finger)",Bhindi,Local,28/07/2026,3000,3500,3250
Haryana,Hissar,"Barwala(Hisar) APMC",Potato,Potato,Local,28/07/2026,700,800,800
Haryana,Hissar,"Barwala(Hisar) APMC","Leafy Vegetable","Leafy Vegetables",Local,28/07/2026,1500,2000,1800
Haryana,Hissar,"Barwala(Hisar) APMC",Pomegranate,Pomogranate,Local,28/07/2026,15000,20000,18000
Punjab,Fazilka,"Jalalabad APMC",Apple,Other,Medium,28/07/2026,17000,17000,17000
Punjab,Fazilka,"Jalalabad APMC",Plum,Other,Medium,28/07/2026,6200,6500,6300
Punjab,Fazilka,"Jalalabad APMC",Cabbage,Other,Medium,28/07/2026,2000,2100,2000
Punjab,Fazilka,"Jalalabad APMC",Capsicum,Capsicum,Medium,28/07/2026,6500,7000,6700
Punjab,Fazilka,"Jalalabad APMC",Garlic,Garlic,Local,28/07/2026,11500,11500,11500
Punjab,Fazilka,"Jalalabad APMC",Onion,Other,Medium,28/07/2026,2700,3000,2800
Punjab,Fazilka,"Jalalabad APMC","Sweet Pumpkin",Other,Medium,28/07/2026,1200,1400,1300
Tripura,"South Tripura","Barpathari APMC","Pointed gourd(Parval)","Pointed gourd (Parval)",Local,28/07/2026,5900,6100,6000
"Tamil Nadu",Coimbatore,"Udumalpet APMC","Water Melon","Water Melon",Local,28/07/2026,800,1000,900
"Tamil Nadu",Coimbatore,"Udumalpet APMC","Bitter gourd","Bitter Gourd",Local,28/07/2026,5000,6500,5750
"Tamil Nadu",Coimbatore,"Udumalpet APMC","Bhindi(Ladies Finger)",Bhindi,Local,28/07/2026,4000,5000,4500
"Tamil Nadu",Coimbatore,"Udumalpet APMC","Green Chilli","Green Chilly",Local,28/07/2026,4000,5200,4600
"Tamil Nadu",Coimbatore,"Udumalpet APMC",Cowpea(Veg),"Cowpea (Veg)",Local,28/07/2026,3500,4000,3750
"Tamil Nadu",Coimbatore,"Udumalpet APMC",Carrot,Pusakesar,Local,28/07/2026,9000,9500,9250
"Tamil Nadu",Coimbatore,"Udumalpet APMC",Ridgeguard(Tori),Ridgeguard(Tori),Local,28/07/2026,5000,5500,5250
"Tamil Nadu",Coimbatore,"Udumalpet APMC",Raddish,Raddish,Local,28/07/2026,2500,3000,2750
"Tamil Nadu",Coimbatore,"Udumalpet APMC",Thondekai,Thondekai,Local,28/07/2026,4000,4800,4400
"Tamil Nadu",Coimbatore,"Udumalpet APMC","Chow Chow","Chow Chow",Local,28/07/2026,3500,4000,3750
"Tamil Nadu",Coimbatore,"Udumalpet APMC",Yam(Ratalu),"Yam (Ratalu)",Local,28/07/2026,10000,11000,10500
"Tamil Nadu",Coimbatore,"Udumalpet APMC","Indian Beans(Seam)","Indian Beans (Seam)",Local,28/07/2026,6500,7500,7000
"Madhya Pradesh",Indore,"Sanwer APMC",Wheat,Wheat,FAQ,28/07/2026,2500,2500,2500
"West Bengal",Darjeeling,"Siliguri APMC","Masur Dal","Masur Dal",FAQ,28/07/2026,12500,13000,12800
"West Bengal",Darjeeling,"Siliguri APMC","Green Gram Dal(Moong Dal)","Green Gram Dal",FAQ,28/07/2026,9600,9800,9700
"West Bengal",Darjeeling,"Siliguri APMC","Green Chilli","Green Chilly",FAQ,28/07/2026,8000,9000,8500
"West Bengal",Darjeeling,"Siliguri APMC",Onion,Onion,FAQ,28/07/2026,2900,3100,3000
"West Bengal",Darjeeling,"Siliguri APMC",Tomato,Tomato,FAQ,28/07/2026,2600,2800,2700
Punjab,Tarntaran,"Bhikhiwind APMC",Brinjal,Brinjal,Local,28/07/2026,800,800,800
"Tamil Nadu",Erode,"Gobichettipalayam(Uzhavar Sandhai )",Brinjal,Round,Local,28/07/2026,4500,4800,4650
"Tamil Nadu",Erode,"Gobichettipalayam(Uzhavar Sandhai )","Green Chilli","Green Chilly",Local,28/07/2026,4000,4200,4100
"Tamil Nadu",Erode,"Gobichettipalayam(Uzhavar Sandhai )","Banana - Green","Banana - Green",Local,28/07/2026,2500,3000,2750
"Tamil Nadu",Erode,"Gobichettipalayam(Uzhavar Sandhai )",Beans,"Beans (Whole)",Local,28/07/2026,8500,9000,8750
"Tamil Nadu",Erode,"Gobichettipalayam(Uzhavar Sandhai )",Drumstick,Drumstick,Local,28/07/2026,6000,6500,6250
"Tamil Nadu",Erode,"Gobichettipalayam(Uzhavar Sandhai )",Lemon,Lemon,Local,28/07/2026,4500,5000,4750
"Himachal Pradesh",Shimla,"SMY Rohroo",Mango,Other,"Grade B",28/07/2026,6000,8000,7000
"Himachal Pradesh",Shimla,"SMY Rohroo",Capsicum,Other,"Grade B",28/07/2026,3500,4000,3800
"Himachal Pradesh",Shimla,"SMY Rohroo",Pumpkin,Other,"Grade B",28/07/2026,1800,2000,1900
"Tamil Nadu",Pudukkottai,"Ponnamaravathi(Uzhavar Sandhai)",Papaya,Papaya,Local,28/07/2026,2500,3000,2750
"Tamil Nadu",Pudukkottai,"Ponnamaravathi(Uzhavar Sandhai)",Banana,Besrai,Local,28/07/2026,5500,6000,5750
"Tamil Nadu",Pudukkottai,"Ponnamaravathi(Uzhavar Sandhai)","Cluster beans","Cluster Beans",Local,28/07/2026,4500,5000,4750
"Tamil Nadu",Pudukkottai,"Ponnamaravathi(Uzhavar Sandhai)","Green Chilli","Green Chilly",Local,28/07/2026,4500,5000,4750
"Tamil Nadu",Pudukkottai,"Ponnamaravathi(Uzhavar Sandhai)","Green Avare(W)","Green Avare (W)",Local,28/07/2026,5500,6000,5750
"Tamil Nadu",Pudukkottai,"Ponnamaravathi(Uzhavar Sandhai)","Onion Green","Onion Green",Local,28/07/2026,6500,7000,6750
"Tamil Nadu",Nagapattinam,"Mayiladuthurai(Uzhavar Sandhai )",Onion,Bellary,Local,28/07/2026,2500,3000,2750
"Tamil Nadu",Nagapattinam,"Mayiladuthurai(Uzhavar Sandhai )",Cauliflower,Ranchi,Local,28/07/2026,5000,5000,5000
"Tamil Nadu",Nagapattinam,"Mayiladuthurai(Uzhavar Sandhai )",Brinjal,Round,Local,28/07/2026,4500,5000,4750
"Tamil Nadu",Nagapattinam,"Mayiladuthurai(Uzhavar Sandhai )",Coriander(Leaves),"I Sort",Local,28/07/2026,3500,4000,3750
"Tamil Nadu",Nagapattinam,"Mayiladuthurai(Uzhavar Sandhai )",Coconut,Coconut,Local,28/07/2026,3000,4000,3500
"Tamil Nadu",Nagapattinam,"Mayiladuthurai(Uzhavar Sandhai )",Mint(Pudina),Mint(Pudina),Local,28/07/2026,4000,4500,4250
"Tamil Nadu",Pudukkottai,"Viralimalai(Uzhavar Sandhai )",Papaya,Papaya,Local,28/07/2026,2500,3000,2750
"Tamil Nadu",Pudukkottai,"Viralimalai(Uzhavar Sandhai )","Banana - Green","Banana - Green",Local,28/07/2026,2500,3000,2750
"Tamil Nadu",Ramanathapuram,"Kamuthi(Uzhavar Sandhai )",Brinjal,Round,Local,28/07/2026,5500,6000,5750
"Tamil Nadu",Ramanathapuram,"Kamuthi(Uzhavar Sandhai )","Green Chilli","Green Chilly",Local,28/07/2026,6000,6500,6250
Rajasthan,Jodhpur,"Osiyan Mathania APMC",Mustard,Other,Local,28/07/2026,7200,7300,7250
"Tamil Nadu",Ramanathapuram,"Paramakudi(Uzhavar Sandhai )","Cluster beans","Cluster Beans",Local,28/07/2026,3500,4000,3750
"Tamil Nadu",Ramanathapuram,"Paramakudi(Uzhavar Sandhai )",Amaranthus,Amaranthus,Local,28/07/2026,3800,4000,3900
"Tamil Nadu",Ramanathapuram,"Paramakudi(Uzhavar Sandhai )",Coconut,Coconut,Local,28/07/2026,6000,6500,6250
"Tamil Nadu",Ramanathapuram,"Paramakudi(Uzhavar Sandhai )",Carrot,Pusakesar,Local,28/07/2026,5500,6000,5750
"Tamil Nadu",Ramanathapuram,"Paramakudi(Uzhavar Sandhai )",Beetroot,Beetroot,Local,28/07/2026,4000,4500,4250
"Tamil Nadu",Ramanathapuram,"Paramakudi(Uzhavar Sandhai )",Ridgeguard(Tori),Ridgeguard(Tori),Local,28/07/2026,5500,6000,5750
"Tamil Nadu",Ramanathapuram,"Paramakudi(Uzhavar Sandhai )","Elephant Yam(Suran)/Amorphophallus","Elephant Yam (Suran)",Local,28/07/2026,6000,7000,6500
"Tamil Nadu",Ramanathapuram,"Paramakudi(Uzhavar Sandhai )","Onion Green","Onion Green",Local,28/07/2026,5500,6000,5750
"Tamil Nadu",Ramanathapuram,"Ramanathapuram(Uzhavar Sandhai )",Soyabean,Local,Local,28/07/2026,9000,9500,9250
"Tamil Nadu",Ramanathapuram,"Ramanathapuram(Uzhavar Sandhai )",Pumpkin,Pumpkin,Local,28/07/2026,2400,2600,2500
"Tamil Nadu",Ramanathapuram,"Ramanathapuram(Uzhavar Sandhai )",Ridgeguard(Tori),Ridgeguard(Tori),Local,28/07/2026,6000,6500,6250
"Tamil Nadu",Ramanathapuram,"Ramanathapuram(Uzhavar Sandhai )",Yam(Ratalu),"Yam (Ratalu)",Local,28/07/2026,6800,7000,6900
"Tamil Nadu",Pudukkottai,"Alangudi(Uzhavar Sandhai )",Brinjal,Other,Local,28/07/2026,5500,6000,5750
"Tamil Nadu",Pudukkottai,"Alangudi(Uzhavar Sandhai )",Pumpkin,Pumpkin,Local,28/07/2026,800,1000,900
"Tamil Nadu",Pudukkottai,"Alangudi(Uzhavar Sandhai )",Coconut,Coconut,Local,28/07/2026,3500,4000,3750
"Tamil Nadu",Pudukkottai,"Alangudi(Uzhavar Sandhai )",Ridgeguard(Tori),Ridgeguard(Tori),Local,28/07/2026,6000,7000,6500
"Tamil Nadu",Pudukkottai,"Alangudi(Uzhavar Sandhai )",Drumstick,Drumstick,Local,28/07/2026,5500,6000,5750
"Tamil Nadu",Pudukkottai,"Alangudi(Uzhavar Sandhai )","Onion Green","Onion Green",Local,28/07/2026,6000,7000,6500
"Tamil Nadu",Thiruvannamalai,"Arani(Uzhavar Sandhai )",Tomato,Deshi,Local,28/07/2026,1500,2000,1750
"Tamil Nadu",Thiruvannamalai,"Arani(Uzhavar Sandhai )",Coriander(Leaves),"I Sort",Local,28/07/2026,4000,5000,4500
"Tamil Nadu",Thiruvannamalai,"Arani(Uzhavar Sandhai )","Bitter gourd","Bitter Gourd",Local,28/07/2026,4000,4800,4400
"Tamil Nadu",Thiruvannamalai,"Arani(Uzhavar Sandhai )",Ashgourd,Gouard,Local,28/07/2026,2000,2500,2250
"Tamil Nadu",Thiruvannamalai,"Arani(Uzhavar Sandhai )","Bhindi(Ladies Finger)",Bhindi,Local,28/07/2026,3500,4000,3750
"Tamil Nadu",Thiruvannamalai,"Arani(Uzhavar Sandhai )","Knool Khol","Knool Khol",Local,28/07/2026,5000,6000,5500
"Tamil Nadu",Thiruvannamalai,"Arani(Uzhavar Sandhai )","Tender Coconut","Tender Coconut",Local,28/07/2026,1500,2000,1750
"Tamil Nadu",Thiruvannamalai,"Polur(Uzhavar Sandhai )",Onion,Bellary,Local,28/07/2026,3300,4000,3650
"Tamil Nadu",Thiruvannamalai,"Polur(Uzhavar Sandhai )",Brinjal,Round,Local,28/07/2026,6000,7200,6600
"Tamil Nadu",Thiruvannamalai,"Polur(Uzhavar Sandhai )",Tomato,Local,Local,28/07/2026,1500,2000,1750
"Tamil Nadu",Thiruvannamalai,"Polur(Uzhavar Sandhai )",Ashgourd,Gouard,Local,28/07/2026,1600,2000,1800
"Tamil Nadu",Thiruvannamalai,"Polur(Uzhavar Sandhai )","Banana - Green","Banana - Green",Local,28/07/2026,1600,2000,1800
"Tamil Nadu",Thiruvannamalai,"Polur(Uzhavar Sandhai )",Carrot,Pusakesar,Local,28/07/2026,6000,7200,6600
"Tamil Nadu",Thiruvannamalai,"Polur(Uzhavar Sandhai )",Cabbage,Cabbage,Local,28/07/2026,3300,4000,3650
"Tamil Nadu",Thiruvannamalai,"Polur(Uzhavar Sandhai )",Beetroot,Beetroot,Local,28/07/2026,4000,4800,4400
"Tamil Nadu",Thiruvannamalai,"Polur(Uzhavar Sandhai )","Amla(Nelli Kai)",Amla,Local,28/07/2026,8000,10000,9000
"Tamil Nadu",Thiruvannamalai,"Polur(Uzhavar Sandhai )","Onion Green","Onion Green",Local,28/07/2026,5000,6000,5500
"Tamil Nadu",Thiruvannamalai,"Tiruvannamalai(Uzhavar Sandhai )","Water Melon","Water Melon",Local,28/07/2026,2000,2500,2250
"Tamil Nadu",Thiruvannamalai,"Tiruvannamalai(Uzhavar Sandhai )",Orange,Darjeeling,Local,28/07/2026,14000,16000,15000
"Tamil Nadu",Thiruvannamalai,"Tiruvannamalai(Uzhavar Sandhai )",Onion,Bellary,Local,28/07/2026,3600,4000,3800
"Tamil Nadu",Thiruvannamalai,"Tiruvannamalai(Uzhavar Sandhai )",Potato,"Red Nanital",Local,28/07/2026,2500,3000,2750
"Tamil Nadu",Thiruvannamalai,"Tiruvannamalai(Uzhavar Sandhai )",Tomato,Deshi,Local,28/07/2026,1600,2000,1800
"Tamil Nadu",Thiruvannamalai,"Tiruvannamalai(Uzhavar Sandhai )",Ashgourd,Gouard,Local,28/07/2026,2500,3000,2750
"Tamil Nadu",Thiruvannamalai,"Tiruvannamalai(Uzhavar Sandhai )",Amaranthus,Amaranthus,Local,28/07/2026,3500,4000,3750
"Tamil Nadu",Thiruvannamalai,"Tiruvannamalai(Uzhavar Sandhai )",Ginger(Green),"Green Ginger",Local,28/07/2026,20000,22000,21000
"Tamil Nadu",Thiruvannamalai,"Tiruvannamalai(Uzhavar Sandhai )",Coconut,Coconut,Local,28/07/2026,4000,5000,4500
"Tamil Nadu",Thiruvannamalai,"Tiruvannamalai(Uzhavar Sandhai )",Snakeguard,Snakeguard,Local,28/07/2026,3600,4000,3800
"Tamil Nadu",Thiruvannamalai,"Tiruvannamalai(Uzhavar Sandhai )",Thondekai,Thondekai,Local,28/07/2026,3600,4000,3800
"Tamil Nadu",Thiruvannamalai,"Tiruvannamalai(Uzhavar Sandhai )",Capsicum,Capsicum,Local,28/07/2026,7000,8000,7500
"Tamil Nadu",Thiruvannamalai,"Tiruvannamalai(Uzhavar Sandhai )","Tamarind Fruit","Tamarind Fruit",Local,28/07/2026,12000,14000,13000
"Tamil Nadu",Thiruvannamalai,"Tiruvannamalai(Uzhavar Sandhai )",Lemon,Lemon,Local,28/07/2026,8000,10000,9000
"Tamil Nadu",Thiruvannamalai,"Tiruvannamalai(Uzhavar Sandhai )",Rose(Local),"Rose (Local)",Local,28/07/2026,18000,20000,19000
"Tamil Nadu",Tuticorin,"Kovilpatti(Uzhavar Sandhai )",Cauliflower,Ranchi,Local,28/07/2026,4000,4500,4250
"Tamil Nadu",Tuticorin,"Kovilpatti(Uzhavar Sandhai )",Coriander(Leaves),"I Sort",Local,28/07/2026,6000,6500,6250
"Tamil Nadu",Tuticorin,"Kovilpatti(Uzhavar Sandhai )",Tomato,Local,Local,28/07/2026,2000,2500,2250
"Tamil Nadu",Tuticorin,"Kovilpatti(Uzhavar Sandhai )",Ginger(Green),"Green Ginger",Local,28/07/2026,20000,22000,21000
"Tamil Nadu",Tuticorin,"Kovilpatti(Uzhavar Sandhai )",Beetroot,Beetroot,Local,28/07/2026,5000,5500,5250
"Tamil Nadu",Vellore,"Gudiyatham(Uzhavar Sandhai )",Onion,Bellary,Local,28/07/2026,3500,3500,3500
"Tamil Nadu",Vellore,"Gudiyatham(Uzhavar Sandhai )",Potato,"Red Nanital",Local,28/07/2026,3000,3000,3000
"Tamil Nadu",Vellore,"Gudiyatham(Uzhavar Sandhai )","Bitter gourd","Bitter Gourd",Local,28/07/2026,5000,5000,5000
"Tamil Nadu",Vellore,"Gudiyatham(Uzhavar Sandhai )","Green Chilli","Green Chilly",Local,28/07/2026,6600,6600,6600
"Tamil Nadu",Vellore,"Gudiyatham(Uzhavar Sandhai )",Beans,"Beans (Whole)",Local,28/07/2026,6600,6600,6600
"Tamil Nadu",Vellore,"Gudiyatham(Uzhavar Sandhai )",Coconut,Coconut,Local,28/07/2026,3500,3500,3500
"Tamil Nadu",Vellore,"Gudiyatham(Uzhavar Sandhai )",Carrot,Pusakesar,Local,28/07/2026,7000,7600,7300
"Tamil Nadu",Vellore,"Gudiyatham(Uzhavar Sandhai )",Raddish,Raddish,Local,28/07/2026,3000,3000,3000
"Tamil Nadu",Vellore,"Gudiyatham(Uzhavar Sandhai )",Thondekai,Thondekai,Local,28/07/2026,4000,4000,4000
"Tamil Nadu",Vellore,"Gudiyatham(Uzhavar Sandhai )","Tender Coconut","Tender Coconut",Local,28/07/2026,2500,2500,2500
"Tamil Nadu",Vellore,"Gudiyatham(Uzhavar Sandhai )",Mint(Pudina),Mint(Pudina),Local,28/07/2026,4000,4000,4000
"Tamil Nadu",Vellore,"Kahithapattarai(Uzhavar Sandhai )",Papaya,Papaya,Local,28/07/2026,3500,3500,3500
"Tamil Nadu",Vellore,"Kahithapattarai(Uzhavar Sandhai )",Tomato,Deshi,Local,28/07/2026,1800,1800,1800
"Tamil Nadu",Vellore,"Kahithapattarai(Uzhavar Sandhai )","Bhindi(Ladies Finger)",Bhindi,Local,28/07/2026,3500,3500,3500
"Tamil Nadu",Vellore,"Kahithapattarai(Uzhavar Sandhai )","Green Chilli","Green Chilly",Local,28/07/2026,4000,4600,4300
"Tamil Nadu",Vellore,"Kahithapattarai(Uzhavar Sandhai )","Sweet Potato","Hosur Red",Local,28/07/2026,3000,3000,3000
"Tamil Nadu",Vellore,"Kahithapattarai(Uzhavar Sandhai )",Cucumbar(Kheera),Cucumbar,Local,28/07/2026,5500,5500,5500
"Tamil Nadu",Vellore,"Kahithapattarai(Uzhavar Sandhai )",Drumstick,Drumstick,Local,28/07/2026,3500,3500,3500
"Tamil Nadu",Vellore,"Kahithapattarai(Uzhavar Sandhai )",Marigold(Calcutta),Marigold(Calcutta),Local,28/07/2026,35000,35000,35000
"Tamil Nadu",Vellore,"Kahithapattarai(Uzhavar Sandhai )",Lemon,Lemon,Local,28/07/2026,3000,3000,3000
"Tamil Nadu",Vellore,"Kahithapattarai(Uzhavar Sandhai )",Colacasia,Colacasia,Local,28/07/2026,4000,4000,4000
Punjab,Hoshiarpur,"Mukerian APMC",Pomegranate,Pomogranate,"Grade B",28/07/2026,13000,15000,14000
Rajasthan,Churu,"Churu APMC",Onion,"1st Sort",FAQ,28/07/2026,2000,2400,2200
Punjab,Ludhiana,"Ludhiana APMC",Pomegranate,Other,Medium,28/07/2026,3000,7000,5000
Punjab,Ludhiana,"Ludhiana APMC",Apple,Other,Medium,28/07/2026,3000,10000,6000
Punjab,Ludhiana,"Ludhiana APMC","Jamun(Narale Hannu)",Other,Medium,28/07/2026,3000,9000,5000
Punjab,Ludhiana,"Ludhiana APMC",Tomato,Other,FAQ,28/07/2026,500,2000,1500
Punjab,Ludhiana,"Ludhiana APMC",Cabbage,Other,FAQ,28/07/2026,500,1700,700
Punjab,Ludhiana,"Ludhiana APMC",Carrot,Other,FAQ,28/07/2026,800,1500,1200
Punjab,Ludhiana,"Ludhiana APMC",Cauliflower,Other,FAQ,28/07/2026,1000,2500,1700
Punjab,Ludhiana,"Ludhiana APMC",Cucumbar(Kheera),Other,FAQ,28/07/2026,500,1800,1200
Punjab,Ludhiana,"Ludhiana APMC",Garlic,Other,FAQ,28/07/2026,4000,8000,6500
Odisha,Dhenkanal,"Hindol APMC",Onion,Other,"Grade B",28/07/2026,2700,3000,2800
"Andhra Pradesh",Srikakulam,"Amadalavalasa APMC",Paddy(Common),Paddy,FAQ,28/07/2026,2369,2369,2369
"Andaman and Nicobar","North and Middle Andaman ","Diglipur Vegetable Market (Subhashgram)",Ginger(Green),Other,FAQ,28/07/2026,20000,30000,25000
"Andaman and Nicobar","North and Middle Andaman ","Diglipur Vegetable Market (Subhashgram)","Banana - Green",Other,FAQ,28/07/2026,2000,4000,3000
"Andaman and Nicobar","North and Middle Andaman ","Diglipur Vegetable Market (Subhashgram)",Papaya(Raw),Other,FAQ,28/07/2026,3000,6000,4500
"Andaman and Nicobar","North and Middle Andaman ","Diglipur Vegetable Market (Subhashgram)",Lemon,Other,FAQ,28/07/2026,3,7,5
"Andaman and Nicobar","North and Middle Andaman ","Diglipur Vegetable Market (Subhashgram)",Turmeric,Other,FAQ,28/07/2026,20000,30000,25000
"Andaman and Nicobar","North and Middle Andaman ","Diglipur Vegetable Market (Subhashgram)",Coconut,Coconut,FAQ,28/07/2026,20,40,30
Keralam,Kottayam,"Pampady Market","Banana - Green","Banana - Green",FAQ,28/07/2026,6000,7000,6500
Keralam,Kottayam,"Pampady Market",Colacasia,Other,FAQ,28/07/2026,4000,5000,4500
Keralam,Kottayam,"Pampady Market",Tapioca,Tapioca,"Grade A",28/07/2026,2500,3500,3000
"Andhra Pradesh",Dr.B.R.A.Konaseema,"Alamuru APMC",Paddy(Common),Paddy,FAQ,28/07/2026,2369,2389,2369
"Andhra Pradesh","Alluri Sitharama Raju","Chintapally APMC",Groundnut,Local,FAQ,28/07/2026,6500,7500,7000
"Tamil Nadu",Thiruvannamalai,"Cheyyar(Uzhavar Sandhai )",Potato,Other,Local,28/07/2026,3500,4200,3850
"Tamil Nadu",Thiruvannamalai,"Cheyyar(Uzhavar Sandhai )",Beans,"Beans (Whole)",Local,28/07/2026,7000,8400,7700
"Tamil Nadu",Thiruvannamalai,"Cheyyar(Uzhavar Sandhai )",Cabbage,Cabbage,Local,28/07/2026,3700,4500,4100
"Tamil Nadu",Thiruvannamalai,"Cheyyar(Uzhavar Sandhai )",Snakeguard,Snakeguard,Local,28/07/2026,3000,3600,3300
"Tamil Nadu",Thiruvannamalai,"Cheyyar(Uzhavar Sandhai )",Raddish,Raddish,Local,28/07/2026,2500,3000,2750
"Tamil Nadu",Thiruvannamalai,"Cheyyar(Uzhavar Sandhai )",Thondekai,Thondekai,Local,28/07/2026,3200,4000,3600
"Tamil Nadu",Thiruvannamalai,"Cheyyar(Uzhavar Sandhai )",Yam(Ratalu),"Yam (Ratalu)",Local,28/07/2026,4800,6000,5400
"Tamil Nadu",Thiruvannamalai,"Cheyyar(Uzhavar Sandhai )","Onion Green","Onion Green",Local,28/07/2026,4800,6000,5400
"Tamil Nadu",Thiruvannamalai,"Cheyyar(Uzhavar Sandhai )",Mint(Pudina),Mint(Pudina),Local,28/07/2026,3200,4000,3600
"Andhra Pradesh",Kakinada,"Kakinada (Urban) APMC",Paddy(Common),"B P T",FAQ,28/07/2026,2389,2600,2550
"Andhra Pradesh","Sri Sathya Sai","Madakasira APMC","Ragi(Finger Millet)",Local,FAQ,28/07/2026,4900,4900,4900
"Andhra Pradesh",Dr.B.R.A.Konaseema,"Mummidivaram APMC",Coconut,Medium,FAQ,28/07/2026,15400,15500,15400
"Andhra Pradesh",Srikakulam,"Pathapatnam APMC",Paddy(Common),Paddy,FAQ,28/07/2026,2369,2500,2369
Odisha,Sundergarh,"Panposh APMC","Bhindi(Ladies Finger)",Other,FAQ,28/07/2026,3000,3500,3200
Odisha,Sundergarh,"Panposh APMC","Bottle gourd","Bottle Gourd",FAQ,28/07/2026,1500,2400,2000
Odisha,Sundergarh,"Panposh APMC",Pumpkin,Other,FAQ,28/07/2026,1000,1400,1200
"Tamil Nadu",Ariyalur,"Ariyalur(Uzhavar Sandhai)",Onion,Bellary,Local,28/07/2026,3500,4000,3750
"Tamil Nadu",Ariyalur,"Ariyalur(Uzhavar Sandhai)",Coriander(Leaves),"I Sort",Local,28/07/2026,5000,6000,5500
"Andhra Pradesh",Chittor,"S.R.Puram APMC",Gur(Jaggery),"NO 3",Local,28/07/2026,2090,2400,2200
Haryana,Mahendragarh-Narnaul,"Narnaul APMC",Spinach,Spinach,Medium,28/07/2026,1500,2500,2000
Haryana,Mahendragarh-Narnaul,"Narnaul APMC",Brinjal,Brinjal,Medium,28/07/2026,1500,3000,2000
Haryana,Mahendragarh-Narnaul,"Narnaul APMC",Cucumbar(Kheera),Cucumbar,Medium,28/07/2026,1500,3500,2500
Haryana,Mahendragarh-Narnaul,"Narnaul APMC",Ginger(Green),"Green Ginger",Medium,28/07/2026,13500,15000,15000
"Andhra Pradesh",Tirupathi,"Thiruchanur APMC",Banana,"Banana - Ripe","Grade A",28/07/2026,1000,2000,1600
Uttarakhand,Haridwar,"Haridwar Union APMC",Cucumbar(Kheera),Cucumbar,FAQ,28/07/2026,1200,2000,1500
Uttarakhand,Haridwar,"Haridwar Union APMC","Bitter gourd","Bitter Gourd",FAQ,28/07/2026,800,1200,1000
Uttarakhand,Haridwar,"Haridwar Union APMC",Ridgeguard(Tori),Other,FAQ,28/07/2026,1500,2200,1800
"Uttar Pradesh",Amroha,"Hasanpur APMC",Lemon,Lemon,FAQ,28/07/2026,4000,4020,4010
Punjab,Ludhiana,"Doraha APMC",Apple,Apple,Local,28/07/2026,8000,8000,8000
Punjab,Ludhiana,"Doraha APMC",Tomato,Deshi,Local,28/07/2026,2200,3000,2800
Punjab,Ludhiana,"Doraha APMC",Onion,Medium,Local,28/07/2026,2700,3000,2950
Punjab,Ludhiana,"Doraha APMC","Peas Wet",Other,Local,28/07/2026,7000,8000,7500
Punjab,Ludhiana,"Doraha APMC","Green Chilli",Other,Local,28/07/2026,2500,3000,2800
Punjab,Ludhiana,"Doraha APMC","French Beans(Frasbean)","French Beans (Frasbean)",Local,28/07/2026,3500,5000,4500
Odisha,Sambalpur,"Rairakhol APMC",Onion,Onion,"Grade C",28/07/2026,2500,3500,3000
Keralam,Idukki,"Munnar Market",Garlic,Other,Local,28/07/2026,15000,15000,15000
Keralam,Idukki,"Munnar Market",Ginger(Green),Other,Medium,28/07/2026,12000,12000,12000
Keralam,Idukki,"Munnar Market","Leafy Vegetable","Leafy Vegetables",Medium,28/07/2026,4500,4500,4500
Keralam,Idukki,"Munnar Market",Lemon,Other,Medium,28/07/2026,6000,6000,6000
Keralam,Idukki,"Munnar Market","Long Melon(Kakri)",Other,Medium,28/07/2026,4500,4500,4500
Keralam,Idukki,"Munnar Market",Mango(Raw-Ripe),"Mango - Raw-Ripe",Medium,28/07/2026,6500,6500,6500
Keralam,Alappuzha,"Chengannur Market","Bhindi(Ladies Finger)",Other,FAQ,28/07/2026,3800,4100,4000
Keralam,Alappuzha,"Chengannur Market",Capsicum,Other,FAQ,28/07/2026,6000,6500,6200
Keralam,Alappuzha,"Chengannur Market",Carrot,Other,FAQ,28/07/2026,6900,7200,7000
"Andhra Pradesh","West Godavari","Undi APMC",Paddy(Common),MTU-1001,Local,28/07/2026,2369,2369,2369
"Andhra Pradesh","YSR Kadapa","Kamalapuram APMC",Groundnut,Other,Local,28/07/2026,7500,7500,7500
"Uttar Pradesh","Khiri (Lakhimpur)","Maigalganj APMC",Raddish,Raddish,FAQ,28/07/2026,1360,1400,1380
"Uttar Pradesh","Khiri (Lakhimpur)","Maigalganj APMC",Cabbage,Cabbage,FAQ,28/07/2026,1050,1090,1070
"Himachal Pradesh",Kangra,"SMY Baijnath",Banana,"Banana - Ripe","Grade B",28/07/2026,4000,4200,4200
"Himachal Pradesh",Kangra,"SMY Baijnath",Papaya,Papaya,"Grade B",28/07/2026,4000,4200,4200
"Himachal Pradesh",Kangra,"SMY Baijnath",Onion,Onion,"Grade A",28/07/2026,3200,3400,3200
"Himachal Pradesh",Kangra,"SMY Baijnath",Cabbage,Cabbage,"Grade B",28/07/2026,2500,3500,2800
"Himachal Pradesh",Kangra,"SMY Jaisinghpur","Jack Fruit(Ripe)","Jack Fruit",Medium,28/07/2026,4500,5500,5000
"Himachal Pradesh",Kangra,"SMY Jaisinghpur","Bitter gourd","Bitter Gourd",FAQ,28/07/2026,3800,4500,4200
"Himachal Pradesh",Kangra,"SMY Jaisinghpur",Pear(Marasebu),Pears,Medium,28/07/2026,8000,15000,11000
"Himachal Pradesh",Kangra,"SMY Jaisinghpur",Cabbage,Cabbage,FAQ,28/07/2026,3200,3800,3500
"Himachal Pradesh",Kangra,"SMY Jaisinghpur",Pumpkin,Pumpkin,FAQ,28/07/2026,2200,2300,2250
Keralam,Kozhikode(Calicut),"Quilandy Market",Brinjal,Other,FAQ,28/07/2026,3500,4000,3800
Keralam,Kozhikode(Calicut),"Quilandy Market","French Beans(Frasbean)",Other,FAQ,28/07/2026,5800,6000,6000
Keralam,Kozhikode(Calicut),"Quilandy Market",Tomato,Other,FAQ,28/07/2026,1700,1800,1800
"Tamil Nadu",Coimbatore,"Mettupalayam(Uzhavar Sandhai )",Groundnut,"Big (With Shell)",Local,28/07/2026,7000,8000,7500
"Tamil Nadu",Coimbatore,"Mettupalayam(Uzhavar Sandhai )",Banana,Besrai,Local,28/07/2026,4000,8000,6000
"Tamil Nadu",Coimbatore,"Mettupalayam(Uzhavar Sandhai )",Pineapple,"Pine Apple",Local,28/07/2026,3500,4000,3750
"Tamil Nadu",Coimbatore,"Mettupalayam(Uzhavar Sandhai )","Bottle gourd","Bottle Gourd",Local,28/07/2026,2000,2400,2200
"Tamil Nadu",Coimbatore,"Mettupalayam(Uzhavar Sandhai )","Bhindi(Ladies Finger)",Bhindi,Local,28/07/2026,3000,3500,3250
"Tamil Nadu",Coimbatore,"Mettupalayam(Uzhavar Sandhai )","Green Chilli","Green Chilly",Local,28/07/2026,4000,4400,4200
"Tamil Nadu",Coimbatore,"Mettupalayam(Uzhavar Sandhai )",Beans,"Beans (Whole)",Local,28/07/2026,8000,10000,9000
"Tamil Nadu",Coimbatore,"Mettupalayam(Uzhavar Sandhai )",Ginger(Green),"Green Ginger",Local,28/07/2026,11000,18500,14750
"Tamil Nadu",Coimbatore,"Mettupalayam(Uzhavar Sandhai )",Carrot,Pusakesar,Local,28/07/2026,6000,8500,7250
"Tamil Nadu",Coimbatore,"Mettupalayam(Uzhavar Sandhai )",Cabbage,Cabbage,Local,28/07/2026,3000,3500,3250
"Tamil Nadu",Coimbatore,"Mettupalayam(Uzhavar Sandhai )",Snakeguard,Snakeguard,Local,28/07/2026,2500,3000,2750
"Tamil Nadu",Coimbatore,"Mettupalayam(Uzhavar Sandhai )",Ridgeguard(Tori),Ridgeguard(Tori),Local,28/07/2026,4000,4800,4400
"Tamil Nadu",Coimbatore,"Mettupalayam(Uzhavar Sandhai )",Capsicum,Capsicum,Local,28/07/2026,8000,9000,8500
"Tamil Nadu",Coimbatore,"Mettupalayam(Uzhavar Sandhai )","Green Avare(W)","Green Avare (W)",Local,28/07/2026,6500,7000,6750
"Tamil Nadu",Coimbatore,"Mettupalayam(Uzhavar Sandhai )",Guava,"Guava Allahabad",Local,28/07/2026,6000,7000,6500
"Tamil Nadu",Coimbatore,"Mettupalayam(Uzhavar Sandhai )","Onion Green","Onion Green",Local,28/07/2026,5000,5800,5400
"Tamil Nadu",Erode,"Sathiyamagalam(Uzhavar Sandhai )",Papaya,Papaya,Local,28/07/2026,2000,2300,2150
"Tamil Nadu",Erode,"Sathiyamagalam(Uzhavar Sandhai )",Banana,"Red Banana",Local,28/07/2026,5400,5800,5600
"Tamil Nadu",Erode,"Sathiyamagalam(Uzhavar Sandhai )",Brinjal,Other,Local,28/07/2026,4000,4400,4200
"Tamil Nadu",Erode,"Sathiyamagalam(Uzhavar Sandhai )",Chikoos(Sapota),Sapota,Local,28/07/2026,3500,4000,3750
"Tamil Nadu",Erode,"Sathiyamagalam(Uzhavar Sandhai )","Bitter gourd",Other,Local,28/07/2026,6000,6400,6200
"Tamil Nadu",Erode,"Sathiyamagalam(Uzhavar Sandhai )",Pumpkin,Pumpkin,Local,28/07/2026,2000,2500,2250
"Tamil Nadu",Erode,"Sathiyamagalam(Uzhavar Sandhai )","Banana - Green","Banana - Green",Local,28/07/2026,3000,3500,3250
"Tamil Nadu",Erode,"Sathiyamagalam(Uzhavar Sandhai )",Carrot,Pusakesar,Local,28/07/2026,8500,9000,8750
"Tamil Nadu",Erode,"Sathiyamagalam(Uzhavar Sandhai )",Cabbage,Cabbage,Local,28/07/2026,3500,4000,3750
"Tamil Nadu",Erode,"Sathiyamagalam(Uzhavar Sandhai )",Raddish,Raddish,Local,28/07/2026,2500,3000,2750
"Tamil Nadu",Erode,"Sathiyamagalam(Uzhavar Sandhai )",Guava,"Guava Allahabad",Local,28/07/2026,5000,5500,5250
"Tamil Nadu",Namakkal,"Tiruchengode APMC",Banana,"Red Banana",Local,28/07/2026,6200,7000,6600
"Tamil Nadu",Namakkal,"Tiruchengode APMC",Chikoos(Sapota),Sapota,Local,28/07/2026,4000,4500,4250
"Tamil Nadu",Namakkal,"Tiruchengode APMC","Bitter gourd",Other,Local,28/07/2026,6200,7000,6600
"Tamil Nadu",Namakkal,"Tiruchengode APMC","Bottle gourd","Bottle Gourd",Local,28/07/2026,1200,1500,1350
"Tamil Nadu",Namakkal,"Tiruchengode APMC",Ashgourd,Gouard,Local,28/07/2026,2600,3000,2800
"Tamil Nadu",Namakkal,"Tiruchengode APMC",Coconut,Coconut,Local,28/07/2026,5400,6000,5700
"Tamil Nadu",Namakkal,"Tiruchengode APMC","Jamun(Narale Hannu)",Jamun,Local,28/07/2026,14000,16000,15000
"Tamil Nadu",Namakkal,"Tiruchengode APMC",Guava,"Guava Allahabad",Local,28/07/2026,6200,7000,6600
"Tamil Nadu",Ariyalur,"Jeyankondam (Uzhavar Sandhai )",Coriander(Leaves),"I Sort",Local,28/07/2026,6000,6000,6000
"Tamil Nadu",Coimbatore,"RSPuram(Uzhavar Sandhai )",Groundnut,"Big (With Shell)",Local,28/07/2026,6500,7000,6750
"Tamil Nadu",Coimbatore,"RSPuram(Uzhavar Sandhai )",Orange,Darjeeling,Local,28/07/2026,8000,14000,11000
"Tamil Nadu",Coimbatore,"RSPuram(Uzhavar Sandhai )",Potato,Other,Local,28/07/2026,6200,6800,6500
"Tamil Nadu",Coimbatore,"RSPuram(Uzhavar Sandhai )",Cauliflower,Ranchi,Local,28/07/2026,4000,4400,4200
"Tamil Nadu",Coimbatore,"RSPuram(Uzhavar Sandhai )","Bitter gourd",Other,Local,28/07/2026,5500,6000,5750
"Tamil Nadu",Coimbatore,"RSPuram(Uzhavar Sandhai )",Ashgourd,Gouard,Local,28/07/2026,1600,1800,1700
"Tamil Nadu",Coimbatore,"RSPuram(Uzhavar Sandhai )","Green Chilli","Green Chilly",Local,28/07/2026,4200,4800,4500
"Tamil Nadu",Coimbatore,"RSPuram(Uzhavar Sandhai )","Chow Chow","Chow Chow",Local,28/07/2026,2800,3200,3000
"Tamil Nadu",Coimbatore,"RSPuram(Uzhavar Sandhai )","Indian Beans(Seam)","Indian Beans (Seam)",Local,28/07/2026,5000,5600,5300
"Tamil Nadu",Coimbatore,"RSPuram(Uzhavar Sandhai )",Pear(Marasebu),Pears,Local,28/07/2026,14000,15000,14500
"Tamil Nadu",Coimbatore,"RSPuram(Uzhavar Sandhai )",Mashrooms,Mashrooms,Local,28/07/2026,21500,25000,23250
"Tamil Nadu",Coimbatore,"Singanallur(Uzhavar Sandhai )",Banana,"Red Banana",Local,28/07/2026,7000,7800,7400
"Tamil Nadu",Coimbatore,"Singanallur(Uzhavar Sandhai )",Mango,Safeda,Local,28/07/2026,7500,8000,7750
"Tamil Nadu",Coimbatore,"Singanallur(Uzhavar Sandhai )",Grapes,Annabesahai,Local,28/07/2026,8500,9000,8750
"Tamil Nadu",Coimbatore,"Singanallur(Uzhavar Sandhai )",Garlic,Garlic,Local,28/07/2026,20000,22000,21000
"Tamil Nadu",Coimbatore,"Singanallur(Uzhavar Sandhai )","Bottle gourd","Bottle Gourd",Local,28/07/2026,2800,3200,3000
"Tamil Nadu",Coimbatore,"Singanallur(Uzhavar Sandhai )",Amaranthus,Amaranthus,Local,28/07/2026,4500,5000,4750
"Tamil Nadu",Coimbatore,"Singanallur(Uzhavar Sandhai )",Tapioca,Tapioca,Local,28/07/2026,3000,3500,3250
"Tamil Nadu",Coimbatore,"Singanallur(Uzhavar Sandhai )",Ginger(Green),"Green Ginger",Local,28/07/2026,15000,18000,16500
"Tamil Nadu",Coimbatore,"Singanallur(Uzhavar Sandhai )",Mango(Raw-Ripe),"Mango - Raw-Ripe",Local,28/07/2026,2500,3000,2750
"Tamil Nadu",Coimbatore,"Singanallur(Uzhavar Sandhai )",Lime,Lime,Local,28/07/2026,15000,17000,16000
"Tamil Nadu",Coimbatore,"Singanallur(Uzhavar Sandhai )","Elephant Yam(Suran)/Amorphophallus","Elephant Yam (Suran)",Local,28/07/2026,3500,4000,3750
"Tamil Nadu",Coimbatore,"Singanallur(Uzhavar Sandhai )",Lemon,Lemon,Local,28/07/2026,7500,8000,7750
"Tamil Nadu",Coimbatore,"Singanallur(Uzhavar Sandhai )",Mint(Pudina),Mint(Pudina),Local,28/07/2026,5500,6000,5750
"Tamil Nadu",Coimbatore,"Pollachi(Uzhavar Sandhai )",Papaya,Papaya,Local,28/07/2026,3000,3500,3250
"Tamil Nadu",Coimbatore,"Pollachi(Uzhavar Sandhai )",Banana,"Red Banana",Local,28/07/2026,7000,8000,7500
"Tamil Nadu",Coimbatore,"Pollachi(Uzhavar Sandhai )",Onion,Bellary,Local,28/07/2026,3400,3800,3600
"Tamil Nadu",Coimbatore,"Pollachi(Uzhavar Sandhai )","Bitter gourd","Bitter Gourd",Local,28/07/2026,6000,6500,6250
"Tamil Nadu",Coimbatore,"Pollachi(Uzhavar Sandhai )",Ashgourd,Gouard,Local,28/07/2026,1800,2200,2000
"Tamil Nadu",Coimbatore,"Pollachi(Uzhavar Sandhai )",Carrot,Pusakesar,Local,28/07/2026,8000,9000,8500
"Tamil Nadu",Coimbatore,"Pollachi(Uzhavar Sandhai )",Cabbage,Cabbage,Local,28/07/2026,3500,4200,3850
"Tamil Nadu",Coimbatore,"Pollachi(Uzhavar Sandhai )","Chow Chow","Chow Chow",Local,28/07/2026,3000,3500,3250
"Tamil Nadu",Coimbatore,"Pollachi(Uzhavar Sandhai )","Tender Coconut","Tender Coconut",Local,28/07/2026,3500,4000,3750
"Tamil Nadu",Coimbatore,"Pollachi(Uzhavar Sandhai )","Amla(Nelli Kai)",Amla,Local,28/07/2026,7000,8000,7500
"Andhra Pradesh",Vijayanagaram,"Vijayanagaram APMC",Maize,Local,Local,28/07/2026,2400,2400,2400
Telangana,"Ranga Reddy","Vanasthalipuram,RBZ ","Green Chilli","Green Chilly",Local,28/07/2026,3500,3500,3500
Telangana,"Ranga Reddy","Vanasthalipuram,RBZ ","Bottle gourd","Bottle Gourd",Local,28/07/2026,900,900,900
Telangana,"Ranga Reddy","Vanasthalipuram,RBZ ",Cucumbar(Kheera),Other,Local,28/07/2026,2000,2000,2000
Telangana,"Ranga Reddy","Vanasthalipuram,RBZ ","Other green and fresh vegetables",Other,Local,28/07/2026,2000,2000,2000
Telangana,"Ranga Reddy","Vanasthalipuram,RBZ ",Colacasia,Colacasia,Local,28/07/2026,3300,3300,3300
"Tamil Nadu",Karur,"Karur(Uzhavar Sandhai )",Mango,Neelam,Local,28/07/2026,7500,8000,7750
"Tamil Nadu",Karur,"Karur(Uzhavar Sandhai )",Tomato,Deshi,Local,28/07/2026,1500,2000,1750
"Tamil Nadu",Karur,"Karur(Uzhavar Sandhai )","Cluster beans","Cluster Beans",Local,28/07/2026,3500,4000,3750
"Tamil Nadu",Karur,"Karur(Uzhavar Sandhai )","Bhindi(Ladies Finger)",Bhindi,Local,28/07/2026,3500,4000,3750
"Tamil Nadu",Karur,"Karur(Uzhavar Sandhai )",Coconut,Coconut,Local,28/07/2026,5500,6000,5750
Tripura,"South Tripura",Manubazar,"Pointed gourd(Parval)","Pointed gourd (Parval)","Grade A",28/07/2026,5800,6000,5900
Tripura,"South Tripura",Manubazar,"Bhindi(Ladies Finger)",Bhindi,"Grade A",28/07/2026,3800,4000,3900
Tripura,"South Tripura",Manubazar,Potato,Jyoti,"Grade A",28/07/2026,1800,2000,1900
Tripura,"South Tripura",Manubazar,"Sponge gourd",Other,FAQ,28/07/2026,4200,4500,4300
Tripura,"South Tripura",Manubazar,Fish,Katla(Big),"Grade Range-1",28/07/2026,35000,38000,36000
"Tamil Nadu",Coimbatore,"Kurichi(Uzhavar Sandhai )",Onion,Bellary,Local,28/07/2026,3000,3500,3250
"Tamil Nadu",Coimbatore,"Kurichi(Uzhavar Sandhai )",Coriander(Leaves),"I Sort",Local,28/07/2026,6000,7000,6500
"Tamil Nadu",Coimbatore,"Kurichi(Uzhavar Sandhai )",Amaranthus,Amaranthus,Local,28/07/2026,3000,4000,3500
"Tamil Nadu",Coimbatore,"Kurichi(Uzhavar Sandhai )","Elephant Yam(Suran)/Amorphophallus","Elephant Yam (Suran)",Local,28/07/2026,3800,4200,4000
"Tamil Nadu",Cuddalore,"Chidambaram(Uzhavar Sandhai )",Onion,Bellary,Local,28/07/2026,3500,4000,3750
"Tamil Nadu",Cuddalore,"Chidambaram(Uzhavar Sandhai )","Banana - Green","Banana - Green",Local,28/07/2026,2500,3000,2750
"Tamil Nadu",Cuddalore,"Chidambaram(Uzhavar Sandhai )","Onion Green","Onion Green",Local,28/07/2026,6000,7000,6500
"Tamil Nadu",Cuddalore,"Cuddalore(Uzhavar Sandhai )",Banana,Besrai,Local,28/07/2026,4000,8000,6000
"Tamil Nadu",Cuddalore,"Cuddalore(Uzhavar Sandhai )",Onion,Bellary,Local,28/07/2026,4000,4000,4000
"Tamil Nadu",Cuddalore,"Cuddalore(Uzhavar Sandhai )",Brinjal,Round,Local,28/07/2026,5000,8000,6500
"Tamil Nadu",Cuddalore,"Cuddalore(Uzhavar Sandhai )",Coriander(Leaves),"I Sort",Local,28/07/2026,6000,6000,6000
"Tamil Nadu",Cuddalore,"Cuddalore(Uzhavar Sandhai )","Bottle gourd","Bottle Gourd",Local,28/07/2026,2000,2500,2250
"Tamil Nadu",Cuddalore,"Cuddalore(Uzhavar Sandhai )",Ashgourd,Gouard,Local,28/07/2026,4000,4000,4000
"Tamil Nadu",Cuddalore,"Cuddalore(Uzhavar Sandhai )",Tapioca,Tapioca,Local,28/07/2026,4000,5000,4500
"Tamil Nadu",Cuddalore,"Cuddalore(Uzhavar Sandhai )",Beetroot,Beetroot,Local,28/07/2026,4000,4000,4000
"Tamil Nadu",Cuddalore,"Cuddalore(Uzhavar Sandhai )","Green Avare(W)","Green Avare (W)",Local,28/07/2026,6000,6000,6000
"Tamil Nadu",Cuddalore,"Cuddalore(Uzhavar Sandhai )",Colacasia,Colacasia,Local,28/07/2026,6000,6000,6000
"Tamil Nadu",Chengalpattu,"Thirukalukundram(Uzhavar Sandhai )",Banana,Poovan,Local,28/07/2026,5500,6500,6000
"Tamil Nadu",Chengalpattu,"Thirukalukundram(Uzhavar Sandhai )",Onion,Bellary,Local,28/07/2026,3000,3300,3150
"Tamil Nadu",Chengalpattu,"Thirukalukundram(Uzhavar Sandhai )","Cluster beans","Cluster Beans",Local,28/07/2026,5000,5500,5250
"Tamil Nadu",Chengalpattu,"Thirukalukundram(Uzhavar Sandhai )","Bottle gourd","Bottle Gourd",Local,28/07/2026,3000,3500,3250
"Tamil Nadu",Chengalpattu,"Thirukalukundram(Uzhavar Sandhai )",Carrot,Pusakesar,Local,28/07/2026,6000,6500,6250
"Tamil Nadu",Tuticorin,"Tuticorin(Uzhavar Sandhai )",Banana,Besrai,Local,28/07/2026,2500,3000,2750
"Tamil Nadu",Tuticorin,"Tuticorin(Uzhavar Sandhai )",Amaranthus,Amaranthus,Local,28/07/2026,800,1000,900
"Tamil Nadu",Tuticorin,"Tuticorin(Uzhavar Sandhai )","Green Chilli","Green Chilly",Local,28/07/2026,6000,7000,6500
"Tamil Nadu",Tuticorin,"Tuticorin(Uzhavar Sandhai )",Beans,"Beans (Whole)",Local,28/07/2026,14000,15000,14500
"Tamil Nadu",Tuticorin,"Tuticorin(Uzhavar Sandhai )",Snakeguard,Snakeguard,Local,28/07/2026,4000,5000,4500
"Tamil Nadu",Tuticorin,"Tuticorin(Uzhavar Sandhai )",Ridgeguard(Tori),Ridgeguard(Tori),Local,28/07/2026,4500,5000,4750
"Tamil Nadu",Tuticorin,"Tuticorin(Uzhavar Sandhai )",Drumstick,Drumstick,Local,28/07/2026,5000,6000,5500
"Tamil Nadu",Tuticorin,"Tuticorin(Uzhavar Sandhai )",Mango(Raw-Ripe),"Mango - Raw-Ripe",Local,28/07/2026,2500,3000,2750
"Tamil Nadu",Tuticorin,"Tuticorin(Uzhavar Sandhai )",Guava,"Guava Allahabad",Local,28/07/2026,5000,6000,5500
"Tamil Nadu",Tuticorin,"Tuticorin(Uzhavar Sandhai )","Sweet Corn ","Sweet Corn ",Local,28/07/2026,5000,6000,5500
"Tamil Nadu","Nagercoil (Kannyiakumari)","Vadaseri APMC",Banana,Besrai,Local,28/07/2026,4500,5000,4750
"Tamil Nadu","Nagercoil (Kannyiakumari)","Vadaseri APMC",Mango,Safeda,Local,28/07/2026,6500,7000,6750
"Tamil Nadu","Nagercoil (Kannyiakumari)","Vadaseri APMC",Coriander(Leaves),"I Sort",Local,28/07/2026,6000,6500,6250
"Tamil Nadu","Nagercoil (Kannyiakumari)","Vadaseri APMC","Bitter gourd","Bitter Gourd",Local,28/07/2026,7500,8000,7750
"Tamil Nadu","Nagercoil (Kannyiakumari)","Vadaseri APMC",Ashgourd,Gouard,Local,28/07/2026,2200,2500,2350
"Tamil Nadu","Nagercoil (Kannyiakumari)","Vadaseri APMC",Tapioca,Tapioca,Local,28/07/2026,3500,4000,3750
"Tamil Nadu","Nagercoil (Kannyiakumari)","Vadaseri APMC",Cabbage,Cabbage,Local,28/07/2026,5000,5500,5250
"Tamil Nadu","Nagercoil (Kannyiakumari)","Vadaseri APMC",Snakeguard,Snakeguard,Local,28/07/2026,3500,4000,3750
"Tamil Nadu","Nagercoil (Kannyiakumari)","Vadaseri APMC",Beetroot,Beetroot,Local,28/07/2026,5000,5500,5250
"Tamil Nadu","Nagercoil (Kannyiakumari)","Vadaseri APMC","Jack Fruit(Ripe)","Jack Fruit",Local,28/07/2026,2200,2500,2350
"Tamil Nadu","Nagercoil (Kannyiakumari)","Vadaseri APMC","Tender Coconut","Tender Coconut",Local,28/07/2026,4500,5000,4750
"Tamil Nadu","Nagercoil (Kannyiakumari)","Vadaseri APMC","Elephant Yam(Suran)/Amorphophallus","Elephant Yam (Suran)",Local,28/07/2026,4500,5000,4750
"Tamil Nadu","Nagercoil (Kannyiakumari)","Vadaseri APMC","Onion Green","Onion Green",Local,28/07/2026,8000,8500,8250
"Tamil Nadu","Nagercoil (Kannyiakumari)","Vadaseri APMC",Mint(Pudina),Mint(Pudina),Local,28/07/2026,6500,7000,6750
"Tamil Nadu",Pudukkottai,"Karambakkudi(Uzhavar Sandhai )","Bitter gourd",Other,Local,28/07/2026,7000,8000,7500
"Tamil Nadu",Pudukkottai,"Karambakkudi(Uzhavar Sandhai )","Bottle gourd","Bottle Gourd",Local,28/07/2026,2000,2500,2250
"Tamil Nadu",Pudukkottai,"Karambakkudi(Uzhavar Sandhai )",Ashgourd,Gouard,Local,28/07/2026,1000,1500,1250
"Tamil Nadu",Pudukkottai,"Karambakkudi(Uzhavar Sandhai )","Bhindi(Ladies Finger)",Bhindi,Local,28/07/2026,3500,4000,3750
"Madhya Pradesh",Morena,"Kailaras APMC","Bottle gourd",Other,FAQ,28/07/2026,1000,1000,1000
"Tamil Nadu",Vellore,"Thirupathur APMC",Garlic,Garlic,Local,28/07/2026,24000,24000,24000
"Tamil Nadu",Vellore,"Thirupathur APMC","Bottle gourd","Bottle Gourd",Local,28/07/2026,2000,2000,2000
"Tamil Nadu",Vellore,"Thirupathur APMC",Ashgourd,Gouard,Local,28/07/2026,2000,2000,2000
"Tamil Nadu",Vellore,"Thirupathur APMC","Bhindi(Ladies Finger)",Bhindi,Local,28/07/2026,3000,3000,3000
"Tamil Nadu",Vellore,"Thirupathur APMC",Cowpea(Veg),"Cowpea (Veg)",Local,28/07/2026,6000,6000,6000
"Tamil Nadu",Vellore,"Thirupathur APMC",Thondekai,Thondekai,Local,28/07/2026,4000,4000,4000
"Tamil Nadu",Vellore,"Thirupathur APMC",Capsicum,Capsicum,Local,28/07/2026,5000,5000,5000
"Tamil Nadu",Vellore,"Thirupathur APMC",Guava,"Guava Allahabad",Local,28/07/2026,5000,5000,5000
"Tamil Nadu",Vellore,"Thirupathur APMC","Custard Apple(Sharifa)","Custard Apple(Sharifa)",Local,28/07/2026,4000,4000,4000
"Tamil Nadu",Vellore,"Thirupathur APMC","Sweet Corn ","Sweet Corn ",Local,28/07/2026,3000,3000,3000
"Tamil Nadu",Vellore,"Vellore APMC",Coriander(Leaves),"I Sort",Local,28/07/2026,4500,4500,4500
"Tamil Nadu",Vellore,"Vellore APMC","Bitter gourd","Bitter Gourd",Local,28/07/2026,4500,4500,4500
"Tamil Nadu",Vellore,"Vellore APMC",Carrot,Pusakesar,Local,28/07/2026,6500,6500,6500
"Tamil Nadu",Vellore,"Vellore APMC",Capsicum,Capsicum,Local,28/07/2026,6000,6000,6000
"Tamil Nadu",Vellore,"Vellore APMC",Paddy(Common),Other,Local,28/07/2026,3224,3972,3598
Bihar,Sheikhpura,"Shekhpura APMC","Bitter gourd","Bitter Gourd",FAQ,28/07/2026,3045,3185,3110
Bihar,Supaul,"Supaul APMC",Potato,Potato,"Grade A",28/07/2026,1300,1500,1400
"Tamil Nadu",Dharmapuri,"Harur(Uzhavar Sandhai )",Onion,Bellary,Local,28/07/2026,3000,3500,3250
"Tamil Nadu",Dharmapuri,"Harur(Uzhavar Sandhai )",Cauliflower,Ranchi,Local,28/07/2026,3500,4000,3750
"Tamil Nadu",Dharmapuri,"Harur(Uzhavar Sandhai )","Banana - Green","Banana - Green",Local,28/07/2026,2000,2500,2250
"Tamil Nadu",Dharmapuri,"Harur(Uzhavar Sandhai )",Coconut,Coconut,Local,28/07/2026,5000,6000,5500
"Tamil Nadu",Dharmapuri,"Harur(Uzhavar Sandhai )",Ridgeguard(Tori),Ridgeguard(Tori),Local,28/07/2026,4500,5000,4750
"Tamil Nadu",Dharmapuri,"Harur(Uzhavar Sandhai )",Lemon,Lemon,Local,28/07/2026,7000,8000,7500
"Tamil Nadu",Krishnagiri,"Kaveripattinam(Uzhavar Sandhai )",Banana,Besrai,Local,28/07/2026,4000,7000,5500
"Tamil Nadu",Krishnagiri,"Kaveripattinam(Uzhavar Sandhai )",Brinjal,Round,Local,28/07/2026,5000,6000,5500
"Tamil Nadu",Krishnagiri,"Kaveripattinam(Uzhavar Sandhai )",Drumstick,Drumstick,Local,28/07/2026,3000,3000,3000
"Tamil Nadu","The Nilgiris","Coonoor(Uzhavar Sandhai )","Bitter gourd",Other,Local,28/07/2026,5500,6000,5750
"Tamil Nadu","The Nilgiris","Coonoor(Uzhavar Sandhai )","Bottle gourd","Bottle Gourd",Local,28/07/2026,2000,2400,2200
"Tamil Nadu","The Nilgiris","Coonoor(Uzhavar Sandhai )","Bhindi(Ladies Finger)",Bhindi,Local,28/07/2026,4000,4500,4250
"Tamil Nadu","The Nilgiris","Coonoor(Uzhavar Sandhai )",Capsicum,Capsicum,Local,28/07/2026,7500,8000,7750
"Tamil Nadu","The Nilgiris","Coonoor(Uzhavar Sandhai )","Chow Chow","Chow Chow",Local,28/07/2026,2200,2500,2350
"Tamil Nadu","The Nilgiris","Coonoor(Uzhavar Sandhai )",Lime,Lime,Local,28/07/2026,13000,14000,13500
"Tamil Nadu","The Nilgiris","Coonoor(Uzhavar Sandhai )",Lemon,Lemon,Local,28/07/2026,7500,8000,7750
"Tamil Nadu","The Nilgiris","Gudalur(Uzhavar Sandhai )",Potato,Other,Local,28/07/2026,5500,6000,5750
"Tamil Nadu","The Nilgiris","Gudalur(Uzhavar Sandhai )",Tomato,Deshi,Local,28/07/2026,2000,2500,2250
"Tamil Nadu","The Nilgiris","Gudalur(Uzhavar Sandhai )","Bitter gourd","Bitter Gourd",Local,28/07/2026,4500,5000,4750
"Tamil Nadu","The Nilgiris","Gudalur(Uzhavar Sandhai )","Banana - Green","Banana - Green",Local,28/07/2026,4000,4500,4250
"Himachal Pradesh",Kangra,"SMY Jwalaji",Cucumbar(Kheera),Cucumbar,FAQ,28/07/2026,2500,3000,2750
"Himachal Pradesh",Kangra,"SMY Palampur",Pomegranate,Pomogranate,Medium,28/07/2026,14000,15000,14500
"Himachal Pradesh",Kangra,"SMY Palampur",Mango,Other,Medium,28/07/2026,4000,9000,6000
"Himachal Pradesh",Kangra,"SMY Palampur",Cauliflower,Cauliflower,FAQ,28/07/2026,4000,4500,4200
"Himachal Pradesh",Kangra,"SMY Palampur",Pumpkin,Pumpkin,FAQ,28/07/2026,1800,2000,1900
Haryana,Karnal,"Tarori APMC",Potato,Desi,"Grade A",28/07/2026,1000,1500,1200
"West Bengal","Paschim Bardhaman","Asansol APMC",Peas(Dry),Other,FAQ,28/07/2026,6800,7000,6900
"West Bengal","Paschim Bardhaman","Asansol APMC","Green Gram Dal(Moong Dal)","Green Gram Dal",FAQ,28/07/2026,12450,12600,12500
"West Bengal","Paschim Bardhaman","Asansol APMC",Ginger(Green),Other,FAQ,28/07/2026,9650,10500,9850
"West Bengal","Paschim Bardhaman","Asansol APMC",Onion,Nasik,FAQ,28/07/2026,2600,2850,2750
Punjab,Tarntaran,"Patti APMC",Onion,Other,Non-FAQ,28/07/2026,2.5,2.5,2.5
Uttarakhand,Dehradoon,"Vikasnagar APMC",Cucumbar(Kheera),Other,Medium,28/07/2026,600,800,800
Uttarakhand,Dehradoon,"Vikasnagar APMC","Bhindi(Ladies Finger)",Other,Medium,28/07/2026,700,900,900
Uttarakhand,Dehradoon,"Vikasnagar APMC","French Beans(Frasbean)",Other,Medium,28/07/2026,1500,2000,2000
Punjab,Mohali,"Lalru APMC",Onion,Other,Local,28/07/2026,2600,2600,2600
Punjab,Mohali,"Lalru APMC","Bitter gourd",Other,Local,28/07/2026,900,900,900
Punjab,Mohali,"Lalru APMC","Green Chilli",Other,Local,28/07/2026,2600,2600,2600
Punjab,Mohali,"Lalru APMC",Potato,Other,Local,28/07/2026,950,950,950
Punjab,Mohali,"Lalru APMC",Garlic,Average,Local,28/07/2026,11000,11000,11000
Punjab,Mohali,"Lalru APMC",Tomato,Other,Local,28/07/2026,1200,1200,1200
Haryana,Sonipat,"Gohana APMC",Cucumbar(Kheera),Other,Medium,28/07/2026,1500,3000,2000
Odisha,Jagatsinghpur,"Jagatsinghpur APMC",Brinjal,Other,Local,28/07/2026,5100,5300,5200
"Uttar Pradesh",Mau(Maunathbhanjan),"Kopaganj APMC",Brinjal,Brinjal,FAQ,28/07/2026,1388,1400,1390
"Uttar Pradesh",Mau(Maunathbhanjan),"Kopaganj APMC",Apple,Apple,"Grade B",28/07/2026,8890,8910,8900
Haryana,Hissar,"Hansi APMC",Pear(Marasebu),Other,"Grade B",28/07/2026,2000,8000,6000
Haryana,Hissar,"Hansi APMC",Colacasia,Other,FAQ,28/07/2026,2500,3000,2750
Haryana,Hissar,"Hansi APMC",Garlic,Other,FAQ,28/07/2026,10000,15000,12500
Haryana,Hissar,"Hansi APMC",Tinda,Other,FAQ,28/07/2026,2000,2000,2000
Punjab,Amritsar,"Rayya APMC","Green Chilli","Green Chilly",FAQ,28/07/2026,1120,1120,1120
Punjab,Amritsar,"Rayya APMC",Potato,Potato,FAQ,28/07/2026,725,725,725
Uttarakhand,Dehradoon,"Chakrata APMC",Tomato,Local,FAQ,28/07/2026,1400,1600,1500
"Andhra Pradesh",Bapatla,"Kuchinapudi APMC","Black Gram(Urd Beans)(Whole)","Black Gram (Whole)",Local,28/07/2026,10800,11000,10900
Telangana,Khammam,"Pavilion Ground,Khammam,RBZ",Tomato,Deshi,FAQ,28/07/2026,2400,2400,2400
"Andhra Pradesh",Prakasam,"Santhamaguluru APMC",Paddy(Common),"B P T",FAQ,28/07/2026,2400,2400,2400
"Andhra Pradesh",Prakasam,"Santhamaguluru APMC",Maize,Hybrid,FAQ,28/07/2026,2400,2400,2400
Keralam,Kozhikode(Calicut),"Mukkom Market",Beetroot,Beetroot,FAQ,28/07/2026,3400,3800,3600
Keralam,Kozhikode(Calicut),"Mukkom Market",Apple,Other,Large,28/07/2026,26000,27500,27000
Keralam,Kozhikode(Calicut),"Mukkom Market",Cowpea(Veg),"Cowpea (Veg)",FAQ,28/07/2026,5600,6000,5800
Keralam,Kozhikode(Calicut),"Mukkom Market","Bottle gourd","Bottle Gourd",FAQ,28/07/2026,2400,2600,2500
Keralam,Kozhikode(Calicut),"Mukkom Market",Drumstick,Drumstick,FAQ,28/07/2026,7000,7400,7200
Keralam,Kozhikode(Calicut),"Mukkom Market",Cabbage,Cabbage,FAQ,28/07/2026,3200,3600,3400
Keralam,Kozhikode(Calicut),"Mukkom Market",Carrot,Carrot,FAQ,28/07/2026,6000,6400,6200
"Andhra Pradesh",Annamayya,"Somala APMC",Tomato,Tomato,FAQ,28/07/2026,1000,1400,1200
Haryana,Sonipat,"Ganaur APMC",Ridgeguard(Tori),Ridgeguard(Tori),Medium,28/07/2026,3000,4000,3500
Haryana,Sonipat,"Ganaur APMC",Raddish,Raddish,Medium,28/07/2026,2500,3000,2800
Haryana,Sonipat,"Ganaur APMC",Yam(Ratalu),"Yam (Ratalu)",Medium,28/07/2026,2500,3000,2800
Haryana,Sonipat,"Ganaur APMC",Garlic,Average,Local,28/07/2026,12000,15000,14000
Haryana,Sonipat,"Ganaur APMC",Brinjal,Brinjal,Medium,28/07/2026,3000,4000,3500
Haryana,Kurukshetra,"Shahabad APMC",Banana,Medium,Medium,28/07/2026,2700,3500,3000
Haryana,Kurukshetra,"Shahabad APMC","Bitter gourd","Bitter Gourd",Medium,28/07/2026,1500,1700,1600
Haryana,Kurukshetra,"Shahabad APMC","Green Chilli","Green Chilly",Medium,28/07/2026,2000,3000,2500
Rajasthan,Hanumangarh,"Sangriya APMC",Onion,Onion,Local,28/07/2026,1300,2500,2100
Rajasthan,Ganganagar,"Jaitsar APMC",Wheat,Other,FAQ,28/07/2026,2521,2600,2575
Rajasthan,Bikaner,"Sridungargarh APMC",Wheat,Other,Local,28/07/2026,2550,2550,2550
Rajasthan,Chittorgarh,"Kapasan APMC",Wheat,Lokwan,FAQ,28/07/2026,2400,2600,2500
Rajasthan,Jalore,"Jalore APMC","Green Chilli","Green Chilly",Local,28/07/2026,1500,1800,1600
Rajasthan,Jalore,"Jalore APMC",Tomato,Tomato,Local,28/07/2026,2000,2500,2300
Rajasthan,Jalore,"Jalore APMC","Onion Green","Onion Green",Local,28/07/2026,4000,4500,4300
"Jammu and Kashmir",Baramulla,"Sopore (Nowpora) (F&V)",Apple,Hazratbali/Benoni,"Grade A",28/07/2026,1350,1350,1350
"Andhra Pradesh",Tirupathi,"Vakadu APMC",Paddy(Common),"B P T",FAQ,28/07/2026,2400,2400,2400
Keralam,Kozhikode(Calicut),"Kallachi Market",Ashgourd,Ashgourd,FAQ,28/07/2026,2200,2600,2400
Keralam,Alappuzha,"Harippad Market",Capsicum,Capsicum,FAQ,28/07/2026,10000,10500,10000
"Andhra Pradesh",Nandyal,"Atmakur (Nandyal District) APMC",Paddy(Common),Sona,FAQ,28/07/2026,2400,2400,2400
Keralam,Thiruvananthapuram,"Vamanapuram Market",Beetroot,Other,FAQ,28/07/2026,3500,4000,3500
Keralam,Thiruvananthapuram,"Vamanapuram Market",Tapioca,Other,Local,28/07/2026,4000,4500,4500
Keralam,Thiruvananthapuram,"Vamanapuram Market","Bitter gourd",Other,Local,28/07/2026,4500,5000,4500
Keralam,Thiruvananthapuram,"Vamanapuram Market",Tomato,Other,FAQ,28/07/2026,4000,4500,4000
Keralam,Ernakulam,"Perumbavoor Market",Tomato,Tomato,Medium,28/07/2026,3600,4600,4100
Keralam,Ernakulam,"Perumbavoor Market","Bhindi(Ladies Finger)",Bhindi,Medium,28/07/2026,3000,4000,3500
Keralam,Ernakulam,"Perumbavoor Market",Brinjal,Brinjal,Medium,28/07/2026,3000,3800,3400
Keralam,Ernakulam,"Perumbavoor Market","Little gourd(Kundru)",Other,Medium,28/07/2026,3500,4500,4000
Keralam,Ernakulam,"Perumbavoor Market",Onion,Onion,Medium,28/07/2026,2000,2600,2300
Keralam,Ernakulam,"Perumbavoor Market",Potato,Potato,Medium,28/07/2026,3200,4000,3600
"Andhra Pradesh",Bapatla,"Parchur APMC","Chili Red",Dry,Local,28/07/2026,15000,18000,18000
"Tamil Nadu",Thanjavur,"Tirukattupalli(Uzhavar Sandhai )","Bitter gourd","Bitter Gourd",Local,28/07/2026,3200,3200,3200
"Tamil Nadu",Thanjavur,"Tirukattupalli(Uzhavar Sandhai )",Ashgourd,Gouard,Local,28/07/2026,2400,2400,2400
"Tamil Nadu",Thanjavur,"Tirukattupalli(Uzhavar Sandhai )",Snakeguard,Snakeguard,Local,28/07/2026,4000,5000,4500
"Tamil Nadu",Thanjavur,"Tirukattupalli(Uzhavar Sandhai )",Mango(Raw-Ripe),"Mango - Raw-Ripe",Local,28/07/2026,3400,3500,3450
"Tamil Nadu",Thiruchirappalli,"Thuraiyur APMC",Onion,Bellary,Local,28/07/2026,3000,4000,3500
"Tamil Nadu",Thiruchirappalli,"Thuraiyur APMC",Brinjal,Other,Local,28/07/2026,4000,4000,4000
"Tamil Nadu",Thiruchirappalli,"Thuraiyur APMC","Cluster beans","Cluster Beans",Local,28/07/2026,4000,4000,4000
"Tamil Nadu",Thiruchirappalli,"Thuraiyur APMC","Bottle gourd","Bottle Gourd",Local,28/07/2026,2500,3000,2750
"Tamil Nadu",Thiruchirappalli,"Thuraiyur APMC",Cowpea(Veg),"Cowpea (Veg)",Local,28/07/2026,4500,4500,4500
"Tamil Nadu",Thiruchirappalli,"Thuraiyur APMC","Betal Leaves",Mysore,Local,28/07/2026,9000,9000,9000
"Tamil Nadu",Thiruchirappalli,"Thuraiyur APMC",Carrot,Pusakesar,Local,28/07/2026,10000,10000,10000
"Tamil Nadu",Thiruchirappalli,"Thuraiyur APMC",Snakeguard,Snakeguard,Local,28/07/2026,3500,4500,4000
"Tamil Nadu",Thiruchirappalli,"Thuraiyur APMC",Ridgeguard(Tori),Ridgeguard(Tori),Local,28/07/2026,6500,6500,6500
"Tamil Nadu",Thiruchirappalli,"Thuraiyur APMC",Raddish,Raddish,Local,28/07/2026,3500,3500,3500
"Tamil Nadu",Thiruchirappalli,"Thuraiyur APMC","Elephant Yam(Suran)/Amorphophallus","Elephant Yam (Suran)",Local,28/07/2026,4000,4000,4000
"Tamil Nadu",Thiruchirappalli,"Thuraiyur APMC",Yam(Ratalu),"Yam (Ratalu)",Local,28/07/2026,8000,8000,8000
"Tamil Nadu",Thiruchirappalli,"Thuraiyur APMC",Mint(Pudina),Mint(Pudina),Local,28/07/2026,6000,6000,6000
"Tamil Nadu",Villupuram,"Avalurpet APMC",Paddy(Common),Other,Local,28/07/2026,2067,3617,2842
"Tamil Nadu",Villupuram,"Tindivanam APMC","Bottle gourd","Bottle Gourd",Local,28/07/2026,2500,2500,2500
"Tamil Nadu",Villupuram,"Tindivanam APMC","Bhindi(Ladies Finger)",Bhindi,Local,28/07/2026,3500,3500,3500
"Tamil Nadu",Villupuram,"Tindivanam APMC",Ginger(Green),"Green Ginger",Local,28/07/2026,13000,13000,13000
"Tamil Nadu",Villupuram,"Tindivanam APMC","Green Avare(W)","Green Avare (W)",Local,28/07/2026,7000,7000,7000
"Tamil Nadu",Villupuram,"Tindivanam APMC",Drumstick,Drumstick,Local,28/07/2026,4500,4500,4500
"Tamil Nadu",Villupuram,"Tindivanam APMC","Tender Coconut","Tender Coconut",Local,28/07/2026,3500,4000,3750
"Tamil Nadu",Villupuram,"Tindivanam APMC","Onion Green","Onion Green",Local,28/07/2026,5800,5800,5800
"Tamil Nadu",Villupuram,"Ulundurpettai APMC",Lemon,Lemon,Local,28/07/2026,5000,5000,5000
"Tamil Nadu",Villupuram,"Ulundurpettai APMC","Onion Green","Onion Green",Local,28/07/2026,7000,7000,7000
Maharashtra,Pune,"Pune(Moshi) APMC",Beans,Other,Local,28/07/2026,4000,5000,4500
Maharashtra,Pune,"Pune(Moshi) APMC",Onion,Local,Local,28/07/2026,1000,2500,1750
Maharashtra,Pune,"Pune(Moshi) APMC",Ridgeguard(Tori),Other,Local,28/07/2026,2000,4000,3000
Maharashtra,Pune,"Pune(Moshi) APMC",Lime,Other,Local,28/07/2026,2000,3000,2500
Maharashtra,Pune,"Pune(Moshi) APMC","Mousambi(Sweet Lime)",Other,Local,28/07/2026,5000,6000,5500
Maharashtra,Pune,"Pune(Moshi) APMC","Amla(Nelli Kai)",Other,Local,28/07/2026,6000,8000,7000
Maharashtra,Ratnagiri,"Ratnagiri (Nachane) APMC","Chilly Capsicum",Other,Local,28/07/2026,2900,3900,3500
Maharashtra,Ratnagiri,"Ratnagiri (Nachane) APMC",Cucumbar(Kheera),Other,Local,28/07/2026,1500,2500,2000
Maharashtra,Ratnagiri,"Ratnagiri (Nachane) APMC",Tomato,Other,Local,28/07/2026,1000,2000,1500
Keralam,Kollam,"Elamad  VFPCK Market",Banana,"Nendra Bale","Grade A",28/07/2026,6800,8200,7700
"Uttar Pradesh",Badaun,"Babrala APMC",Maize,Local,Local,28/07/2026,2080,2100,2090
Gujarat,Surat,"Songadh APMC",Guar,Gwar,FAQ,28/07/2026,7000,7000,7000
Gujarat,Surat,"Songadh APMC","Bhindi(Ladies Finger)",Bhindi,FAQ,28/07/2026,1500,4000,3000
Gujarat,Anand,"Khambhat(Veg Yard Khambhat) APMC",Methi(Leaves),Methi,Local,28/07/2026,4000,6000,5000
Gujarat,Surat,"Songadh(Badarpada) APMC",Guar,Other,FAQ,28/07/2026,7000,7000,7000
Gujarat,Rajkot,"Dhoraji APMC",Soyabean,Yellow,Non-FAQ,28/07/2026,5930,6800,6630
Gujarat,Rajkot,"Dhoraji APMC","Red gram/Arhar/Tur(whole)",Hybrid,Non-FAQ,28/07/2026,5005,7255,6605
Gujarat,Jamnagar,"Kalawad APMC","Bengal Gram(Gram)(Whole)",Other,Local,28/07/2026,5820,6145,5985
Gujarat,Jamnagar,"Kalawad APMC","Corriander seed",Other,Local,28/07/2026,13850,14350,14115
Gujarat,Amreli,"Damnagar APMC",Cauliflower,Cauliflower,Local,28/07/2026,5000,5000,5000
Gujarat,Amreli,"Damnagar APMC",Guar,Gwar,Local,28/07/2026,5000,5000,5000
Gujarat,Amreli,"Damnagar APMC","Bhindi(Ladies Finger)",Bhindi,Local,28/07/2026,3000,3000,3000
Gujarat,Amreli,"Damnagar APMC",Lemon,Lemon,Local,28/07/2026,2500,2500,2500
Gujarat,Amreli,"Damnagar APMC",Tomato,Local,Local,28/07/2026,2500,2500,2500
"Tamil Nadu",Madurai,"Chokkikulam(Uzhavar Sandhai )",Soyabean,Local,Local,28/07/2026,9000,10000,9500
"Tamil Nadu",Madurai,"Chokkikulam(Uzhavar Sandhai )",Apple,American,Local,28/07/2026,18000,27000,22500
"Tamil Nadu",Madurai,"Chokkikulam(Uzhavar Sandhai )",Onion,Bellary,Local,28/07/2026,3000,4000,3500
"Tamil Nadu",Madurai,"Chokkikulam(Uzhavar Sandhai )","Green Peas","Green Peas",Local,28/07/2026,14000,15000,14500
"Tamil Nadu",Madurai,"Chokkikulam(Uzhavar Sandhai )",Chikoos(Sapota),Sapota,Local,28/07/2026,4000,6000,5000
"Tamil Nadu",Madurai,"Chokkikulam(Uzhavar Sandhai )","Bhindi(Ladies Finger)",Bhindi,Local,28/07/2026,4000,4200,4100
"Tamil Nadu",Madurai,"Chokkikulam(Uzhavar Sandhai )","Green Chilli","Green Chilly",Local,28/07/2026,4500,5500,5000
"Tamil Nadu",Madurai,"Chokkikulam(Uzhavar Sandhai )",Ginger(Green),"Green Ginger",Local,28/07/2026,15000,22000,18500
"Tamil Nadu",Madurai,"Chokkikulam(Uzhavar Sandhai )","Sweet Potato","Hosur Red",Local,28/07/2026,3600,4000,3800
"Tamil Nadu",Madurai,"Chokkikulam(Uzhavar Sandhai )",Cucumbar(Kheera),Cucumbar,Local,28/07/2026,4000,5000,4500
"Tamil Nadu",Madurai,"Chokkikulam(Uzhavar Sandhai )",Ridgeguard(Tori),Ridgeguard(Tori),Local,28/07/2026,4000,6500,5250
"Tamil Nadu",Madurai,"Chokkikulam(Uzhavar Sandhai )",Raddish,Raddish,Local,28/07/2026,3000,3500,3250
"Tamil Nadu",Madurai,"Chokkikulam(Uzhavar Sandhai )",Guava,"Guava Allahabad",Local,28/07/2026,7000,8000,7500
"Tamil Nadu",Madurai,"Chokkikulam(Uzhavar Sandhai )","Elephant Yam(Suran)/Amorphophallus","Elephant Yam (Suran)",Local,28/07/2026,4500,5500,5000
"Tamil Nadu",Madurai,"Chokkikulam(Uzhavar Sandhai )",Lemon,Lemon,Local,28/07/2026,6000,7000,6500
"Tamil Nadu",Madurai,"Chokkikulam(Uzhavar Sandhai )",Mashrooms,Mashrooms,Local,28/07/2026,22500,25000,23750
"Tamil Nadu",Madurai,"Chokkikulam(Uzhavar Sandhai )","Amla(Nelli Kai)",Amla,Local,28/07/2026,6000,6500,6250
Gujarat,Amreli,"The Agricultural Produce Market Committee-Amreli",Groundnut,Other,FAQ,28/07/2026,4875,7400,6550
Gujarat,Surat,"Surat APMC",Snakeguard,Other,FAQ,28/07/2026,2500,6000,4250
Gujarat,Surat,"Surat APMC","Bitter gourd","Bitter Gourd",FAQ,28/07/2026,2000,4000,3000
Gujarat,Surat,"Surat APMC",Capsicum,Other,FAQ,28/07/2026,2500,4500,3500
Gujarat,Surat,"Surat APMC",Cauliflower,Cauliflower,FAQ,28/07/2026,1000,2000,1500
Gujarat,Surat,"Surat APMC",Cowpea(Veg),"Cowpea (Veg)",FAQ,28/07/2026,7000,15000,11000
Gujarat,Surat,"Surat APMC",Drumstick,Drumstick,FAQ,28/07/2026,2000,6500,4250
Gujarat,Surat,"Surat APMC","Elephant Yam(Suran)/Amorphophallus",Other,FAQ,28/07/2026,3500,4500,4000
Gujarat,Surat,"Surat APMC",Onion,Other,FAQ,28/07/2026,800,3300,2050
Gujarat,Surat,"Surat APMC","Pointed gourd(Parval)",Other,FAQ,28/07/2026,3000,4000,3500
Gujarat,Surat,"Surat APMC",Ridgeguard(Tori),Other,FAQ,28/07/2026,2500,6000,4250
Gujarat,Surat,"Surat APMC","Sponge gourd",Other,FAQ,28/07/2026,1500,4000,2750
Gujarat,Surat,"Surat APMC",Tomato,Other,FAQ,28/07/2026,800,3500,2150
Keralam,Ernakulam,"Kunnukara  VFPCK Market",Banana,"Nendra Bale","Grade A",28/07/2026,5500,6000,5800
"Andhra Pradesh",NTR,"Mylavaram APMC",Maize,Hybrid,Local,28/07/2026,2300,2300,2300
Telangana,Warangal,"Warangal APMC",Beetroot,Beetroot,FAQ,28/07/2026,3500,4000,3750
Telangana,Warangal,"Warangal APMC",Cabbage,Cabbage,FAQ,28/07/2026,1600,2000,1800
Telangana,Warangal,"Warangal APMC","Bhindi(Ladies Finger)",Bhindi,FAQ,28/07/2026,800,1000,900
Telangana,Warangal,"Warangal APMC",Cauliflower,Cauliflower,FAQ,28/07/2026,3500,4000,3750
Telangana,Warangal,"Warangal APMC",Colacasia,Colacasia,FAQ,28/07/2026,2000,2500,2250
Telangana,Warangal,"Warangal APMC","French Beans(Frasbean)","French Beans (Frasbean)",FAQ,28/07/2026,9500,10000,9750
Telangana,Warangal,"Warangal APMC",Thondekai,Thondekai,FAQ,28/07/2026,800,1000,900
Telangana,Warangal,"Warangal APMC",Ridgeguard(Tori),Ridgeguard(Tori),FAQ,28/07/2026,2500,3000,2750
Telangana,Warangal,"Warangal APMC",Yam(Ratalu),"Yam (Ratalu)",FAQ,28/07/2026,3500,4000,3750
"Andhra Pradesh",Palnadu,"Sattenapalli APMC",Paddy(Common),"B P T",FAQ,28/07/2026,2350,2500,2400
"Andhra Pradesh",Palnadu,"Sattenapalli APMC",Cotton,Bunny,FAQ,28/07/2026,7500,8000,7700
Keralam,Kozhikode(Calicut),"Vengeri(Kozhikode) Market",Cowpea(Veg),"Cowpea (Veg)",FAQ,28/07/2026,4700,5000,5000
Keralam,Kozhikode(Calicut),"Vengeri(Kozhikode) Market",Drumstick,Drumstick,FAQ,28/07/2026,4300,4600,4600
Punjab,Gurdaspur,"Batala APMC",Cauliflower,Ranchi,"Grade C",28/07/2026,3800,4200,4000
Punjab,Gurdaspur,"Batala APMC",Garlic,Desi,Local,28/07/2026,11000,12500,12000
Punjab,Gurdaspur,"Batala APMC",Cucumbar(Kheera),Other,"Grade C",28/07/2026,2000,2800,2500
"Andhra Pradesh",Ananthapuramu,"Tadipatri APMC","Red gram/Arhar/Tur(whole)",Local,"Grade Range-1",28/07/2026,5600,6100,5800
"Andhra Pradesh","Sri Sathya Sai","Kadiri APMC","Tamarind Fruit",Other,Local,28/07/2026,6800,9500,8000
Keralam,Thiruvananthapuram,"Chala Market",Apple,Other,Medium,28/07/2026,26000,27000,26000
Keralam,Thiruvananthapuram,"Chala Market",Banana,Palayamthodan,Medium,28/07/2026,2700,2800,2700
Keralam,Thiruvananthapuram,"Chala Market",Banana,Poovan,Medium,28/07/2026,4500,4600,4500
Keralam,Thiruvananthapuram,"Chala Market",Banana,"Red Banana",Medium,28/07/2026,4500,4600,4500
Uttarakhand,Haridwar,"Roorkee APMC","Bhindi(Ladies Finger)",Other,Local,28/07/2026,1100,1500,1300
Uttarakhand,Haridwar,"Roorkee APMC","Bitter gourd",Other,Local,28/07/2026,650,850,750
"Tamil Nadu",Cuddalore,"Viruthachalam(Uzhavar Sandhai )",Onion,Bellary,Local,28/07/2026,3500,3500,3500
"Tamil Nadu",Cuddalore,"Viruthachalam(Uzhavar Sandhai )","Cluster beans","Cluster Beans",Local,28/07/2026,4000,4000,4000
"Tamil Nadu",Cuddalore,"Viruthachalam(Uzhavar Sandhai )","Bhindi(Ladies Finger)",Bhindi,Local,28/07/2026,3000,3000,3000
"Tamil Nadu",Cuddalore,"Viruthachalam(Uzhavar Sandhai )",Beans,"Beans (Whole)",Local,28/07/2026,9000,9000,9000
"Tamil Nadu",Cuddalore,"Viruthachalam(Uzhavar Sandhai )",Ridgeguard(Tori),Ridgeguard(Tori),Local,28/07/2026,6000,6000,6000
"Tamil Nadu",Cuddalore,"Viruthachalam(Uzhavar Sandhai )","Chow Chow","Chow Chow",Local,28/07/2026,3500,3500,3500
"Tamil Nadu",Cuddalore,"Viruthachalam(Uzhavar Sandhai )",Mango(Raw-Ripe),"Mango - Raw-Ripe",Local,28/07/2026,3000,3000,3000
"Tamil Nadu",Cuddalore,"Viruthachalam(Uzhavar Sandhai )",Lemon,Lemon,Local,28/07/2026,6000,6000,6000
"Tamil Nadu",Dharmapuri,"Dharmapuri(Uzhavar Sandhai )",Banana,Besrai,Local,28/07/2026,4800,5000,4900
"Tamil Nadu",Dharmapuri,"Dharmapuri(Uzhavar Sandhai )",Onion,Bellary,Local,28/07/2026,3500,3800,3650
"Tamil Nadu",Dharmapuri,"Dharmapuri(Uzhavar Sandhai )",Pumpkin,Pumpkin,Local,28/07/2026,1600,2000,1800
"Tamil Nadu",Dharmapuri,"Dharmapuri(Uzhavar Sandhai )",Beans,"Beans (Whole)",Local,28/07/2026,10600,11000,10800
"Tamil Nadu",Dharmapuri,"Dharmapuri(Uzhavar Sandhai )",Snakeguard,Snakeguard,Local,28/07/2026,2200,2400,2300
"Tamil Nadu",Dharmapuri,"Dharmapuri(Uzhavar Sandhai )",Ridgeguard(Tori),Ridgeguard(Tori),Local,28/07/2026,3500,3800,3650
"Tamil Nadu",Dharmapuri,"Dharmapuri(Uzhavar Sandhai )",Raddish,Raddish,Local,28/07/2026,1800,2000,1900
"Tamil Nadu",Dharmapuri,"Dharmapuri(Uzhavar Sandhai )",Thondekai,Thondekai,Local,28/07/2026,4500,4800,4650
"Tamil Nadu",Dharmapuri,"Dharmapuri(Uzhavar Sandhai )","Chow Chow","Chow Chow",Local,28/07/2026,4500,4800,4650
"Tamil Nadu",Dharmapuri,"Dharmapuri(Uzhavar Sandhai )","Karbuja(Musk Melon)",Karbhuja,Local,28/07/2026,2800,3000,2900
"Tamil Nadu",Dharmapuri,"Dharmapuri(Uzhavar Sandhai )",Marigold(Calcutta),Marigold(Calcutta),Local,28/07/2026,13600,14000,13800
"Tamil Nadu",Dharmapuri,"Dharmapuri(Uzhavar Sandhai )","Tamarind Fruit","Tamarind Fruit",Local,28/07/2026,11500,11700,11600
"Tamil Nadu",Dharmapuri,"Palacode(Uzhavar Sandhai )",Onion,Bellary,Local,28/07/2026,3600,3800,3700
"Tamil Nadu",Dharmapuri,"Palacode(Uzhavar Sandhai )",Potato,Other,Local,28/07/2026,2800,3000,2900
"Tamil Nadu",Dharmapuri,"Palacode(Uzhavar Sandhai )",Tomato,Local,Local,28/07/2026,1400,1600,1500
"Tamil Nadu",Dharmapuri,"Palacode(Uzhavar Sandhai )","Bhindi(Ladies Finger)",Bhindi,Local,28/07/2026,2200,2500,2350
"Tamil Nadu",Dharmapuri,"Palacode(Uzhavar Sandhai )",Beans,"Beans (Whole)",Local,28/07/2026,9500,10000,9750
"Tamil Nadu",Dharmapuri,"Palacode(Uzhavar Sandhai )",Cabbage,Cabbage,Local,28/07/2026,3800,4000,3900
"Tamil Nadu",Dharmapuri,"Palacode(Uzhavar Sandhai )","Green Avare(W)","Green Avare (W)",Local,28/07/2026,5200,5500,5350
"Tamil Nadu",Dharmapuri,"Palacode(Uzhavar Sandhai )","Chow Chow","Chow Chow",Local,28/07/2026,4600,5000,4800
"Tamil Nadu",Dharmapuri,"Palacode(Uzhavar Sandhai )",Mint(Pudina),Mint(Pudina),Local,28/07/2026,6000,6500,6250
"Tamil Nadu",Dharmapuri,"Palacode(Uzhavar Sandhai )","Sweet Corn ","Sweet Corn ",Local,28/07/2026,2800,3000,2900
"Tamil Nadu",Erode,"Periyar Nagar(Uzhavar Sandhai )",Papaya,Papaya,Local,28/07/2026,2600,3000,2800
"Tamil Nadu",Erode,"Periyar Nagar(Uzhavar Sandhai )",Mango,Neelam,Local,28/07/2026,5500,6000,5750
"Tamil Nadu",Erode,"Periyar Nagar(Uzhavar Sandhai )",Cowpea(Veg),"Cowpea (Veg)",Local,28/07/2026,3000,3500,3250
"Tamil Nadu",Erode,"Periyar Nagar(Uzhavar Sandhai )",Snakeguard,Snakeguard,Local,28/07/2026,3000,3400,3200
"Tamil Nadu",Erode,"Periyar Nagar(Uzhavar Sandhai )","Elephant Yam(Suran)/Amorphophallus","Elephant Yam (Suran)",Local,28/07/2026,2600,3000,2800
"Tamil Nadu",Erode,"Perundurai(Uzhavar Sandhai )",Potato,Other,Local,28/07/2026,3200,3500,3350
"Tamil Nadu",Erode,"Perundurai(Uzhavar Sandhai )",Cauliflower,Ranchi,Local,28/07/2026,2600,3000,2800
"Tamil Nadu",Erode,"Perundurai(Uzhavar Sandhai )",Tomato,Deshi,Local,28/07/2026,1500,1800,1650
"Tamil Nadu",Erode,"Perundurai(Uzhavar Sandhai )",Ashgourd,Gouard,Local,28/07/2026,2000,2200,2100
"Tamil Nadu",Erode,"Perundurai(Uzhavar Sandhai )",Tapioca,Tapioca,Local,28/07/2026,2000,2400,2200
"Tamil Nadu",Erode,"Perundurai(Uzhavar Sandhai )",Beetroot,Beetroot,Local,28/07/2026,7500,8000,7750
"Tamil Nadu",Erode,"Perundurai(Uzhavar Sandhai )","Chow Chow","Chow Chow",Local,28/07/2026,2500,2800,2650
"Tamil Nadu",Erode,"Thalavadi(Uzhavar Sandhai )",Tomato,Other,Local,28/07/2026,1200,1500,1350
"Tamil Nadu",Erode,"Thalavadi(Uzhavar Sandhai )","Bhindi(Ladies Finger)",Bhindi,Local,28/07/2026,3000,3500,3250
"Tamil Nadu",Erode,"Thalavadi(Uzhavar Sandhai )",Coconut,Coconut,Local,28/07/2026,4500,5000,4750
"Tamil Nadu",Erode,"Thalavadi(Uzhavar Sandhai )",Carrot,Pusakesar,Local,28/07/2026,8500,9000,8750
"Tamil Nadu",Erode,"Thalavadi(Uzhavar Sandhai )",Cabbage,Cabbage,Local,28/07/2026,2400,2800,2600
"Tamil Nadu",Erode,"Thalavadi(Uzhavar Sandhai )",Beetroot,Beetroot,Local,28/07/2026,3500,4000,3750
"Tamil Nadu",Erode,"Thalavadi(Uzhavar Sandhai )",Ridgeguard(Tori),Ridgeguard(Tori),Local,28/07/2026,3500,4000,3750
"Tamil Nadu",Erode,"Thalavadi(Uzhavar Sandhai )",Raddish,Raddish,Local,28/07/2026,2400,2800,2600
"Tamil Nadu",Kallakuruchi,"Sankarapuram(Uzhavar Sandhai )",Groundnut,"Big (With Shell)",Local,28/07/2026,7000,7000,7000
"Tamil Nadu",Kallakuruchi,"Sankarapuram(Uzhavar Sandhai )",Papaya,Papaya,Local,28/07/2026,3000,3000,3000
"Tamil Nadu",Kallakuruchi,"Sankarapuram(Uzhavar Sandhai )",Chikoos(Sapota),Sapota,Local,28/07/2026,5000,5000,5000
"Tamil Nadu",Kallakuruchi,"Sankarapuram(Uzhavar Sandhai )","Cluster beans","Cluster Beans",Local,28/07/2026,4000,4000,4000
"Tamil Nadu",Kallakuruchi,"Sankarapuram(Uzhavar Sandhai )",Ashgourd,Gouard,Local,28/07/2026,2000,2000,2000
"Tamil Nadu",Kallakuruchi,"Sankarapuram(Uzhavar Sandhai )",Beans,"Beans (Whole)",Local,28/07/2026,10000,10000,10000
"Tamil Nadu",Kallakuruchi,"Sankarapuram(Uzhavar Sandhai )",Tapioca,Tapioca,Local,28/07/2026,3000,3000,3000
"Tamil Nadu",Kallakuruchi,"Sankarapuram(Uzhavar Sandhai )",Coconut,Coconut,Local,28/07/2026,6000,6000,6000
"Tamil Nadu",Kallakuruchi,"Sankarapuram(Uzhavar Sandhai )",Mango(Raw-Ripe),"Mango - Raw-Ripe",Local,28/07/2026,2000,2000,2000
"Tamil Nadu",Kallakuruchi,"Sankarapuram(Uzhavar Sandhai )",Guava,"Guava Allahabad",Local,28/07/2026,5000,5000,5000
"Tamil Nadu",Kallakuruchi,"Sankarapuram(Uzhavar Sandhai )","Tender Coconut","Tender Coconut",Local,28/07/2026,3000,3000,3000
"Tamil Nadu",Kancheepuram,"Kundrathur(Uzhavar Sandhai )",Amaranthus,Amaranthus,Local,28/07/2026,3000,3000,3000
"Tamil Nadu",Kancheepuram,"Kundrathur(Uzhavar Sandhai )",Coconut,Coconut,Local,28/07/2026,5000,6000,5500
"Tamil Nadu",Kancheepuram,"Kundrathur(Uzhavar Sandhai )",Raddish,Raddish,Local,28/07/2026,3000,3000,3000
"Tamil Nadu",Kancheepuram,"Kundrathur(Uzhavar Sandhai )",Thondekai,Thondekai,Local,28/07/2026,4000,4000,4000
"Tamil Nadu",Kancheepuram,"Sunguvarchatram(Uzhavar Sandhai )",Banana,"Red Banana",Local,28/07/2026,7000,8000,7500
"Tamil Nadu",Kancheepuram,"Sunguvarchatram(Uzhavar Sandhai )",Onion,Bellary,Local,28/07/2026,3000,3500,3250
"Tamil Nadu",Kancheepuram,"Sunguvarchatram(Uzhavar Sandhai )","Green Chilli","Green Chilly",Local,28/07/2026,5000,6000,5500
"Tamil Nadu",Kancheepuram,"Sunguvarchatram(Uzhavar Sandhai )",Beans,"Beans (Whole)",Local,28/07/2026,6000,7000,6500
"Tamil Nadu",Kancheepuram,"Sunguvarchatram(Uzhavar Sandhai )",Beetroot,Beetroot,Local,28/07/2026,4000,4000,4000
"Tamil Nadu",Kancheepuram,"Sunguvarchatram(Uzhavar Sandhai )",Colacasia,Colacasia,Local,28/07/2026,3000,3000,3000
"Tamil Nadu",Krishnagiri,"Avallapalli(Uzhavar Sandhai )",Onion,Bellary,Local,28/07/2026,3500,4000,3750
"Tamil Nadu",Krishnagiri,"Avallapalli(Uzhavar Sandhai )",Cauliflower,Ranchi,Local,28/07/2026,3500,4000,3750
"Tamil Nadu",Krishnagiri,"Avallapalli(Uzhavar Sandhai )",Tomato,Deshi,Local,28/07/2026,1500,1700,1600
"Tamil Nadu",Krishnagiri,"Avallapalli(Uzhavar Sandhai )","Bhindi(Ladies Finger)",Bhindi,Local,28/07/2026,3000,3500,3250
"Tamil Nadu",Krishnagiri,"Avallapalli(Uzhavar Sandhai )",Beans,"Beans (Whole)",Local,28/07/2026,9000,10000,9500
"Tamil Nadu",Krishnagiri,"Avallapalli(Uzhavar Sandhai )",Ginger(Green),"Green Ginger",Local,28/07/2026,18000,20000,19000
"Tamil Nadu",Krishnagiri,"Avallapalli(Uzhavar Sandhai )",Coconut,Coconut,Local,28/07/2026,5000,5500,5250
"Tamil Nadu",Krishnagiri,"Avallapalli(Uzhavar Sandhai )",Capsicum,Capsicum,Local,28/07/2026,4500,5000,4750
"Tamil Nadu",Krishnagiri,"Avallapalli(Uzhavar Sandhai )","Onion Green","Onion Green",Local,28/07/2026,7000,8000,7500
"Tamil Nadu",Dharmapuri,"Karimangalam(Uzhavar Sandhai)",Coriander(Leaves),"I Sort",Local,28/07/2026,6500,7000,6750
"Tamil Nadu",Dharmapuri,"Karimangalam(Uzhavar Sandhai)","Bitter gourd",Other,Local,28/07/2026,4500,5000,4750
"Tamil Nadu",Dharmapuri,"Karimangalam(Uzhavar Sandhai)","Bottle gourd","Bottle Gourd",Local,28/07/2026,2300,2500,2400
"Tamil Nadu",Dharmapuri,"Karimangalam(Uzhavar Sandhai)","Bhindi(Ladies Finger)",Bhindi,Local,28/07/2026,2600,2800,2700
"Tamil Nadu",Dharmapuri,"Karimangalam(Uzhavar Sandhai)",Cabbage,Cabbage,Local,28/07/2026,4000,4500,4250
"Tamil Nadu",Dharmapuri,"Karimangalam(Uzhavar Sandhai)",Snakeguard,Snakeguard,Local,28/07/2026,2800,3000,2900
"Tamil Nadu",Dharmapuri,"Karimangalam(Uzhavar Sandhai)",Cucumbar(Kheera),Cucumbar,Local,28/07/2026,4000,4500,4250
"Tamil Nadu",Dharmapuri,"Karimangalam(Uzhavar Sandhai)","Knool Khol","Knool Khol",Local,28/07/2026,5500,6000,5750
"Tamil Nadu",Krishnagiri,"Denkanikottai(Uzhavar Sandhai )",Papaya,Papaya,Local,28/07/2026,3000,3500,3250
"Tamil Nadu",Krishnagiri,"Denkanikottai(Uzhavar Sandhai )",Brinjal,Round,Local,28/07/2026,3500,4000,3750
"Tamil Nadu",Krishnagiri,"Denkanikottai(Uzhavar Sandhai )","Cluster beans","Cluster Beans",Local,28/07/2026,4000,5000,4500
"Tamil Nadu",Krishnagiri,"Denkanikottai(Uzhavar Sandhai )",Coconut,Coconut,Local,28/07/2026,5000,5500,5250
"Tamil Nadu",Krishnagiri,"Denkanikottai(Uzhavar Sandhai )",Lemon,Lemon,Local,28/07/2026,8000,9000,8500
"Tamil Nadu",Krishnagiri,"Hosur(Uzhavar Sandhai )",Pineapple,"Pine Apple",Local,28/07/2026,7000,8000,7500
"Tamil Nadu",Krishnagiri,"Hosur(Uzhavar Sandhai )",Grapes,Annabesahai,Local,28/07/2026,10000,12000,11000
"Tamil Nadu",Krishnagiri,"Hosur(Uzhavar Sandhai )",Potato,"Red Nanital",Local,28/07/2026,2000,2500,2250
"Tamil Nadu",Krishnagiri,"Hosur(Uzhavar Sandhai )",Garlic,Garlic,Local,28/07/2026,22000,24000,23000
"Tamil Nadu",Krishnagiri,"Hosur(Uzhavar Sandhai )",Brinjal,Round,Local,28/07/2026,3500,4000,3750
"Tamil Nadu",Krishnagiri,"Hosur(Uzhavar Sandhai )",Pumpkin,Pumpkin,Local,28/07/2026,2000,2500,2250
"Tamil Nadu",Krishnagiri,"Hosur(Uzhavar Sandhai )","Sweet Potato","Hosur Red",Local,28/07/2026,4000,5000,4500
"Tamil Nadu",Krishnagiri,"Hosur(Uzhavar Sandhai )",Cabbage,Cabbage,Local,28/07/2026,2500,3000,2750
"Tamil Nadu",Krishnagiri,"Hosur(Uzhavar Sandhai )",Capsicum,Capsicum,Local,28/07/2026,4000,5000,4500
"Tamil Nadu",Krishnagiri,"Hosur(Uzhavar Sandhai )","Karbuja(Musk Melon)",Karbhuja,Local,28/07/2026,3000,3500,3250
"Tamil Nadu",Krishnagiri,"Hosur(Uzhavar Sandhai )",Mint(Pudina),Mint(Pudina),Local,28/07/2026,3500,4000,3750
"Tamil Nadu",Krishnagiri,"Krishnagiri(Uzhavar Sandhai )",Mango,Safeda,Local,28/07/2026,2500,3000,2750
"Tamil Nadu",Krishnagiri,"Krishnagiri(Uzhavar Sandhai )",Tomato,Deshi,Local,28/07/2026,1500,2000,1750
"Tamil Nadu",Krishnagiri,"Krishnagiri(Uzhavar Sandhai )","Cluster beans","Cluster Beans",Local,28/07/2026,3000,4000,3500
"Tamil Nadu",Krishnagiri,"Krishnagiri(Uzhavar Sandhai )","Bottle gourd","Bottle Gourd",Local,28/07/2026,1500,2000,1750
"Tamil Nadu",Krishnagiri,"Krishnagiri(Uzhavar Sandhai )","Green Chilli","Green Chilly",Local,28/07/2026,3000,3800,3400
"Tamil Nadu",Krishnagiri,"Krishnagiri(Uzhavar Sandhai )",Beetroot,Beetroot,Local,28/07/2026,4000,5000,4500
"Tamil Nadu",Krishnagiri,"Krishnagiri(Uzhavar Sandhai )",Ridgeguard(Tori),Ridgeguard(Tori),Local,28/07/2026,2500,3000,2750
"Tamil Nadu",Krishnagiri,"Krishnagiri(Uzhavar Sandhai )","Chow Chow","Chow Chow",Local,28/07/2026,4000,5000,4500
"Tamil Nadu",Krishnagiri,"Krishnagiri(Uzhavar Sandhai )",Drumstick,Drumstick,Local,28/07/2026,7000,8000,7500
"Tamil Nadu",Krishnagiri,"Krishnagiri(Uzhavar Sandhai )",Rose(Local),"Rose (Local)",Local,28/07/2026,19000,20000,19500
"Tamil Nadu",Madurai,"Anaiyur(Uzhavar Sandhai )",Papaya,Papaya,Local,28/07/2026,4000,4500,4250
"Tamil Nadu",Madurai,"Anaiyur(Uzhavar Sandhai )",Grapes,Annabesahai,Local,28/07/2026,10000,11000,10500
"Tamil Nadu",Madurai,"Anaiyur(Uzhavar Sandhai )",Cauliflower,Ranchi,Local,28/07/2026,2500,2800,2650
"Tamil Nadu",Madurai,"Anaiyur(Uzhavar Sandhai )",Brinjal,Round,Local,28/07/2026,5000,5500,5250
"Tamil Nadu",Madurai,"Anaiyur(Uzhavar Sandhai )",Coriander(Leaves),"I Sort",Local,28/07/2026,5000,5500,5250
"Tamil Nadu",Madurai,"Anaiyur(Uzhavar Sandhai )",Ashgourd,Gouard,Local,28/07/2026,2400,2600,2500
"Tamil Nadu",Madurai,"Anaiyur(Uzhavar Sandhai )","Knool Khol","Knool Khol",Local,28/07/2026,5500,6500,6000
"Tamil Nadu",Madurai,"Anaiyur(Uzhavar Sandhai )","Elephant Yam(Suran)/Amorphophallus","Elephant Yam (Suran)",Local,28/07/2026,4000,4500,4250
"Tamil Nadu",Madurai,"Anaiyur(Uzhavar Sandhai )",Lemon,Lemon,Local,28/07/2026,6000,7000,6500
"Tamil Nadu",Madurai,"Anaiyur(Uzhavar Sandhai )",Colacasia,Colacasia,Local,28/07/2026,4000,5000,4500
"Tamil Nadu",Madurai,"Anaiyur(Uzhavar Sandhai )","Amla(Nelli Kai)",Amla,Local,28/07/2026,6000,6500,6250
"Tamil Nadu",Madurai,"Usilampatti(Uzhavar Sandhai )",Ashgourd,Gouard,Local,28/07/2026,2400,2600,2500
"Tamil Nadu",Madurai,"Usilampatti(Uzhavar Sandhai )","Green Chilli","Green Chilly",Local,28/07/2026,4500,5500,5000
"Tamil Nadu",Madurai,"Usilampatti(Uzhavar Sandhai )",Coconut,Coconut,Local,28/07/2026,5800,6000,5900
"Tamil Nadu",Madurai,"Usilampatti(Uzhavar Sandhai )",Mint(Pudina),Mint(Pudina),Local,28/07/2026,4000,4500,4250
"Tamil Nadu",Nagapattinam,"Nagapattinam(Uzhavar Sandhai )",Ashgourd,Gouard,Local,28/07/2026,2900,3300,3100
"Tamil Nadu",Nagapattinam,"Nagapattinam(Uzhavar Sandhai )",Amaranthus,Amaranthus,Local,28/07/2026,1500,1800,1650
"Tamil Nadu",Nagapattinam,"Nagapattinam(Uzhavar Sandhai )",Beans,"Beans (Whole)",Local,28/07/2026,9700,9700,9700
"Tamil Nadu",Nagapattinam,"Nagapattinam(Uzhavar Sandhai )",Ridgeguard(Tori),Ridgeguard(Tori),Local,28/07/2026,4400,4800,4600
"Tamil Nadu",Nagapattinam,"Nagapattinam(Uzhavar Sandhai )",Drumstick,Drumstick,Local,28/07/2026,4500,4500,4500
"Tamil Nadu",Nagapattinam,"Nagapattinam(Uzhavar Sandhai )",Lemon,Lemon,Local,28/07/2026,3500,4000,3750
"Tamil Nadu",Nagapattinam,"Sirkali(Uzhavar Sandhai )",Cauliflower,Ranchi,Local,28/07/2026,5000,5000,5000
"Tamil Nadu",Nagapattinam,"Sirkali(Uzhavar Sandhai )",Brinjal,Round,Local,28/07/2026,5000,5500,5250
"Tamil Nadu",Nagapattinam,"Sirkali(Uzhavar Sandhai )",Tomato,Deshi,Local,28/07/2026,2000,2500,2250
"Tamil Nadu",Nagapattinam,"Sirkali(Uzhavar Sandhai )",Pumpkin,Pumpkin,Local,28/07/2026,2500,3000,2750
"Tamil Nadu",Nagapattinam,"Sirkali(Uzhavar Sandhai )",Cucumbar(Kheera),Cucumbar,Local,28/07/2026,2500,3000,2750
"Tamil Nadu",Nagapattinam,"Sirkali(Uzhavar Sandhai )",Raddish,Raddish,Local,28/07/2026,3600,4000,3800
"Tamil Nadu",Nagapattinam,"Sirkali(Uzhavar Sandhai )","Green Avare(W)","Green Avare (W)",Local,28/07/2026,6500,7000,6750
"Tamil Nadu",Nagapattinam,"Sirkali(Uzhavar Sandhai )","Chow Chow","Chow Chow",Local,28/07/2026,3000,3000,3000
"Tamil Nadu",Nagapattinam,"Sirkali(Uzhavar Sandhai )","Tamarind Fruit","Tamarind Fruit",Local,28/07/2026,15000,15000,15000
"Tamil Nadu",Nagapattinam,"Sirkali(Uzhavar Sandhai )",Mint(Pudina),Mint(Pudina),Local,28/07/2026,4000,4500,4250
"Tamil Nadu",Namakkal,"Kumarapalayam(Uzhavar Sandhai )",Papaya,Papaya,Local,28/07/2026,3000,3500,3250
"Tamil Nadu",Namakkal,"Kumarapalayam(Uzhavar Sandhai )",Potato,"Red Nanital",Local,28/07/2026,2500,3000,2750
"Tamil Nadu",Namakkal,"Kumarapalayam(Uzhavar Sandhai )",Brinjal,Round,Local,28/07/2026,5000,5500,5250
"Tamil Nadu",Namakkal,"Kumarapalayam(Uzhavar Sandhai )","Bottle gourd","Bottle Gourd",Local,28/07/2026,1500,2000,1750
"Tamil Nadu",Namakkal,"Kumarapalayam(Uzhavar Sandhai )",Amaranthus,Amaranthus,Local,28/07/2026,3500,4000,3750
"Tamil Nadu",Namakkal,"Kumarapalayam(Uzhavar Sandhai )","Banana - Green","Banana - Green",Local,28/07/2026,3500,4000,3750
"Tamil Nadu",Namakkal,"Kumarapalayam(Uzhavar Sandhai )",Beetroot,Beetroot,Local,28/07/2026,7000,8000,7500
"Tamil Nadu",Namakkal,"Kumarapalayam(Uzhavar Sandhai )","Elephant Yam(Suran)/Amorphophallus","Elephant Yam (Suran)",Local,28/07/2026,3500,4000,3750
"Tamil Nadu",Namakkal,"Kumarapalayam(Uzhavar Sandhai )","Onion Green","Onion Green",Local,28/07/2026,5500,6500,6000
"Tamil Nadu",Namakkal,"Kumarapalayam(Uzhavar Sandhai )","Baby Corn","Baby Corn","Grade A",28/07/2026,2500,3000,2750
"Tamil Nadu",Namakkal,"Mohanur(Uzhavar Sandhai )","Cluster beans","Cluster Beans",Local,28/07/2026,3400,4800,4100
"Tamil Nadu",Namakkal,"Mohanur(Uzhavar Sandhai )","Bitter gourd","Bitter Gourd",Local,28/07/2026,6400,7200,6800
"Tamil Nadu",Namakkal,"Mohanur(Uzhavar Sandhai )","Green Chilli","Green Chilly",Local,28/07/2026,6400,7000,6700
"Tamil Nadu",Namakkal,"Mohanur(Uzhavar Sandhai )",Cabbage,Cabbage,Local,28/07/2026,4000,4500,4250
"Tamil Nadu",Namakkal,"Mohanur(Uzhavar Sandhai )",Beetroot,Beetroot,Local,28/07/2026,6000,7000,6500
"Tamil Nadu",Namakkal,"Mohanur(Uzhavar Sandhai )",Drumstick,Drumstick,Local,28/07/2026,4000,5000,4500
"Tamil Nadu",Namakkal,"Mohanur(Uzhavar Sandhai )",Mango(Raw-Ripe),"Mango - Raw-Ripe",Local,28/07/2026,2400,3000,2700
"Tamil Nadu",Namakkal,"Namakkal(Uzhavar Sandhai )",Banana,"Red Banana",Local,28/07/2026,6500,7000,6750
"Tamil Nadu",Namakkal,"Namakkal(Uzhavar Sandhai )",Brinjal,Other,Local,28/07/2026,6000,7000,6500
"Tamil Nadu",Namakkal,"Namakkal(Uzhavar Sandhai )",Guava,"Guava Allahabad",Local,28/07/2026,5000,5500,5250
"Tamil Nadu",Namakkal,"Namakkal(Uzhavar Sandhai )",Lemon,Lemon,Local,28/07/2026,4500,5000,4750
"Tamil Nadu",Namakkal,"Paramathivelur(Uzhavar Sandhai )",Papaya,Papaya,Local,28/07/2026,2500,3000,2750
"Tamil Nadu",Namakkal,"Paramathivelur(Uzhavar Sandhai )",Pumpkin,Pumpkin,Local,28/07/2026,2200,2600,2400
"Tamil Nadu",Namakkal,"Paramathivelur(Uzhavar Sandhai )","Banana - Green","Banana - Green",Local,28/07/2026,2200,2800,2500
"Tamil Nadu",Namakkal,"Paramathivelur(Uzhavar Sandhai )",Beans,"Beans (Whole)",Local,28/07/2026,8000,9000,8500
"Tamil Nadu",Namakkal,"Paramathivelur(Uzhavar Sandhai )",Snakeguard,Snakeguard,Local,28/07/2026,5500,6000,5750
"Tamil Nadu",Namakkal,"Paramathivelur(Uzhavar Sandhai )","Onion Green","Onion Green",Local,28/07/2026,5000,5500,5250
"Tamil Nadu",Namakkal,"Paramathivelur(Uzhavar Sandhai )",Mint(Pudina),Mint(Pudina),Local,28/07/2026,3200,4000,3600
"Tamil Nadu",Namakkal,"Rasipuram(Uzhavar Sandhai )",Banana,"Red Banana",Local,28/07/2026,5500,6000,5750
"Tamil Nadu",Namakkal,"Rasipuram(Uzhavar Sandhai )",Cauliflower,Ranchi,Local,28/07/2026,3000,4000,3500
"Tamil Nadu",Namakkal,"Rasipuram(Uzhavar Sandhai )",Brinjal,Other,Local,28/07/2026,6600,7500,7050
"Tamil Nadu",Namakkal,"Rasipuram(Uzhavar Sandhai )",Tomato,Other,Local,28/07/2026,1400,1800,1600
"Tamil Nadu",Namakkal,"Rasipuram(Uzhavar Sandhai )",Amaranthus,Amaranthus,Local,28/07/2026,3500,4000,3750
"Tamil Nadu",Namakkal,"Rasipuram(Uzhavar Sandhai )",Coconut,Coconut,Local,28/07/2026,5600,6200,5900
"Tamil Nadu",Namakkal,"Rasipuram(Uzhavar Sandhai )",Carrot,Pusakesar,Local,28/07/2026,9500,10000,9750
"Tamil Nadu",Namakkal,"Rasipuram(Uzhavar Sandhai )",Mango(Raw-Ripe),"Mango - Raw-Ripe",Local,28/07/2026,3000,4000,3500
"Tamil Nadu",Namakkal,"Rasipuram(Uzhavar Sandhai )","Tender Coconut","Tender Coconut",Local,28/07/2026,3500,4000,3750
"Tamil Nadu",Madurai,"Palanganatham(Uzhavar Sandhai )",Soyabean,Local,Local,28/07/2026,9000,10000,9500
"Tamil Nadu",Madurai,"Palanganatham(Uzhavar Sandhai )","Mousambi(Sweet Lime)",Mousambi,Local,28/07/2026,9000,10000,9500
"Tamil Nadu",Madurai,"Palanganatham(Uzhavar Sandhai )",Potato,Other,Local,28/07/2026,5600,6000,5800
"Tamil Nadu",Madurai,"Palanganatham(Uzhavar Sandhai )",Cauliflower,Ranchi,Local,28/07/2026,2500,2800,2650
"Tamil Nadu",Madurai,"Palanganatham(Uzhavar Sandhai )","Bitter gourd","Bitter Gourd",Local,28/07/2026,5500,6000,5750
"Tamil Nadu",Madurai,"Palanganatham(Uzhavar Sandhai )",Beans,"Beans (Whole)",Local,28/07/2026,8000,10000,9000
"Tamil Nadu",Madurai,"Palanganatham(Uzhavar Sandhai )",Guava,"Guava Allahabad",Local,28/07/2026,7000,8000,7500
"Tamil Nadu",Madurai,"Anna nagar(Uzhavar Sandhai )",Apple,American,Local,28/07/2026,22000,26000,24000
"Tamil Nadu",Madurai,"Anna nagar(Uzhavar Sandhai )",Onion,Bellary,Local,28/07/2026,4400,4400,4400
"Tamil Nadu",Madurai,"Anna nagar(Uzhavar Sandhai )",Potato,Other,Local,28/07/2026,6600,6600,6600
"Tamil Nadu",Madurai,"Anna nagar(Uzhavar Sandhai )",Garlic,Garlic,Local,28/07/2026,14000,16000,15000
"Tamil Nadu",Madurai,"Anna nagar(Uzhavar Sandhai )",Cauliflower,Ranchi,Local,28/07/2026,4000,4500,4250
"Tamil Nadu",Madurai,"Anna nagar(Uzhavar Sandhai )",Pumpkin,Pumpkin,Local,28/07/2026,1800,2000,1900
"Tamil Nadu",Madurai,"Anna nagar(Uzhavar Sandhai )",Cabbage,Cabbage,Local,28/07/2026,4600,4600,4600
"Tamil Nadu",Madurai,"Anna nagar(Uzhavar Sandhai )","Onion Green","Onion Green",Local,28/07/2026,7200,7400,7300
"Tamil Nadu",Madurai,"Anna nagar(Uzhavar Sandhai )",Mint(Pudina),Mint(Pudina),Local,28/07/2026,6200,6200,6200
"Tamil Nadu",Madurai,"Anna nagar(Uzhavar Sandhai )",Rose(Local),"Rose (Local)",Local,28/07/2026,20000,20000,20000
"Tamil Nadu",Perambalur,"Perambalur(Uzhavar Sandhai )",Cauliflower,Ranchi,Local,28/07/2026,5000,6000,5500
"Tamil Nadu",Perambalur,"Perambalur(Uzhavar Sandhai )",Tomato,Deshi,Local,28/07/2026,2500,2800,2650
"Tamil Nadu",Perambalur,"Perambalur(Uzhavar Sandhai )","Cluster beans","Cluster Beans",Local,28/07/2026,4500,5000,4750
"Tamil Nadu",Perambalur,"Perambalur(Uzhavar Sandhai )","Banana - Green","Banana - Green",Local,28/07/2026,3000,4000,3500
"Tamil Nadu",Perambalur,"Perambalur(Uzhavar Sandhai )","Sweet Potato","Hosur Red",Local,28/07/2026,5000,5600,5300
"Tamil Nadu",Perambalur,"Perambalur(Uzhavar Sandhai )",Carrot,Pusakesar,Local,28/07/2026,9500,10000,9750
"Tamil Nadu",Perambalur,"Perambalur(Uzhavar Sandhai )",Beetroot,Beetroot,Local,28/07/2026,5000,5600,5300
"Tamil Nadu",Perambalur,"Perambalur(Uzhavar Sandhai )",Raddish,Raddish,Local,28/07/2026,3200,3600,3400
"Tamil Nadu",Perambalur,"Perambalur(Uzhavar Sandhai )",Thondekai,Thondekai,Local,28/07/2026,6000,6800,6400
"Tamil Nadu",Perambalur,"Perambalur(Uzhavar Sandhai )",Drumstick,Drumstick,Local,28/07/2026,5000,5600,5300
"Tamil Nadu",Perambalur,"Perambalur(Uzhavar Sandhai )",Yam(Ratalu),"Yam (Ratalu)",Local,28/07/2026,4000,6000,5000
"Tamil Nadu",Salem,"Mecheri(Uzhavar Sandhai)","Cluster beans","Cluster Beans",Local,28/07/2026,3000,3500,3250
"Tamil Nadu",Salem,"Mecheri(Uzhavar Sandhai)","Green Chilli","Green Chilly",Local,28/07/2026,4000,4500,4250
"Tamil Nadu",Salem,"Mecheri(Uzhavar Sandhai)","Banana - Green","Banana - Green",Local,28/07/2026,2000,2500,2250
"Tamil Nadu",Salem,"Mecheri(Uzhavar Sandhai)",Snakeguard,Snakeguard,Local,28/07/2026,3500,4000,3750
"Tamil Nadu",Salem,"Mecheri(Uzhavar Sandhai)",Drumstick,Drumstick,Local,28/07/2026,5000,6000,5500
"Tamil Nadu",Salem,"Mecheri(Uzhavar Sandhai)",Lemon,Lemon,Local,28/07/2026,5000,6000,5500
"Tamil Nadu",Salem,"Mecheri(Uzhavar Sandhai)",Mint(Pudina),Mint(Pudina),Local,28/07/2026,3000,3500,3250
"Tamil Nadu",Ranipet,"Ranipettai(Uzhavar Sandhai )",Potato,Other,Local,28/07/2026,2500,2500,2500
"Tamil Nadu",Ranipet,"Ranipettai(Uzhavar Sandhai )",Cauliflower,Ranchi,Local,28/07/2026,3000,4000,3500
"Tamil Nadu",Ranipet,"Ranipettai(Uzhavar Sandhai )",Coriander(Leaves),"I Sort",Local,28/07/2026,4000,4000,4000
"Tamil Nadu",Ranipet,"Ranipettai(Uzhavar Sandhai )","Bottle gourd","Bottle Gourd",Local,28/07/2026,3000,3600,3300
"Tamil Nadu",Ranipet,"Ranipettai(Uzhavar Sandhai )",Amaranthus,Amaranthus,Local,28/07/2026,5000,5000,5000
"Tamil Nadu",Ranipet,"Ranipettai(Uzhavar Sandhai )","Banana - Green","Banana - Green",Local,28/07/2026,4000,5000,4500
"Tamil Nadu",Ranipet,"Ranipettai(Uzhavar Sandhai )",Tapioca,Tapioca,Local,28/07/2026,4000,4000,4000
"Tamil Nadu",Ranipet,"Ranipettai(Uzhavar Sandhai )","Sweet Potato","Hosur Red",Local,28/07/2026,4000,4000,4000
"Tamil Nadu",Ranipet,"Ranipettai(Uzhavar Sandhai )",Ridgeguard(Tori),Ridgeguard(Tori),Local,28/07/2026,5000,5600,5300
"Tamil Nadu",Ranipet,"Ranipettai(Uzhavar Sandhai )",Capsicum,Capsicum,Local,28/07/2026,8000,8000,8000
"Tamil Nadu",Ranipet,"Ranipettai(Uzhavar Sandhai )",Mango(Raw-Ripe),"Mango - Raw-Ripe",Local,28/07/2026,3000,4000,3500
"Tamil Nadu",Ranipet,"Ranipettai(Uzhavar Sandhai )","Knool Khol","Knool Khol",Local,28/07/2026,4500,4500,4500
"Tamil Nadu",Ranipet,"Ranipettai(Uzhavar Sandhai )",Guava,"Guava Allahabad",Local,28/07/2026,6000,6000,6000
"Tamil Nadu",Ranipet,"Ranipettai(Uzhavar Sandhai )",Marigold(Calcutta),Marigold(Calcutta),Local,28/07/2026,36000,48000,42000
"Tamil Nadu",Ranipet,"Ranipettai(Uzhavar Sandhai )",Mint(Pudina),Mint(Pudina),Local,28/07/2026,4000,4000,4000
"Tamil Nadu",Salem,"Ammapet(Uzhavar Sandhai )","Water Melon","Water Melon",Local,28/07/2026,1800,2000,1900
"Tamil Nadu",Salem,"Ammapet(Uzhavar Sandhai )",Potato,Other,Local,28/07/2026,2500,2800,2650
"Tamil Nadu",Salem,"Ammapet(Uzhavar Sandhai )","Mousambi(Sweet Lime)",Mousambi,Local,28/07/2026,3500,4000,3750
"Tamil Nadu",Salem,"Ammapet(Uzhavar Sandhai )","Bitter gourd",Other,Local,28/07/2026,4500,5000,4750
"Tamil Nadu",Salem,"Ammapet(Uzhavar Sandhai )","Sweet Potato","Hosur Red",Local,28/07/2026,3500,4000,3750
"Tamil Nadu",Salem,"Ammapet(Uzhavar Sandhai )",Carrot,Pusakesar,Local,28/07/2026,8500,9000,8750
"Tamil Nadu",Salem,"Ammapet(Uzhavar Sandhai )",Cabbage,Cabbage,Local,28/07/2026,3600,4000,3800
"Tamil Nadu",Salem,"Ammapet(Uzhavar Sandhai )",Ridgeguard(Tori),Ridgeguard(Tori),Local,28/07/2026,4500,5000,4750
"Tamil Nadu",Salem,"Ammapet(Uzhavar Sandhai )",Raddish,Raddish,Local,28/07/2026,3000,3400,3200
"Tamil Nadu",Salem,"Ammapet(Uzhavar Sandhai )",Pomegranate,Pomogranate,Local,28/07/2026,16000,20000,18000
"Tamil Nadu",Salem,"Ammapet(Uzhavar Sandhai )",Marigold(Calcutta),Marigold(Calcutta),Local,28/07/2026,24000,26000,25000
"Tamil Nadu",Salem,"Ammapet(Uzhavar Sandhai )","Indian Beans(Seam)","Indian Beans (Seam)",Local,28/07/2026,5500,6000,5750
"Tamil Nadu",Salem,"Ammapet(Uzhavar Sandhai )","Amla(Nelli Kai)",Amla,Local,28/07/2026,7500,8000,7750
"Tamil Nadu",Salem,"Mettur(Uzhavar Sandhai )","Water Melon","Water Melon",Local,28/07/2026,1500,2000,1750
"Tamil Nadu",Salem,"Mettur(Uzhavar Sandhai )",Coriander(Leaves),"I Sort",Local,28/07/2026,3500,4000,3750
"Tamil Nadu",Salem,"Mettur(Uzhavar Sandhai )","Cluster beans","Cluster Beans",Local,28/07/2026,3000,3500,3250
"Tamil Nadu",Salem,"Mettur(Uzhavar Sandhai )",Pumpkin,Pumpkin,Local,28/07/2026,2000,2500,2250
"Tamil Nadu",Salem,"Mettur(Uzhavar Sandhai )","Banana - Green","Banana - Green",Local,28/07/2026,3500,4000,3750
"Tamil Nadu",Salem,"Mettur(Uzhavar Sandhai )",Thondekai,Thondekai,Local,28/07/2026,4500,5000,4750
"Tamil Nadu",Salem,"Mettur(Uzhavar Sandhai )",Drumstick,Drumstick,Local,28/07/2026,4500,5000,4750
"Tamil Nadu",Salem,"Mettur(Uzhavar Sandhai )","Onion Green","Onion Green",Local,28/07/2026,4500,5000,4750
"Tamil Nadu",Salem,"Sooramangalam(Uzhavar Sandhai )",Papaya,Papaya,Local,28/07/2026,3500,4000,3750
"Tamil Nadu",Salem,"Sooramangalam(Uzhavar Sandhai )",Banana,"Red Banana",Local,28/07/2026,7000,7500,7250
"Tamil Nadu",Salem,"Sooramangalam(Uzhavar Sandhai )","Green Peas","Green Peas",Local,28/07/2026,15000,15500,15250
"Tamil Nadu",Salem,"Sooramangalam(Uzhavar Sandhai )","Bitter gourd",Other,Local,28/07/2026,5000,5500,5250
"Tamil Nadu",Salem,"Sooramangalam(Uzhavar Sandhai )",Ashgourd,Gouard,Local,28/07/2026,2400,2600,2500
"Tamil Nadu",Salem,"Sooramangalam(Uzhavar Sandhai )","Bhindi(Ladies Finger)",Bhindi,Local,28/07/2026,3400,3600,3500
"Tamil Nadu",Salem,"Sooramangalam(Uzhavar Sandhai )",Cabbage,Cabbage,Local,28/07/2026,3500,4000,3750
"Tamil Nadu",Salem,"Sooramangalam(Uzhavar Sandhai )","Chow Chow","Chow Chow",Local,28/07/2026,3600,4000,3800
"Tamil Nadu",Salem,"Sooramangalam(Uzhavar Sandhai )",Drumstick,Drumstick,Local,28/07/2026,5000,5500,5250
"Tamil Nadu",Salem,"Sooramangalam(Uzhavar Sandhai )","Indian Beans(Seam)","Indian Beans (Seam)",Local,28/07/2026,4500,5000,4750
"Tamil Nadu",Salem,"Sooramangalam(Uzhavar Sandhai )","Baby Corn","Baby Corn","Grade A",28/07/2026,2500,3000,2750
"Tamil Nadu",Salem,"Thammampatti (Uzhavar Sandhai )",Brinjal,Round,Local,28/07/2026,4000,5000,4500
"Tamil Nadu",Salem,"Thammampatti (Uzhavar Sandhai )",Coriander(Leaves),"I Sort",Local,28/07/2026,3500,4000,3750
"Tamil Nadu",Salem,"Thammampatti (Uzhavar Sandhai )","Cluster beans","Cluster Beans",Local,28/07/2026,4500,5000,4750
"Tamil Nadu",Salem,"Thammampatti (Uzhavar Sandhai )","Green Chilli","Green Chilly",Local,28/07/2026,4000,4500,4250
"Tamil Nadu",Salem,"Thammampatti (Uzhavar Sandhai )","Banana - Green","Banana - Green",Local,28/07/2026,2000,2500,2250
"Tamil Nadu",Salem,"Thammampatti (Uzhavar Sandhai )",Beetroot,Beetroot,Local,28/07/2026,6000,6500,6250
"Tamil Nadu",Salem,"Thammampatti (Uzhavar Sandhai )",Raddish,Raddish,Local,28/07/2026,2000,2500,2250
"Tamil Nadu",Salem,"Thammampatti (Uzhavar Sandhai )",Lemon,Lemon,Local,28/07/2026,3000,4000,3500
"Tamil Nadu",Salem,"Thathakapatti(Uzhavar Sandhai )",Papaya,Papaya,Local,28/07/2026,3500,4000,3750
"Tamil Nadu",Salem,"Thathakapatti(Uzhavar Sandhai )",Orange,Darjeeling,Local,28/07/2026,12000,14000,13000
"Tamil Nadu",Salem,"Thathakapatti(Uzhavar Sandhai )",Potato,"Red Nanital",Local,28/07/2026,3000,7000,5000
"Tamil Nadu",Salem,"Thathakapatti(Uzhavar Sandhai )","Bhindi(Ladies Finger)",Bhindi,Local,28/07/2026,3000,3500,3250
"Tamil Nadu",Salem,"Thathakapatti(Uzhavar Sandhai )","Banana - Green","Banana - Green",Local,28/07/2026,3500,4000,3750
"Tamil Nadu",Salem,"Thathakapatti(Uzhavar Sandhai )",Ginger(Green),"Green Ginger",Local,28/07/2026,18000,19000,18500
"Tamil Nadu",Salem,"Thathakapatti(Uzhavar Sandhai )","Sweet Potato","Hosur Red",Local,28/07/2026,3500,4000,3750
"Tamil Nadu",Salem,"Thathakapatti(Uzhavar Sandhai )",Cabbage,Cabbage,Local,28/07/2026,3500,4000,3750
"Tamil Nadu",Salem,"Thathakapatti(Uzhavar Sandhai )",Snakeguard,Snakeguard,Local,28/07/2026,3600,3800,3700
"Tamil Nadu",Salem,"Thathakapatti(Uzhavar Sandhai )",Cucumbar(Kheera),Cucumbar,Local,28/07/2026,3500,4000,3750
"Tamil Nadu",Salem,"Thathakapatti(Uzhavar Sandhai )",Marigold(Calcutta),Marigold(Calcutta),Local,28/07/2026,18000,20000,19000
"Tamil Nadu",Salem,"Thathakapatti(Uzhavar Sandhai )","Tamarind Fruit","Tamarind Fruit",Local,28/07/2026,14000,16000,15000
"Tamil Nadu",Pudukkottai,"Pudukottai(Uzhavar Sandhai )",Banana,"Red Banana",Local,28/07/2026,7000,8000,7500
"Tamil Nadu",Pudukkottai,"Pudukottai(Uzhavar Sandhai )",Mango,Neelam,Local,28/07/2026,3500,4000,3750
"Tamil Nadu",Pudukkottai,"Pudukottai(Uzhavar Sandhai )","Green Chilli","Green Chilly",Local,28/07/2026,4000,5000,4500
"Tamil Nadu",Pudukkottai,"Pudukottai(Uzhavar Sandhai )",Snakeguard,Snakeguard,Local,28/07/2026,3600,4000,3800
"Tamil Nadu",Pudukkottai,"Pudukottai(Uzhavar Sandhai )",Beetroot,Beetroot,Local,28/07/2026,5000,5500,5250
"Tamil Nadu",Pudukkottai,"Pudukottai(Uzhavar Sandhai )",Drumstick,Drumstick,Local,28/07/2026,6000,7000,6500
"Tamil Nadu",Pudukkottai,"Pudukottai(Uzhavar Sandhai )","Onion Green","Onion Green",Local,28/07/2026,6500,7000,6750
"Tamil Nadu",Thanjavur,"Kumbakonam (Uzhavar Sandhai )",Coriander(Leaves),"I Sort",Local,28/07/2026,6000,6000,6000
"Tamil Nadu",Thanjavur,"Kumbakonam (Uzhavar Sandhai )",Tomato,Deshi,Local,28/07/2026,2000,2600,2300
"Tamil Nadu",Thanjavur,"Kumbakonam (Uzhavar Sandhai )",Amaranthus,Amaranthus,Local,28/07/2026,2000,2000,2000
"Tamil Nadu",Thanjavur,"Kumbakonam (Uzhavar Sandhai )",Ginger(Green),"Green Ginger",Local,28/07/2026,14000,24000,19000
"Tamil Nadu",Thanjavur,"Kumbakonam (Uzhavar Sandhai )",Thondekai,Thondekai,Local,28/07/2026,6000,6000,6000
"Tamil Nadu",Thanjavur,"Kumbakonam (Uzhavar Sandhai )","Chow Chow","Chow Chow",Local,28/07/2026,4200,4200,4200
"Tamil Nadu",Thanjavur,"Kumbakonam (Uzhavar Sandhai )",Drumstick,Drumstick,Local,28/07/2026,4800,7200,6000
"Tamil Nadu",Thanjavur,"Kumbakonam (Uzhavar Sandhai )",Lemon,Lemon,Local,28/07/2026,8500,8500,8500
"Tamil Nadu",Thanjavur,"Kumbakonam (Uzhavar Sandhai )",Mashrooms,Mashrooms,Local,28/07/2026,30000,30000,30000
"Tamil Nadu",Thanjavur,"Kumbakonam (Uzhavar Sandhai )",Mint(Pudina),Mint(Pudina),Local,28/07/2026,7200,7200,7200
"Tamil Nadu","The Nilgiris","Udhagamandalam(Uzhavar Sandhai )","Mousambi(Sweet Lime)",Mousambi,Local,28/07/2026,10000,15000,12500
"Tamil Nadu","The Nilgiris","Udhagamandalam(Uzhavar Sandhai )",Potato,Other,Local,28/07/2026,5000,5500,5250
"Tamil Nadu","The Nilgiris","Udhagamandalam(Uzhavar Sandhai )",Tomato,Deshi,Local,28/07/2026,1500,2000,1750
"Tamil Nadu","The Nilgiris","Udhagamandalam(Uzhavar Sandhai )","Cluster beans","Cluster Beans",Local,28/07/2026,3500,4000,3750
"Tamil Nadu","The Nilgiris","Udhagamandalam(Uzhavar Sandhai )","Bottle gourd","Bottle Gourd",Local,28/07/2026,2500,2800,2650
"Tamil Nadu","The Nilgiris","Udhagamandalam(Uzhavar Sandhai )",Ashgourd,Gouard,Local,28/07/2026,1500,1800,1650
"Tamil Nadu","The Nilgiris","Udhagamandalam(Uzhavar Sandhai )","Sweet Potato","Hosur Red",Local,28/07/2026,3500,4000,3750
"Tamil Nadu","The Nilgiris","Udhagamandalam(Uzhavar Sandhai )",Cabbage,Cabbage,Local,28/07/2026,2500,3000,2750
"Tamil Nadu","The Nilgiris","Udhagamandalam(Uzhavar Sandhai )",Turnip,Turnip,Local,28/07/2026,3500,4000,3750
"Tamil Nadu",Theni,"Andipatti(Uzhavar Sandhai )",Onion,Bellary,Local,28/07/2026,3400,3800,3600
"Tamil Nadu",Theni,"Andipatti(Uzhavar Sandhai )",Coriander(Leaves),"I Sort",Local,28/07/2026,4500,5000,4750
"Tamil Nadu",Theni,"Andipatti(Uzhavar Sandhai )",Pumpkin,Pumpkin,Local,28/07/2026,1600,1800,1700
"Tamil Nadu",Theni,"Andipatti(Uzhavar Sandhai )",Cabbage,Cabbage,Local,28/07/2026,3500,4000,3750
"Tamil Nadu",Theni,"Andipatti(Uzhavar Sandhai )",Snakeguard,Snakeguard,Local,28/07/2026,2500,3000,2750
"Tamil Nadu",Theni,"Andipatti(Uzhavar Sandhai )",Beetroot,Beetroot,Local,28/07/2026,4000,4500,4250
"Tamil Nadu",Theni,"Andipatti(Uzhavar Sandhai )",Raddish,Raddish,Local,28/07/2026,2400,2800,2600
"Tamil Nadu",Theni,"Andipatti(Uzhavar Sandhai )",Lime,Lime,Local,28/07/2026,12500,13500,13000
"Tamil Nadu",Theni,"Bodinayakanur(Uzhavar Sandhai )","Cluster beans","Cluster Beans",Local,28/07/2026,3800,3800,3800
"Tamil Nadu",Theni,"Bodinayakanur(Uzhavar Sandhai )","Green Chilli","Green Chilly",Local,28/07/2026,5400,5400,5400
"Tamil Nadu",Theni,"Bodinayakanur(Uzhavar Sandhai )",Snakeguard,Snakeguard,Local,28/07/2026,3200,3200,3200
"Tamil Nadu",Theni,"Chinnamanur(Uzhavar Sandhai )",Cauliflower,Ranchi,Local,28/07/2026,2500,2800,2650
"Tamil Nadu",Theni,"Chinnamanur(Uzhavar Sandhai )","Bitter gourd",Other,Local,28/07/2026,5400,5400,5400
"Tamil Nadu",Theni,"Chinnamanur(Uzhavar Sandhai )","Bhindi(Ladies Finger)",Bhindi,Local,28/07/2026,3800,3800,3800
"Tamil Nadu",Theni,"Chinnamanur(Uzhavar Sandhai )","Banana - Green","Banana - Green",Local,28/07/2026,3000,3000,3000
"Tamil Nadu",Theni,"Chinnamanur(Uzhavar Sandhai )",Ridgeguard(Tori),Ridgeguard(Tori),Local,28/07/2026,4800,4800,4800
"Tamil Nadu",Theni,"Chinnamanur(Uzhavar Sandhai )",Thondekai,Thondekai,Local,28/07/2026,5400,5400,5400
"Tamil Nadu",Theni,"Chinnamanur(Uzhavar Sandhai )","Chow Chow","Chow Chow",Local,28/07/2026,3400,3400,3400
"Tamil Nadu",Theni,"Chinnamanur(Uzhavar Sandhai )",Yam(Ratalu),"Yam (Ratalu)",Local,28/07/2026,7400,7400,7400
"Tamil Nadu",Theni,"Chinnamanur(Uzhavar Sandhai )","Onion Green","Onion Green",Local,28/07/2026,6000,6000,6000
"Tamil Nadu",Theni,"Kambam(Uzhavar Sandhai )",Soyabean,Local,Local,28/07/2026,10000,10000,10000
"Tamil Nadu",Theni,"Kambam(Uzhavar Sandhai )",Tomato,Other,Local,28/07/2026,1800,2000,1900
"Tamil Nadu",Theni,"Kambam(Uzhavar Sandhai )",Coconut,Coconut,Local,28/07/2026,4800,4800,4800
"Tamil Nadu",Theni,"Kambam(Uzhavar Sandhai )","Betal Leaves",Mysore,Local,28/07/2026,20000,20000,20000
"Tamil Nadu",Theni,"Kambam(Uzhavar Sandhai )",Drumstick,Drumstick,Local,28/07/2026,2500,3600,3050
"Tamil Nadu",Theni,"Theni(Uzhavar Sandhai )",Pineapple,"Pine Apple",Local,28/07/2026,8000,8000,8000
"Tamil Nadu",Theni,"Theni(Uzhavar Sandhai )","Green Peas","Green Peas",Local,28/07/2026,16000,16000,16000
"Tamil Nadu",Theni,"Theni(Uzhavar Sandhai )",Coconut,Coconut,Local,28/07/2026,5400,5400,5400
"Tamil Nadu",Theni,"Theni(Uzhavar Sandhai )",Pomegranate,Pomogranate,Local,28/07/2026,14000,26000,20000
"Tamil Nadu",Thirunelveli,"Kandiyaperi(Uzhavar Sandhai )","Bottle gourd","Bottle Gourd",Local,28/07/2026,1000,1200,1100
"Tamil Nadu",Thirunelveli,"Kandiyaperi(Uzhavar Sandhai )",Coconut,Coconut,Local,28/07/2026,5700,6000,5850
"Tamil Nadu",Thirunelveli,"Melapalayam(Uzhavar Sandhai )",Onion,Bellary,Local,28/07/2026,3200,3800,3500
"Tamil Nadu",Thirunelveli,"Melapalayam(Uzhavar Sandhai )",Ashgourd,Gouard,Local,28/07/2026,1600,1800,1700
"Tamil Nadu",Thirunelveli,"Palayamkottai(Uzhavar Sandhai )",Cauliflower,Ranchi,Local,28/07/2026,4200,4400,4300
"Tamil Nadu",Thirunelveli,"Palayamkottai(Uzhavar Sandhai )",Coriander(Leaves),"I Sort",Local,28/07/2026,5000,5500,5250
"Tamil Nadu",Thirunelveli,"Palayamkottai(Uzhavar Sandhai )",Chikoos(Sapota),Sapota,Local,28/07/2026,4000,5000,4500
"Tamil Nadu",Thirunelveli,"Palayamkottai(Uzhavar Sandhai )",Amaranthus,Amaranthus,Local,28/07/2026,1000,1500,1250
"Tamil Nadu",Thirunelveli,"Palayamkottai(Uzhavar Sandhai )",Ginger(Green),"Green Ginger",Local,28/07/2026,20000,20500,20250
"Tamil Nadu",Thirunelveli,"Palayamkottai(Uzhavar Sandhai )",Thondekai,Thondekai,Local,28/07/2026,5000,5500,5250
"Tamil Nadu",Thirunelveli,"Palayamkottai(Uzhavar Sandhai )",Lime,Lime,Local,28/07/2026,16000,17000,16500
"Tamil Nadu",Thirunelveli,"Palayamkottai(Uzhavar Sandhai )",Guava,"Guava Allahabad",Local,28/07/2026,6000,8000,7000
"Tamil Nadu",Thirunelveli,"Palayamkottai(Uzhavar Sandhai )",Mint(Pudina),Mint(Pudina),Local,28/07/2026,6000,6500,6250
"Tamil Nadu",Thirupur,"Kangayam(Uzhavar Sandhai )",Coriander(Leaves),"I Sort",Local,28/07/2026,4000,4000,4000
"Tamil Nadu",Thirupur,"Tiruppur (North) (Uzhavar Sandhai )",Potato,Other,Local,28/07/2026,5000,6000,5500
"Tamil Nadu",Thirupur,"Tiruppur (North) (Uzhavar Sandhai )","Bhindi(Ladies Finger)",Bhindi,Local,28/07/2026,3500,4000,3750
"Tamil Nadu",Thirupur,"Tiruppur (North) (Uzhavar Sandhai )",Amaranthus,Amaranthus,Local,28/07/2026,2000,2600,2300
"Tamil Nadu",Thirupur,"Tiruppur (North) (Uzhavar Sandhai )","Banana - Green","Banana - Green",Local,28/07/2026,2500,3000,2750
"Tamil Nadu",Thirupur,"Tiruppur (North) (Uzhavar Sandhai )","Sweet Potato","Hosur Red",Local,28/07/2026,3500,4000,3750
"Tamil Nadu",Thirupur,"Tiruppur (North) (Uzhavar Sandhai )",Beetroot,Beetroot,Local,28/07/2026,8000,9000,8500
"Tamil Nadu",Thirupur,"Tiruppur (North) (Uzhavar Sandhai )",Ridgeguard(Tori),Ridgeguard(Tori),Local,28/07/2026,4500,5000,4750
"Tamil Nadu",Thirupur,"Tiruppur (North) (Uzhavar Sandhai )",Guava,"Guava Allahabad",Local,28/07/2026,4500,5000,4750
"Tamil Nadu",Thirupur,"Tiruppur (North) (Uzhavar Sandhai )",Lemon,Lemon,Local,28/07/2026,7000,8000,7500
"Tamil Nadu",Thirupur,"Tiruppur (South) (Uzhavar Sandhai )",Banana,"Red Banana",Local,28/07/2026,5000,6000,5500
"Tamil Nadu",Thirupur,"Tiruppur (South) (Uzhavar Sandhai )",Onion,Bellary,Local,28/07/2026,3000,4000,3500
"Tamil Nadu",Thirupur,"Tiruppur (South) (Uzhavar Sandhai )",Potato,Other,Local,28/07/2026,5000,7000,6000
"Tamil Nadu",Thirupur,"Tiruppur (South) (Uzhavar Sandhai )","Cluster beans","Cluster Beans",Local,28/07/2026,3500,4000,3750
"Tamil Nadu",Thirupur,"Tiruppur (South) (Uzhavar Sandhai )",Pumpkin,Pumpkin,Local,28/07/2026,1500,2000,1750
"Tamil Nadu",Thirupur,"Tiruppur (South) (Uzhavar Sandhai )","Bhindi(Ladies Finger)",Bhindi,Local,28/07/2026,4000,5000,4500
"Tamil Nadu",Thirupur,"Tiruppur (South) (Uzhavar Sandhai )",Cowpea(Veg),"Cowpea (Veg)",Local,28/07/2026,2500,3000,2750
"Tamil Nadu",Thirupur,"Tiruppur (South) (Uzhavar Sandhai )","Banana - Green","Banana - Green",Local,28/07/2026,2500,3000,2750
"Tamil Nadu",Thirupur,"Tiruppur (South) (Uzhavar Sandhai )",Ridgeguard(Tori),Ridgeguard(Tori),Local,28/07/2026,4000,5000,4500
"Tamil Nadu",Thirupur,"Tiruppur (South) (Uzhavar Sandhai )",Lemon,Lemon,Local,28/07/2026,8000,10000,9000
"Tamil Nadu",Thiruvannamalai,"Chengam(Uzhavar Sandhai )",Potato,"Red Nanital",Local,28/07/2026,3000,4000,3500
"Tamil Nadu",Thiruvannamalai,"Chengam(Uzhavar Sandhai )",Tomato,Deshi,Local,28/07/2026,1500,2000,1750
"Tamil Nadu",Thiruvannamalai,"Chengam(Uzhavar Sandhai )","Cluster beans","Cluster Beans",Local,28/07/2026,3500,4000,3750
"Tamil Nadu",Thiruvannamalai,"Chengam(Uzhavar Sandhai )","Bottle gourd","Bottle Gourd",Local,28/07/2026,1500,2000,1750
"Tamil Nadu",Thiruvannamalai,"Chengam(Uzhavar Sandhai )",Ginger(Green),"Green Ginger",Local,28/07/2026,20000,25000,22500
"Tamil Nadu",Thiruvannamalai,"Chengam(Uzhavar Sandhai )",Capsicum,Capsicum,Local,28/07/2026,6000,8000,7000
"Tamil Nadu",Thiruvannamalai,"Chengam(Uzhavar Sandhai )",Mango(Raw-Ripe),"Mango - Raw-Ripe",Local,28/07/2026,1200,1500,1350
"Tamil Nadu",Thiruvannamalai,"Chengam(Uzhavar Sandhai )",Guava,"Guava Allahabad",Local,28/07/2026,5000,6000,5500
"Tamil Nadu",Thiruvannamalai,"Chengam(Uzhavar Sandhai )","Tamarind Fruit","Tamarind Fruit",Local,28/07/2026,8000,10000,9000
"Tamil Nadu",Thiruvannamalai,"Chengam(Uzhavar Sandhai )",Yam(Ratalu),"Yam (Ratalu)",Local,28/07/2026,3500,4000,3750
"Tamil Nadu",Thiruvannamalai,"Tamarainagar(Uzhavar Sandhai )","Water Melon","Water Melon",Local,28/07/2026,2000,2500,2250
"Tamil Nadu",Thiruvannamalai,"Tamarainagar(Uzhavar Sandhai )","Bitter gourd","Bitter Gourd",Local,28/07/2026,5000,6000,5500
"Tamil Nadu",Thiruvannamalai,"Tamarainagar(Uzhavar Sandhai )","Bhindi(Ladies Finger)",Bhindi,Local,28/07/2026,2000,2500,2250
"Tamil Nadu",Thiruvannamalai,"Tamarainagar(Uzhavar Sandhai )",Amaranthus,Amaranthus,Local,28/07/2026,3000,4000,3500
"Tamil Nadu",Thiruvannamalai,"Tamarainagar(Uzhavar Sandhai )",Cucumbar(Kheera),Cucumbar,Local,28/07/2026,3500,4200,3850
"Tamil Nadu",Thiruvannamalai,"Tamarainagar(Uzhavar Sandhai )","Green Avare(W)","Green Avare (W)",Local,28/07/2026,5500,6800,6150
"Tamil Nadu",Thiruvannamalai,"Tamarainagar(Uzhavar Sandhai )",Lemon,Lemon,Local,28/07/2026,8000,10000,9000
"Tamil Nadu",Thiruvannamalai,"Vandavasi(Uzhavar Sandhai )",Potato,Other,Local,28/07/2026,3500,4200,3850
"Tamil Nadu",Thiruvannamalai,"Vandavasi(Uzhavar Sandhai )",Brinjal,Other,Local,28/07/2026,5000,6000,5500
"Tamil Nadu",Thiruvannamalai,"Vandavasi(Uzhavar Sandhai )","Bottle gourd","Bottle Gourd",Local,28/07/2026,2000,2400,2200
"Tamil Nadu",Thiruvannamalai,"Vandavasi(Uzhavar Sandhai )",Raddish,Raddish,Local,28/07/2026,2500,3000,2750
"Tamil Nadu",Thiruvarur,"Muthupettai(Uzhavar Sandhai )",Potato,"Red Nanital",Local,28/07/2026,3500,3500,3500
"Tamil Nadu",Thiruvarur,"Muthupettai(Uzhavar Sandhai )","Bottle gourd","Bottle Gourd",Local,28/07/2026,3400,3400,3400
"Tamil Nadu",Thiruvarur,"Muthupettai(Uzhavar Sandhai )",Amaranthus,Amaranthus,Local,28/07/2026,1000,1000,1000
"Tamil Nadu",Thiruvarur,"Muthupettai(Uzhavar Sandhai )","Green Chilli","Green Chilly",Local,28/07/2026,5000,5000,5000
"Tamil Nadu",Thiruvarur,"Muthupettai(Uzhavar Sandhai )",Coconut,Coconut,Local,28/07/2026,4000,4000,4000
"Tamil Nadu",Thiruvarur,"Muthupettai(Uzhavar Sandhai )",Cabbage,Cabbage,Local,28/07/2026,5000,5000,5000
"Tamil Nadu",Thiruvarur,"Muthupettai(Uzhavar Sandhai )",Mango(Raw-Ripe),"Mango - Raw-Ripe",Local,28/07/2026,2500,2500,2500
"Tamil Nadu",Thiruvarur,"Muthupettai(Uzhavar Sandhai )",Mint(Pudina),Mint(Pudina),Local,28/07/2026,6000,6000,6000
Punjab,"Ropar (Rupnagar)","Morinda APMC",Pomegranate,Pomogranate,Medium,28/07/2026,6000,10000,8000
Punjab,"Ropar (Rupnagar)","Morinda APMC",Colacasia,Colacasia,Medium,28/07/2026,2500,2500,2500
Punjab,"Ropar (Rupnagar)","Morinda APMC",Brinjal,Brinjal,Medium,28/07/2026,2000,3000,2500
Punjab,"Ropar (Rupnagar)","Morinda APMC",Capsicum,Capsicum,Medium,28/07/2026,4000,6000,5000
Bihar,Sheikhpura,"Barbigha APMC",Wheat,"147 Average",FAQ,28/07/2026,2500,2600,2550
Bihar,Sheikhpura,"Barbigha APMC",Brinjal,"Arkasheela Mattigulla",FAQ,28/07/2026,3000,3145,3080
Bihar,Sheikhpura,"Barbigha APMC",Cucumbar(Kheera),Cucumbar,FAQ,28/07/2026,3030,3185,3090
"Tamil Nadu",Villupuram,"Gingee(Uzhavar Sandhai )","Bitter gourd","Bitter Gourd",Local,28/07/2026,7000,7000,7000
"Tamil Nadu",Villupuram,"Gingee(Uzhavar Sandhai )","Bottle gourd","Bottle Gourd",Local,28/07/2026,2500,2500,2500
"Tamil Nadu",Villupuram,"Gingee(Uzhavar Sandhai )","Banana - Green","Banana - Green",Local,28/07/2026,4000,4000,4000
"Tamil Nadu",Villupuram,"Gingee(Uzhavar Sandhai )",Beans,"Beans (Whole)",Local,28/07/2026,11000,11000,11000
"Tamil Nadu",Villupuram,"Gingee(Uzhavar Sandhai )",Ginger(Green),"Green Ginger",Local,28/07/2026,13000,13000,13000
"Tamil Nadu",Villupuram,"Gingee(Uzhavar Sandhai )",Guava,"Guava Allahabad",Local,28/07/2026,5000,5000,5000
"Tamil Nadu",Villupuram,"Gingee(Uzhavar Sandhai )",Colacasia,Colacasia,Local,28/07/2026,6000,6000,6000
"Tamil Nadu",Thiruvellore,"Tiruthani(Uzhavar Sandhai )","Bitter gourd","Bitter Gourd",Local,28/07/2026,6000,6000,6000
"Tamil Nadu",Thiruvellore,"Tiruthani(Uzhavar Sandhai )",Snakeguard,Snakeguard,Local,28/07/2026,4000,4000,4000
"Tamil Nadu",Thiruvellore,"Tiruthani(Uzhavar Sandhai )",Cucumbar(Kheera),Cucumbar,Local,28/07/2026,5000,5000,5000
"Tamil Nadu",Thiruvellore,"Tiruthani(Uzhavar Sandhai )",Ridgeguard(Tori),Ridgeguard(Tori),Local,28/07/2026,5000,5000,5000
"Tamil Nadu",Thiruvellore,"Tiruthani(Uzhavar Sandhai )","Chow Chow","Chow Chow",Local,28/07/2026,4000,4000,4000
"Tamil Nadu",Thiruvellore,"Tiruthani(Uzhavar Sandhai )","Onion Green","Onion Green",Local,28/07/2026,8000,8000,8000
"Tamil Nadu",Villupuram,"Manalurpet APMC",Maize,Other,Local,28/07/2026,2010,2609,2309.5
"Tamil Nadu",Madurai,"Thirumangalam(Uzhavar Sandhai )",Papaya,Papaya,Local,28/07/2026,4000,4500,4250
"Tamil Nadu",Madurai,"Thirumangalam(Uzhavar Sandhai )",Ashgourd,Gouard,Local,28/07/2026,2400,2600,2500
"Tamil Nadu",Madurai,"Thirumangalam(Uzhavar Sandhai )",Ridgeguard(Tori),Ridgeguard(Tori),Local,28/07/2026,6000,6500,6250
"Tamil Nadu",Madurai,"Thirumangalam(Uzhavar Sandhai )",Raddish,Raddish,Local,28/07/2026,3000,3500,3250
Punjab,Hoshiarpur,"GarhShankar (Kotfatuhi) APMC",Banana,Other,Medium,28/07/2026,3000,3000,3000
Punjab,Hoshiarpur,"GarhShankar (Kotfatuhi) APMC",Tomato,Other,FAQ,28/07/2026,2800,2800,2800
Punjab,Hoshiarpur,"GarhShankar (Kotfatuhi) APMC",Potato,Other,FAQ,28/07/2026,900,900,900
"Tamil Nadu",Madurai,"Melur(Uzhavar Sandhai )",Onion,Bellary,Local,28/07/2026,3800,4000,3900
"Tamil Nadu",Madurai,"Melur(Uzhavar Sandhai )",Coriander(Leaves),"I Sort",Local,28/07/2026,5000,5500,5250
"Tamil Nadu",Madurai,"Melur(Uzhavar Sandhai )",Ashgourd,Gouard,Local,28/07/2026,2400,2600,2500
"Tamil Nadu",Madurai,"Melur(Uzhavar Sandhai )",Pumpkin,Pumpkin,Local,28/07/2026,2000,2400,2200
"Tamil Nadu",Madurai,"Melur(Uzhavar Sandhai )",Coconut,Coconut,Local,28/07/2026,5800,6000,5900
"Tamil Nadu",Madurai,"Melur(Uzhavar Sandhai )",Ridgeguard(Tori),Ridgeguard(Tori),Local,28/07/2026,6000,6500,6250
"Tamil Nadu",Madurai,"Melur(Uzhavar Sandhai )",Lime,Lime,Local,28/07/2026,2500,4000,3250
"Tamil Nadu",Madurai,"Melur(Uzhavar Sandhai )","Onion Green","Onion Green",Local,28/07/2026,5500,6000,5750
"Tamil Nadu",Salem,"Vazhapadi(Uzhavar Sandhai)",Mango,Neelam,Local,28/07/2026,4000,5000,4500
"Tamil Nadu",Salem,"Vazhapadi(Uzhavar Sandhai)",Brinjal,Other,Local,28/07/2026,4600,4600,4600
"Tamil Nadu",Salem,"Vazhapadi(Uzhavar Sandhai)",Beans,"Beans (Whole)",Local,28/07/2026,7000,8000,7500
"Tamil Nadu",Salem,"Vazhapadi(Uzhavar Sandhai)",Beetroot,Beetroot,Local,28/07/2026,4500,4500,4500
"Tamil Nadu",Salem,"Vazhapadi(Uzhavar Sandhai)",Guava,"Guava Allahabad",Local,28/07/2026,5000,5000,5000
"Tamil Nadu",Salem,"Vazhapadi(Uzhavar Sandhai)","Elephant Yam(Suran)/Amorphophallus","Elephant Yam (Suran)",Local,28/07/2026,3000,3000,3000
"Tamil Nadu",Salem,"Vazhapadi(Uzhavar Sandhai)","Onion Green","Onion Green",Local,28/07/2026,5000,6000,5500
"Tamil Nadu",Karur,"Gandhigramam(Uzhavar Sandhai)",Brinjal,Other,Local,28/07/2026,4500,5000,4750
"Tamil Nadu",Karur,"Gandhigramam(Uzhavar Sandhai)",Coriander(Leaves),"I Sort",Local,28/07/2026,7500,8000,7750
"Tamil Nadu",Karur,"Gandhigramam(Uzhavar Sandhai)","Bitter gourd",Other,Local,28/07/2026,5500,6000,5750
"Tamil Nadu",Karur,"Gandhigramam(Uzhavar Sandhai)",Beans,"Beans (Whole)",Local,28/07/2026,9000,10000,9500
"Tamil Nadu",Karur,"Gandhigramam(Uzhavar Sandhai)",Ginger(Green),"Green Ginger",Local,28/07/2026,22000,23000,22500
"Tamil Nadu",Karur,"Gandhigramam(Uzhavar Sandhai)",Coconut,Coconut,Local,28/07/2026,5500,6000,5750
"Tamil Nadu",Karur,"Gandhigramam(Uzhavar Sandhai)",Beetroot,Beetroot,Local,28/07/2026,8500,9000,8750
"Tamil Nadu",Karur,"Gandhigramam(Uzhavar Sandhai)",Raddish,Raddish,Local,28/07/2026,3500,4000,3750
"Tamil Nadu",Karur,"Gandhigramam(Uzhavar Sandhai)",Thondekai,Thondekai,Local,28/07/2026,5000,5500,5250
"Tamil Nadu",Karur,"Gandhigramam(Uzhavar Sandhai)","Elephant Yam(Suran)/Amorphophallus","Elephant Yam (Suran)",Local,28/07/2026,4000,5000,4500
"Tamil Nadu",Karur,"Gandhigramam(Uzhavar Sandhai)","Onion Green","Onion Green",Local,28/07/2026,6000,6500,6250
"Tamil Nadu",Pudukkottai,"Aranthangi(Uzhavar Sandhai )",Pumpkin,Pumpkin,Local,28/07/2026,1000,1500,1250
"Tamil Nadu",Pudukkottai,"Aranthangi(Uzhavar Sandhai )","Onion Green","Onion Green",Local,28/07/2026,6500,7000,6750
"Tamil Nadu",Coimbatore,"Sulur(Uzhavar Sandhai )",Onion,Bellary,Local,28/07/2026,3200,3600,3400
"Tamil Nadu",Coimbatore,"Sulur(Uzhavar Sandhai )",Pumpkin,Pumpkin,Local,28/07/2026,1600,2000,1800
"Tamil Nadu",Coimbatore,"Sulur(Uzhavar Sandhai )",Cowpea(Veg),"Cowpea (Veg)",Local,28/07/2026,3600,4000,3800
"Tamil Nadu",Coimbatore,"Sulur(Uzhavar Sandhai )","Banana - Green","Banana - Green",Local,28/07/2026,3400,4000,3700
"Tamil Nadu",Coimbatore,"Sulur(Uzhavar Sandhai )",Tapioca,Tapioca,Local,28/07/2026,3200,3500,3350
"Tamil Nadu",Coimbatore,"Sulur(Uzhavar Sandhai )",Cucumbar(Kheera),Cucumbar,Local,28/07/2026,4000,4500,4250
"Tamil Nadu",Coimbatore,"Sulur(Uzhavar Sandhai )","Green Avare(W)","Green Avare (W)",Local,28/07/2026,6000,6800,6400
"Tamil Nadu",Coimbatore,"Sulur(Uzhavar Sandhai )",Mango(Raw-Ripe),"Mango - Raw-Ripe",Local,28/07/2026,2500,3000,2750
"Tamil Nadu",Coimbatore,"Sulur(Uzhavar Sandhai )",Guava,"Guava Allahabad",Local,28/07/2026,5000,6000,5500
"Tamil Nadu",Coimbatore,"Sulur(Uzhavar Sandhai )","Amla(Nelli Kai)",Amla,Local,28/07/2026,7000,8000,7500
"Tamil Nadu",Coimbatore,"Sulur(Uzhavar Sandhai )","Onion Green","Onion Green",Local,28/07/2026,5400,6000,5700
Keralam,Thiruvananthapuram,"Balaramapuram  VFPCK Market",Banana,"Nendra Bale","Grade A",28/07/2026,6200,6700,6500
"Tamil Nadu",Cuddalore,"Panruti(Uzhavar Sandhai )",Coriander(Leaves),"I Sort",Local,28/07/2026,7000,7000,7000
"Tamil Nadu",Cuddalore,"Panruti(Uzhavar Sandhai )","Bottle gourd","Bottle Gourd",Local,28/07/2026,3000,3000,3000
"Tamil Nadu",Cuddalore,"Panruti(Uzhavar Sandhai )",Amaranthus,Amaranthus,Local,28/07/2026,2000,2000,2000
"Tamil Nadu",Cuddalore,"Panruti(Uzhavar Sandhai )",Coconut,Coconut,Local,28/07/2026,5000,6000,5500
"Tamil Nadu",Cuddalore,"Panruti(Uzhavar Sandhai )",Raddish,Raddish,Local,28/07/2026,3000,3000,3000
"Tamil Nadu",Cuddalore,"Vadalur(Uzhavar Sandhai )",Brinjal,Other,Local,28/07/2026,6000,6000,6000
"Tamil Nadu",Cuddalore,"Vadalur(Uzhavar Sandhai )",Tomato,Local,Local,28/07/2026,1600,1600,1600
"Tamil Nadu",Cuddalore,"Vadalur(Uzhavar Sandhai )","Cluster beans","Cluster Beans",Local,28/07/2026,5000,5000,5000
"Tamil Nadu",Cuddalore,"Vadalur(Uzhavar Sandhai )",Ashgourd,Gouard,Local,28/07/2026,3000,3000,3000
"Tamil Nadu",Cuddalore,"Vadalur(Uzhavar Sandhai )",Snakeguard,Snakeguard,Local,28/07/2026,3000,3000,3000
"Tamil Nadu",Cuddalore,"Vadalur(Uzhavar Sandhai )",Thondekai,Thondekai,Local,28/07/2026,5000,5000,5000
"Tamil Nadu",Cuddalore,"Vadalur(Uzhavar Sandhai )",Drumstick,Drumstick,Local,28/07/2026,3000,3000,3000
"Tamil Nadu",Cuddalore,"Vadalur(Uzhavar Sandhai )",Lemon,Lemon,Local,28/07/2026,5000,5000,5000
"Tamil Nadu",Cuddalore,"Vadalur(Uzhavar Sandhai )","Onion Green","Onion Green",Local,28/07/2026,6000,6000,6000
"Tamil Nadu",Cuddalore,"Vadalur(Uzhavar Sandhai )",Mint(Pudina),Mint(Pudina),Local,28/07/2026,5000,5000,5000
"Tamil Nadu",Dharmapuri,"AJattihalli(Uzhavar Sandhai )",Coriander(Leaves),"I Sort",Local,28/07/2026,7000,8000,7500
"Tamil Nadu",Dharmapuri,"AJattihalli(Uzhavar Sandhai )","Cluster beans","Cluster Beans",Local,28/07/2026,3600,3600,3600
"Tamil Nadu",Dharmapuri,"AJattihalli(Uzhavar Sandhai )",Pumpkin,Pumpkin,Local,28/07/2026,2000,2000,2000
"Tamil Nadu",Dharmapuri,"AJattihalli(Uzhavar Sandhai )","Bhindi(Ladies Finger)",Bhindi,Local,28/07/2026,2000,2000,2000
"Tamil Nadu",Dharmapuri,"AJattihalli(Uzhavar Sandhai )",Amaranthus,Amaranthus,Local,28/07/2026,2000,2500,2250
"Tamil Nadu",Dharmapuri,"AJattihalli(Uzhavar Sandhai )","Green Chilli","Green Chilly",Local,28/07/2026,4600,5000,4800
"Tamil Nadu",Dharmapuri,"AJattihalli(Uzhavar Sandhai )",Cabbage,Cabbage,Local,28/07/2026,4000,4400,4200
"Tamil Nadu",Dharmapuri,"AJattihalli(Uzhavar Sandhai )",Beetroot,Beetroot,Local,28/07/2026,5200,5200,5200
"Tamil Nadu",Dharmapuri,"AJattihalli(Uzhavar Sandhai )",Ridgeguard(Tori),Ridgeguard(Tori),Local,28/07/2026,3500,3800,3650
"Tamil Nadu",Dharmapuri,"AJattihalli(Uzhavar Sandhai )","Onion Green","Onion Green",Local,28/07/2026,5500,6000,5750
Keralam,Thiruvananthapuram,"Vellanad VFPCK Market",Banana,"Nendra Bale","Grade A",28/07/2026,6500,6900,6800
"Tamil Nadu",Nagapattinam,"Vedaranyam(Uzhavar Sandhai)",Potato,"Red Nanital",Local,28/07/2026,3200,3400,3300
"Tamil Nadu",Nagapattinam,"Vedaranyam(Uzhavar Sandhai)",Pumpkin,Pumpkin,Local,28/07/2026,2400,2600,2500
"Tamil Nadu",Nagapattinam,"Vedaranyam(Uzhavar Sandhai)","Bhindi(Ladies Finger)",Bhindi,Local,28/07/2026,4400,4600,4500
"Tamil Nadu",Nagapattinam,"Vedaranyam(Uzhavar Sandhai)",Beetroot,Beetroot,Local,28/07/2026,3800,4000,3900
"Tamil Nadu",Vellore,"Perampet(Uzhavar Sandhai)",Potato,"Red Nanital",Local,28/07/2026,3000,3000,3000
"Tamil Nadu",Vellore,"Perampet(Uzhavar Sandhai)",Coriander(Leaves),"I Sort",Local,28/07/2026,5000,5000,5000
"Tamil Nadu",Vellore,"Perampet(Uzhavar Sandhai)","Green Chilli","Green Chilly",Local,28/07/2026,5000,6000,5500
"Tamil Nadu",Vellore,"Perampet(Uzhavar Sandhai)","Banana - Green","Banana - Green",Local,28/07/2026,4000,4000,4000
"Tamil Nadu",Vellore,"Perampet(Uzhavar Sandhai)",Beetroot,Beetroot,Local,28/07/2026,5000,5000,5000
"Tamil Nadu",Vellore,"Perampet(Uzhavar Sandhai)",Mango(Raw-Ripe),"Mango - Raw-Ripe",Local,28/07/2026,1500,2000,1750
"Tamil Nadu",Vellore,"Perampet(Uzhavar Sandhai)","Knool Khol","Knool Khol",Local,28/07/2026,5000,5000,5000
"Tamil Nadu",Vellore,"Perampet(Uzhavar Sandhai)",Lemon,Lemon,Local,28/07/2026,5000,5000,5000
"Tamil Nadu",Vellore,"Perampet(Uzhavar Sandhai)",Colacasia,Colacasia,Local,28/07/2026,4600,4600,4600
"Madhya Pradesh",Badwani,"Sendhwa(F&V) APMC",Brinjal,Round,Small,28/07/2026,800,1300,900
"Madhya Pradesh",Badwani,"Sendhwa(F&V) APMC",Cauliflower,Cauliflower,Medium,28/07/2026,900,1500,1100
"Tamil Nadu",Karur,"Kulithalai(Uzhavar Sandhai )",Tomato,Deshi,Local,28/07/2026,2000,2400,2200
"Tamil Nadu",Karur,"Kulithalai(Uzhavar Sandhai )",Pumpkin,Pumpkin,Local,28/07/2026,2500,3000,2750
"Tamil Nadu",Karur,"Kulithalai(Uzhavar Sandhai )",Cowpea(Veg),"Cowpea (Veg)",Local,28/07/2026,2500,3000,2750
"Tamil Nadu",Karur,"Kulithalai(Uzhavar Sandhai )",Mango(Raw-Ripe),"Mango - Raw-Ripe",Local,28/07/2026,2500,3000,2750
"Tamil Nadu",Karur,"Kulithalai(Uzhavar Sandhai )",Yam(Ratalu),"Yam (Ratalu)",Local,28/07/2026,7000,8000,7500
"Tamil Nadu",Karur,"Kulithalai(Uzhavar Sandhai )","Sweet Corn ","Sweet Corn ",Local,28/07/2026,4500,5000,4750
"Tamil Nadu",Karur,"Pallapatti (Uzhavar Sandhai )",Papaya,Papaya,Local,28/07/2026,2500,3000,2750
"Tamil Nadu",Karur,"Pallapatti (Uzhavar Sandhai )",Tomato,Other,Local,28/07/2026,2000,2200,2100
"Tamil Nadu",Karur,"Pallapatti (Uzhavar Sandhai )","Bhindi(Ladies Finger)",Bhindi,Local,28/07/2026,3800,4000,3900
"Tamil Nadu",Karur,"Pallapatti (Uzhavar Sandhai )","Banana - Green","Banana - Green",Local,28/07/2026,2500,3000,2750
"Tamil Nadu",Karur,"Pallapatti (Uzhavar Sandhai )","Green Avare(W)",Other,Local,28/07/2026,8000,10000,9000
"Tamil Nadu",Karur,"Pallapatti (Uzhavar Sandhai )",Lemon,Lemon,Local,28/07/2026,5500,6000,5750
"Tamil Nadu",Karur,"Pallapatti (Uzhavar Sandhai )","Amla(Nelli Kai)",Amla,Local,28/07/2026,6500,7000,6750
"Andhra Pradesh",Srikakulam,"Etcherla APMC",Paddy(Common),1121,FAQ,28/07/2026,2369,2369,2369
"Tamil Nadu",Karur,"Velayuthampalayam(Uzhavar Sandhai )",Banana,Other,Local,28/07/2026,5200,6000,5600
"Tamil Nadu",Karur,"Velayuthampalayam(Uzhavar Sandhai )",Coriander(Leaves),"I Sort",Local,28/07/2026,7000,8000,7500
"Tamil Nadu",Karur,"Velayuthampalayam(Uzhavar Sandhai )","Cluster beans","Cluster Beans",Local,28/07/2026,3400,4000,3700
"Tamil Nadu",Karur,"Velayuthampalayam(Uzhavar Sandhai )","Green Chilli","Green Chilly",Local,28/07/2026,4300,5000,4650
"Tamil Nadu",Karur,"Velayuthampalayam(Uzhavar Sandhai )","Banana - Green","Banana - Green",Local,28/07/2026,2400,3000,2700
"Tamil Nadu",Karur,"Velayuthampalayam(Uzhavar Sandhai )",Ginger(Green),"Green Ginger",Local,28/07/2026,21000,23000,22000
"Tamil Nadu",Karur,"Velayuthampalayam(Uzhavar Sandhai )",Ridgeguard(Tori),Ridgeguard(Tori),Local,28/07/2026,5000,6000,5500
"Tamil Nadu",Karur,"Velayuthampalayam(Uzhavar Sandhai )",Raddish,Raddish,Local,28/07/2026,3400,4000,3700
"Tamil Nadu",Karur,"Velayuthampalayam(Uzhavar Sandhai )",Lemon,Lemon,Local,28/07/2026,7000,8000,7500
"Tamil Nadu",Karur,"Vengamedu(Uzhavar Sandhai )",Coriander(Leaves),"I Sort",Local,28/07/2026,7500,8000,7750
"Tamil Nadu",Karur,"Vengamedu(Uzhavar Sandhai )","Bottle gourd","Bottle Gourd",Local,28/07/2026,2000,2500,2250
"Tamil Nadu",Karur,"Vengamedu(Uzhavar Sandhai )",Drumstick,Drumstick,Local,28/07/2026,3500,4000,3750
"Tamil Nadu",Theni,"Devaram(Uzhavar Sandhai )",Banana,Besrai,Local,28/07/2026,2500,6000,4250
"Tamil Nadu",Theni,"Devaram(Uzhavar Sandhai )",Cauliflower,Ranchi,Local,28/07/2026,2000,2500,2250
"Tamil Nadu",Theni,"Devaram(Uzhavar Sandhai )","Bitter gourd","Bitter Gourd",Local,28/07/2026,5000,5400,5200
"Tamil Nadu",Theni,"Devaram(Uzhavar Sandhai )",Ashgourd,Gouard,Local,28/07/2026,1500,1500,1500
"Tamil Nadu",Theni,"Devaram(Uzhavar Sandhai )",Pumpkin,Pumpkin,Local,28/07/2026,1800,1800,1800
"Tamil Nadu",Theni,"Devaram(Uzhavar Sandhai )","Green Chilli","Green Chilly",Local,28/07/2026,4000,5000,4500
"Tamil Nadu",Theni,"Devaram(Uzhavar Sandhai )",Thondekai,Thondekai,Local,28/07/2026,5000,5000,5000
"Tamil Nadu",Theni,"Devaram(Uzhavar Sandhai )","Knool Khol","Knool Khol",Local,28/07/2026,4400,4400,4400
"Tamil Nadu",Theni,"Devaram(Uzhavar Sandhai )",Mint(Pudina),Mint(Pudina),Local,28/07/2026,5500,5500,5500
"Tamil Nadu",Salem,"Attayampatti(Uzhavar Sandhai )",Chikoos(Sapota),Sapota,Local,28/07/2026,4000,4000,4000
"Tamil Nadu",Salem,"Attayampatti(Uzhavar Sandhai )",Banana,Besrai,Local,28/07/2026,4500,6000,5250
"Tamil Nadu",Salem,"Attayampatti(Uzhavar Sandhai )",Amaranthus,Amaranthus,Local,28/07/2026,2400,2400,2400
"Tamil Nadu",Salem,"Attayampatti(Uzhavar Sandhai )","Green Chilli","Green Chilly",Local,28/07/2026,4200,4200,4200
"Tamil Nadu",Salem,"Attayampatti(Uzhavar Sandhai )",Tapioca,Tapioca,Local,28/07/2026,3000,3000,3000
"Tamil Nadu",Salem,"Attayampatti(Uzhavar Sandhai )",Coconut,Coconut,Local,28/07/2026,5000,6000,5500
"Tamil Nadu",Sivaganga,"Sivagangai (Uzhavar Sandhai )",Chikoos(Sapota),Sapota,Local,28/07/2026,4200,6200,5200
"Tamil Nadu",Sivaganga,"Sivagangai (Uzhavar Sandhai )",Soyabean,Local,Local,28/07/2026,9000,10000,9500
"Tamil Nadu",Sivaganga,"Sivagangai (Uzhavar Sandhai )","Bottle gourd","Bottle Gourd",Local,28/07/2026,3400,3800,3600
"Tamil Nadu",Sivaganga,"Sivagangai (Uzhavar Sandhai )",Pumpkin,Pumpkin,Local,28/07/2026,2200,2600,2400
"Tamil Nadu",Sivaganga,"Sivagangai (Uzhavar Sandhai )",Cabbage,Cabbage,Local,28/07/2026,3800,4200,4000
"Tamil Nadu",Sivaganga,"Sivagangai (Uzhavar Sandhai )",Raddish,Raddish,Local,28/07/2026,3200,3600,3400
"Tamil Nadu",Sivaganga,"Sivagangai (Uzhavar Sandhai )",Drumstick,Drumstick,Local,28/07/2026,4200,7200,5700
"Tamil Nadu",Sivaganga,"Sivagangai (Uzhavar Sandhai )","Onion Green","Onion Green",Local,28/07/2026,5600,6200,5900
"Tamil Nadu",Sivaganga,"Devakottai (Uzhavar Sandhai )",Banana,Poovan,Local,28/07/2026,3500,4000,3750
"Tamil Nadu",Sivaganga,"Devakottai (Uzhavar Sandhai )",Potato,Other,Local,28/07/2026,5800,6200,6000
"Tamil Nadu",Sivaganga,"Devakottai (Uzhavar Sandhai )",Tomato,Deshi,Local,28/07/2026,2200,2500,2350
"Tamil Nadu",Sivaganga,"Devakottai (Uzhavar Sandhai )",Amaranthus,Amaranthus,Local,28/07/2026,3500,4000,3750
"Tamil Nadu",Sivaganga,"Devakottai (Uzhavar Sandhai )",Ridgeguard(Tori),Ridgeguard(Tori),Local,28/07/2026,4000,4400,4200
"Tamil Nadu",Sivaganga,"Devakottai (Uzhavar Sandhai )",Guava,"Guava Allahabad",Local,28/07/2026,7000,8400,7700
"Tamil Nadu",Sivaganga,"Devakottai (Uzhavar Sandhai )","Onion Green","Onion Green",Local,28/07/2026,6000,6400,6200
"Tamil Nadu",Salem,"Edapadi (Uzhavar Sandhai )",Papaya,Papaya,Local,28/07/2026,2600,3000,2800
"Tamil Nadu",Salem,"Edapadi (Uzhavar Sandhai )",Cauliflower,Ranchi,Local,28/07/2026,2500,3000,2750
"Tamil Nadu",Salem,"Edapadi (Uzhavar Sandhai )",Coriander(Leaves),"I Sort",Local,28/07/2026,2500,3000,2750
"Tamil Nadu",Salem,"Edapadi (Uzhavar Sandhai )","Cluster beans","Cluster Beans",Local,28/07/2026,3000,3500,3250
"Tamil Nadu",Salem,"Edapadi (Uzhavar Sandhai )","Bitter gourd",Other,Local,28/07/2026,5500,6000,5750
"Tamil Nadu",Salem,"Edapadi (Uzhavar Sandhai )",Ashgourd,Gouard,Local,28/07/2026,2000,2500,2250
"Tamil Nadu",Salem,"Edapadi (Uzhavar Sandhai )","Banana - Green","Banana - Green",Local,28/07/2026,2200,2600,2400
"Tamil Nadu",Salem,"Edapadi (Uzhavar Sandhai )",Ginger(Green),"Green Ginger",Local,28/07/2026,19000,20000,19500
"Tamil Nadu",Salem,"Edapadi (Uzhavar Sandhai )",Carrot,Pusakesar,Local,28/07/2026,9000,9500,9250
"Tamil Nadu",Salem,"Edapadi (Uzhavar Sandhai )",Beetroot,Beetroot,Local,28/07/2026,7500,8000,7750
"Tamil Nadu",Salem,"Edapadi (Uzhavar Sandhai )",Raddish,Raddish,Local,28/07/2026,3000,3300,3150
"Tamil Nadu",Salem,"Edapadi (Uzhavar Sandhai )","Green Avare(W)",Other,Local,28/07/2026,7000,7500,7250
"Tamil Nadu",Salem,"Edapadi (Uzhavar Sandhai )","Amla(Nelli Kai)",Amla,Local,28/07/2026,7500,8000,7750
"Tamil Nadu",Salem,"Edapadi (Uzhavar Sandhai )",Mint(Pudina),Mint(Pudina),Local,28/07/2026,4000,4500,4250
"Tamil Nadu",Salem,"Elampillai(Uzhavar Sandhai )",Banana,"Red Banana",Local,28/07/2026,6000,7000,6500
"Tamil Nadu",Salem,"Elampillai(Uzhavar Sandhai )",Brinjal,Other,Local,28/07/2026,4500,5000,4750
"Tamil Nadu",Salem,"Elampillai(Uzhavar Sandhai )",Coriander(Leaves),"I Sort",Local,28/07/2026,3000,4000,3500
"Tamil Nadu",Salem,"Elampillai(Uzhavar Sandhai )",Tomato,Local,Local,28/07/2026,1600,2000,1800
"Tamil Nadu",Salem,"Elampillai(Uzhavar Sandhai )","Bitter gourd","Bitter Gourd",Local,28/07/2026,5500,6000,5750
"Tamil Nadu",Salem,"Elampillai(Uzhavar Sandhai )",Beans,"Beans (Whole)",Local,28/07/2026,10000,10500,10250
"Tamil Nadu",Salem,"Elampillai(Uzhavar Sandhai )",Ridgeguard(Tori),Ridgeguard(Tori),Local,28/07/2026,4000,5000,4500
"Tamil Nadu",Salem,"Elampillai(Uzhavar Sandhai )","Green Avare(W)",Other,Local,28/07/2026,5500,6000,5750
"Tamil Nadu",Salem,"Elampillai(Uzhavar Sandhai )","Chow Chow","Chow Chow",Local,28/07/2026,3000,3500,3250
"Tamil Nadu",Salem,"Elampillai(Uzhavar Sandhai )","Knool Khol","Knool Khol",Local,28/07/2026,5000,5500,5250
"Tamil Nadu",Salem,"Hasthampatti(Uzhavar Sandhai )",Orange,Darjeeling,Local,28/07/2026,8000,10000,9000
"Tamil Nadu",Salem,"Hasthampatti(Uzhavar Sandhai )",Banana,"Red Banana",Local,28/07/2026,7000,7500,7250
"Tamil Nadu",Salem,"Hasthampatti(Uzhavar Sandhai )",Grapes,Annabesahai,Local,28/07/2026,7000,8000,7500
"Tamil Nadu",Salem,"Hasthampatti(Uzhavar Sandhai )",Onion,Bellary,Local,28/07/2026,3800,4000,3900
"Tamil Nadu",Salem,"Hasthampatti(Uzhavar Sandhai )",Garlic,Garlic,Local,28/07/2026,17000,18000,17500
"Tamil Nadu",Salem,"Hasthampatti(Uzhavar Sandhai )",Brinjal,Round,Local,28/07/2026,4500,5000,4750
"Tamil Nadu",Salem,"Hasthampatti(Uzhavar Sandhai )","Cluster beans","Cluster Beans",Local,28/07/2026,2500,3000,2750
"Tamil Nadu",Salem,"Hasthampatti(Uzhavar Sandhai )",Pumpkin,Pumpkin,Local,28/07/2026,2000,2400,2200
"Tamil Nadu",Salem,"Hasthampatti(Uzhavar Sandhai )","Sweet Potato","Hosur Red",Local,28/07/2026,3000,3500,3250
"Tamil Nadu",Salem,"Hasthampatti(Uzhavar Sandhai )",Carrot,Pusakesar,Local,28/07/2026,9000,9500,9250
"Tamil Nadu",Salem,"Hasthampatti(Uzhavar Sandhai )",Cucumbar(Kheera),Cucumbar,Local,28/07/2026,4000,5000,4500
"Tamil Nadu",Salem,"Hasthampatti(Uzhavar Sandhai )",Thondekai,Thondekai,Local,28/07/2026,4000,4500,4250
"Tamil Nadu",Salem,"Hasthampatti(Uzhavar Sandhai )","Chow Chow","Chow Chow",Local,28/07/2026,4000,4500,4250
"Tamil Nadu",Salem,"Hasthampatti(Uzhavar Sandhai )",Lemon,Lemon,Local,28/07/2026,3000,5000,4000
"Tamil Nadu",Salem,"Hasthampatti(Uzhavar Sandhai )","Amla(Nelli Kai)",Amla,Local,28/07/2026,6500,7000,6750
"Tamil Nadu",Salem,"Jalagandapuram(Uzhavar Sandhai )",Coriander(Leaves),"I Sort",Local,28/07/2026,3000,3500,3250
"Tamil Nadu",Salem,"Jalagandapuram(Uzhavar Sandhai )","Bhindi(Ladies Finger)",Bhindi,Local,28/07/2026,3000,3400,3200
"Tamil Nadu",Salem,"Jalagandapuram(Uzhavar Sandhai )",Ridgeguard(Tori),Ridgeguard(Tori),Local,28/07/2026,4500,5000,4750
"Tamil Nadu",Salem,"Jalagandapuram(Uzhavar Sandhai )","Tender Coconut","Tender Coconut",Local,28/07/2026,3000,3500,3250
"Tamil Nadu",Salem,"Jalagandapuram(Uzhavar Sandhai )",Lemon,Lemon,Local,28/07/2026,5000,6000,5500
"Tamil Nadu",Sivaganga,"Singampunari(Uzhavar Sandhai )",Coriander(Leaves),"I Sort",Local,28/07/2026,5200,5600,5400
"Tamil Nadu",Sivaganga,"Singampunari(Uzhavar Sandhai )","Bitter gourd",Other,Local,28/07/2026,5600,6200,5900
"Tamil Nadu",Sivaganga,"Singampunari(Uzhavar Sandhai )",Ashgourd,Gouard,Local,28/07/2026,2600,2800,2700
"Tamil Nadu",Sivaganga,"Singampunari(Uzhavar Sandhai )",Pumpkin,Pumpkin,Local,28/07/2026,2200,2600,2400
"Tamil Nadu",Sivaganga,"Singampunari(Uzhavar Sandhai )","Bhindi(Ladies Finger)",Bhindi,Local,28/07/2026,4400,5000,4700
"Tamil Nadu",Sivaganga,"Singampunari(Uzhavar Sandhai )","Banana - Green","Banana - Green",Local,28/07/2026,2500,3000,2750
"Tamil Nadu",Sivaganga,"Singampunari(Uzhavar Sandhai )",Beans,"Beans (Whole)",Local,28/07/2026,8400,10200,9300
"Tamil Nadu",Sivaganga,"Singampunari(Uzhavar Sandhai )",Carrot,Pusakesar,Local,28/07/2026,6400,9200,7800
"Tamil Nadu",Sivaganga,"Singampunari(Uzhavar Sandhai )",Mango(Raw-Ripe),"Mango - Raw-Ripe",Local,28/07/2026,2600,3600,3100
"Tamil Nadu",Sivaganga,"Singampunari(Uzhavar Sandhai )",Lemon,Lemon,Local,28/07/2026,6000,7000,6500
"Tamil Nadu",Sivaganga,"Singampunari(Uzhavar Sandhai )",Mint(Pudina),Mint(Pudina),Local,28/07/2026,4200,4600,4400
"Tamil Nadu",Sivaganga,"Karaikudi(Uzhavar Sandhai )",Banana,Besrai,Local,28/07/2026,3500,4000,3750
"Tamil Nadu",Sivaganga,"Karaikudi(Uzhavar Sandhai )",Brinjal,Round,Local,28/07/2026,5500,6500,6000
"Tamil Nadu",Sivaganga,"Karaikudi(Uzhavar Sandhai )","Cluster beans","Cluster Beans",Local,28/07/2026,3400,4000,3700
"Tamil Nadu",Sivaganga,"Karaikudi(Uzhavar Sandhai )","Bitter gourd","Bitter Gourd",Local,28/07/2026,6000,6500,6250
"Tamil Nadu",Sivaganga,"Karaikudi(Uzhavar Sandhai )","Bottle gourd","Bottle Gourd",Local,28/07/2026,3400,4000,3700
"Tamil Nadu",Sivaganga,"Karaikudi(Uzhavar Sandhai )",Amaranthus,Amaranthus,Local,28/07/2026,3500,4000,3750
"Tamil Nadu",Sivaganga,"Karaikudi(Uzhavar Sandhai )","Banana - Green","Banana - Green",Local,28/07/2026,3500,4000,3750
"Tamil Nadu",Sivaganga,"Karaikudi(Uzhavar Sandhai )",Coconut,Coconut,Local,28/07/2026,6200,6400,6300
"Tamil Nadu",Sivaganga,"Karaikudi(Uzhavar Sandhai )",Snakeguard,Snakeguard,Local,28/07/2026,4000,4500,4250
"Tamil Nadu",Sivaganga,"Karaikudi(Uzhavar Sandhai )",Capsicum,Capsicum,Local,28/07/2026,9500,10500,10000
"Tamil Nadu",Sivaganga,"Karaikudi(Uzhavar Sandhai )",Drumstick,Drumstick,Local,28/07/2026,6400,7400,6900
"Tamil Nadu",Sivaganga,"Karaikudi(Uzhavar Sandhai )",Mango(Raw-Ripe),"Mango - Raw-Ripe",Local,28/07/2026,3000,4000,3500
"Tamil Nadu",Sivaganga,"Karaikudi(Uzhavar Sandhai )","Elephant Yam(Suran)/Amorphophallus","Elephant Yam (Suran)",Local,28/07/2026,4500,5000,4750
"Tamil Nadu",Sivaganga,"Karaikudi(Uzhavar Sandhai )",Lemon,Lemon,Local,28/07/2026,6500,7500,7000
"Tamil Nadu",Sivaganga,"Karaikudi(Uzhavar Sandhai )",Mint(Pudina),Mint(Pudina),Local,28/07/2026,4500,4800,4650
"Tamil Nadu",Thanjavur,"Pattukottai(Uzhavar Sandhai )",Onion,Bellary,Local,28/07/2026,3000,4000,3500
"Tamil Nadu",Thanjavur,"Pattukottai(Uzhavar Sandhai )",Garlic,Garlic,Local,28/07/2026,16000,16000,16000
"Tamil Nadu",Thanjavur,"Pattukottai(Uzhavar Sandhai )","Green Chilli","Green Chilly",Local,28/07/2026,5400,5400,5400
"Tamil Nadu",Thanjavur,"Pattukottai(Uzhavar Sandhai )","Banana - Green","Banana - Green",Local,28/07/2026,3000,3000,3000
"Tamil Nadu",Thanjavur,"Pattukottai(Uzhavar Sandhai )",Beans,"Beans (Whole)",Local,28/07/2026,11600,11600,11600
"Tamil Nadu",Thanjavur,"Pattukottai(Uzhavar Sandhai )",Raddish,Raddish,Local,28/07/2026,4400,4400,4400
"Tamil Nadu",Thanjavur,"Pattukottai(Uzhavar Sandhai )","Green Avare(W)","Green Avare (W)",Local,28/07/2026,6400,6400,6400
"Tamil Nadu",Thanjavur,"Pattukottai(Uzhavar Sandhai )",Mango(Raw-Ripe),"Mango - Raw-Ripe",Local,28/07/2026,2000,3000,2500
"Tamil Nadu",Thanjavur,"Pattukottai(Uzhavar Sandhai )",Lime,Lime,Local,28/07/2026,4000,4000,4000
"Tamil Nadu",Thanjavur,"Pattukottai(Uzhavar Sandhai )","Jack Fruit(Ripe)","Jack Fruit",Local,28/07/2026,2000,2000,2000
"Tamil Nadu",Thanjavur,"Pattukottai(Uzhavar Sandhai )",Mint(Pudina),Mint(Pudina),Local,28/07/2026,6000,6000,6000
"Tamil Nadu",Thiruchirappalli,"KKNagar(Uzhavar Sandhai )",Groundnut,"Big (With Shell)",Local,28/07/2026,7000,7000,7000
"Tamil Nadu",Thiruchirappalli,"KKNagar(Uzhavar Sandhai )",Grapes,Annabesahai,Local,28/07/2026,10000,10000,10000
"Tamil Nadu",Thiruchirappalli,"KKNagar(Uzhavar Sandhai )",Ashgourd,Gouard,Local,28/07/2026,2500,2500,2500
"Tamil Nadu",Thiruchirappalli,"KKNagar(Uzhavar Sandhai )",Coconut,Coconut,Local,28/07/2026,6400,6400,6400
"Tamil Nadu",Thiruchirappalli,"KKNagar(Uzhavar Sandhai )",Thondekai,Thondekai,Local,28/07/2026,6000,6000,6000
"Tamil Nadu",Thiruchirappalli,"KKNagar(Uzhavar Sandhai )",Capsicum,Capsicum,Local,28/07/2026,6000,6000,6000
"Tamil Nadu",Thiruchirappalli,"KKNagar(Uzhavar Sandhai )","Chow Chow","Chow Chow",Local,28/07/2026,4000,4000,4000
"Tamil Nadu",Thiruchirappalli,"KKNagar(Uzhavar Sandhai )",Colacasia,Colacasia,Local,28/07/2026,6000,6000,6000
"Tamil Nadu",Thiruchirappalli,"Lalgudi(Uzhavar Sandhai )",Banana,Poovan,Local,28/07/2026,4000,5000,4500
"Tamil Nadu",Thiruchirappalli,"Lalgudi(Uzhavar Sandhai )","Bitter gourd",Other,Local,28/07/2026,6600,6600,6600
"Tamil Nadu",Thiruchirappalli,"Lalgudi(Uzhavar Sandhai )","Banana - Green","Banana - Green",Local,28/07/2026,3000,3000,3000
"Tamil Nadu",Thiruchirappalli,"Lalgudi(Uzhavar Sandhai )",Beans,"Beans (Whole)",Local,28/07/2026,9000,9000,9000
"Tamil Nadu",Thiruchirappalli,"Lalgudi(Uzhavar Sandhai )",Ginger(Green),"Green Ginger",Local,28/07/2026,22000,22000,22000
"Tamil Nadu",Thiruchirappalli,"Lalgudi(Uzhavar Sandhai )",Snakeguard,Snakeguard,Local,28/07/2026,4000,4000,4000
"Tamil Nadu",Thiruchirappalli,"Lalgudi(Uzhavar Sandhai )",Raddish,Raddish,Local,28/07/2026,3600,3600,3600
"Tamil Nadu",Thiruchirappalli,"Lalgudi(Uzhavar Sandhai )","Chow Chow","Chow Chow",Local,28/07/2026,4600,4600,4600
"Tamil Nadu",Thiruchirappalli,"Lalgudi(Uzhavar Sandhai )",Yam(Ratalu),"Yam (Ratalu)",Local,28/07/2026,8000,8000,8000
"Tamil Nadu",Thiruchirappalli,"Lalgudi(Uzhavar Sandhai )","Onion Green","Onion Green",Local,28/07/2026,6000,7000,6500
"Tamil Nadu",Thiruchirappalli,"Manachanallur(Uzhavar Sandhai )",Potato,Other,Local,28/07/2026,2500,3000,2750
"Tamil Nadu",Thiruchirappalli,"Manachanallur(Uzhavar Sandhai )",Brinjal,Other,Local,28/07/2026,3500,4000,3750
"Tamil Nadu",Thiruchirappalli,"Manachanallur(Uzhavar Sandhai )",Pumpkin,Pumpkin,Local,28/07/2026,2000,2000,2000
"Tamil Nadu",Thiruchirappalli,"Manachanallur(Uzhavar Sandhai )","Bhindi(Ladies Finger)",Bhindi,Local,28/07/2026,3000,3600,3300
"Tamil Nadu",Thiruchirappalli,"Manachanallur(Uzhavar Sandhai )",Ginger(Green),"Green Ginger",Local,28/07/2026,20000,22000,21000
"Tamil Nadu",Thiruchirappalli,"Manachanallur(Uzhavar Sandhai )",Beetroot,Beetroot,Local,28/07/2026,4400,5000,4700
"Tamil Nadu",Thiruchirappalli,"Manachanallur(Uzhavar Sandhai )",Lemon,Lemon,Local,28/07/2026,6000,7000,6500
"Tamil Nadu",Thiruchirappalli,"Manachanallur(Uzhavar Sandhai )",Mint(Pudina),Mint(Pudina),Local,28/07/2026,5800,6400,6100
"Tamil Nadu",Thiruchirappalli,"Manapparai(Uzhavar Sandhai )",Banana,Poovan,Local,28/07/2026,4000,5000,4500
"Tamil Nadu",Thiruchirappalli,"Manapparai(Uzhavar Sandhai )",Onion,Bellary,Local,28/07/2026,3600,4000,3800
"Tamil Nadu",Thiruchirappalli,"Manapparai(Uzhavar Sandhai )",Tomato,Other,Local,28/07/2026,2400,2400,2400
"Tamil Nadu",Thiruchirappalli,"Manapparai(Uzhavar Sandhai )",Ginger(Green),"Green Ginger",Local,28/07/2026,20000,20000,20000
"Tamil Nadu",Thiruchirappalli,"Manapparai(Uzhavar Sandhai )",Carrot,Pusakesar,Local,28/07/2026,10000,10000,10000
"Tamil Nadu",Thiruchirappalli,"Manapparai(Uzhavar Sandhai )",Snakeguard,Snakeguard,Local,28/07/2026,4600,4600,4600
"Tamil Nadu",Thiruchirappalli,"Manapparai(Uzhavar Sandhai )",Ridgeguard(Tori),Ridgeguard(Tori),Local,28/07/2026,6000,6000,6000
"Tamil Nadu",Thiruchirappalli,"Manapparai(Uzhavar Sandhai )",Raddish,Raddish,Local,28/07/2026,3600,3600,3600
"Tamil Nadu",Thiruchirappalli,"Manapparai(Uzhavar Sandhai )",Guava,"Guava Allahabad",Local,28/07/2026,10000,10000,10000
"Tamil Nadu",Thiruchirappalli,"Manapparai(Uzhavar Sandhai )","Onion Green","Onion Green",Local,28/07/2026,6000,7000,6500
"Tamil Nadu",Thiruchirappalli,"Manapparai(Uzhavar Sandhai )",Mint(Pudina),Mint(Pudina),Local,28/07/2026,6000,6000,6000
"Tamil Nadu",Thiruchirappalli,"Musiri(Uzhavar Sandhai )",Papaya,Papaya,Local,28/07/2026,3500,4000,3750
"Tamil Nadu",Thiruchirappalli,"Musiri(Uzhavar Sandhai )",Banana,Besrai,Local,28/07/2026,4500,5000,4750
"Tamil Nadu",Thiruchirappalli,"Musiri(Uzhavar Sandhai )",Potato,"Red Nanital",Local,28/07/2026,2500,3000,2750
"Tamil Nadu",Thiruchirappalli,"Musiri(Uzhavar Sandhai )",Brinjal,Round,Local,28/07/2026,5000,6000,5500
"Tamil Nadu",Thiruchirappalli,"Musiri(Uzhavar Sandhai )","Cluster beans","Cluster Beans",Local,28/07/2026,4000,4600,4300
"Tamil Nadu",Thiruchirappalli,"Musiri(Uzhavar Sandhai )",Pumpkin,Pumpkin,Local,28/07/2026,2000,2500,2250
"Tamil Nadu",Thiruchirappalli,"Musiri(Uzhavar Sandhai )",Amaranthus,Amaranthus,Local,28/07/2026,1000,1500,1250
"Tamil Nadu",Thiruchirappalli,"Musiri(Uzhavar Sandhai )","Chow Chow","Chow Chow",Local,28/07/2026,3500,4000,3750
"Tamil Nadu",Thiruchirappalli,"Musiri(Uzhavar Sandhai )","Knool Khol","Knool Khol",Local,28/07/2026,3000,3600,3300
"Tamil Nadu",Thiruchirappalli,"Musiri(Uzhavar Sandhai )",Yam(Ratalu),"Yam (Ratalu)",Local,28/07/2026,8000,8500,8250
"Tamil Nadu",Thiruchirappalli,"Musiri(Uzhavar Sandhai )",Mashrooms,Mashrooms,Local,28/07/2026,19000,20000,19500
"Tamil Nadu",Thiruchirappalli,"Thiruverumbur(Uzhavar Sandhai )",Tomato,Other,Local,28/07/2026,2400,2400,2400
"Tamil Nadu",Thiruchirappalli,"Thiruverumbur(Uzhavar Sandhai )","Cluster beans","Cluster Beans",Local,28/07/2026,4000,4000,4000
"Tamil Nadu",Thiruchirappalli,"Thiruverumbur(Uzhavar Sandhai )",Snakeguard,Snakeguard,Local,28/07/2026,4000,4000,4000
"Tamil Nadu",Virudhunagar,"Rajapalayam(Uzhavar Sandhai )",Chikoos(Sapota),Sapota,Local,28/07/2026,3000,3500,3250
"Tamil Nadu",Virudhunagar,"Rajapalayam(Uzhavar Sandhai )","Bitter gourd","Bitter Gourd",Local,28/07/2026,8000,9000,8500
"Tamil Nadu",Virudhunagar,"Rajapalayam(Uzhavar Sandhai )",Pumpkin,Pumpkin,Local,28/07/2026,3500,4000,3750
"Tamil Nadu",Virudhunagar,"Rajapalayam(Uzhavar Sandhai )","Bhindi(Ladies Finger)",Bhindi,Local,28/07/2026,2500,3000,2750
"Tamil Nadu",Virudhunagar,"Rajapalayam(Uzhavar Sandhai )","Green Chilli","Green Chilly",Local,28/07/2026,5000,6000,5500
"Tamil Nadu",Virudhunagar,"Rajapalayam(Uzhavar Sandhai )",Beans,"Beans (Whole)",Local,28/07/2026,9000,10000,9500
"Tamil Nadu",Virudhunagar,"Rajapalayam(Uzhavar Sandhai )",Carrot,Pusakesar,Local,28/07/2026,5000,6000,5500
"Tamil Nadu",Virudhunagar,"Rajapalayam(Uzhavar Sandhai )","Knool Khol","Knool Khol",Local,28/07/2026,6000,7000,6500
"Tamil Nadu",Virudhunagar,"Rajapalayam(Uzhavar Sandhai )",Lime,Lime,Local,28/07/2026,15000,16000,15500
"Tamil Nadu",Virudhunagar,"Rajapalayam(Uzhavar Sandhai )",Guava,"Guava Allahabad",Local,28/07/2026,3500,4000,3750
"Tamil Nadu",Virudhunagar,"Rajapalayam(Uzhavar Sandhai )","Elephant Yam(Suran)/Amorphophallus","Elephant Yam (Suran)",Local,28/07/2026,4500,5000,4750
"Tamil Nadu",Virudhunagar,"Rajapalayam(Uzhavar Sandhai )","Onion Green","Onion Green",Local,28/07/2026,5000,6000,5500
"Tamil Nadu",Virudhunagar,"Sathur(Uzhavar Sandhai )",Papaya,Papaya,Local,28/07/2026,2500,3000,2750
"Tamil Nadu",Virudhunagar,"Sathur(Uzhavar Sandhai )",Cauliflower,Ranchi,Local,28/07/2026,3500,4000,3750
"Tamil Nadu",Virudhunagar,"Sathur(Uzhavar Sandhai )","Bitter gourd","Bitter Gourd",Local,28/07/2026,6500,7000,6750
"Tamil Nadu",Virudhunagar,"Sathur(Uzhavar Sandhai )",Amaranthus,Amaranthus,Local,28/07/2026,2500,3000,2750
"Tamil Nadu",Virudhunagar,"Sathur(Uzhavar Sandhai )",Carrot,Pusakesar,Local,28/07/2026,5500,6000,5750
"Tamil Nadu",Virudhunagar,"Sathur(Uzhavar Sandhai )",Beetroot,Beetroot,Local,28/07/2026,5500,6000,5750
"Tamil Nadu",Virudhunagar,"Sathur(Uzhavar Sandhai )","Green Avare(W)","Green Avare (W)",Local,28/07/2026,8000,9000,8500
"Tamil Nadu",Virudhunagar,"Sathur(Uzhavar Sandhai )","Onion Green","Onion Green",Local,28/07/2026,6000,7000,6500
"Tamil Nadu",Virudhunagar,"Sathur(Uzhavar Sandhai )",Mint(Pudina),Mint(Pudina),Local,28/07/2026,4500,5000,4750
"Tamil Nadu",Virudhunagar,"Thalavaipuram(Uzhavar Sandhai )",Papaya,Papaya,Local,28/07/2026,3000,3500,3250
"Tamil Nadu",Virudhunagar,"Thalavaipuram(Uzhavar Sandhai )",Brinjal,Round,Local,28/07/2026,4000,4500,4250
"Tamil Nadu",Virudhunagar,"Thalavaipuram(Uzhavar Sandhai )",Beans,"Beans (Whole)",Local,28/07/2026,8000,10000,9000
"Tamil Nadu",Virudhunagar,"Thalavaipuram(Uzhavar Sandhai )",Ginger(Green),"Green Ginger",Local,28/07/2026,20000,22000,21000
"Tamil Nadu",Virudhunagar,"Thalavaipuram(Uzhavar Sandhai )",Cabbage,Cabbage,Local,28/07/2026,4000,4500,4250
"Tamil Nadu",Virudhunagar,"Thalavaipuram(Uzhavar Sandhai )",Beetroot,Beetroot,Local,28/07/2026,4500,5000,4750
"Tamil Nadu",Virudhunagar,"Thalavaipuram(Uzhavar Sandhai )","Green Avare(W)","Green Avare (W)",Local,28/07/2026,8000,9000,8500
"Tamil Nadu",Virudhunagar,"Thalavaipuram(Uzhavar Sandhai )",Lemon,Lemon,Local,28/07/2026,8000,10000,9000
"Tamil Nadu",Virudhunagar,"Thalavaipuram(Uzhavar Sandhai )","Onion Green","Onion Green",Local,28/07/2026,3500,4000,3750
"Tamil Nadu",Chengalpattu,"Nanganallur(Uzhavar Sandhai )",Potato,"Red Nanital",Local,28/07/2026,3000,3500,3250
"Tamil Nadu",Chengalpattu,"Nanganallur(Uzhavar Sandhai )","Mousambi(Sweet Lime)",Mousambi,Local,28/07/2026,4500,5000,4750
"Tamil Nadu",Chengalpattu,"Nanganallur(Uzhavar Sandhai )","Bhindi(Ladies Finger)",Bhindi,Local,28/07/2026,3500,4000,3750
"Tamil Nadu",Chengalpattu,"Nanganallur(Uzhavar Sandhai )",Beans,"Beans (Whole)",Local,28/07/2026,9000,10000,9500
"Tamil Nadu",Chengalpattu,"Nanganallur(Uzhavar Sandhai )",Snakeguard,Snakeguard,Local,28/07/2026,4500,5000,4750
"Tamil Nadu",Chengalpattu,"Nanganallur(Uzhavar Sandhai )",Ridgeguard(Tori),Ridgeguard(Tori),Local,28/07/2026,6500,7000,6750
"Tamil Nadu",Chengalpattu,"Nanganallur(Uzhavar Sandhai )",Raddish,Raddish,Local,28/07/2026,4500,5000,4750
"Tamil Nadu",Chengalpattu,"Nanganallur(Uzhavar Sandhai )","Green Avare(W)","Green Avare (W)",Local,28/07/2026,5500,6000,5750
"Tamil Nadu",Chengalpattu,"Nanganallur(Uzhavar Sandhai )","Chow Chow","Chow Chow",Local,28/07/2026,5500,6000,5750
"Tamil Nadu",Chengalpattu,"Nanganallur(Uzhavar Sandhai )",Drumstick,Drumstick,Local,28/07/2026,7000,8000,7500
"Tamil Nadu",Chengalpattu,"Nanganallur(Uzhavar Sandhai )","Knool Khol","Knool Khol",Local,28/07/2026,4500,5000,4750
"Tamil Nadu",Chengalpattu,"Nanganallur(Uzhavar Sandhai )",Guava,"Guava Allahabad",Local,28/07/2026,4500,5000,4750
"Tamil Nadu",Chengalpattu,"Nanganallur(Uzhavar Sandhai )",Rose(Local),"Rose (Local)",Local,28/07/2026,24000,25000,24500
"Tamil Nadu",Chengalpattu,"Pallavaram(Uzhavar Sandhai )",Garlic,Garlic,Local,28/07/2026,18000,22000,20000
"Tamil Nadu",Chengalpattu,"Pallavaram(Uzhavar Sandhai )",Brinjal,Round,Local,28/07/2026,3500,4000,3750
"Tamil Nadu",Chengalpattu,"Pallavaram(Uzhavar Sandhai )",Ginger(Green),"Green Ginger",Local,28/07/2026,20000,22000,21000
"Tamil Nadu",Chengalpattu,"Pallavaram(Uzhavar Sandhai )",Thondekai,Thondekai,Local,28/07/2026,5000,6000,5500
"Tamil Nadu",Chengalpattu,"Pallavaram(Uzhavar Sandhai )",Lemon,Lemon,Local,28/07/2026,10000,12000,11000
"Tamil Nadu","Nagercoil (Kannyiakumari)","Myladi(Uzhavar Sandhai )",Garlic,Garlic,Local,28/07/2026,14000,15000,14500
"Tamil Nadu","Nagercoil (Kannyiakumari)","Myladi(Uzhavar Sandhai )",Brinjal,Round,Local,28/07/2026,4500,5000,4750
"Tamil Nadu","Nagercoil (Kannyiakumari)","Myladi(Uzhavar Sandhai )",Tomato,Deshi,Local,28/07/2026,2200,2500,2350
"Tamil Nadu","Nagercoil (Kannyiakumari)","Myladi(Uzhavar Sandhai )","Cluster beans","Cluster Beans",Local,28/07/2026,4000,4500,4250
"Tamil Nadu","Nagercoil (Kannyiakumari)","Myladi(Uzhavar Sandhai )","Bottle gourd","Bottle Gourd",Local,28/07/2026,2700,3000,2850
"Tamil Nadu","Nagercoil (Kannyiakumari)","Myladi(Uzhavar Sandhai )",Coconut,Coconut,Local,28/07/2026,5300,5500,5400
"Tamil Nadu","Nagercoil (Kannyiakumari)","Myladi(Uzhavar Sandhai )",Cabbage,Cabbage,Local,28/07/2026,5000,5500,5250
"Tamil Nadu","Nagercoil (Kannyiakumari)","Myladi(Uzhavar Sandhai )","Onion Green","Onion Green",Local,28/07/2026,7500,8500,8000
"Tamil Nadu",Chengalpattu,"Jameenrayapettai(Uzhavar Sandhai )",Groundnut,"Big (With Shell)",Local,28/07/2026,9000,10000,9500
"Tamil Nadu",Chengalpattu,"Jameenrayapettai(Uzhavar Sandhai )",Apple,American,Local,28/07/2026,24000,25000,24500
"Tamil Nadu",Chengalpattu,"Jameenrayapettai(Uzhavar Sandhai )","Bottle gourd","Bottle Gourd",Local,28/07/2026,3500,4000,3750
"Tamil Nadu",Chengalpattu,"Jameenrayapettai(Uzhavar Sandhai )",Beans,"Beans (Whole)",Local,28/07/2026,9000,10000,9500
"Tamil Nadu",Chengalpattu,"Jameenrayapettai(Uzhavar Sandhai )",Coconut,Coconut,Local,28/07/2026,6000,7000,6500
"Tamil Nadu",Chengalpattu,"Jameenrayapettai(Uzhavar Sandhai )","Sweet Potato","Hosur Red",Local,28/07/2026,5000,6000,5500
"Tamil Nadu",Chengalpattu,"Jameenrayapettai(Uzhavar Sandhai )","Elephant Yam(Suran)/Amorphophallus","Elephant Yam (Suran)",Local,28/07/2026,6000,7000,6500
"Tamil Nadu",Chengalpattu,"Jameenrayapettai(Uzhavar Sandhai )",Yam(Ratalu),"Yam (Ratalu)",Local,28/07/2026,5000,6000,5500
"Tamil Nadu",Chengalpattu,"Jameenrayapettai(Uzhavar Sandhai )","Amla(Nelli Kai)",Amla,Local,28/07/2026,10000,12000,11000
"Tamil Nadu",Chengalpattu,"Jameenrayapettai(Uzhavar Sandhai )","Tube Rose(Loose)","Tube Rose (Loose)",Local,28/07/2026,18000,20000,19000
"Tamil Nadu",Chengalpattu,"Jameenrayapettai(Uzhavar Sandhai )","Sweet Corn ","Sweet Corn ",Local,28/07/2026,4000,5000,4500
"Tamil Nadu",Chengalpattu,"Guduvancheri(Uzhavar Sandhai )",Brinjal,Round,Local,28/07/2026,3500,4000,3750
"Tamil Nadu",Chengalpattu,"Guduvancheri(Uzhavar Sandhai )","Bitter gourd",Other,Local,28/07/2026,6000,7000,6500
"Tamil Nadu",Chengalpattu,"Guduvancheri(Uzhavar Sandhai )","Bottle gourd","Bottle Gourd",Local,28/07/2026,3500,4000,3750
"Tamil Nadu",Chengalpattu,"Guduvancheri(Uzhavar Sandhai )",Pumpkin,Pumpkin,Local,28/07/2026,2500,3000,2750
"Tamil Nadu",Chengalpattu,"Guduvancheri(Uzhavar Sandhai )","Banana - Green","Banana - Green",Local,28/07/2026,3500,4000,3750
"Tamil Nadu",Chengalpattu,"Guduvancheri(Uzhavar Sandhai )",Coconut,Coconut,Local,28/07/2026,6000,7000,6500
"Tamil Nadu",Chengalpattu,"Guduvancheri(Uzhavar Sandhai )",Ridgeguard(Tori),Ridgeguard(Tori),Local,28/07/2026,7000,8000,7500
"Tamil Nadu",Chengalpattu,"Guduvancheri(Uzhavar Sandhai )",Raddish,Raddish,Local,28/07/2026,4000,5000,4500
"Tamil Nadu",Chengalpattu,"Guduvancheri(Uzhavar Sandhai )",Guava,"Guava Allahabad",Local,28/07/2026,5000,6000,5500
"Tamil Nadu",Chengalpattu,"Guduvancheri(Uzhavar Sandhai )",Lemon,Lemon,Local,28/07/2026,11000,12000,11500
"Tamil Nadu",Chengalpattu,"Guduvancheri(Uzhavar Sandhai )",Rose(Local),"Rose (Local)",Local,28/07/2026,11000,12000,11500
"Tamil Nadu",Thirupur,"Dharapuram(Uzhavar Sandhai )",Banana,Besrai,Local,28/07/2026,5500,5500,5500
"Tamil Nadu",Thirupur,"Dharapuram(Uzhavar Sandhai )",Mango,Safeda,Local,28/07/2026,6000,6000,6000
"Tamil Nadu",Thirupur,"Dharapuram(Uzhavar Sandhai )",Coriander(Leaves),"I Sort",Local,28/07/2026,5500,5500,5500
"Tamil Nadu",Thirupur,"Dharapuram(Uzhavar Sandhai )","Bitter gourd","Bitter Gourd",Local,28/07/2026,5500,5500,5500
"Tamil Nadu",Thirupur,"Dharapuram(Uzhavar Sandhai )","Green Chilli","Green Chilly",Local,28/07/2026,5100,5100,5100
"Tamil Nadu",Thirupur,"Dharapuram(Uzhavar Sandhai )","Banana - Green","Banana - Green",Local,28/07/2026,3000,3000,3000
"Tamil Nadu",Thirupur,"Dharapuram(Uzhavar Sandhai )",Coconut,Coconut,Local,28/07/2026,5200,5200,5200
"Tamil Nadu",Thirupur,"Dharapuram(Uzhavar Sandhai )",Beetroot,Beetroot,Local,28/07/2026,3000,9800,6400
"Tamil Nadu",Thirupur,"Palladam(Uzhavar Sandhai )",Brinjal,Other,Local,28/07/2026,3500,4000,3750
"Tamil Nadu",Thirupur,"Palladam(Uzhavar Sandhai )",Carrot,Pusakesar,Local,28/07/2026,8000,8600,8300
"Tamil Nadu",Thirupur,"Palladam(Uzhavar Sandhai )",Cabbage,Cabbage,Local,28/07/2026,3000,3500,3250
"Tamil Nadu",Thirupur,"Palladam(Uzhavar Sandhai )",Beetroot,Beetroot,Local,28/07/2026,3000,3500,3250
"Tamil Nadu",Thirupur,"Palladam(Uzhavar Sandhai )",Lemon,Lemon,Local,28/07/2026,8000,9000,8500
"Tamil Nadu",Kallakuruchi,"Kallakurichi(Uzhavar Sandhai )",Papaya,Papaya,Local,28/07/2026,3000,3000,3000
"Tamil Nadu",Kallakuruchi,"Kallakurichi(Uzhavar Sandhai )",Banana,"Red Banana",Local,28/07/2026,7000,7000,7000
"Tamil Nadu",Kallakuruchi,"Kallakurichi(Uzhavar Sandhai )",Onion,Bellary,Local,28/07/2026,4000,4000,4000
"Tamil Nadu",Kallakuruchi,"Kallakurichi(Uzhavar Sandhai )",Potato,Other,Local,28/07/2026,3000,3000,3000
"Tamil Nadu",Kallakuruchi,"Kallakurichi(Uzhavar Sandhai )",Chikoos(Sapota),Sapota,Local,28/07/2026,5000,5000,5000
"Tamil Nadu",Kallakuruchi,"Kallakurichi(Uzhavar Sandhai )","Cluster beans","Cluster Beans",Local,28/07/2026,4000,4000,4000
"Tamil Nadu",Kallakuruchi,"Kallakurichi(Uzhavar Sandhai )","Bottle gourd","Bottle Gourd",Local,28/07/2026,2500,2500,2500
"Tamil Nadu",Kallakuruchi,"Kallakurichi(Uzhavar Sandhai )","Bhindi(Ladies Finger)",Bhindi,Local,28/07/2026,4000,4000,4000
"Tamil Nadu",Kallakuruchi,"Kallakurichi(Uzhavar Sandhai )",Beans,"Beans (Whole)",Local,28/07/2026,10000,10000,10000
"Tamil Nadu",Kallakuruchi,"Kallakurichi(Uzhavar Sandhai )",Ginger(Green),"Green Ginger",Local,28/07/2026,22000,22000,22000
"Tamil Nadu",Kallakuruchi,"Kallakurichi(Uzhavar Sandhai )",Mango(Raw-Ripe),"Mango - Raw-Ripe",Local,28/07/2026,2000,2000,2000
"Tamil Nadu",Kallakuruchi,"Kallakurichi(Uzhavar Sandhai )","Jack Fruit(Ripe)","Jack Fruit",Local,28/07/2026,2000,2000,2000
"Tamil Nadu",Kallakuruchi,"Kallakurichi(Uzhavar Sandhai )","Tender Coconut","Tender Coconut",Local,28/07/2026,3000,3000,3000
"Tamil Nadu",Kallakuruchi,"Kallakurichi(Uzhavar Sandhai )","Elephant Yam(Suran)/Amorphophallus","Elephant Yam (Suran)",Local,28/07/2026,4000,4000,4000
"Tamil Nadu",Kallakuruchi,"Kallakurichi(Uzhavar Sandhai )",Mint(Pudina),Mint(Pudina),Local,28/07/2026,3000,3000,3000
"Andhra Pradesh",Nandyal,"Nandikotkur APMC",Maize,Hybrid,FAQ,28/07/2026,2200,2400,2300
"Andhra Pradesh",Nandyal,"Nandikotkur APMC","Bengal Gram(Gram)(Whole)",Gulabi,FAQ,28/07/2026,5200,5600,5400
Punjab,Gurdaspur,"Gurdaspur APMC",Apple,Apple,"Grade A",28/07/2026,9000,9000,9000
Punjab,Gurdaspur,"Gurdaspur APMC",Cucumbar(Kheera),Other,"Grade A",28/07/2026,1800,1800,1800
"Tamil Nadu",Thirupathur,"Natrampalli(Uzhavar Sandhai )","Banana - Green","Banana - Green",Local,28/07/2026,2500,3000,2750
"Tamil Nadu",Thirupathur,"Natrampalli(Uzhavar Sandhai )",Ginger(Green),"Green Ginger",Local,28/07/2026,18000,20000,19000
Punjab,Bhatinda,"Bathinda APMC",Banana,Other,"Grade B",28/07/2026,1600,1700,1650
Punjab,Bhatinda,"Bathinda APMC",Onion,Other,"Grade B",28/07/2026,2800,3000,2800
"Andhra Pradesh",Palnadu,"Ipur APMC",Rice,"B P T",FAQ,28/07/2026,5600,5900,5700
"Andhra Pradesh",Palnadu,"Ipur APMC","Red gram/Arhar/Tur(whole)",Local,FAQ,28/07/2026,7500,8200,7950
"Andhra Pradesh",Dr.B.R.A.Konaseema,"Ravulapalem (Kothapeta APMC)",Banana,Bhushavali(Pacha),Local,28/07/2026,2100,2600,2400
"Andhra Pradesh",Palnadu,"Macharla APMC",Cotton,Bunny,"Grade Range-2",28/07/2026,7650,7650,7650
"Andhra Pradesh",Palnadu,"Macharla APMC","Red gram/Arhar/Tur(whole)",Local,"Grade Range-2",28/07/2026,7850,7850,7850
"Andhra Pradesh",Kakinada,"Pithapuram APMC",Paddy(Common),1001,FAQ,28/07/2026,2369,2389,2379
"Andhra Pradesh",Eluru,"Polavaram APMC",Maize,Local,Local,28/07/2026,2410,2410,2410
"Andhra Pradesh","Sri Sathya Sai","Puttaparthi  APMC",Maize,Local,FAQ,28/07/2026,2400,2500,2450
"Andhra Pradesh",Polavaram,"Rampachodvaram APMC",Paddy(Common),1001,"Grade Range-2",28/07/2026,2369,2389,2379
"Tamil Nadu",Salem,"Athur(Uzhavar Sandhai )",Papaya,Papaya,Local,28/07/2026,2500,3000,2750
"Tamil Nadu",Salem,"Athur(Uzhavar Sandhai )",Groundnut,"Big (With Shell)",Local,28/07/2026,6000,7000,6500
"Tamil Nadu",Salem,"Athur(Uzhavar Sandhai )",Mango,Safeda,Local,28/07/2026,4000,5000,4500
"Tamil Nadu",Salem,"Athur(Uzhavar Sandhai )",Garlic,Garlic,Local,28/07/2026,22000,26000,24000
"Tamil Nadu",Salem,"Athur(Uzhavar Sandhai )",Pumpkin,Pumpkin,Local,28/07/2026,2000,2500,2250
"Tamil Nadu",Salem,"Athur(Uzhavar Sandhai )","Bhindi(Ladies Finger)",Bhindi,Local,28/07/2026,3000,3500,3250
"Tamil Nadu",Salem,"Athur(Uzhavar Sandhai )",Coconut,Coconut,Local,28/07/2026,5000,5500,5250
"Tamil Nadu",Salem,"Athur(Uzhavar Sandhai )",Cabbage,Cabbage,Local,28/07/2026,3500,4000,3750
"Tamil Nadu",Salem,"Athur(Uzhavar Sandhai )",Snakeguard,Snakeguard,Local,28/07/2026,3500,4000,3750
"Tamil Nadu",Salem,"Athur(Uzhavar Sandhai )",Thondekai,Thondekai,Local,28/07/2026,5000,5500,5250
"Tamil Nadu",Salem,"Athur(Uzhavar Sandhai )","Green Avare(W)","Green Avare (W)",Local,28/07/2026,7000,7500,7250
"Tamil Nadu",Salem,"Athur(Uzhavar Sandhai )","Jack Fruit(Ripe)","Jack Fruit",Local,28/07/2026,2500,3000,2750
"Tamil Nadu",Salem,"Athur(Uzhavar Sandhai )",Guava,"Guava Allahabad",Local,28/07/2026,5000,6000,5500
"Tamil Nadu",Salem,"Athur(Uzhavar Sandhai )","Custard Apple(Sharifa)","Custard Apple(Sharifa)",Local,28/07/2026,3500,4000,3750
"Tamil Nadu",Theni,"Periyakulam(Uzhavar Sandhai )",Banana,Other,Local,28/07/2026,4000,4500,4250
"Tamil Nadu",Theni,"Periyakulam(Uzhavar Sandhai )","Bhindi(Ladies Finger)",Bhindi,Local,28/07/2026,3400,3600,3500
"Tamil Nadu",Theni,"Periyakulam(Uzhavar Sandhai )",Coconut,Coconut,Local,28/07/2026,5200,5400,5300
"Tamil Nadu",Theni,"Periyakulam(Uzhavar Sandhai )",Raddish,Raddish,Local,28/07/2026,2600,2800,2700
"Tamil Nadu",Theni,"Periyakulam(Uzhavar Sandhai )",Mint(Pudina),Mint(Pudina),Local,28/07/2026,5300,5500,5400
"Tamil Nadu",Virudhunagar,"Srivilliputhur(Uzhavar Sandhai )",Banana,Besrai,Local,28/07/2026,3500,4000,3750
"Tamil Nadu",Virudhunagar,"Srivilliputhur(Uzhavar Sandhai )",Potato,"Red Nanital",Local,28/07/2026,2500,3000,2750
"Tamil Nadu",Virudhunagar,"Srivilliputhur(Uzhavar Sandhai )",Coriander(Leaves),"I Sort",Local,28/07/2026,5000,6000,5500
"Tamil Nadu",Virudhunagar,"Srivilliputhur(Uzhavar Sandhai )","Bitter gourd","Bitter Gourd",Local,28/07/2026,7000,8000,7500
"Tamil Nadu",Virudhunagar,"Srivilliputhur(Uzhavar Sandhai )",Ashgourd,Gouard,Local,28/07/2026,2500,3000,2750
"Tamil Nadu",Virudhunagar,"Srivilliputhur(Uzhavar Sandhai )",Pumpkin,Pumpkin,Local,28/07/2026,2500,3000,2750
"Tamil Nadu",Virudhunagar,"Srivilliputhur(Uzhavar Sandhai )",Thondekai,Thondekai,Local,28/07/2026,5000,6000,5500
"Tamil Nadu",Virudhunagar,"Srivilliputhur(Uzhavar Sandhai )","Green Avare(W)","Green Avare (W)",Local,28/07/2026,7000,8000,7500
"Tamil Nadu",Virudhunagar,"Srivilliputhur(Uzhavar Sandhai )",Guava,"Guava Allahabad",Local,28/07/2026,4500,5000,4750
"Tamil Nadu",Virudhunagar,"Srivilliputhur(Uzhavar Sandhai )","Elephant Yam(Suran)/Amorphophallus","Elephant Yam (Suran)",Local,28/07/2026,4500,5000,4750
"Uttar Pradesh",Sambhal,"Bhehjoi APMC",Wood,Eucalyptus,Local,28/07/2026,500,510,505
Punjab,Sangrur,"Bhawanigarh APMC",Pineapple,Other,Medium,28/07/2026,7000,7500,7250
Punjab,Sangrur,"Bhawanigarh APMC",Cabbage,Other,Local,28/07/2026,2800,3000,2900
Punjab,Sangrur,"Bhawanigarh APMC",Cauliflower,Other,Medium,28/07/2026,2600,2800,2700
Punjab,Sangrur,"Bhawanigarh APMC",Ginger(Green),"Green Ginger",Medium,28/07/2026,11000,12000,12000
Punjab,Sangrur,"Bhawanigarh APMC",Lemon,Other,Medium,28/07/2026,12000,12000,12000
Punjab,Sangrur,"Bhawanigarh APMC","Peas Wet",Other,Medium,28/07/2026,4000,5000,4500
Punjab,Jalandhar,"Noor Mehal APMC","Bottle gourd",Other,Local,28/07/2026,1300,1300,1300
Punjab,Jalandhar,"Noor Mehal APMC","Green Chilli",Other,Local,28/07/2026,1500,1500,1500
Punjab,Jalandhar,"Noor Mehal APMC",Ridgeguard(Tori),Other,Local,28/07/2026,1600,1600,1600
"West Bengal","Paschim Bardhaman","Durgapur APMC",Onion,Nasik,FAQ,28/07/2026,2650,2850,2750
"West Bengal","Paschim Bardhaman","Durgapur APMC",Potato,Jyoti,FAQ,28/07/2026,860,900,880
Nagaland,Kohima,"Kohima APMC",Tomato,Tomato,Local,28/07/2026,4000,4000,4000
Nagaland,Kohima,"Kohima APMC",Potato,Potato,"Grade A",28/07/2026,4000,4000,4000
"Tamil Nadu",Coimbatore,"Vadavalli(Uzhavar Sandhai )",Groundnut,"Big (With Shell)",Local,28/07/2026,6500,7000,6750
"Tamil Nadu",Coimbatore,"Vadavalli(Uzhavar Sandhai )",Cauliflower,Ranchi,Local,28/07/2026,3800,4400,4100
"Tamil Nadu",Coimbatore,"Vadavalli(Uzhavar Sandhai )","Bottle gourd","Bottle Gourd",Local,28/07/2026,2800,3200,3000
"Tamil Nadu",Coimbatore,"Vadavalli(Uzhavar Sandhai )",Ashgourd,Gouard,Local,28/07/2026,1500,2000,1750
"Tamil Nadu",Coimbatore,"Vadavalli(Uzhavar Sandhai )","Banana - Green","Banana - Green",Local,28/07/2026,3600,4200,3900
"Tamil Nadu",Coimbatore,"Vadavalli(Uzhavar Sandhai )",Beans,"Beans (Whole)",Local,28/07/2026,7600,8400,8000
"Tamil Nadu",Coimbatore,"Vadavalli(Uzhavar Sandhai )",Snakeguard,Snakeguard,Local,28/07/2026,2800,3500,3150
"Tamil Nadu",Coimbatore,"Vadavalli(Uzhavar Sandhai )",Capsicum,Capsicum,Local,28/07/2026,7200,7800,7500
"Tamil Nadu",Coimbatore,"Vadavalli(Uzhavar Sandhai )","Green Avare(W)",Other,Local,28/07/2026,6000,6800,6400
"Tamil Nadu",Coimbatore,"Vadavalli(Uzhavar Sandhai )",Drumstick,Drumstick,Local,28/07/2026,4000,4500,4250
"Tamil Nadu",Coimbatore,"Vadavalli(Uzhavar Sandhai )","Karbuja(Musk Melon)",Karbhuja,Local,28/07/2026,3000,3400,3200
"Tamil Nadu",Coimbatore,"Vadavalli(Uzhavar Sandhai )","Elephant Yam(Suran)/Amorphophallus","Elephant Yam (Suran)",Local,28/07/2026,3600,4200,3900
"West Bengal",Darjeeling,"Karsiyang(Matigara) APMC",Cabbage,Other,FAQ,28/07/2026,2700,2900,2800
"West Bengal",Darjeeling,"Karsiyang(Matigara) APMC",Carrot,Other,FAQ,28/07/2026,3200,3400,3300
Haryana,Palwal,"Hassanpur APMC",Tomato,Tomato,Local,28/07/2026,2000,2000,2000
"Uttar Pradesh",Bulandshahar,"Gulavati APMC","Bitter gourd","Bitter Gourd",FAQ,28/07/2026,2100,2300,2200
Haryana,Hissar,"Barwala(Hisar) APMC",Onion,Onion,Local,28/07/2026,2000,2300,2150
Haryana,Hissar,"Barwala(Hisar) APMC",Banana,Other,Local,28/07/2026,2500,4000,3500
Haryana,Hissar,"Barwala(Hisar) APMC","Bitter gourd","Bitter Gourd",Local,28/07/2026,1500,2000,1800
Punjab,Fazilka,"Jalalabad APMC",Ginger(Green),Other,Medium,28/07/2026,16000,16000,16000
Punjab,Fazilka,"Jalalabad APMC",Cauliflower,Other,Medium,28/07/2026,5000,5500,5200
Punjab,Fazilka,"Jalalabad APMC",Banana,Other,Medium,28/07/2026,3700,4000,3800
Punjab,Fazilka,"Jalalabad APMC",Pomegranate,Other,Medium,28/07/2026,18000,18000,18000
Punjab,Fazilka,"Jalalabad APMC","Bitter gourd","Bitter Gourd",Medium,28/07/2026,3200,3500,3300
Punjab,Fazilka,"Jalalabad APMC",Cucumbar(Kheera),Other,Medium,28/07/2026,2000,2200,2100
Punjab,Fazilka,"Jalalabad APMC",Pumpkin,Pumpkin,Medium,28/07/2026,2200,2500,2300
Tripura,"South Tripura","Barpathari APMC",Cucumbar(Kheera),Cucumbar,Local,28/07/2026,4900,5100,5000
Tripura,"South Tripura","Barpathari APMC","Spiny Gourd / Kartali(Kantola)
","Kartali (Kantola)",Local,28/07/2026,4900,5100,5000
"Tamil Nadu",Coimbatore,"Udumalpet APMC",Banana,"Red Banana",Local,28/07/2026,6000,7000,6500
"Tamil Nadu",Coimbatore,"Udumalpet APMC",Brinjal,Other,Local,28/07/2026,4000,4800,4400
"Tamil Nadu",Coimbatore,"Udumalpet APMC",Tomato,Deshi,Local,28/07/2026,1500,2000,1750
"Tamil Nadu",Coimbatore,"Udumalpet APMC",Ashgourd,Gouard,Local,28/07/2026,1500,2000,1750
"Tamil Nadu",Coimbatore,"Udumalpet APMC",Snakeguard,Snakeguard,Local,28/07/2026,2500,3000,2750
"Tamil Nadu",Coimbatore,"Udumalpet APMC",Drumstick,Drumstick,Local,28/07/2026,4000,5000,4500
"Tamil Nadu",Coimbatore,"Udumalpet APMC",Mango(Raw-Ripe),"Mango - Raw-Ripe",Local,28/07/2026,2500,3500,3000
"Tamil Nadu",Coimbatore,"Udumalpet APMC",Lemon,Lemon,Local,28/07/2026,7000,8000,7500
"Tamil Nadu",Coimbatore,"Udumalpet APMC",Mint(Pudina),Mint(Pudina),Local,28/07/2026,5000,6000,5500
"Madhya Pradesh",Khargone,"Segaon APMC","Castor Seed",Caster,FAQ,28/07/2026,6011,6011,6011
"Tamil Nadu",Erode,"Gobichettipalayam(Uzhavar Sandhai )",Coriander(Leaves),"I Sort",Local,28/07/2026,6600,6800,6700
"Tamil Nadu",Erode,"Gobichettipalayam(Uzhavar Sandhai )",Pumpkin,Pumpkin,Local,28/07/2026,2000,2500,2250
"Tamil Nadu",Erode,"Gobichettipalayam(Uzhavar Sandhai )","Bhindi(Ladies Finger)",Bhindi,Local,28/07/2026,4000,4200,4100
"Tamil Nadu",Erode,"Gobichettipalayam(Uzhavar Sandhai )","Green Avare(W)","Green Avare (W)",Local,28/07/2026,5800,6000,5900
"Tamil Nadu",Erode,"Gobichettipalayam(Uzhavar Sandhai )","Tender Coconut","Tender Coconut",Local,28/07/2026,2500,3000,2750
"Himachal Pradesh",Shimla,"SMY Rohroo",Brinjal,"Arkasheela Mattigulla","Grade B",28/07/2026,3400,3600,3500
"Himachal Pradesh",Shimla,"SMY Rohroo",Tomato,Deshi,"Grade B",28/07/2026,3000,3200,3100
"Tamil Nadu",Pudukkottai,"Ponnamaravathi(Uzhavar Sandhai)",Tomato,Deshi,Local,28/07/2026,2000,2500,2250
"Tamil Nadu",Pudukkottai,"Ponnamaravathi(Uzhavar Sandhai)",Drumstick,Drumstick,Local,28/07/2026,5500,6000,5750
"Tamil Nadu",Pudukkottai,"Ponnamaravathi(Uzhavar Sandhai)",Mint(Pudina),Mint(Pudina),Local,28/07/2026,4500,5000,4750
"Andhra Pradesh",Tirupathi,"B.N.Kandriga APMC",Paddy(Common),Paddy,Local,28/07/2026,2400,2400,2400
"Tamil Nadu",Nagapattinam,"Mayiladuthurai(Uzhavar Sandhai )",Banana,Besrai,Local,28/07/2026,3600,4000,3800
"Tamil Nadu",Nagapattinam,"Mayiladuthurai(Uzhavar Sandhai )",Potato,"Red Nanital",Local,28/07/2026,3000,3000,3000
"Tamil Nadu",Nagapattinam,"Mayiladuthurai(Uzhavar Sandhai )","Cluster beans","Cluster Beans",Local,28/07/2026,4500,5000,4750
"Tamil Nadu",Nagapattinam,"Mayiladuthurai(Uzhavar Sandhai )",Pumpkin,Pumpkin,Local,28/07/2026,1500,2000,1750
"Tamil Nadu",Nagapattinam,"Mayiladuthurai(Uzhavar Sandhai )",Amaranthus,Amaranthus,Local,28/07/2026,1500,2000,1750
"Tamil Nadu",Nagapattinam,"Mayiladuthurai(Uzhavar Sandhai )",Cabbage,Cabbage,Local,28/07/2026,4000,4000,4000
"Tamil Nadu",Nagapattinam,"Mayiladuthurai(Uzhavar Sandhai )",Beetroot,Beetroot,Local,28/07/2026,5000,5000,5000
"Tamil Nadu",Nagapattinam,"Mayiladuthurai(Uzhavar Sandhai )",Raddish,Raddish,Local,28/07/2026,3500,4000,3750
"Tamil Nadu",Pudukkottai,"Viralimalai(Uzhavar Sandhai )",Pumpkin,Pumpkin,Local,28/07/2026,1000,1500,1250
"Tamil Nadu",Pudukkottai,"Viralimalai(Uzhavar Sandhai )","Green Avare(W)","Green Avare (W)",Local,28/07/2026,6500,7000,6750
"Tamil Nadu",Pudukkottai,"Viralimalai(Uzhavar Sandhai )",Drumstick,Drumstick,Local,28/07/2026,5500,6000,5750
"Tamil Nadu",Pudukkottai,"Viralimalai(Uzhavar Sandhai )",Lemon,Lemon,Local,28/07/2026,4500,5000,4750
"Tamil Nadu",Pudukkottai,"Viralimalai(Uzhavar Sandhai )","Amla(Nelli Kai)",Amla,Local,28/07/2026,6000,7000,6500
"Tamil Nadu",Ramanathapuram,"Kamuthi(Uzhavar Sandhai )",Mint(Pudina),Mint(Pudina),Local,28/07/2026,7000,7400,7200
Rajasthan,Jodhpur,"Osiyan Mathania APMC",Wheat,Local,Local,28/07/2026,2300,2500,2400
"Tamil Nadu",Ramanathapuram,"Paramakudi(Uzhavar Sandhai )",Banana,Besrai,Local,28/07/2026,5000,5500,5250
"Tamil Nadu",Ramanathapuram,"Paramakudi(Uzhavar Sandhai )",Coriander(Leaves),"I Sort",Local,28/07/2026,6500,7000,6750
"Tamil Nadu",Ramanathapuram,"Paramakudi(Uzhavar Sandhai )",Ashgourd,Gouard,Local,28/07/2026,2000,2200,2100
"Tamil Nadu",Ramanathapuram,"Paramakudi(Uzhavar Sandhai )",Raddish,Raddish,Local,28/07/2026,4000,4500,4250
"Tamil Nadu",Ramanathapuram,"Paramakudi(Uzhavar Sandhai )","Chow Chow","Chow Chow",Local,28/07/2026,3800,4000,3900
"Tamil Nadu",Ramanathapuram,"Ramanathapuram(Uzhavar Sandhai )",Banana,Besrai,Local,28/07/2026,5000,5500,5250
"Tamil Nadu",Ramanathapuram,"Ramanathapuram(Uzhavar Sandhai )",Cauliflower,Ranchi,Local,28/07/2026,5500,6000,5750
"Tamil Nadu",Ramanathapuram,"Ramanathapuram(Uzhavar Sandhai )",Tomato,Deshi,Local,28/07/2026,2500,2800,2650
"Tamil Nadu",Ramanathapuram,"Ramanathapuram(Uzhavar Sandhai )",Coconut,Coconut,Local,28/07/2026,6500,7000,6750
"Tamil Nadu",Ramanathapuram,"Ramanathapuram(Uzhavar Sandhai )",Carrot,Pusakesar,Local,28/07/2026,5500,6000,5750
"Tamil Nadu",Ramanathapuram,"Ramanathapuram(Uzhavar Sandhai )",Beetroot,Beetroot,Local,28/07/2026,5000,5500,5250
"Tamil Nadu",Ramanathapuram,"Ramanathapuram(Uzhavar Sandhai )","Green Avare(W)","Green Avare (W)",Local,28/07/2026,8000,8500,8250
"Tamil Nadu",Ramanathapuram,"Ramanathapuram(Uzhavar Sandhai )",Jasmine,Jasmine,Local,28/07/2026,70000,75000,72500
"Tamil Nadu",Ramanathapuram,"Ramanathapuram(Uzhavar Sandhai )",Kakada,Kakada,Local,28/07/2026,70000,75000,72500
"Tamil Nadu",Ramanathapuram,"Ramanathapuram(Uzhavar Sandhai )","Tube Flower","Tube Flower",Local,28/07/2026,100000,105000,102500
"Tamil Nadu",Pudukkottai,"Alangudi(Uzhavar Sandhai )",Tomato,Other,Local,28/07/2026,2000,2500,2250
"Tamil Nadu",Pudukkottai,"Alangudi(Uzhavar Sandhai )","Bitter gourd",Other,Local,28/07/2026,8000,9000,8500
"Tamil Nadu",Pudukkottai,"Alangudi(Uzhavar Sandhai )","Bottle gourd","Bottle Gourd",Local,28/07/2026,2000,2500,2250
"Tamil Nadu",Pudukkottai,"Alangudi(Uzhavar Sandhai )",Amaranthus,Amaranthus,Local,28/07/2026,1500,2000,1750
"Tamil Nadu",Thiruvannamalai,"Arani(Uzhavar Sandhai )","Banana - Green","Banana - Green",Local,28/07/2026,1500,2000,1750
"Tamil Nadu",Thiruvannamalai,"Arani(Uzhavar Sandhai )",Snakeguard,Snakeguard,Local,28/07/2026,3000,3600,3300
"Tamil Nadu",Thiruvannamalai,"Arani(Uzhavar Sandhai )","Green Avare(W)","Green Avare (W)",Local,28/07/2026,5000,6000,5500
"Tamil Nadu",Thiruvannamalai,"Arani(Uzhavar Sandhai )",Colacasia,Colacasia,Local,28/07/2026,3500,4000,3750
"Tamil Nadu",Thiruvannamalai,"Arani(Uzhavar Sandhai )",Mint(Pudina),Mint(Pudina),Local,28/07/2026,3500,4000,3750
"Tamil Nadu",Thiruvannamalai,"Polur(Uzhavar Sandhai )","Bottle gourd","Bottle Gourd",Local,28/07/2026,2000,2400,2200
"Tamil Nadu",Thiruvannamalai,"Polur(Uzhavar Sandhai )",Ridgeguard(Tori),Ridgeguard(Tori),Local,28/07/2026,4000,4800,4400
"Tamil Nadu",Thiruvannamalai,"Polur(Uzhavar Sandhai )",Thondekai,Thondekai,Local,28/07/2026,4200,5000,4600
"Tamil Nadu",Thiruvannamalai,"Polur(Uzhavar Sandhai )",Mango(Raw-Ripe),"Mango - Raw-Ripe",Local,28/07/2026,2000,2400,2200
"Tamil Nadu",Thiruvannamalai,"Polur(Uzhavar Sandhai )","Jack Fruit(Ripe)","Jack Fruit",Local,28/07/2026,1600,2000,1800
"Tamil Nadu",Thiruvannamalai,"Polur(Uzhavar Sandhai )",Colacasia,Colacasia,Local,28/07/2026,3300,4000,3650
"Tamil Nadu",Thiruvannamalai,"Tiruvannamalai(Uzhavar Sandhai )",Banana,Besrai,Local,28/07/2026,4000,5000,4500
"Tamil Nadu",Thiruvannamalai,"Tiruvannamalai(Uzhavar Sandhai )",Grapes,Annabesahai,Local,28/07/2026,8000,10000,9000
"Tamil Nadu",Thiruvannamalai,"Tiruvannamalai(Uzhavar Sandhai )",Beans,"Beans (Whole)",Local,28/07/2026,8000,10000,9000
"Tamil Nadu",Thiruvannamalai,"Tiruvannamalai(Uzhavar Sandhai )",Carrot,Pusakesar,Local,28/07/2026,6400,7200,6800
"Tamil Nadu",Thiruvannamalai,"Tiruvannamalai(Uzhavar Sandhai )",Beetroot,Beetroot,Local,28/07/2026,3600,4000,3800
"Tamil Nadu",Thiruvannamalai,"Tiruvannamalai(Uzhavar Sandhai )",Ridgeguard(Tori),Ridgeguard(Tori),Local,28/07/2026,5000,6000,5500
"Tamil Nadu",Thiruvannamalai,"Tiruvannamalai(Uzhavar Sandhai )","Chow Chow","Chow Chow",Local,28/07/2026,3600,4000,3800
"Tamil Nadu",Thiruvannamalai,"Tiruvannamalai(Uzhavar Sandhai )",Mango(Raw-Ripe),"Mango - Raw-Ripe",Local,28/07/2026,2500,3000,2750
"Tamil Nadu",Thiruvannamalai,"Tiruvannamalai(Uzhavar Sandhai )","Knool Khol","Knool Khol",Local,28/07/2026,4000,4800,4400
"Tamil Nadu",Thiruvannamalai,"Tiruvannamalai(Uzhavar Sandhai )",Mashrooms,Mashrooms,Local,28/07/2026,20000,25000,22500
"Tamil Nadu",Thiruvannamalai,"Tiruvannamalai(Uzhavar Sandhai )",Mint(Pudina),Mint(Pudina),Local,28/07/2026,5000,6000,5500
"Tamil Nadu",Thiruvellore,"Ambattur(Uzhavar Sandhai )",Tomato,Deshi,Local,28/07/2026,2500,2500,2500
"Tamil Nadu",Thiruvellore,"Ambattur(Uzhavar Sandhai )","Bottle gourd","Bottle Gourd",Local,28/07/2026,3000,3000,3000
"Andhra Pradesh",Srikakulam,"Narasannapet APMC",Paddy(Common),Paddy,FAQ,28/07/2026,2369,2369,2369
"Tamil Nadu",Thiruvellore,"Perambakkam(Uzhavar Sandhai )",Ridgeguard(Tori),Ridgeguard(Tori),Local,28/07/2026,4500,4500,4500
"Tamil Nadu",Thiruvellore,"Perambakkam(Uzhavar Sandhai )",Jasmine,Jasmine,Local,28/07/2026,40000,40000,40000
"Tamil Nadu",Thiruvellore,"Perambakkam(Uzhavar Sandhai )","Tube Rose(Loose)","Tube Rose (Loose)",Local,28/07/2026,10000,10000,10000
"Tamil Nadu",Tuticorin,"Kovilpatti(Uzhavar Sandhai )",Potato,Other,Local,28/07/2026,3000,3500,3250
"Tamil Nadu",Tuticorin,"Kovilpatti(Uzhavar Sandhai )","Cluster beans","Cluster Beans",Local,28/07/2026,3000,3500,3250
"Tamil Nadu",Tuticorin,"Kovilpatti(Uzhavar Sandhai )",Ashgourd,Gouard,Local,28/07/2026,2000,2500,2250
"Tamil Nadu",Tuticorin,"Kovilpatti(Uzhavar Sandhai )",Cabbage,Cabbage,Local,28/07/2026,4500,5000,4750
"Tamil Nadu",Tuticorin,"Kovilpatti(Uzhavar Sandhai )",Ridgeguard(Tori),Ridgeguard(Tori),Local,28/07/2026,8000,8500,8250
"Tamil Nadu",Tuticorin,"Kovilpatti(Uzhavar Sandhai )","Elephant Yam(Suran)/Amorphophallus","Elephant Yam (Suran)",Local,28/07/2026,4000,4500,4250
"Tamil Nadu",Vellore,"Gudiyatham(Uzhavar Sandhai )",Ashgourd,Gouard,Local,28/07/2026,2400,2400,2400
"Tamil Nadu",Vellore,"Gudiyatham(Uzhavar Sandhai )",Ginger(Green),"Green Ginger",Local,28/07/2026,23000,23000,23000
"Tamil Nadu",Vellore,"Gudiyatham(Uzhavar Sandhai )",Cabbage,Cabbage,Local,28/07/2026,3600,3600,3600
"Tamil Nadu",Vellore,"Gudiyatham(Uzhavar Sandhai )",Snakeguard,Snakeguard,Local,28/07/2026,3600,3600,3600
"Tamil Nadu",Vellore,"Gudiyatham(Uzhavar Sandhai )",Cucumbar(Kheera),Cucumbar,Local,28/07/2026,3600,3600,3600
"Tamil Nadu",Vellore,"Gudiyatham(Uzhavar Sandhai )","Chow Chow","Chow Chow",Local,28/07/2026,4500,4500,4500
"Tamil Nadu",Vellore,"Gudiyatham(Uzhavar Sandhai )",Guava,"Guava Allahabad",Local,28/07/2026,4000,4000,4000
"Tamil Nadu",Vellore,"Gudiyatham(Uzhavar Sandhai )","Sweet Corn ","Sweet Corn ",Local,28/07/2026,3000,3000,3000
"Tamil Nadu",Vellore,"Kahithapattarai(Uzhavar Sandhai )",Groundnut,"Big (With Shell)",Local,28/07/2026,8000,8000,8000
"Tamil Nadu",Vellore,"Kahithapattarai(Uzhavar Sandhai )","Chili Red",Bold,Local,28/07/2026,20000,20000,20000
"Tamil Nadu",Vellore,"Kahithapattarai(Uzhavar Sandhai )",Cauliflower,Ranchi,Local,28/07/2026,1500,1500,1500
"Tamil Nadu",Vellore,"Kahithapattarai(Uzhavar Sandhai )","Cluster beans","Cluster Beans",Local,28/07/2026,4500,4500,4500
"Tamil Nadu",Vellore,"Kahithapattarai(Uzhavar Sandhai )",Amaranthus,Amaranthus,Local,28/07/2026,3000,3600,3300
"Tamil Nadu",Vellore,"Kahithapattarai(Uzhavar Sandhai )",Ginger(Green),"Green Ginger",Local,28/07/2026,19000,19000,19000
"Tamil Nadu",Vellore,"Kahithapattarai(Uzhavar Sandhai )",Raddish,Raddish,Local,28/07/2026,3000,3000,3000
"Tamil Nadu",Vellore,"Kahithapattarai(Uzhavar Sandhai )",Mango(Raw-Ripe),"Mango - Raw-Ripe",Local,28/07/2026,2000,2500,2250
"Tamil Nadu",Vellore,"Kahithapattarai(Uzhavar Sandhai )",Jasmine,Jasmine,Local,28/07/2026,55000,55000,55000
"Tamil Nadu",Vellore,"Kahithapattarai(Uzhavar Sandhai )","Sweet Corn ","Sweet Corn ",Local,28/07/2026,3500,3500,3500
"Andhra Pradesh",Palnadu,"Narasaraopet APMC",Cotton,Bunny,FAQ,28/07/2026,8500,8500,8500
"Andhra Pradesh","YSR Kadapa","Badvel APMC",Paddy(Common),Masuri,Local,28/07/2026,2300,2400,2350
"Andhra Pradesh","Sri Sathya Sai","Penukonda APMC",Groundnut,Local,FAQ,28/07/2026,7400,7800,7500
Rajasthan,Churu,"Churu APMC",Tomato,Hybrid,FAQ,28/07/2026,2400,2600,2500
Punjab,Ludhiana,"Ludhiana APMC",Ginger(Green),Other,FAQ,28/07/2026,6000,8000,7000
Punjab,Ludhiana,"Ludhiana APMC","Bottle gourd",Other,FAQ,28/07/2026,300,1500,1000
Punjab,Ludhiana,"Ludhiana APMC","Pea Pod/Pea Cod/हरी मटर",Other,FAQ,28/07/2026,2800,4500,3500
Punjab,Ludhiana,"Ludhiana APMC","French Beans(Frasbean)",Other,FAQ,28/07/2026,1800,2800,2300
Odisha,Dhenkanal,"Hindol APMC",Drumstick,Drumstick,"Grade B",28/07/2026,6500,7000,6800
Odisha,Dhenkanal,"Hindol APMC",Tomato,Tomato,"Grade B",28/07/2026,3000,3500,3200
"Andaman and Nicobar","North and Middle Andaman ","Diglipur Vegetable Market (Subhashgram)",Amaranthus,Other,FAQ,28/07/2026,2500,5000,3500
"Andaman and Nicobar","North and Middle Andaman ","Diglipur Vegetable Market (Subhashgram)",Brinjal,Other,FAQ,28/07/2026,5000,10000,7000
"Andaman and Nicobar","North and Middle Andaman ","Diglipur Vegetable Market (Subhashgram)","Tender Coconut","Tender Coconut",Medium,28/07/2026,25,50,35
"Tamil Nadu",Thiruvannamalai,"Cheyyar(Uzhavar Sandhai )",Banana,Poovan,Local,28/07/2026,4000,5000,4500
"Tamil Nadu",Thiruvannamalai,"Cheyyar(Uzhavar Sandhai )","Banana - Green","Banana - Green",Local,28/07/2026,1500,2000,1750
"Tamil Nadu",Thiruvannamalai,"Cheyyar(Uzhavar Sandhai )",Beetroot,Beetroot,Local,28/07/2026,4000,4800,4400
"Tamil Nadu",Thiruvannamalai,"Cheyyar(Uzhavar Sandhai )",Ridgeguard(Tori),Ridgeguard(Tori),Local,28/07/2026,3500,4200,3850
"Andhra Pradesh",Krishna,"Divi (HQ-Avanigadda) APMC",Paddy(Common),"B P T",FAQ,28/07/2026,2450,2600,2525
"Andhra Pradesh",Eluru,"Nuzvid APMC",Maize,Local,FAQ,28/07/2026,2500,2500,2500
Odisha,Sundergarh,"Panposh APMC",Cauliflower,Other,FAQ,28/07/2026,4000,4500,4200
Odisha,Sundergarh,"Panposh APMC",Tomato,Hybrid,FAQ,28/07/2026,3500,4200,4000
"Tamil Nadu",Ariyalur,"Ariyalur(Uzhavar Sandhai)",Lemon,Lemon,Local,28/07/2026,8000,9000,8500
"Tamil Nadu",Ariyalur,"Ariyalur(Uzhavar Sandhai)",Mint(Pudina),Mint(Pudina),Local,28/07/2026,5500,6500,6000
Haryana,Mahendragarh-Narnaul,"Narnaul APMC",Cabbage,Cabbage,Medium,28/07/2026,2000,4000,3000
Haryana,Mahendragarh-Narnaul,"Narnaul APMC","Sponge gourd","Sponge gourd",Medium,28/07/2026,5000,6000,6000
Haryana,Mahendragarh-Narnaul,"Narnaul APMC",Pumpkin,Pumpkin,Medium,28/07/2026,1000,2000,1500
Haryana,Mahendragarh-Narnaul,"Narnaul APMC","Bitter gourd","Bitter Gourd",Medium,28/07/2026,2000,4000,3000
Haryana,Mahendragarh-Narnaul,"Narnaul APMC","Bottle gourd","Bottle Gourd",Medium,28/07/2026,1500,3000,2500
Haryana,Mahendragarh-Narnaul,"Narnaul APMC",Mango,Mango,Medium,28/07/2026,5000,7000,6000
Haryana,Mahendragarh-Narnaul,"Narnaul APMC","Mousambi(Sweet Lime)",Mousambi,Medium,28/07/2026,3000,4000,4000
Haryana,Mahendragarh-Narnaul,"Narnaul APMC","Tender Coconut","Tender Coconut",Medium,28/07/2026,5500,6000,6000
Uttarakhand,Haridwar,"Haridwar Union APMC",Banana,Other,"Grade C",28/07/2026,1350,1800,1550
Uttarakhand,Haridwar,"Haridwar Union APMC","Bottle gourd","Bottle Gourd",FAQ,28/07/2026,900,1500,1200
Uttarakhand,Haridwar,"Haridwar Union APMC",Potato,Potato,FAQ,28/07/2026,700,950,800
Uttarakhand,Haridwar,"Haridwar Union APMC",Tomato,Hybrid,FAQ,28/07/2026,800,2200,1500
Punjab,Ludhiana,"Doraha APMC",Banana,Amruthapani,Local,28/07/2026,3600,3600,3600
Punjab,Ludhiana,"Doraha APMC",Potato,Desi,Local,28/07/2026,700,800,750
Punjab,Ludhiana,"Doraha APMC",Ridgeguard(Tori),Other,Local,28/07/2026,3000,4000,3500
Punjab,Ludhiana,"Doraha APMC",Spinach,Spinach,Local,28/07/2026,1000,1500,1300
Punjab,Ludhiana,"Doraha APMC","Bhindi(Ladies Finger)",Other,Local,28/07/2026,2000,3000,2500
Punjab,Ludhiana,"Doraha APMC",Ginger(Green),"Green Ginger",Local,28/07/2026,9000,11000,10000
Punjab,Ludhiana,"Doraha APMC",Coriander(Leaves),Coriander,Local,28/07/2026,5000,10000,8000
Punjab,Ludhiana,"Doraha APMC",Brinjal,Other,Local,28/07/2026,2000,2000,2000
Odisha,Sambalpur,"Rairakhol APMC",Tomato,Hybrid,Medium,28/07/2026,3000,3500,3200
Odisha,Sundergarh,"Sargipali APMC",Brinjal,Brinjal,FAQ,28/07/2026,4000,4500,4200
Keralam,Idukki,"Munnar Market","French Beans(Frasbean)","French Beans (Frasbean)",Medium,28/07/2026,7500,7500,7500
Keralam,Alappuzha,"Chengannur Market",Coconut,Big,FAQ,28/07/2026,5300,5600,5500
Keralam,Alappuzha,"Chengannur Market","Banana - Green","Banana - Green",FAQ,28/07/2026,5400,5700,5500
Keralam,Alappuzha,"Chengannur Market","Cluster beans","Cluster Beans",FAQ,28/07/2026,5500,6300,6000
Keralam,Alappuzha,"Chengannur Market",Colacasia,Colacasia,FAQ,28/07/2026,5400,5800,5500
Keralam,Alappuzha,"Chengannur Market",Drumstick,Other,FAQ,28/07/2026,3800,4100,4000
"Andhra Pradesh",Kakinada,"Prattipadu APMC",Paddy(Common),1001,FAQ,28/07/2026,2369,2380,2369
Haryana,Gurgaon,"Gurgaon APMC",Banana,Other,"Grade B",28/07/2026,2000,4000,3000
Haryana,Gurgaon,"Gurgaon APMC",Mango,Other,"Grade B",28/07/2026,3000,5000,4000
Keralam,Kannur,"Kolayad VFPCK Market",Banana,"Nendra Bale","Grade A",28/07/2026,4400,4400,4400
"Andhra Pradesh","YSR Kadapa","Kamalapuram APMC",Paddy(Common),Paddy,Local,28/07/2026,2450,2450,2450
"Uttar Pradesh","Khiri (Lakhimpur)","Maigalganj APMC","Banana - Green","Banana - Green",FAQ,28/07/2026,1900,1930,1915
"Uttar Pradesh","Khiri (Lakhimpur)","Maigalganj APMC",Pumpkin,Pumpkin,FAQ,28/07/2026,800,840,820
"Uttar Pradesh","Khiri (Lakhimpur)","Maigalganj APMC",Brinjal,Round/Long,FAQ,28/07/2026,1220,1260,1240
"Uttar Pradesh","Khiri (Lakhimpur)","Maigalganj APMC",Ridgeguard(Tori),Ridgeguard(Tori),FAQ,28/07/2026,1400,1448,1424
"Himachal Pradesh",Kangra,"SMY Baijnath",Potato,Jyoti,"Grade A",28/07/2026,1500,1800,1700
"Himachal Pradesh",Kangra,"SMY Baijnath",Tomato,Hybrid,"Grade B",28/07/2026,1800,3300,3200
"Himachal Pradesh",Kangra,"SMY Baijnath","Bottle gourd","Bottle Gourd","Grade A",28/07/2026,3200,3600,3500
"Himachal Pradesh",Kangra,"SMY Jaisinghpur","Bhindi(Ladies Finger)",Bhindi,FAQ,28/07/2026,3800,4500,4200
"Himachal Pradesh",Kangra,"SMY Jaisinghpur","Sponge gourd","Sponge gourd",FAQ,28/07/2026,3800,4500,4200
Keralam,Kozhikode(Calicut),"Quilandy Market",Ashgourd,Other,FAQ,28/07/2026,1700,1800,1800
Keralam,Kozhikode(Calicut),"Quilandy Market","Banana - Green",Other,FAQ,28/07/2026,3400,3500,3500
Keralam,Kozhikode(Calicut),"Quilandy Market",Carrot,Other,FAQ,28/07/2026,8200,8800,8300
Keralam,Kozhikode(Calicut),"Quilandy Market",Drumstick,Other,FAQ,28/07/2026,5900,6200,6000
Keralam,Kozhikode(Calicut),"Quilandy Market",Pumpkin,Other,FAQ,28/07/2026,1700,1800,1800
Keralam,Kozhikode(Calicut),"Quilandy Market",Snakeguard,Other,FAQ,28/07/2026,4600,4700,4700
"Tamil Nadu",Coimbatore,"Mettupalayam(Uzhavar Sandhai )",Brinjal,Round,Local,28/07/2026,3500,4000,3750
"Tamil Nadu",Coimbatore,"Mettupalayam(Uzhavar Sandhai )",Ashgourd,Gouard,Local,28/07/2026,1000,1500,1250
"Tamil Nadu",Coimbatore,"Mettupalayam(Uzhavar Sandhai )",Cowpea(Veg),"Cowpea (Veg)",Local,28/07/2026,3500,4000,3750
"Tamil Nadu",Coimbatore,"Mettupalayam(Uzhavar Sandhai )","Sweet Potato","Hosur Red",Local,28/07/2026,3500,4000,3750
"Tamil Nadu",Coimbatore,"Mettupalayam(Uzhavar Sandhai )",Beetroot,Beetroot,Local,28/07/2026,7500,8500,8000
"Tamil Nadu",Coimbatore,"Mettupalayam(Uzhavar Sandhai )",Thondekai,Thondekai,Local,28/07/2026,4500,5000,4750
"Tamil Nadu",Coimbatore,"Mettupalayam(Uzhavar Sandhai )","Knool Khol","Knool Khol",Local,28/07/2026,3500,4000,3750
"Tamil Nadu",Coimbatore,"Mettupalayam(Uzhavar Sandhai )",Mint(Pudina),Mint(Pudina),Local,28/07/2026,7000,7500,7250
"Tamil Nadu",Erode,"Sathiyamagalam(Uzhavar Sandhai )",Potato,Other,Local,28/07/2026,3500,4000,3750
"Tamil Nadu",Erode,"Sathiyamagalam(Uzhavar Sandhai )",Beans,"Beans (Whole)",Local,28/07/2026,8400,8800,8600
"Tamil Nadu",Erode,"Sathiyamagalam(Uzhavar Sandhai )",Snakeguard,Snakeguard,Local,28/07/2026,4000,4600,4300
"Tamil Nadu",Erode,"Sathiyamagalam(Uzhavar Sandhai )","Elephant Yam(Suran)/Amorphophallus","Elephant Yam (Suran)",Local,28/07/2026,3000,3500,3250
"Tamil Nadu",Erode,"Sathiyamagalam(Uzhavar Sandhai )",Lemon,Lemon,Local,28/07/2026,7500,8000,7750
"Tamil Nadu",Namakkal,"Tiruchengode APMC","Water Melon","Water Melon",Local,28/07/2026,1400,1600,1500
"Tamil Nadu",Namakkal,"Tiruchengode APMC",Tomato,Other,Local,28/07/2026,1800,2000,1900
"Tamil Nadu",Namakkal,"Tiruchengode APMC","Sweet Potato","Hosur Red",Local,28/07/2026,4500,5000,4750
"Tamil Nadu",Namakkal,"Tiruchengode APMC",Cucumbar(Kheera),Cucumbar,Local,28/07/2026,7000,8000,7500
"Tamil Nadu",Namakkal,"Tiruchengode APMC",Ridgeguard(Tori),Ridgeguard(Tori),Local,28/07/2026,5400,6000,5700
"Tamil Nadu",Namakkal,"Tiruchengode APMC","Elephant Yam(Suran)/Amorphophallus","Elephant Yam (Suran)",Local,28/07/2026,3000,3500,3250
"Tamil Nadu",Namakkal,"Tiruchengode APMC","Amla(Nelli Kai)",Amla,Local,28/07/2026,7000,8000,7500
"Andhra Pradesh",Visakhapatnam,"Bhimunipatnam APMC",Groundnut,"Big (With Shell)",Local,28/07/2026,7000,7000,7000
"Andhra Pradesh",Visakhapatnam,"Bhimunipatnam APMC",Paddy(Common),"Samba Masuri",Local,28/07/2026,2369,2369,2369
"Uttar Pradesh",Badaun,"Dataganj APMC",Wheat,Dara,FAQ,28/07/2026,2450,2510,2500
"Uttar Pradesh",Rampur,"Bilaspur APMC",Banana,Other,Medium,28/07/2026,2100,2300,2200
"Tamil Nadu",Ariyalur,"Jeyankondam (Uzhavar Sandhai )",Onion,Bellary,Local,28/07/2026,3500,4000,3750
"Tamil Nadu",Coimbatore,"RSPuram(Uzhavar Sandhai )",Apple,American,Local,28/07/2026,20000,27000,23500
"Tamil Nadu",Coimbatore,"RSPuram(Uzhavar Sandhai )",Mango,Neelam,Local,28/07/2026,6000,7000,6500
"Tamil Nadu",Coimbatore,"RSPuram(Uzhavar Sandhai )",Grapes,Annabesahai,Local,28/07/2026,8000,8500,8250
"Tamil Nadu",Coimbatore,"RSPuram(Uzhavar Sandhai )",Garlic,Garlic,Local,28/07/2026,20000,22000,21000
"Tamil Nadu",Coimbatore,"RSPuram(Uzhavar Sandhai )","Cluster beans","Cluster Beans",Local,28/07/2026,3400,3800,3600
"Tamil Nadu",Coimbatore,"RSPuram(Uzhavar Sandhai )",Cabbage,Cabbage,Local,28/07/2026,3000,3500,3250
"Tamil Nadu",Coimbatore,"RSPuram(Uzhavar Sandhai )",Beetroot,Beetroot,Local,28/07/2026,7000,7800,7400
"Tamil Nadu",Coimbatore,"RSPuram(Uzhavar Sandhai )",Cucumbar(Kheera),Cucumbar,Local,28/07/2026,3200,3800,3500
"Tamil Nadu",Coimbatore,"RSPuram(Uzhavar Sandhai )","Karbuja(Musk Melon)",Karbhuja,Local,28/07/2026,2500,3000,2750
"Tamil Nadu",Coimbatore,"RSPuram(Uzhavar Sandhai )",Yam(Ratalu),"Yam (Ratalu)",Local,28/07/2026,9000,9600,9300
"Tamil Nadu",Coimbatore,"RSPuram(Uzhavar Sandhai )",Lemon,Lemon,Local,28/07/2026,7000,8000,7500
"Tamil Nadu",Coimbatore,"Singanallur(Uzhavar Sandhai )",Apple,American,Local,28/07/2026,20000,22000,21000
"Tamil Nadu",Coimbatore,"Singanallur(Uzhavar Sandhai )","Green Peas","Green Peas",Local,28/07/2026,22000,26000,24000
"Tamil Nadu",Coimbatore,"Singanallur(Uzhavar Sandhai )",Beetroot,Beetroot,Local,28/07/2026,7500,8300,7900
"Tamil Nadu",Coimbatore,"Singanallur(Uzhavar Sandhai )",Raddish,Raddish,Local,28/07/2026,4000,4500,4250
"Tamil Nadu",Coimbatore,"Singanallur(Uzhavar Sandhai )",Thondekai,Thondekai,Local,28/07/2026,4800,5200,5000
"Tamil Nadu",Coimbatore,"Singanallur(Uzhavar Sandhai )",Capsicum,Capsicum,Local,28/07/2026,8500,9000,8750
"Tamil Nadu",Coimbatore,"Singanallur(Uzhavar Sandhai )","Chow Chow","Chow Chow",Local,28/07/2026,3200,3600,3400
"Tamil Nadu",Coimbatore,"Singanallur(Uzhavar Sandhai )",Drumstick,Drumstick,Local,28/07/2026,4500,5000,4750
"Tamil Nadu",Coimbatore,"Singanallur(Uzhavar Sandhai )",Guava,"Guava Allahabad",Local,28/07/2026,5500,6000,5750
"Tamil Nadu",Coimbatore,"Singanallur(Uzhavar Sandhai )",Yam(Ratalu),"Yam (Ratalu)",Local,28/07/2026,9000,9600,9300
"Tamil Nadu",Coimbatore,"Pollachi(Uzhavar Sandhai )",Brinjal,Other,Local,28/07/2026,5000,5500,5250
"Tamil Nadu",Coimbatore,"Pollachi(Uzhavar Sandhai )",Coriander(Leaves),"I Sort",Local,28/07/2026,6500,7500,7000
"Tamil Nadu",Coimbatore,"Pollachi(Uzhavar Sandhai )","Green Chilli","Green Chilly",Local,28/07/2026,4500,5000,4750
"Tamil Nadu",Coimbatore,"Pollachi(Uzhavar Sandhai )",Ginger(Green),"Green Ginger",Local,28/07/2026,16000,18000,17000
"Tamil Nadu",Coimbatore,"Pollachi(Uzhavar Sandhai )","Elephant Yam(Suran)/Amorphophallus","Elephant Yam (Suran)",Local,28/07/2026,3500,4000,3750
Telangana,"Ranga Reddy","Vanasthalipuram,RBZ ","Banana - Green","Banana - Green",Local,28/07/2026,4000,4000,4000
Telangana,"Ranga Reddy","Vanasthalipuram,RBZ ",Cauliflower,Cauliflower,Local,28/07/2026,1800,1800,1800
Telangana,"Ranga Reddy","Vanasthalipuram,RBZ ",Brinjal,Round/Long,Local,28/07/2026,2300,2300,2300
Telangana,"Ranga Reddy","Vanasthalipuram,RBZ ","Ladies Finger","Ladies Finger",Local,28/07/2026,4000,4000,4000
Telangana,"Ranga Reddy","Vanasthalipuram,RBZ ",Potato,Potato,Local,28/07/2026,1700,1700,1700
Telangana,"Ranga Reddy","Vanasthalipuram,RBZ ",Drumstick,Drumstick,Local,28/07/2026,4500,4500,4500
Telangana,"Ranga Reddy","Vanasthalipuram,RBZ ","Field Bean(Anumulu)","Field Bean(Anumulu)","Grade A",28/07/2026,4500,4500,4500
Telangana,"Ranga Reddy","Vanasthalipuram,RBZ ","Leafy Vegetable","Leafy Vegetables",Local,28/07/2026,5000,5000,5000
Telangana,"Ranga Reddy","Vanasthalipuram,RBZ ","Elephant Yam(Suran)/Amorphophallus","Elephant Yam (Suran)",Local,28/07/2026,4500,4500,4500
"Tamil Nadu",Karur,"Karur(Uzhavar Sandhai )",Banana,"Red Banana",Local,28/07/2026,5000,6000,5500
"Tamil Nadu",Karur,"Karur(Uzhavar Sandhai )",Potato,Other,Local,28/07/2026,6000,6500,6250
"Tamil Nadu",Karur,"Karur(Uzhavar Sandhai )",Brinjal,Other,Local,28/07/2026,5000,6000,5500
"Tamil Nadu",Karur,"Karur(Uzhavar Sandhai )","Green Chilli","Green Chilly",Local,28/07/2026,4000,5000,4500
"Tamil Nadu",Karur,"Karur(Uzhavar Sandhai )",Ginger(Green),"Green Ginger",Local,28/07/2026,22500,23000,22750
"Tamil Nadu",Karur,"Karur(Uzhavar Sandhai )","Sweet Potato","Hosur Red",Local,28/07/2026,3500,4000,3750
"Tamil Nadu",Karur,"Karur(Uzhavar Sandhai )",Mango(Raw-Ripe),"Mango - Raw-Ripe",Local,28/07/2026,3500,4000,3750
"Tamil Nadu",Karur,"Karur(Uzhavar Sandhai )",Yam(Ratalu),"Yam (Ratalu)",Local,28/07/2026,9000,10000,9500
Tripura,"South Tripura",Manubazar,Amaranthus,Amaranthus,FAQ,28/07/2026,2200,2400,2300
Tripura,"South Tripura",Manubazar,Pumpkin,Pumpkin,"Grade A",28/07/2026,2400,2600,2500
"Tamil Nadu",Coimbatore,"Kurichi(Uzhavar Sandhai )",Brinjal,Other,Local,28/07/2026,5500,6000,5750
"Tamil Nadu",Coimbatore,"Kurichi(Uzhavar Sandhai )",Tomato,Local,Local,28/07/2026,1500,1800,1650
"Tamil Nadu",Coimbatore,"Kurichi(Uzhavar Sandhai )",Ashgourd,Gouard,Local,28/07/2026,1500,1800,1650
"Tamil Nadu",Coimbatore,"Kurichi(Uzhavar Sandhai )","Green Chilli","Green Chilly",Local,28/07/2026,4500,5000,4750
"Tamil Nadu",Coimbatore,"Kurichi(Uzhavar Sandhai )","Sweet Potato","Hosur Red",Local,28/07/2026,3500,4000,3750
"Tamil Nadu",Coimbatore,"Kurichi(Uzhavar Sandhai )","Green Avare(W)","Green Avare (W)",Local,28/07/2026,6500,7000,6750
"Tamil Nadu",Coimbatore,"Kurichi(Uzhavar Sandhai )",Lemon,Lemon,Local,28/07/2026,7500,8000,7750
"Tamil Nadu",Coimbatore,"Kurichi(Uzhavar Sandhai )",Mint(Pudina),Mint(Pudina),Local,28/07/2026,6500,7000,6750
"Tamil Nadu",Cuddalore,"Chidambaram(Uzhavar Sandhai )",Banana,Besrai,Local,28/07/2026,4000,4000,4000
"Tamil Nadu",Cuddalore,"Chidambaram(Uzhavar Sandhai )",Tomato,Local,Local,28/07/2026,2000,2000,2000
"Tamil Nadu",Cuddalore,"Cuddalore(Uzhavar Sandhai )",Chikoos(Sapota),Sapota,Local,28/07/2026,5000,7000,6000
"Tamil Nadu",Cuddalore,"Cuddalore(Uzhavar Sandhai )",Groundnut,"Big (With Shell)",Local,28/07/2026,8000,8000,8000
"Tamil Nadu",Cuddalore,"Cuddalore(Uzhavar Sandhai )",Cauliflower,Ranchi,Local,28/07/2026,4500,4500,4500
"Tamil Nadu",Cuddalore,"Cuddalore(Uzhavar Sandhai )","Bhindi(Ladies Finger)",Bhindi,Local,28/07/2026,3500,3500,3500
"Tamil Nadu",Cuddalore,"Cuddalore(Uzhavar Sandhai )",Amaranthus,Amaranthus,Local,28/07/2026,2000,3000,2500
"Tamil Nadu",Cuddalore,"Cuddalore(Uzhavar Sandhai )","Green Chilli","Green Chilly",Local,28/07/2026,4500,5000,4750
"Tamil Nadu",Cuddalore,"Cuddalore(Uzhavar Sandhai )","Sweet Potato","Hosur Red",Local,28/07/2026,6000,6000,6000
"Tamil Nadu",Cuddalore,"Cuddalore(Uzhavar Sandhai )",Carrot,Pusakesar,Local,28/07/2026,7000,7000,7000
"Tamil Nadu",Cuddalore,"Cuddalore(Uzhavar Sandhai )",Raddish,Raddish,Local,28/07/2026,4000,4000,4000
"Tamil Nadu",Cuddalore,"Cuddalore(Uzhavar Sandhai )","Chow Chow","Chow Chow",Local,28/07/2026,4000,4000,4000
"Tamil Nadu",Cuddalore,"Cuddalore(Uzhavar Sandhai )",Drumstick,Drumstick,Local,28/07/2026,6000,6000,6000
"Tamil Nadu",Cuddalore,"Cuddalore(Uzhavar Sandhai )","Onion Green","Onion Green",Local,28/07/2026,5000,6000,5500
"Tamil Nadu",Cuddalore,"Cuddalore(Uzhavar Sandhai )",Mint(Pudina),Mint(Pudina),Local,28/07/2026,5000,5000,5000
"Tamil Nadu",Chengalpattu,"Thirukalukundram(Uzhavar Sandhai )",Grapes,Annabesahai,Local,28/07/2026,12000,13000,12500
"Tamil Nadu",Chengalpattu,"Thirukalukundram(Uzhavar Sandhai )",Cabbage,Cabbage,Local,28/07/2026,3000,3500,3250
"Tamil Nadu",Chengalpattu,"Thirukalukundram(Uzhavar Sandhai )",Beetroot,Beetroot,Local,28/07/2026,4500,5000,4750
"Tamil Nadu",Chengalpattu,"Thirukalukundram(Uzhavar Sandhai )",Raddish,Raddish,Local,28/07/2026,3500,4000,3750
"Tamil Nadu",Chengalpattu,"Thirukalukundram(Uzhavar Sandhai )","Chow Chow","Chow Chow",Local,28/07/2026,2500,3000,2750
"Tamil Nadu",Chengalpattu,"Thirukalukundram(Uzhavar Sandhai )","Amla(Nelli Kai)",Amla,Local,28/07/2026,8500,9000,8750
"Tamil Nadu",Tuticorin,"Tuticorin(Uzhavar Sandhai )",Papaya,Papaya,Local,28/07/2026,3500,4000,3750
"Tamil Nadu",Tuticorin,"Tuticorin(Uzhavar Sandhai )","Cluster beans","Cluster Beans",Local,28/07/2026,4500,5000,4750
"Tamil Nadu",Tuticorin,"Tuticorin(Uzhavar Sandhai )","Bitter gourd",Other,Local,28/07/2026,12000,13000,12500
"Tamil Nadu",Tuticorin,"Tuticorin(Uzhavar Sandhai )",Ashgourd,Gouard,Local,28/07/2026,1500,2000,1750
"Tamil Nadu",Tuticorin,"Tuticorin(Uzhavar Sandhai )",Pumpkin,Pumpkin,Local,28/07/2026,1500,2000,1750
"Tamil Nadu",Tuticorin,"Tuticorin(Uzhavar Sandhai )",Ginger(Green),"Green Ginger",Local,28/07/2026,23000,24000,23500
"Tamil Nadu",Tuticorin,"Tuticorin(Uzhavar Sandhai )",Coconut,Coconut,Local,28/07/2026,6000,7000,6500
"Tamil Nadu",Tuticorin,"Tuticorin(Uzhavar Sandhai )",Cabbage,Cabbage,Local,28/07/2026,3500,4000,3750
"Tamil Nadu",Tuticorin,"Tuticorin(Uzhavar Sandhai )",Pomegranate,Pomogranate,Local,28/07/2026,19000,20000,19500
"Tamil Nadu",Tuticorin,"Tuticorin(Uzhavar Sandhai )",Mint(Pudina),Mint(Pudina),Local,28/07/2026,6000,7000,6500
"Tamil Nadu","Nagercoil (Kannyiakumari)","Vadaseri APMC",Cauliflower,Ranchi,Local,28/07/2026,5000,5500,5250
"Tamil Nadu","Nagercoil (Kannyiakumari)","Vadaseri APMC","Bottle gourd","Bottle Gourd",Local,28/07/2026,2700,3000,2850
"Tamil Nadu","Nagercoil (Kannyiakumari)","Vadaseri APMC",Cowpea(Veg),"Cowpea (Veg)",Local,28/07/2026,4500,5000,4750
"Tamil Nadu","Nagercoil (Kannyiakumari)","Vadaseri APMC",Ginger(Green),"Green Ginger",Local,28/07/2026,20000,22000,21000
"Tamil Nadu","Nagercoil (Kannyiakumari)","Vadaseri APMC",Coconut,Coconut,Local,28/07/2026,5300,5500,5400
"Tamil Nadu","Nagercoil (Kannyiakumari)","Vadaseri APMC",Cucumbar(Kheera),Cucumbar,Local,28/07/2026,2700,3000,2850
"Tamil Nadu","Nagercoil (Kannyiakumari)","Vadaseri APMC",Mango(Raw-Ripe),"Mango - Raw-Ripe",Local,28/07/2026,4000,4500,4250
"Tamil Nadu","Nagercoil (Kannyiakumari)","Vadaseri APMC",Kakada,Kakada,Local,28/07/2026,30000,35000,32500
"Tamil Nadu","Nagercoil (Kannyiakumari)","Vadaseri APMC",Lemon,Lemon,Local,28/07/2026,9000,10000,9500
"Tamil Nadu",Pudukkottai,"Karambakkudi(Uzhavar Sandhai )",Pumpkin,Pumpkin,Local,28/07/2026,1000,1500,1250
"Tamil Nadu",Pudukkottai,"Karambakkudi(Uzhavar Sandhai )",Drumstick,Drumstick,Local,28/07/2026,6000,7000,6500
"Tamil Nadu",Pudukkottai,"Karambakkudi(Uzhavar Sandhai )",Mint(Pudina),Mint(Pudina),Local,28/07/2026,4000,5000,4500
"Madhya Pradesh",Morena,"Kailaras APMC",Spinach,Spinach,FAQ,28/07/2026,1000,1000,1000
"Tamil Nadu",Vellore,"Thirupathur APMC",Papaya,Papaya,Local,28/07/2026,4000,4000,4000
"Tamil Nadu",Vellore,"Thirupathur APMC",Mango,Safeda,Local,28/07/2026,4000,4000,4000
"Tamil Nadu",Vellore,"Thirupathur APMC",Onion,Bellary,Local,28/07/2026,4000,4000,4000
"Tamil Nadu",Vellore,"Thirupathur APMC",Potato,"Red Nanital",Local,28/07/2026,3000,3000,3000
"Tamil Nadu",Vellore,"Thirupathur APMC",Cauliflower,Ranchi,Local,28/07/2026,2500,2500,2500
"Tamil Nadu",Vellore,"Thirupathur APMC",Coriander(Leaves),"I Sort",Local,28/07/2026,8000,8000,8000
"Tamil Nadu",Vellore,"Thirupathur APMC","Green Peas","Green Peas",Local,28/07/2026,8000,8000,8000
"Tamil Nadu",Vellore,"Thirupathur APMC",Beans,"Beans (Whole)",Local,28/07/2026,8000,8000,8000
"Tamil Nadu",Vellore,"Thirupathur APMC",Cabbage,Cabbage,Local,28/07/2026,4000,4000,4000
"Tamil Nadu",Vellore,"Thirupathur APMC",Snakeguard,Snakeguard,Local,28/07/2026,3000,3000,3000
"Tamil Nadu",Vellore,"Thirupathur APMC","Chow Chow","Chow Chow",Local,28/07/2026,2500,2500,2500
"Tamil Nadu",Vellore,"Thirupathur APMC","Jack Fruit(Ripe)","Jack Fruit",Local,28/07/2026,3000,3000,3000
"Tamil Nadu",Vellore,"Thirupathur APMC",Yam(Ratalu),"Yam (Ratalu)",Local,28/07/2026,4000,4000,4000
"Tamil Nadu",Vellore,"Thirupathur APMC","Onion Green","Onion Green",Local,28/07/2026,7500,7500,7500
"Tamil Nadu",Vellore,"Vellore APMC",Cucumbar(Kheera),Cucumbar,Local,28/07/2026,4000,4000,4000
"Tamil Nadu",Vellore,"Vellore APMC","Green Avare(W)","Green Avare (W)",Local,28/07/2026,5000,5000,5000
Bihar,Sheikhpura,"Shekhpura APMC","Bottle gourd","Bottle Gourd",FAQ,28/07/2026,2140,2245,2195
"Tamil Nadu",Dharmapuri,"Harur(Uzhavar Sandhai )",Banana,Karpura,Local,28/07/2026,4000,5000,4500
"Tamil Nadu",Dharmapuri,"Harur(Uzhavar Sandhai )",Potato,Other,Local,28/07/2026,2500,3000,2750
"Tamil Nadu",Dharmapuri,"Harur(Uzhavar Sandhai )",Amaranthus,Amaranthus,Local,28/07/2026,2500,3000,2750
"Tamil Nadu",Dharmapuri,"Harur(Uzhavar Sandhai )",Cabbage,Cabbage,Local,28/07/2026,3500,4000,3750
"Tamil Nadu",Dharmapuri,"Harur(Uzhavar Sandhai )",Beetroot,Beetroot,Local,28/07/2026,4500,5000,4750
"Tamil Nadu",Dharmapuri,"Harur(Uzhavar Sandhai )",Cucumbar(Kheera),Cucumbar,Local,28/07/2026,4500,5000,4750
"Tamil Nadu",Krishnagiri,"Kaveripattinam(Uzhavar Sandhai )",Tomato,Local,Local,28/07/2026,2000,2000,2000
"Tamil Nadu",Krishnagiri,"Kaveripattinam(Uzhavar Sandhai )","Cluster beans","Cluster Beans",Local,28/07/2026,4000,4000,4000
"Tamil Nadu",Krishnagiri,"Kaveripattinam(Uzhavar Sandhai )",Ginger(Green),"Green Ginger",Local,28/07/2026,10000,16000,13000
"Tamil Nadu",Krishnagiri,"Kaveripattinam(Uzhavar Sandhai )",Coconut,Coconut,Local,28/07/2026,5000,6000,5500
"Tamil Nadu",Krishnagiri,"Kaveripattinam(Uzhavar Sandhai )",Snakeguard,Snakeguard,Local,28/07/2026,3000,3000,3000
"Tamil Nadu",Krishnagiri,"Kaveripattinam(Uzhavar Sandhai )",Lemon,Lemon,Local,28/07/2026,6000,6000,6000
"Tamil Nadu",Krishnagiri,"Kaveripattinam(Uzhavar Sandhai )",Mint(Pudina),Mint(Pudina),Local,28/07/2026,6000,6000,6000
"Tamil Nadu","The Nilgiris","Coonoor(Uzhavar Sandhai )",Onion,Bellary,Local,28/07/2026,4000,4200,4100
"Tamil Nadu","The Nilgiris","Coonoor(Uzhavar Sandhai )",Brinjal,Other,Local,28/07/2026,4000,4500,4250
"Tamil Nadu","The Nilgiris","Coonoor(Uzhavar Sandhai )",Pumpkin,Pumpkin,Local,28/07/2026,2000,2400,2200
"Tamil Nadu","The Nilgiris","Coonoor(Uzhavar Sandhai )",Amaranthus,Amaranthus,Local,28/07/2026,5500,6000,5750
"Tamil Nadu","The Nilgiris","Coonoor(Uzhavar Sandhai )",Beans,"Beans (Whole)",Local,28/07/2026,6500,7000,6750
"Tamil Nadu","The Nilgiris","Coonoor(Uzhavar Sandhai )",Snakeguard,Snakeguard,Local,28/07/2026,3200,3500,3350
"Tamil Nadu","The Nilgiris","Coonoor(Uzhavar Sandhai )",Beetroot,Beetroot,Local,28/07/2026,5500,6000,5750
"Tamil Nadu","The Nilgiris","Coonoor(Uzhavar Sandhai )",Ridgeguard(Tori),Ridgeguard(Tori),Local,28/07/2026,4500,5000,4750
"Tamil Nadu","The Nilgiris","Coonoor(Uzhavar Sandhai )",Raddish,Raddish,Local,28/07/2026,3000,3200,3100
"Tamil Nadu","The Nilgiris","Coonoor(Uzhavar Sandhai )",Thondekai,Thondekai,Local,28/07/2026,4500,5000,4750
"Tamil Nadu","The Nilgiris","Coonoor(Uzhavar Sandhai )","Knool Khol","Knool Khol",Local,28/07/2026,3500,4000,3750
"Tamil Nadu","The Nilgiris","Coonoor(Uzhavar Sandhai )",Turnip,Turnip,Local,28/07/2026,3200,3500,3350
"Tamil Nadu","The Nilgiris","Coonoor(Uzhavar Sandhai )","Onion Green","Onion Green",Local,28/07/2026,5800,6200,6000
"Tamil Nadu","The Nilgiris","Gudalur(Uzhavar Sandhai )",Onion,Bellary,Local,28/07/2026,4000,4500,4250
"Tamil Nadu","The Nilgiris","Gudalur(Uzhavar Sandhai )","Bottle gourd","Bottle Gourd",Local,28/07/2026,2500,3000,2750
"Tamil Nadu","The Nilgiris","Gudalur(Uzhavar Sandhai )",Ashgourd,Gouard,Local,28/07/2026,1500,2000,1750
"Tamil Nadu","The Nilgiris","Gudalur(Uzhavar Sandhai )","Green Chilli","Green Chilly",Local,28/07/2026,5000,5500,5250
"Tamil Nadu","The Nilgiris","Gudalur(Uzhavar Sandhai )",Beans,"Beans (Whole)",Local,28/07/2026,6500,7000,6750
"Tamil Nadu","The Nilgiris","Gudalur(Uzhavar Sandhai )",Coconut,Coconut,Local,28/07/2026,5500,6000,5750
"Tamil Nadu","The Nilgiris","Gudalur(Uzhavar Sandhai )",Carrot,Pusakesar,Local,28/07/2026,5000,5500,5250
"Tamil Nadu","The Nilgiris","Gudalur(Uzhavar Sandhai )",Cucumbar(Kheera),Cucumbar,Local,28/07/2026,3500,4000,3750
"Tamil Nadu","The Nilgiris","Gudalur(Uzhavar Sandhai )","Knool Khol","Knool Khol",Local,28/07/2026,4000,4500,4250
"Tamil Nadu","The Nilgiris","Gudalur(Uzhavar Sandhai )","Onion Green","Onion Green",Local,28/07/2026,6000,6500,6250
"Himachal Pradesh",Kangra,"SMY Jwalaji",Banana,Amruthapani,Medium,28/07/2026,4500,5000,4750
"Himachal Pradesh",Kangra,"SMY Jwalaji",Onion,Other,FAQ,28/07/2026,3400,3500,3450
"Himachal Pradesh",Kangra,"SMY Palampur",Banana,Other,Medium,28/07/2026,4000,5300,4800
"Himachal Pradesh",Kangra,"SMY Palampur",Papaya,Papaya,Medium,28/07/2026,4500,4600,4550
"Himachal Pradesh",Kangra,"SMY Palampur","Jack Fruit(Ripe)","Jack Fruit",Medium,28/07/2026,4000,5000,4500
"Himachal Pradesh",Kangra,"SMY Palampur",Lemon,Other,FAQ,28/07/2026,7000,8000,7500
"Himachal Pradesh",Kangra,"SMY Palampur",Potato,Potato,FAQ,28/07/2026,1000,2200,1600
"Himachal Pradesh",Kangra,"SMY Palampur",Onion,Onion,FAQ,28/07/2026,3000,3400,3200
"Himachal Pradesh",Kangra,"SMY Palampur",Tomato,Tomato,FAQ,28/07/2026,2000,3000,2500
"Himachal Pradesh",Kangra,"SMY Palampur",Garlic,Average,FAQ,28/07/2026,15000,20000,17500
"Himachal Pradesh",Kangra,"SMY Palampur",Capsicum,Capsicum,FAQ,28/07/2026,6000,6500,6200
"Himachal Pradesh",Kangra,"SMY Palampur",Ginger(Green),"Green Ginger",FAQ,28/07/2026,19000,20000,19500
"Himachal Pradesh",Kangra,"SMY Palampur","Bottle gourd","Bottle Gourd",FAQ,28/07/2026,4000,6000,5000
"Himachal Pradesh",Kangra,"SMY Palampur","Green Chilli","Green Chilly",FAQ,28/07/2026,4000,5000,4500
Haryana,Karnal,"Tarori APMC",Banana,Other,"Grade A",28/07/2026,1500,2500,2000
"West Bengal","Paschim Bardhaman","Asansol APMC",Mustard,Other,FAQ,28/07/2026,6250,6500,6400
"West Bengal","Paschim Bardhaman","Asansol APMC",Potato,Jyoti,FAQ,28/07/2026,860,900,880
"West Bengal","Paschim Bardhaman","Asansol APMC","Red gram split/Arhar dal/Tur dal","Arhar Dal(Tur)",FAQ,28/07/2026,12450,12650,12525
"West Bengal","Paschim Bardhaman","Asansol APMC","Sweet Pumpkin",Other,FAQ,28/07/2026,1650,1850,1765
Punjab,Tarntaran,"Patti APMC",Mango,Other,"Grade B",28/07/2026,800,800,800
Punjab,Tarntaran,"Patti APMC",Lemon,Other,Local,28/07/2026,4000,4000,4000
Uttarakhand,Dehradoon,"Vikasnagar APMC",Potato,Other,Medium,28/07/2026,500,1500,1200
Uttarakhand,Dehradoon,"Vikasnagar APMC",Tomato,Local,Medium,28/07/2026,500,1200,1200
Uttarakhand,Dehradoon,"Vikasnagar APMC","Bottle gourd",Other,Medium,28/07/2026,600,1000,1000
Uttarakhand,Dehradoon,"Vikasnagar APMC","Bitter gourd",Other,Medium,28/07/2026,700,900,900
Uttarakhand,Dehradoon,"Vikasnagar APMC",Banana,Other,Medium,28/07/2026,700,1000,1000
Uttarakhand,Dehradoon,"Vikasnagar APMC",Mango,Other,Medium,28/07/2026,400,800,800
Punjab,Mohali,"Lalru APMC",Cucumbar(Kheera),Other,Local,28/07/2026,1800,1800,1800
Punjab,Mohali,"Lalru APMC",Pumpkin,Other,Local,28/07/2026,500,500,500
Haryana,Sonipat,"Gohana APMC",Potato,Other,Medium,28/07/2026,1000,1500,1200
Haryana,Sonipat,"Gohana APMC",Tomato,Other,Medium,28/07/2026,2000,3000,2500
Haryana,Sonipat,"Gohana APMC","Green Chilli",Other,Medium,28/07/2026,6000,8000,7000
Haryana,Sonipat,"Gohana APMC",Pomegranate,Pomogranate,Medium,28/07/2026,12000,15000,14000
"Uttar Pradesh",Mau(Maunathbhanjan),"Kopaganj APMC","Bottle gourd","Bottle Gourd",FAQ,28/07/2026,1155,1177,1166
"Uttar Pradesh",Mau(Maunathbhanjan),"Kopaganj APMC",Cucumbar(Kheera),Cucumbar,FAQ,28/07/2026,1540,1580,1560
"Uttar Pradesh",Mau(Maunathbhanjan),"Kopaganj APMC",Guava,Guava,"Grade B",28/07/2026,4300,4400,4390
Haryana,Hissar,"Hansi APMC",Apple,Other,"Grade B",28/07/2026,10000,20000,15000
Haryana,Hissar,"Hansi APMC",Guava,Other,"Grade B",28/07/2026,3000,4000,3500
Haryana,Hissar,"Hansi APMC","Karbuja(Musk Melon)",Other,"Grade B",28/07/2026,4000,5000,4500
Haryana,Hissar,"Hansi APMC","Mousambi(Sweet Lime)",Other,"Grade B",28/07/2026,3000,4000,3500
Haryana,Hissar,"Hansi APMC",Capsicum,Other,FAQ,28/07/2026,5000,6000,5500
Haryana,Hissar,"Hansi APMC",Onion,Other,FAQ,28/07/2026,2500,3000,2750
Haryana,Hissar,"Hansi APMC",Pumpkin,Other,FAQ,28/07/2026,1000,1000,1000
Haryana,Hissar,"Hansi APMC",Ridgeguard(Tori),Other,FAQ,28/07/2026,2000,2500,2250
Punjab,Amritsar,"Rayya APMC","Bitter gourd","Bitter Gourd",FAQ,28/07/2026,1384,1384,1384
Punjab,Amritsar,"Rayya APMC",Brinjal,Brinjal,FAQ,28/07/2026,500,500,500
Uttarakhand,Haridwar,"Lakshar APMC",Wheat,Other,Local,28/07/2026,2585,2600,2600
Gujarat,Amreli,"Bagasara APMC",Wheat,"Lokwan Gujrat",Local,28/07/2026,2250,2650,2450
Gujarat,Amreli,"Bagasara APMC",Groundnut,Balli/Habbu,Local,28/07/2026,5250,5500,5375
"Himachal Pradesh",Mandi,"SMY Jogindernagar","Bhindi(Ladies Finger)",Other,"Grade B",28/07/2026,3500,4000,3750
"Andhra Pradesh",Prakasam,"Maddipadu APMC","Bajra(Pearl Millet/Cumbu)",Bold,FAQ,28/07/2026,2550,2550,2550
Keralam,Kozhikode(Calicut),"Mukkom Market",Orange,Other,Large,28/07/2026,14000,15000,14500
Keralam,Kozhikode(Calicut),"Mukkom Market",Tomato,Tomato,FAQ,28/07/2026,3000,3400,3200
Keralam,Kozhikode(Calicut),"Mukkom Market","Green Chilli","Green Chilly",FAQ,28/07/2026,5000,5400,5200
Haryana,Sonipat,"Ganaur APMC",Cucumbar(Kheera),Cucumbar,Medium,28/07/2026,2000,3000,2500
Haryana,Sonipat,"Ganaur APMC",Capsicum,Capsicum,Medium,28/07/2026,5000,6000,5500
Haryana,Sonipat,"Ganaur APMC",Ginger(Green),"Green Ginger",Medium,28/07/2026,14000,18000,16000
Haryana,Sonipat,"Ganaur APMC",Pomegranate,Pomogranate,Medium,28/07/2026,15000,16000,15000
Haryana,Kurukshetra,"Shahabad APMC",Guava,Guava,Medium,28/07/2026,2500,3000,2700
Haryana,Kurukshetra,"Shahabad APMC","Mousambi(Sweet Lime)",Mousambi,Medium,28/07/2026,3000,3200,3100
Haryana,Kurukshetra,"Shahabad APMC",Brinjal,Brinjal,Medium,28/07/2026,1500,2200,1800
Rajasthan,Jalore,"Jalore APMC","Bitter gourd",Other,Local,28/07/2026,2000,2500,2300
Rajasthan,Jalore,"Jalore APMC",Cucumbar(Kheera),Cucumbar,Local,28/07/2026,1200,1500,1300
Rajasthan,Jalore,"Jalore APMC","Bhindi(Ladies Finger)",Bhindi,Local,28/07/2026,1500,2000,1800
Rajasthan,Jalore,"Jalore APMC",Ridgeguard(Tori),Other,Local,28/07/2026,1800,2200,2000
Keralam,Alappuzha,"Harippad Market",Beetroot,Beetroot,FAQ,28/07/2026,5500,6000,5500
Keralam,Alappuzha,"Harippad Market",Ashgourd,Other,FAQ,28/07/2026,4000,4500,4000
Keralam,Alappuzha,"Harippad Market","Bhindi(Ladies Finger)",Other,FAQ,28/07/2026,4000,4500,4000
Keralam,Alappuzha,"Harippad Market",Brinjal,Brinjal,FAQ,28/07/2026,6000,6500,6000
Keralam,Alappuzha,"Harippad Market",Cabbage,Cabbage,FAQ,28/07/2026,4000,4500,4000
Keralam,Alappuzha,"Harippad Market",Carrot,Other,FAQ,28/07/2026,8000,8500,8000
Keralam,Thiruvananthapuram,"Vamanapuram Market",Brinjal,Other,Local,28/07/2026,3500,4000,3500
Keralam,Thiruvananthapuram,"Vamanapuram Market",Onion,Big,FAQ,28/07/2026,3000,3500,3500
Keralam,Ernakulam,"Perumbavoor Market",Amaranthus,Amaranthus,Medium,28/07/2026,2400,3200,2800
Keralam,Ernakulam,"Perumbavoor Market","Bitter gourd","Bitter Gourd",Medium,28/07/2026,3500,4500,4000
Keralam,Ernakulam,"Perumbavoor Market","Bottle gourd","Bottle Gourd",Medium,28/07/2026,2000,2800,2400
Keralam,Ernakulam,"Perumbavoor Market",Ashgourd,Ashgourd,Medium,28/07/2026,2200,3000,2600
Keralam,Ernakulam,"Perumbavoor Market",Cauliflower,Cauliflower,Medium,28/07/2026,2200,3000,2600
Keralam,Ernakulam,"Perumbavoor Market","Black pepper",Garbled,"Grade Range-1",28/07/2026,75000,85000,80000
"Tamil Nadu",Thanjavur,"Tirukattupalli(Uzhavar Sandhai )","Bottle gourd","Bottle Gourd",Local,28/07/2026,6000,6000,6000
"Tamil Nadu",Thanjavur,"Tirukattupalli(Uzhavar Sandhai )",Carrot,Pusakesar,Local,28/07/2026,9000,9000,9000
"Tamil Nadu",Thanjavur,"Tirukattupalli(Uzhavar Sandhai )","Green Avare(W)","Green Avare (W)",Local,28/07/2026,6400,7400,6900
"Tamil Nadu",Thiruchirappalli,"Thuraiyur APMC",Papaya,Papaya,Local,28/07/2026,4000,4000,4000
"Tamil Nadu",Thiruchirappalli,"Thuraiyur APMC",Cauliflower,Ranchi,Local,28/07/2026,4000,5000,4500
"Tamil Nadu",Thiruchirappalli,"Thuraiyur APMC",Ashgourd,Gouard,Local,28/07/2026,2500,2500,2500
"Tamil Nadu",Thiruchirappalli,"Thuraiyur APMC",Pumpkin,Pumpkin,Local,28/07/2026,2000,2000,2000
"Tamil Nadu",Thiruchirappalli,"Thuraiyur APMC","Bhindi(Ladies Finger)",Bhindi,Local,28/07/2026,4000,4000,4000
"Tamil Nadu",Thiruchirappalli,"Thuraiyur APMC","Banana - Green","Banana - Green",Local,28/07/2026,2500,2500,2500
"Tamil Nadu",Thiruchirappalli,"Thuraiyur APMC",Beans,"Beans (Whole)",Local,28/07/2026,10000,10000,10000
"Tamil Nadu",Thiruchirappalli,"Thuraiyur APMC",Coconut,Coconut,Local,28/07/2026,6000,6000,6000
"Tamil Nadu",Thiruchirappalli,"Thuraiyur APMC",Beetroot,Beetroot,Local,28/07/2026,5000,5000,5000
"Tamil Nadu",Thiruchirappalli,"Thuraiyur APMC",Thondekai,Thondekai,Local,28/07/2026,6000,6000,6000
"Tamil Nadu",Thiruchirappalli,"Thuraiyur APMC","Chow Chow","Chow Chow",Local,28/07/2026,4000,4000,4000
"Tamil Nadu",Thiruchirappalli,"Thuraiyur APMC","Knool Khol","Knool Khol",Local,28/07/2026,4000,4000,4000
"Tamil Nadu",Thiruchirappalli,"Thuraiyur APMC","Indian Beans(Seam)","Indian Beans (Seam)",Local,28/07/2026,7000,7000,7000
"Andhra Pradesh","West Godavari","Narsapuram APMC",Paddy(Common),MTU-1001,Local,28/07/2026,2445,2445,2445
"Tamil Nadu",Villupuram,"Tindivanam APMC",Chikoos(Sapota),Sapota,Local,28/07/2026,6000,6000,6000
"Tamil Nadu",Villupuram,"Tindivanam APMC",Groundnut,"Big (With Shell)",Local,28/07/2026,7000,7000,7000
"Tamil Nadu",Villupuram,"Tindivanam APMC",Banana,Besrai,Local,28/07/2026,5000,5000,5000
"Tamil Nadu",Villupuram,"Tindivanam APMC","Bitter gourd","Bitter Gourd",Local,28/07/2026,5000,5000,5000
"Tamil Nadu",Villupuram,"Tindivanam APMC",Pumpkin,Pumpkin,Local,28/07/2026,2000,2000,2000
"Tamil Nadu",Villupuram,"Tindivanam APMC",Amaranthus,Amaranthus,Local,28/07/2026,4000,4000,4000
"Tamil Nadu",Villupuram,"Tindivanam APMC",Beans,"Beans (Whole)",Local,28/07/2026,11000,11000,11000
"Tamil Nadu",Villupuram,"Tindivanam APMC",Raddish,Raddish,Local,28/07/2026,4600,4600,4600
"Tamil Nadu",Villupuram,"Ulundurpettai APMC",Papaya,Papaya,Local,28/07/2026,2500,2500,2500
"Tamil Nadu",Villupuram,"Ulundurpettai APMC","Cluster beans","Cluster Beans",Local,28/07/2026,6000,6000,6000
"Tamil Nadu",Villupuram,"Ulundurpettai APMC",Ashgourd,Gouard,Local,28/07/2026,2000,2000,2000
"Tamil Nadu",Villupuram,"Ulundurpettai APMC","Bhindi(Ladies Finger)",Bhindi,Local,28/07/2026,3000,3000,3000
"Tamil Nadu",Villupuram,"Ulundurpettai APMC",Snakeguard,Snakeguard,Local,28/07/2026,6000,6000,6000
"Tamil Nadu",Villupuram,"Ulundurpettai APMC",Guava,"Guava Allahabad",Local,28/07/2026,5000,5000,5000
"Tamil Nadu",Villupuram,"Ulundurpettai APMC","Elephant Yam(Suran)/Amorphophallus","Elephant Yam (Suran)",Local,28/07/2026,6000,6000,6000
"Tamil Nadu",Villupuram,"Ulundurpettai APMC",Mint(Pudina),Mint(Pudina),Local,28/07/2026,3000,3000,3000
Maharashtra,Pune,"Pune(Moshi) APMC",Ginger(Green),Other,Local,28/07/2026,6000,10000,8000
Maharashtra,Pune,"Pune(Moshi) APMC",Potato,Local,Local,28/07/2026,1000,1500,1250
Maharashtra,Pune,"Pune(Moshi) APMC",Carrot,Other,Local,28/07/2026,1000,2000,1500
Maharashtra,Pune,"Pune(Moshi) APMC",Guar,Other,Local,28/07/2026,5000,6000,5500
Maharashtra,Pune,"Pune(Moshi) APMC",Cucumbar(Kheera),Other,Local,28/07/2026,1000,1500,1250
Maharashtra,Pune,"Pune(Moshi) APMC",Garlic,Other,Local,28/07/2026,10000,10000,10000
Maharashtra,Pune,"Pune(Moshi) APMC",Spinach,Other,Local,28/07/2026,10,10,10
Maharashtra,Pune,"Pune(Moshi) APMC",Pomegranate,Other,Local,28/07/2026,7000,10000,8500
Maharashtra,Pune,"Pune(Moshi) APMC",Papaya,Other,Local,28/07/2026,2000,2500,2250
Maharashtra,Ratnagiri,"Ratnagiri (Nachane) APMC",Ginger(Green),Other,Local,28/07/2026,8000,15000,10000
"Uttar Pradesh",Badaun,"Babrala APMC",Wood,Eucalyptus,Local,28/07/2026,630,650,640
"Madhya Pradesh",Sagar,"Shahagarh APMC",Soyabean,Soyabeen,Non-FAQ,28/07/2026,6850,6850,6850
"Madhya Pradesh",Satna,"Nagod APMC",Wheat,Wheat,FAQ,28/07/2026,2560,2570,2570
Gujarat,Anand,"Khambhat(Veg Yard Khambhat) APMC",Cauliflower,Other,Local,28/07/2026,2000,3500,3000
Gujarat,Anand,"Khambhat(Veg Yard Khambhat) APMC","Bhindi(Ladies Finger)",Other,Local,28/07/2026,4000,5500,4500
Gujarat,Anand,"Khambhat(Veg Yard Khambhat) APMC",Potato,Desi,Local,28/07/2026,1000,1800,1400
Gujarat,Anand,"Khambhat(Veg Yard Khambhat) APMC",Onion,Other,Local,28/07/2026,2500,3000,2500
Gujarat,Jamnagar,"Kalawad APMC",Groundnut,Other,Local,28/07/2026,5000,6925,6525
Gujarat,Jamnagar,"Kalawad APMC",Wheat,Other,Local,28/07/2026,2265,2640,2550
Gujarat,Jamnagar,"Kalawad APMC","Sesamum(Sesame,Gingelly,Til)",Other,Local,28/07/2026,8925,11250,9285
Gujarat,Amreli,"Babra APMC",Wheat,Medium,FAQ,28/07/2026,2350,2640,2495
Gujarat,Amreli,"Damnagar APMC","Bottle gourd","Bottle Gourd",Local,28/07/2026,3000,3000,3000
Gujarat,Amreli,"Damnagar APMC",Cabbage,Cabbage,Local,28/07/2026,3000,3000,3000
Gujarat,Amreli,"Damnagar APMC","Green Chilli","Green Chilly",Local,28/07/2026,6000,6000,6000
"Tamil Nadu",Madurai,"Chokkikulam(Uzhavar Sandhai )",Orange,Darjeeling,Local,28/07/2026,14000,16000,15000
"Tamil Nadu",Madurai,"Chokkikulam(Uzhavar Sandhai )",Grapes,Annabesahai,Local,28/07/2026,10000,11000,10500
"Tamil Nadu",Madurai,"Chokkikulam(Uzhavar Sandhai )",Garlic,Garlic,Local,28/07/2026,13000,27000,20000
"Tamil Nadu",Madurai,"Chokkikulam(Uzhavar Sandhai )",Brinjal,Round,Local,28/07/2026,5200,6000,5600
"Tamil Nadu",Madurai,"Chokkikulam(Uzhavar Sandhai )",Coriander(Leaves),"I Sort",Local,28/07/2026,5000,5500,5250
"Tamil Nadu",Madurai,"Chokkikulam(Uzhavar Sandhai )","Banana - Green","Banana - Green",Local,28/07/2026,2000,2400,2200
"Tamil Nadu",Madurai,"Chokkikulam(Uzhavar Sandhai )",Carrot,Pusakesar,Local,28/07/2026,6000,9000,7500
"Tamil Nadu",Madurai,"Chokkikulam(Uzhavar Sandhai )",Cabbage,Cabbage,Local,28/07/2026,3000,4000,3500
"Tamil Nadu",Madurai,"Chokkikulam(Uzhavar Sandhai )",Mango(Raw-Ripe),"Mango - Raw-Ripe",Local,28/07/2026,2000,3500,2750
Gujarat,Amreli,"The Agricultural Produce Market Committee-Amreli",Groundnut(Split),Groundnut(Split),FAQ,28/07/2026,7500,10875,10500
Gujarat,Amreli,"The Agricultural Produce Market Committee-Amreli","Cummin Seed(Jeera)","Cummin Seed(Jeera)",FAQ,28/07/2026,16500,19000,19000
Gujarat,Amreli,"The Agricultural Produce Market Committee-Amreli","Sesamum(Sesame,Gingelly,Til)",Red,FAQ,28/07/2026,9000,11725,11500
Gujarat,Surat,"Surat APMC",Beetroot,Other,FAQ,28/07/2026,1600,2500,2050
Gujarat,Surat,"Surat APMC","Bottle gourd","Bottle Gourd",FAQ,28/07/2026,2000,8000,5000
Gujarat,Surat,"Surat APMC",Cabbage,Cabbage,FAQ,28/07/2026,800,2500,1650
Gujarat,Surat,"Surat APMC","Green Chilli","Green Chilly",FAQ,28/07/2026,2500,5500,4000
Gujarat,Surat,"Surat APMC","Sweet Potato",Other,FAQ,28/07/2026,4000,5000,4500
Gujarat,Surat,"Surat APMC",Pumpkin,Other,FAQ,28/07/2026,600,1600,1100
Gujarat,Surat,"Surat APMC",Yam(Ratalu),Other,FAQ,28/07/2026,8000,11000,9500
Telangana,Warangal,"Warangal APMC","Field Pea","Field Pea",FAQ,28/07/2026,5000,5500,5250
Telangana,Warangal,"Warangal APMC","Green Chilli","Green Chilly",FAQ,28/07/2026,2500,3000,2750
Telangana,Warangal,"Warangal APMC",Potato,Potato,FAQ,28/07/2026,1500,2000,1750
Telangana,Warangal,"Warangal APMC",Tomato,Tomato,FAQ,28/07/2026,1000,1400,1200
Telangana,Adilabad,"Boath APMC",Wheat,"147 Average",Local,28/07/2026,2600,2600,2600
"Andhra Pradesh",Tirupathi,"Srikalahasti APMC",Groundnut,Local,Local,28/07/2026,6400,6700,6550
Keralam,Kozhikode(Calicut),"Vengeri(Kozhikode) Market",Brinjal,Brinjal,FAQ,28/07/2026,2000,2300,2300
Keralam,Kozhikode(Calicut),"Vengeri(Kozhikode) Market","French Beans(Frasbean)","French Beans (Frasbean)",FAQ,28/07/2026,5100,5400,5400
Keralam,Kozhikode(Calicut),"Vengeri(Kozhikode) Market",Snakeguard,Snakeguard,FAQ,28/07/2026,3000,3300,3300
"Andhra Pradesh","YSR Kadapa","Mydukur APMC",Paddy(Common),Masuri,Local,28/07/2026,2300,2500,2400
Punjab,Gurdaspur,"Batala APMC",Lemon,Other,"Grade C",28/07/2026,4500,5000,4800
"Andhra Pradesh",Tirupathi,"Naidupet APMC",Paddy(Common),MTU-1010,Local,28/07/2026,2480,2520,2500
"Andhra Pradesh",Kurnool,"Alur APMC",Jowar(Sorghum),Hybrid,FAQ,28/07/2026,3726,3726,3726
"Andhra Pradesh",Ananthapuramu,"Anantapur APMC","Mousambi(Sweet Lime)",Mousambi,"Grade B",28/07/2026,800,1600,1400
"Andhra Pradesh",Ananthapuramu,"Tadipatri APMC","Bengal Gram(Gram)(Whole)",Other,"Grade Range-1",28/07/2026,5500,6000,5700
Keralam,Thiruvananthapuram,"Chala Market",Banana,"Banana - Ripe",Medium,28/07/2026,3500,3600,3500
Keralam,Thiruvananthapuram,"Chala Market",Apple,Other,Large,28/07/2026,30000,30000,30000
Keralam,Thiruvananthapuram,"Chala Market",Grapes,Black,Large,28/07/2026,16000,16000,16000
Keralam,Thiruvananthapuram,"Chala Market",Pineapple,Other,Medium,28/07/2026,5000,5200,5000
Keralam,Thiruvananthapuram,"Chala Market",Amaranthus,Other,FAQ,28/07/2026,2700,2700,2700
Keralam,Kannur,"Payyannur Market","Coconut Seed",Other,Local,28/07/2026,5000,5200,5100
Maharashtra,Raigad,"Alibagh APMC",Rice,Other,Local,28/07/2026,4000,4500,4250
"Tamil Nadu",Cuddalore,"Viruthachalam(Uzhavar Sandhai )","Bottle gourd","Bottle Gourd",Local,28/07/2026,3000,3000,3000
"Tamil Nadu",Cuddalore,"Viruthachalam(Uzhavar Sandhai )","Green Avare(W)","Green Avare (W)",Local,28/07/2026,7000,13000,10000
"Tamil Nadu",Dharmapuri,"Dharmapuri(Uzhavar Sandhai )",Papaya,Papaya,Local,28/07/2026,3200,3500,3350
"Tamil Nadu",Dharmapuri,"Dharmapuri(Uzhavar Sandhai )","Water Melon","Water Melon",Local,28/07/2026,1800,2000,1900
"Tamil Nadu",Dharmapuri,"Dharmapuri(Uzhavar Sandhai )",Garlic,Garlic,Local,28/07/2026,23500,23800,23650
"Tamil Nadu",Dharmapuri,"Dharmapuri(Uzhavar Sandhai )","Green Peas","Green Peas",Local,28/07/2026,16000,16400,16200
"Tamil Nadu",Dharmapuri,"Dharmapuri(Uzhavar Sandhai )","Green Chilli","Green Chilly",Local,28/07/2026,4400,4600,4500
"Tamil Nadu",Dharmapuri,"Dharmapuri(Uzhavar Sandhai )","Tender Coconut","Tender Coconut",Local,28/07/2026,2600,3000,2800
"Tamil Nadu",Dharmapuri,"Dharmapuri(Uzhavar Sandhai )",Yam(Ratalu),"Yam (Ratalu)",Local,28/07/2026,7600,8000,7800
"Tamil Nadu",Dharmapuri,"Dharmapuri(Uzhavar Sandhai )","Indian Beans(Seam)","Indian Beans (Seam)",Local,28/07/2026,5600,6000,5800
"Tamil Nadu",Dharmapuri,"Dharmapuri(Uzhavar Sandhai )","Onion Green","Onion Green",Local,28/07/2026,4800,5000,4900
"Tamil Nadu",Dharmapuri,"Palacode(Uzhavar Sandhai )",Papaya,Papaya,Local,28/07/2026,3000,3500,3250
"Tamil Nadu",Dharmapuri,"Palacode(Uzhavar Sandhai )","Cluster beans","Cluster Beans",Local,28/07/2026,3600,4000,3800
"Tamil Nadu",Dharmapuri,"Palacode(Uzhavar Sandhai )",Ginger(Green),"Green Ginger",Local,28/07/2026,23000,23500,23250
"Tamil Nadu",Dharmapuri,"Palacode(Uzhavar Sandhai )",Beetroot,Beetroot,Local,28/07/2026,5000,5500,5250
"Tamil Nadu",Dharmapuri,"Palacode(Uzhavar Sandhai )",Cucumbar(Kheera),Cucumbar,Local,28/07/2026,4400,4600,4500
"Tamil Nadu",Dharmapuri,"Palacode(Uzhavar Sandhai )",Ridgeguard(Tori),Ridgeguard(Tori),Local,28/07/2026,3800,4200,4000
"Tamil Nadu",Dharmapuri,"Palacode(Uzhavar Sandhai )","Tamarind Fruit","Tamarind Fruit",Local,28/07/2026,10000,10500,10250
"Tamil Nadu",Dharmapuri,"Palacode(Uzhavar Sandhai )","Amla(Nelli Kai)",Amla,Local,28/07/2026,7500,8000,7750
"Tamil Nadu",Dharmapuri,"Palacode(Uzhavar Sandhai )","Onion Green","Onion Green",Local,28/07/2026,5000,5500,5250
"Tamil Nadu",Erode,"Periyar Nagar(Uzhavar Sandhai )",Groundnut,"Big (With Shell)",Local,28/07/2026,5500,6000,5750
"Tamil Nadu",Erode,"Periyar Nagar(Uzhavar Sandhai )",Banana,Besrai,Local,28/07/2026,2200,2600,2400
"Tamil Nadu",Erode,"Periyar Nagar(Uzhavar Sandhai )",Ashgourd,Gouard,Local,28/07/2026,2000,2400,2200
"Tamil Nadu",Erode,"Periyar Nagar(Uzhavar Sandhai )",Pumpkin,Pumpkin,Local,28/07/2026,2000,2200,2100
"Tamil Nadu",Erode,"Periyar Nagar(Uzhavar Sandhai )","Bhindi(Ladies Finger)",Bhindi,Local,28/07/2026,3000,3400,3200
"Tamil Nadu",Erode,"Periyar Nagar(Uzhavar Sandhai )","Banana - Green","Banana - Green",Local,28/07/2026,3000,3500,3250
"Tamil Nadu",Erode,"Periyar Nagar(Uzhavar Sandhai )",Guava,"Guava Allahabad",Local,28/07/2026,5000,5500,5250
"Tamil Nadu",Erode,"Perundurai(Uzhavar Sandhai )","Green Chilli","Green Chilly",Local,28/07/2026,4000,4500,4250
"Tamil Nadu",Erode,"Perundurai(Uzhavar Sandhai )",Snakeguard,Snakeguard,Local,28/07/2026,3500,3800,3650
"Tamil Nadu",Erode,"Perundurai(Uzhavar Sandhai )","Green Avare(W)","Green Avare (W)",Local,28/07/2026,5000,5400,5200
"Tamil Nadu",Erode,"Perundurai(Uzhavar Sandhai )","Elephant Yam(Suran)/Amorphophallus","Elephant Yam (Suran)",Local,28/07/2026,2500,2800,2650
"Tamil Nadu",Erode,"Thalavadi(Uzhavar Sandhai )","Chow Chow","Chow Chow",Local,28/07/2026,2800,3200,3000
"Tamil Nadu",Erode,"Thalavadi(Uzhavar Sandhai )",Guava,"Guava Allahabad",Local,28/07/2026,4500,5000,4750
"Tamil Nadu",Erode,"Thalavadi(Uzhavar Sandhai )",Lemon,Lemon,Local,28/07/2026,6500,7000,6750
"Tamil Nadu",Erode,"Thalavadi(Uzhavar Sandhai )","Onion Green","Onion Green",Local,28/07/2026,5500,6000,5750
"Tamil Nadu",Kallakuruchi,"Sankarapuram(Uzhavar Sandhai )","Water Melon","Water Melon",Local,28/07/2026,2500,2500,2500
"Tamil Nadu",Kallakuruchi,"Sankarapuram(Uzhavar Sandhai )",Potato,"Red Nanital",Local,28/07/2026,3500,3500,3500
"Tamil Nadu",Kallakuruchi,"Sankarapuram(Uzhavar Sandhai )",Brinjal,Other,Local,28/07/2026,6000,6000,6000
"Tamil Nadu",Kallakuruchi,"Sankarapuram(Uzhavar Sandhai )",Coriander(Leaves),"I Sort",Local,28/07/2026,6000,6000,6000
"Tamil Nadu",Kallakuruchi,"Sankarapuram(Uzhavar Sandhai )",Pumpkin,Pumpkin,Local,28/07/2026,2500,2500,2500
"Tamil Nadu",Kallakuruchi,"Sankarapuram(Uzhavar Sandhai )","Green Chilli","Green Chilly",Local,28/07/2026,5000,5000,5000
"Tamil Nadu",Kallakuruchi,"Sankarapuram(Uzhavar Sandhai )",Ginger(Green),"Green Ginger",Local,28/07/2026,22000,22000,22000
"Tamil Nadu",Kallakuruchi,"Sankarapuram(Uzhavar Sandhai )",Carrot,Pusakesar,Local,28/07/2026,10000,10000,10000
"Tamil Nadu",Kallakuruchi,"Sankarapuram(Uzhavar Sandhai )","Amla(Nelli Kai)",Amla,Local,28/07/2026,7000,7000,7000
"Tamil Nadu",Kallakuruchi,"Sankarapuram(Uzhavar Sandhai )",Mint(Pudina),Mint(Pudina),Local,28/07/2026,3000,3000,3000
"Tamil Nadu",Kancheepuram,"Kundrathur(Uzhavar Sandhai )",Cauliflower,Ranchi,Local,28/07/2026,3000,3500,3250
"Tamil Nadu",Kancheepuram,"Kundrathur(Uzhavar Sandhai )",Tomato,Other,Local,28/07/2026,2000,2200,2100
"Tamil Nadu",Kancheepuram,"Kundrathur(Uzhavar Sandhai )","Bhindi(Ladies Finger)",Bhindi,Local,28/07/2026,3000,3000,3000
"Tamil Nadu",Kancheepuram,"Kundrathur(Uzhavar Sandhai )","Green Chilli","Green Chilly",Local,28/07/2026,5000,6000,5500
"Tamil Nadu",Kancheepuram,"Kundrathur(Uzhavar Sandhai )",Cucumbar(Kheera),Cucumbar,Local,28/07/2026,3000,3000,3000
"Tamil Nadu",Kancheepuram,"Sunguvarchatram(Uzhavar Sandhai )","Cluster beans","Cluster Beans",Local,28/07/2026,4500,4500,4500
"Tamil Nadu",Kancheepuram,"Sunguvarchatram(Uzhavar Sandhai )","Bottle gourd","Bottle Gourd",Local,28/07/2026,3000,3000,3000
"Tamil Nadu",Kancheepuram,"Sunguvarchatram(Uzhavar Sandhai )",Pumpkin,Pumpkin,Local,28/07/2026,2000,2000,2000
"Tamil Nadu",Kancheepuram,"Sunguvarchatram(Uzhavar Sandhai )",Coconut,Coconut,Local,28/07/2026,5000,6000,5500
"Tamil Nadu",Kancheepuram,"Sunguvarchatram(Uzhavar Sandhai )","Green Avare(W)","Green Avare (W)",Local,28/07/2026,4000,5000,4500
"Tamil Nadu",Kancheepuram,"Sunguvarchatram(Uzhavar Sandhai )",Mango(Raw-Ripe),"Mango - Raw-Ripe",Local,28/07/2026,2000,2500,2250
"Tamil Nadu",Krishnagiri,"Avallapalli(Uzhavar Sandhai )",Tapioca,Tapioca,Local,28/07/2026,3500,4000,3750
"Tamil Nadu",Krishnagiri,"Avallapalli(Uzhavar Sandhai )",Beetroot,Beetroot,Local,28/07/2026,4500,5000,4750
"Tamil Nadu",Krishnagiri,"Avallapalli(Uzhavar Sandhai )",Ridgeguard(Tori),Ridgeguard(Tori),Local,28/07/2026,4000,4500,4250
"Tamil Nadu",Krishnagiri,"Avallapalli(Uzhavar Sandhai )","Chow Chow","Chow Chow",Local,28/07/2026,3000,3500,3250
"Tamil Nadu",Dharmapuri,"Karimangalam(Uzhavar Sandhai)",Papaya,Papaya,Local,28/07/2026,2800,3000,2900
"Tamil Nadu",Dharmapuri,"Karimangalam(Uzhavar Sandhai)",Potato,Other,Local,28/07/2026,2800,3000,2900
"Tamil Nadu",Dharmapuri,"Karimangalam(Uzhavar Sandhai)",Garlic,Garlic,Local,28/07/2026,22000,24000,23000
"Tamil Nadu",Dharmapuri,"Karimangalam(Uzhavar Sandhai)","Green Chilli","Green Chilly",Local,28/07/2026,4000,4500,4250
"Tamil Nadu",Dharmapuri,"Karimangalam(Uzhavar Sandhai)","Banana - Green","Banana - Green",Local,28/07/2026,3300,3500,3400
"Tamil Nadu",Dharmapuri,"Karimangalam(Uzhavar Sandhai)",Ginger(Green),"Green Ginger",Local,28/07/2026,22000,23000,22500
"Tamil Nadu",Dharmapuri,"Karimangalam(Uzhavar Sandhai)",Coconut,Coconut,Local,28/07/2026,5500,6000,5750
"Tamil Nadu",Dharmapuri,"Karimangalam(Uzhavar Sandhai)",Lemon,Lemon,Local,28/07/2026,8000,9000,8500
"Tamil Nadu",Dharmapuri,"Karimangalam(Uzhavar Sandhai)","Amla(Nelli Kai)",Amla,Local,28/07/2026,5500,6000,5750
"Tamil Nadu",Krishnagiri,"Denkanikottai(Uzhavar Sandhai )",Cauliflower,Ranchi,Local,28/07/2026,3500,4000,3750
"Tamil Nadu",Krishnagiri,"Denkanikottai(Uzhavar Sandhai )","Bitter gourd","Bitter Gourd",Local,28/07/2026,5000,5500,5250
"Tamil Nadu",Krishnagiri,"Denkanikottai(Uzhavar Sandhai )","Green Chilli","Green Chilly",Local,28/07/2026,5000,5500,5250
"Tamil Nadu",Krishnagiri,"Denkanikottai(Uzhavar Sandhai )","Banana - Green","Banana - Green",Local,28/07/2026,3500,4000,3750
"Tamil Nadu",Krishnagiri,"Denkanikottai(Uzhavar Sandhai )",Beans,"Beans (Whole)",Local,28/07/2026,8000,10000,9000
"Tamil Nadu",Krishnagiri,"Denkanikottai(Uzhavar Sandhai )",Ginger(Green),"Green Ginger",Local,28/07/2026,15000,18000,16500
"Tamil Nadu",Krishnagiri,"Denkanikottai(Uzhavar Sandhai )",Cabbage,Cabbage,Local,28/07/2026,2500,3000,2750
"Tamil Nadu",Krishnagiri,"Denkanikottai(Uzhavar Sandhai )",Cucumbar(Kheera),Cucumbar,Local,28/07/2026,2500,3000,2750
"Tamil Nadu",Krishnagiri,"Denkanikottai(Uzhavar Sandhai )",Raddish,Raddish,Local,28/07/2026,2000,2500,2250
"Tamil Nadu",Krishnagiri,"Denkanikottai(Uzhavar Sandhai )",Thondekai,Thondekai,Local,28/07/2026,2500,3000,2750
"Tamil Nadu",Krishnagiri,"Denkanikottai(Uzhavar Sandhai )",Capsicum,Capsicum,Local,28/07/2026,4500,5000,4750
"Tamil Nadu",Krishnagiri,"Denkanikottai(Uzhavar Sandhai )","Chow Chow","Chow Chow",Local,28/07/2026,2500,3000,2750
"Tamil Nadu",Krishnagiri,"Denkanikottai(Uzhavar Sandhai )","Onion Green","Onion Green",Local,28/07/2026,7000,8000,7500
"Tamil Nadu",Krishnagiri,"Hosur(Uzhavar Sandhai )",Groundnut,"Big (With Shell)",Local,28/07/2026,7000,8000,7500
"Tamil Nadu",Krishnagiri,"Hosur(Uzhavar Sandhai )",Cauliflower,Ranchi,Local,28/07/2026,3500,4000,3750
"Tamil Nadu",Krishnagiri,"Hosur(Uzhavar Sandhai )","Cluster beans","Cluster Beans",Local,28/07/2026,4000,5000,4500
"Tamil Nadu",Krishnagiri,"Hosur(Uzhavar Sandhai )",Ashgourd,Gouard,Local,28/07/2026,2000,2500,2250
"Tamil Nadu",Krishnagiri,"Hosur(Uzhavar Sandhai )",Amaranthus,Amaranthus,Local,28/07/2026,5000,6000,5500
"Tamil Nadu",Krishnagiri,"Hosur(Uzhavar Sandhai )",Cowpea(Veg),"Cowpea (Veg)",Local,28/07/2026,5000,6000,5500
"Tamil Nadu",Krishnagiri,"Hosur(Uzhavar Sandhai )","Banana - Green","Banana - Green",Local,28/07/2026,4000,5000,4500
"Tamil Nadu",Krishnagiri,"Hosur(Uzhavar Sandhai )",Tapioca,Tapioca,Local,28/07/2026,3500,4000,3750
"Tamil Nadu",Krishnagiri,"Hosur(Uzhavar Sandhai )",Ginger(Green),"Green Ginger",Local,28/07/2026,16000,18000,17000
"Tamil Nadu",Krishnagiri,"Hosur(Uzhavar Sandhai )",Raddish,Raddish,Local,28/07/2026,2000,2500,2250
"Tamil Nadu",Krishnagiri,"Hosur(Uzhavar Sandhai )",Jasmine,Jasmine,Local,28/07/2026,35000,40000,37500
"Tamil Nadu",Krishnagiri,"Hosur(Uzhavar Sandhai )","Tube Flower","Tube Flower",Local,28/07/2026,50000,60000,55000
"Tamil Nadu",Krishnagiri,"Hosur(Uzhavar Sandhai )",Colacasia,Colacasia,Local,28/07/2026,5000,6000,5500
"Tamil Nadu",Krishnagiri,"Hosur(Uzhavar Sandhai )","Amla(Nelli Kai)",Amla,Local,28/07/2026,8000,10000,9000
"Tamil Nadu",Krishnagiri,"Krishnagiri(Uzhavar Sandhai )",Garlic,Garlic,Local,28/07/2026,22000,24000,23000
"Tamil Nadu",Krishnagiri,"Krishnagiri(Uzhavar Sandhai )",Brinjal,Round,Local,28/07/2026,2000,2400,2200
"Tamil Nadu",Krishnagiri,"Krishnagiri(Uzhavar Sandhai )",Coriander(Leaves),"I Sort",Local,28/07/2026,4000,5000,4500
"Tamil Nadu",Krishnagiri,"Krishnagiri(Uzhavar Sandhai )","Banana - Green","Banana - Green",Local,28/07/2026,2500,3000,2750
"Tamil Nadu",Krishnagiri,"Krishnagiri(Uzhavar Sandhai )",Ginger(Green),"Green Ginger",Local,28/07/2026,18000,20000,19000
"Tamil Nadu",Krishnagiri,"Krishnagiri(Uzhavar Sandhai )","Sweet Potato","Hosur Red",Local,28/07/2026,2000,2600,2300
"Tamil Nadu",Krishnagiri,"Krishnagiri(Uzhavar Sandhai )",Carrot,Pusakesar,Local,28/07/2026,9000,10000,9500
"Tamil Nadu",Krishnagiri,"Krishnagiri(Uzhavar Sandhai )",Snakeguard,Snakeguard,Local,28/07/2026,3000,3400,3200
"Tamil Nadu",Krishnagiri,"Krishnagiri(Uzhavar Sandhai )",Cucumbar(Kheera),Cucumbar,Local,28/07/2026,2000,2400,2200
"Tamil Nadu",Krishnagiri,"Krishnagiri(Uzhavar Sandhai )",Capsicum,Capsicum,Local,28/07/2026,6000,7000,6500
"Tamil Nadu",Krishnagiri,"Krishnagiri(Uzhavar Sandhai )","Tender Coconut","Tender Coconut",Local,28/07/2026,3000,4000,3500
"Tamil Nadu",Krishnagiri,"Krishnagiri(Uzhavar Sandhai )",Lemon,Lemon,Local,28/07/2026,7000,8000,7500
"Tamil Nadu",Madurai,"Anaiyur(Uzhavar Sandhai )",Apple,American,Local,28/07/2026,18000,27000,22500
"Tamil Nadu",Madurai,"Anaiyur(Uzhavar Sandhai )",Potato,"Red Nanital",Local,28/07/2026,5600,6000,5800
"Tamil Nadu",Madurai,"Anaiyur(Uzhavar Sandhai )","Bitter gourd",Other,Local,28/07/2026,5500,6000,5750
"Tamil Nadu",Madurai,"Anaiyur(Uzhavar Sandhai )","Bottle gourd","Bottle Gourd",Local,28/07/2026,3000,3200,3100
"Tamil Nadu",Madurai,"Anaiyur(Uzhavar Sandhai )",Pumpkin,Pumpkin,Local,28/07/2026,2000,2400,2200
"Tamil Nadu",Madurai,"Anaiyur(Uzhavar Sandhai )",Ginger(Green),"Green Ginger",Local,28/07/2026,15000,22000,18500
"Tamil Nadu",Madurai,"Anaiyur(Uzhavar Sandhai )","Sweet Potato","Hosur Red",Local,28/07/2026,3600,4000,3800
"Tamil Nadu",Madurai,"Anaiyur(Uzhavar Sandhai )",Drumstick,Drumstick,Local,28/07/2026,6000,7000,6500
"Tamil Nadu",Madurai,"Anaiyur(Uzhavar Sandhai )",Mango(Raw-Ripe),"Mango - Raw-Ripe",Local,28/07/2026,2500,3500,3000
"Tamil Nadu",Madurai,"Anaiyur(Uzhavar Sandhai )",Lime,Lime,Local,28/07/2026,14000,15000,14500
"Tamil Nadu",Madurai,"Anaiyur(Uzhavar Sandhai )",Yam(Ratalu),"Yam (Ratalu)",Local,28/07/2026,7000,8000,7500
"Tamil Nadu",Madurai,"Usilampatti(Uzhavar Sandhai )","Cluster beans","Cluster Beans",Local,28/07/2026,3000,3600,3300
"Tamil Nadu",Madurai,"Usilampatti(Uzhavar Sandhai )","Bhindi(Ladies Finger)",Bhindi,Local,28/07/2026,4200,4900,4550
"Tamil Nadu",Madurai,"Usilampatti(Uzhavar Sandhai )","Green Avare(W)","Green Avare (W)",Local,28/07/2026,6000,7000,6500
"Tamil Nadu",Nagapattinam,"Nagapattinam(Uzhavar Sandhai )",Papaya,Papaya,Local,28/07/2026,3500,4000,3750
"Tamil Nadu",Nagapattinam,"Nagapattinam(Uzhavar Sandhai )",Mango,Other,Local,28/07/2026,6000,7000,6500
"Tamil Nadu",Nagapattinam,"Nagapattinam(Uzhavar Sandhai )",Brinjal,Round,Local,28/07/2026,4700,5500,5100
"Tamil Nadu",Nagapattinam,"Nagapattinam(Uzhavar Sandhai )","Cluster beans","Cluster Beans",Local,28/07/2026,3800,3800,3800
"Tamil Nadu",Nagapattinam,"Nagapattinam(Uzhavar Sandhai )","Green Chilli","Green Chilly",Local,28/07/2026,3000,3500,3250
"Tamil Nadu",Nagapattinam,"Nagapattinam(Uzhavar Sandhai )","Banana - Green","Banana - Green",Local,28/07/2026,2600,3000,2800
"Tamil Nadu",Nagapattinam,"Nagapattinam(Uzhavar Sandhai )",Raddish,Raddish,Local,28/07/2026,4000,4500,4250
"Tamil Nadu",Nagapattinam,"Nagapattinam(Uzhavar Sandhai )","Tamarind Fruit","Tamarind Fruit",Local,28/07/2026,11500,14000,12750
"Tamil Nadu",Nagapattinam,"Sirkali(Uzhavar Sandhai )",Papaya,Papaya,Local,28/07/2026,2500,3000,2750
"Tamil Nadu",Nagapattinam,"Sirkali(Uzhavar Sandhai )",Groundnut,"Big (With Shell)",Local,28/07/2026,5500,6000,5750
"Tamil Nadu",Nagapattinam,"Sirkali(Uzhavar Sandhai )",Banana,Besrai,Local,28/07/2026,4000,5000,4500
"Tamil Nadu",Nagapattinam,"Sirkali(Uzhavar Sandhai )","Cluster beans","Cluster Beans",Local,28/07/2026,4500,5000,4750
"Tamil Nadu",Nagapattinam,"Sirkali(Uzhavar Sandhai )",Ashgourd,Gouard,Local,28/07/2026,2500,3000,2750
"Tamil Nadu",Nagapattinam,"Sirkali(Uzhavar Sandhai )","Bhindi(Ladies Finger)",Bhindi,Local,28/07/2026,4500,5000,4750
"Tamil Nadu",Nagapattinam,"Sirkali(Uzhavar Sandhai )",Tapioca,Tapioca,Local,28/07/2026,4500,5000,4750
"Tamil Nadu",Nagapattinam,"Sirkali(Uzhavar Sandhai )",Coconut,Coconut,Local,28/07/2026,3500,4000,3750
"Tamil Nadu",Nagapattinam,"Sirkali(Uzhavar Sandhai )","Sweet Potato","Hosur Red",Local,28/07/2026,5500,6000,5750
"Tamil Nadu",Nagapattinam,"Sirkali(Uzhavar Sandhai )","Tender Coconut","Tender Coconut",Local,28/07/2026,2000,2500,2250
"Tamil Nadu",Nagapattinam,"Sirkali(Uzhavar Sandhai )",Lemon,Lemon,Local,28/07/2026,6500,7000,6750
"Tamil Nadu",Namakkal,"Kumarapalayam(Uzhavar Sandhai )","Water Melon","Water Melon",Local,28/07/2026,1500,2000,1750
"Tamil Nadu",Namakkal,"Kumarapalayam(Uzhavar Sandhai )",Pumpkin,Pumpkin,Local,28/07/2026,2500,3000,2750
"Tamil Nadu",Namakkal,"Kumarapalayam(Uzhavar Sandhai )",Ginger(Green),"Green Ginger",Local,28/07/2026,17000,18000,17500
"Tamil Nadu",Namakkal,"Kumarapalayam(Uzhavar Sandhai )",Coconut,Coconut,Local,28/07/2026,5500,6000,5750
"Tamil Nadu",Namakkal,"Kumarapalayam(Uzhavar Sandhai )",Ridgeguard(Tori),Ridgeguard(Tori),Local,28/07/2026,5000,5500,5250
"Tamil Nadu",Namakkal,"Kumarapalayam(Uzhavar Sandhai )",Guava,"Guava Allahabad",Local,28/07/2026,6000,7000,6500
"Tamil Nadu",Namakkal,"Kumarapalayam(Uzhavar Sandhai )",Mint(Pudina),Mint(Pudina),Local,28/07/2026,5000,5500,5250
"Tamil Nadu",Namakkal,"Mohanur(Uzhavar Sandhai )",Banana,"Red Banana",Local,28/07/2026,6000,7000,6500
"Tamil Nadu",Namakkal,"Mohanur(Uzhavar Sandhai )",Onion,Bellary,Local,28/07/2026,3600,4500,4050
"Tamil Nadu",Namakkal,"Mohanur(Uzhavar Sandhai )","Bhindi(Ladies Finger)",Bhindi,Local,28/07/2026,4400,4800,4600
"Tamil Nadu",Namakkal,"Mohanur(Uzhavar Sandhai )",Carrot,Pusakesar,Local,28/07/2026,8200,9000,8600
"Tamil Nadu",Namakkal,"Mohanur(Uzhavar Sandhai )",Raddish,Raddish,Local,28/07/2026,3400,4000,3700
"Tamil Nadu",Namakkal,"Mohanur(Uzhavar Sandhai )","Tender Coconut","Tender Coconut",Local,28/07/2026,2500,3600,3050
"Tamil Nadu",Namakkal,"Mohanur(Uzhavar Sandhai )",Lemon,Lemon,Local,28/07/2026,4600,5000,4800
"Tamil Nadu",Namakkal,"Namakkal(Uzhavar Sandhai )",Papaya,Papaya,Local,28/07/2026,3000,3500,3250
"Tamil Nadu",Namakkal,"Namakkal(Uzhavar Sandhai )","Tender Coconut","Tender Coconut",Local,28/07/2026,3000,3500,3250
"Tamil Nadu",Namakkal,"Namakkal(Uzhavar Sandhai )",Jasmine,Jasmine,Local,28/07/2026,26000,28000,27000
"Tamil Nadu",Namakkal,"Paramathivelur(Uzhavar Sandhai )",Banana,Karpura,Local,28/07/2026,3800,4300,4050
"Tamil Nadu",Namakkal,"Paramathivelur(Uzhavar Sandhai )",Raddish,Raddish,Local,28/07/2026,3500,4000,3750
"Tamil Nadu",Namakkal,"Paramathivelur(Uzhavar Sandhai )","Elephant Yam(Suran)/Amorphophallus","Elephant Yam (Suran)",Local,28/07/2026,3000,3500,3250
"Tamil Nadu",Namakkal,"Paramathivelur(Uzhavar Sandhai )","Sweet Corn ","Sweet Corn ",Local,28/07/2026,3000,3500,3250
"Tamil Nadu",Namakkal,"Rasipuram(Uzhavar Sandhai )",Groundnut,"Big (With Shell)",Local,28/07/2026,6500,7000,6750
"Tamil Nadu",Namakkal,"Rasipuram(Uzhavar Sandhai )","Water Melon","Water Melon",Local,28/07/2026,1500,2000,1750
"Tamil Nadu",Namakkal,"Rasipuram(Uzhavar Sandhai )","Banana - Green","Banana - Green",Local,28/07/2026,3500,4000,3750
"Tamil Nadu",Namakkal,"Rasipuram(Uzhavar Sandhai )",Cucumbar(Kheera),Cucumbar,Local,28/07/2026,8000,9000,8500
"Tamil Nadu",Namakkal,"Rasipuram(Uzhavar Sandhai )",Ridgeguard(Tori),Ridgeguard(Tori),Local,28/07/2026,5000,5800,5400
"Tamil Nadu",Namakkal,"Rasipuram(Uzhavar Sandhai )","Chow Chow","Chow Chow",Local,28/07/2026,2000,2500,2250
"Tamil Nadu",Namakkal,"Rasipuram(Uzhavar Sandhai )","Sweet Corn ","Sweet Corn ",Local,28/07/2026,2000,2500,2250
"Tamil Nadu",Madurai,"Palanganatham(Uzhavar Sandhai )",Papaya,Papaya,Local,28/07/2026,4000,4500,4250
"Tamil Nadu",Madurai,"Palanganatham(Uzhavar Sandhai )",Coriander(Leaves),"I Sort",Local,28/07/2026,5000,5500,5250
"Tamil Nadu",Madurai,"Palanganatham(Uzhavar Sandhai )","Green Peas","Green Peas",Local,28/07/2026,14000,15000,14500
"Tamil Nadu",Madurai,"Palanganatham(Uzhavar Sandhai )",Ashgourd,Gouard,Local,28/07/2026,2400,2600,2500
"Tamil Nadu",Madurai,"Palanganatham(Uzhavar Sandhai )","Bhindi(Ladies Finger)",Bhindi,Local,28/07/2026,4000,4200,4100
"Tamil Nadu",Madurai,"Palanganatham(Uzhavar Sandhai )",Cabbage,Cabbage,Local,28/07/2026,3600,4000,3800
"Tamil Nadu",Madurai,"Palanganatham(Uzhavar Sandhai )",Beetroot,Beetroot,Local,28/07/2026,5000,5500,5250
"Tamil Nadu",Madurai,"Palanganatham(Uzhavar Sandhai )",Drumstick,Drumstick,Local,28/07/2026,6000,7000,6500
"Tamil Nadu",Madurai,"Palanganatham(Uzhavar Sandhai )",Lemon,Lemon,Local,28/07/2026,6000,7000,6500
"Tamil Nadu",Madurai,"Palanganatham(Uzhavar Sandhai )",Mashrooms,Mashrooms,Local,28/07/2026,22500,25000,23750
"Tamil Nadu",Madurai,"Anna nagar(Uzhavar Sandhai )","Mousambi(Sweet Lime)",Mousambi,Local,28/07/2026,10000,10000,10000
"Tamil Nadu",Madurai,"Anna nagar(Uzhavar Sandhai )",Mango,Other,Local,28/07/2026,5000,5000,5000
"Tamil Nadu",Madurai,"Anna nagar(Uzhavar Sandhai )","Cluster beans","Cluster Beans",Local,28/07/2026,4600,4600,4600
"Tamil Nadu",Madurai,"Anna nagar(Uzhavar Sandhai )","Bitter gourd",Other,Local,28/07/2026,6600,6600,6600
"Tamil Nadu",Madurai,"Anna nagar(Uzhavar Sandhai )","Bottle gourd","Bottle Gourd",Local,28/07/2026,2600,3000,2800
"Tamil Nadu",Madurai,"Anna nagar(Uzhavar Sandhai )","Bhindi(Ladies Finger)",Bhindi,Local,28/07/2026,3600,4000,3800
"Tamil Nadu",Madurai,"Anna nagar(Uzhavar Sandhai )",Ginger(Green),"Green Ginger",Local,28/07/2026,12000,23000,17500
"Tamil Nadu",Madurai,"Anna nagar(Uzhavar Sandhai )",Beetroot,Beetroot,Local,28/07/2026,5200,5200,5200
"Tamil Nadu",Madurai,"Anna nagar(Uzhavar Sandhai )",Raddish,Raddish,Local,28/07/2026,3600,3600,3600
"Tamil Nadu",Madurai,"Anna nagar(Uzhavar Sandhai )",Thondekai,Thondekai,Local,28/07/2026,5600,6600,6100
"Tamil Nadu",Madurai,"Anna nagar(Uzhavar Sandhai )","Chow Chow","Chow Chow",Local,28/07/2026,3600,4000,3800
"Tamil Nadu",Madurai,"Anna nagar(Uzhavar Sandhai )",Mango(Raw-Ripe),"Mango - Raw-Ripe",Local,28/07/2026,3600,4000,3800
"Tamil Nadu",Madurai,"Anna nagar(Uzhavar Sandhai )",Jasmine,Jasmine,Local,28/07/2026,35000,35000,35000
"Tamil Nadu",Madurai,"Anna nagar(Uzhavar Sandhai )","Indian Beans(Seam)","Indian Beans (Seam)",Local,28/07/2026,5600,6600,6100
"Tamil Nadu",Madurai,"Anna nagar(Uzhavar Sandhai )",Lemon,Lemon,Local,28/07/2026,6000,7000,6500
"Tamil Nadu",Madurai,"Anna nagar(Uzhavar Sandhai )",Mashrooms,Mashrooms,Local,28/07/2026,22000,22000,22000
"Tamil Nadu",Madurai,"Anna nagar(Uzhavar Sandhai )","Tube Rose(Loose)","Tube Rose (Loose)",Local,28/07/2026,24000,24000,24000
"Tamil Nadu",Madurai,"Anna nagar(Uzhavar Sandhai )","Sweet Corn ","Sweet Corn ",Local,28/07/2026,3000,3000,3000
"Tamil Nadu",Perambalur,"Perambalur(Uzhavar Sandhai )",Groundnut,"Big (With Shell)",Local,28/07/2026,7000,8000,7500
"Tamil Nadu",Perambalur,"Perambalur(Uzhavar Sandhai )",Banana,"Red Banana",Local,28/07/2026,6000,7000,6500
"Tamil Nadu",Perambalur,"Perambalur(Uzhavar Sandhai )",Beans,"Beans (Whole)",Local,28/07/2026,11200,11200,11200
"Tamil Nadu",Perambalur,"Perambalur(Uzhavar Sandhai )",Snakeguard,Snakeguard,Local,28/07/2026,3600,4000,3800
"Tamil Nadu",Perambalur,"Perambalur(Uzhavar Sandhai )","Green Avare(W)",Other,Local,28/07/2026,7200,11600,9400
"Tamil Nadu",Perambalur,"Perambalur(Uzhavar Sandhai )",Mango(Raw-Ripe),"Mango - Raw-Ripe",Local,28/07/2026,3000,5000,4000
"Tamil Nadu",Perambalur,"Perambalur(Uzhavar Sandhai )","Tender Coconut","Tender Coconut",Local,28/07/2026,3000,4000,3500
"Tamil Nadu",Perambalur,"Perambalur(Uzhavar Sandhai )",Mint(Pudina),Mint(Pudina),Local,28/07/2026,5500,6200,5850
"Tamil Nadu",Salem,"Mecheri(Uzhavar Sandhai)",Coriander(Leaves),"I Sort",Local,28/07/2026,2600,3000,2800
"Tamil Nadu",Salem,"Mecheri(Uzhavar Sandhai)","Bottle gourd","Bottle Gourd",Local,28/07/2026,2000,2500,2250
"Tamil Nadu",Salem,"Mecheri(Uzhavar Sandhai)",Ridgeguard(Tori),Ridgeguard(Tori),Local,28/07/2026,4500,5000,4750
"Tamil Nadu",Ranipet,"Ranipettai(Uzhavar Sandhai )",Papaya,Papaya,Local,28/07/2026,4000,4000,4000
"Tamil Nadu",Ranipet,"Ranipettai(Uzhavar Sandhai )",Ashgourd,Gouard,Local,28/07/2026,3000,3000,3000
"Tamil Nadu",Ranipet,"Ranipettai(Uzhavar Sandhai )","Bhindi(Ladies Finger)",Bhindi,Local,28/07/2026,3400,3400,3400
"Tamil Nadu",Ranipet,"Ranipettai(Uzhavar Sandhai )",Coconut,Coconut,Local,28/07/2026,4000,5000,4500
"Tamil Nadu",Ranipet,"Ranipettai(Uzhavar Sandhai )",Cabbage,Cabbage,Local,28/07/2026,3600,3600,3600
"Tamil Nadu",Ranipet,"Ranipettai(Uzhavar Sandhai )",Cucumbar(Kheera),Cucumbar,Local,28/07/2026,4000,4000,4000
"Tamil Nadu",Ranipet,"Ranipettai(Uzhavar Sandhai )",Thondekai,Thondekai,Local,28/07/2026,4000,4000,4000
"Tamil Nadu",Ranipet,"Ranipettai(Uzhavar Sandhai )","Amla(Nelli Kai)",Amla,Local,28/07/2026,6000,8000,7000
"Tamil Nadu",Ranipet,"Ranipettai(Uzhavar Sandhai )",Rose(Local),"Rose (Local)",Local,28/07/2026,24000,24000,24000
"Tamil Nadu",Salem,"Ammapet(Uzhavar Sandhai )",Groundnut,"Big (With Shell)",Local,28/07/2026,6500,7000,6750
"Tamil Nadu",Salem,"Ammapet(Uzhavar Sandhai )",Banana,"Red Banana",Local,28/07/2026,7000,7500,7250
"Tamil Nadu",Salem,"Ammapet(Uzhavar Sandhai )","Cluster beans","Cluster Beans",Local,28/07/2026,3000,3400,3200
"Tamil Nadu",Salem,"Ammapet(Uzhavar Sandhai )",Ashgourd,Gouard,Local,28/07/2026,2000,2400,2200
"Tamil Nadu",Salem,"Ammapet(Uzhavar Sandhai )",Amaranthus,Amaranthus,Local,28/07/2026,2500,2800,2650
"Tamil Nadu",Salem,"Ammapet(Uzhavar Sandhai )",Tapioca,Tapioca,Local,28/07/2026,2500,3000,2750
"Tamil Nadu",Salem,"Ammapet(Uzhavar Sandhai )",Ginger(Green),"Green Ginger",Local,28/07/2026,19000,20000,19500
"Tamil Nadu",Salem,"Ammapet(Uzhavar Sandhai )",Coconut,Coconut,Local,28/07/2026,4500,5500,5000
"Tamil Nadu",Salem,"Ammapet(Uzhavar Sandhai )",Beetroot,Beetroot,Local,28/07/2026,6000,6400,6200
"Tamil Nadu",Salem,"Ammapet(Uzhavar Sandhai )",Thondekai,Thondekai,Local,28/07/2026,4500,5000,4750
"Tamil Nadu",Salem,"Mettur(Uzhavar Sandhai )",Onion,Bellary,Local,28/07/2026,3500,4000,3750
"Tamil Nadu",Salem,"Mettur(Uzhavar Sandhai )",Potato,Other,Local,28/07/2026,3500,4000,3750
"Tamil Nadu",Salem,"Mettur(Uzhavar Sandhai )",Garlic,Garlic,Local,28/07/2026,24000,26000,25000
"Tamil Nadu",Salem,"Mettur(Uzhavar Sandhai )",Brinjal,Other,Local,28/07/2026,3500,4000,3750
"Tamil Nadu",Salem,"Mettur(Uzhavar Sandhai )",Tomato,Local,Local,28/07/2026,1500,1800,1650
"Tamil Nadu",Salem,"Mettur(Uzhavar Sandhai )","Bottle gourd","Bottle Gourd",Local,28/07/2026,1500,2000,1750
"Tamil Nadu",Salem,"Mettur(Uzhavar Sandhai )",Ashgourd,Gouard,Local,28/07/2026,2000,2500,2250
"Tamil Nadu",Salem,"Mettur(Uzhavar Sandhai )",Tapioca,Tapioca,Local,28/07/2026,2500,3000,2750
"Tamil Nadu",Salem,"Mettur(Uzhavar Sandhai )",Cabbage,Cabbage,Local,28/07/2026,3500,4000,3750
"Tamil Nadu",Salem,"Mettur(Uzhavar Sandhai )",Guava,"Guava Allahabad",Local,28/07/2026,5000,6000,5500
"Tamil Nadu",Salem,"Mettur(Uzhavar Sandhai )","Indian Beans(Seam)","Indian Beans (Seam)",Local,28/07/2026,6000,6500,6250
"Tamil Nadu",Salem,"Mettur(Uzhavar Sandhai )","Sweet Corn ","Sweet Corn ",Local,28/07/2026,3500,4000,3750
"Tamil Nadu",Salem,"Sooramangalam(Uzhavar Sandhai )","Mousambi(Sweet Lime)",Mousambi,Local,28/07/2026,3000,3500,3250
"Tamil Nadu",Salem,"Sooramangalam(Uzhavar Sandhai )",Amaranthus,Amaranthus,Local,28/07/2026,1800,2000,1900
"Tamil Nadu",Salem,"Sooramangalam(Uzhavar Sandhai )","Green Chilli","Green Chilly",Local,28/07/2026,4000,4200,4100
"Tamil Nadu",Salem,"Sooramangalam(Uzhavar Sandhai )",Ginger(Green),"Green Ginger",Local,28/07/2026,19000,20000,19500
"Tamil Nadu",Salem,"Sooramangalam(Uzhavar Sandhai )",Mango(Raw-Ripe),"Mango - Raw-Ripe",Local,28/07/2026,3000,4000,3500
"Tamil Nadu",Salem,"Sooramangalam(Uzhavar Sandhai )",Marigold(Calcutta),Marigold(Calcutta),Local,28/07/2026,16000,18000,17000
"Tamil Nadu",Salem,"Sooramangalam(Uzhavar Sandhai )",Rose(Local),"Rose (Local)",Local,28/07/2026,7000,8000,7500
"Tamil Nadu",Salem,"Thammampatti (Uzhavar Sandhai )",Papaya,Papaya,Local,28/07/2026,2500,3000,2750
"Tamil Nadu",Salem,"Thammampatti (Uzhavar Sandhai )",Groundnut,"Big (With Shell)",Local,28/07/2026,7000,7000,7000
"Tamil Nadu",Salem,"Thammampatti (Uzhavar Sandhai )",Onion,Bellary,Local,28/07/2026,3800,4200,4000
"Tamil Nadu",Salem,"Thammampatti (Uzhavar Sandhai )","Bhindi(Ladies Finger)",Bhindi,Local,28/07/2026,3000,3500,3250
"Tamil Nadu",Salem,"Thammampatti (Uzhavar Sandhai )",Beans,"Beans (Whole)",Local,28/07/2026,7000,7500,7250
"Tamil Nadu",Salem,"Thammampatti (Uzhavar Sandhai )",Ginger(Green),"Green Ginger",Local,28/07/2026,14000,20000,17000
"Tamil Nadu",Salem,"Thammampatti (Uzhavar Sandhai )",Snakeguard,Snakeguard,Local,28/07/2026,3500,3800,3650
"Tamil Nadu",Salem,"Thammampatti (Uzhavar Sandhai )",Yam(Ratalu),"Yam (Ratalu)",Local,28/07/2026,3000,4000,3500
"Tamil Nadu",Salem,"Thammampatti (Uzhavar Sandhai )","Amla(Nelli Kai)",Amla,Local,28/07/2026,6000,7000,6500
"Tamil Nadu",Salem,"Thathakapatti(Uzhavar Sandhai )",Mango,Safeda,Local,28/07/2026,4000,5000,4500
"Tamil Nadu",Salem,"Thathakapatti(Uzhavar Sandhai )","Mousambi(Sweet Lime)",Mousambi,Local,28/07/2026,3000,3500,3250
"Tamil Nadu",Salem,"Thathakapatti(Uzhavar Sandhai )",Brinjal,Round,Local,28/07/2026,4000,4800,4400
"Tamil Nadu",Salem,"Thathakapatti(Uzhavar Sandhai )",Coriander(Leaves),"I Sort",Local,28/07/2026,4000,4500,4250
"Tamil Nadu",Salem,"Thathakapatti(Uzhavar Sandhai )","Bottle gourd","Bottle Gourd",Local,28/07/2026,2500,3000,2750
"Tamil Nadu",Salem,"Thathakapatti(Uzhavar Sandhai )",Amaranthus,Amaranthus,Local,28/07/2026,2000,2400,2200
"Tamil Nadu",Salem,"Thathakapatti(Uzhavar Sandhai )",Coconut,Coconut,Local,28/07/2026,5000,6000,5500
"Tamil Nadu",Salem,"Thathakapatti(Uzhavar Sandhai )",Carrot,Pusakesar,Local,28/07/2026,8500,9000,8750
"Tamil Nadu",Salem,"Thathakapatti(Uzhavar Sandhai )",Beetroot,Beetroot,Local,28/07/2026,7000,8000,7500
"Tamil Nadu",Salem,"Thathakapatti(Uzhavar Sandhai )",Thondekai,Thondekai,Local,28/07/2026,4000,5000,4500
"Tamil Nadu",Salem,"Thathakapatti(Uzhavar Sandhai )",Capsicum,Capsicum,Local,28/07/2026,7000,7400,7200
"Tamil Nadu",Salem,"Thathakapatti(Uzhavar Sandhai )",Mango(Raw-Ripe),"Mango - Raw-Ripe",Local,28/07/2026,4000,5000,4500
"Tamil Nadu",Salem,"Thathakapatti(Uzhavar Sandhai )",Lime,Lime,Local,28/07/2026,3500,4000,3750
"Tamil Nadu",Salem,"Thathakapatti(Uzhavar Sandhai )",Pomegranate,Pomogranate,Local,28/07/2026,16000,18000,17000
"Tamil Nadu",Salem,"Thathakapatti(Uzhavar Sandhai )",Fig(Anjura/Anjeer),Anjura,Local,28/07/2026,10000,12000,11000
"Tamil Nadu",Salem,"Thathakapatti(Uzhavar Sandhai )",Yam(Ratalu),"Yam (Ratalu)",Local,28/07/2026,7000,8000,7500
"Tamil Nadu",Salem,"Thathakapatti(Uzhavar Sandhai )",Rose(Local),"Rose (Local)",Local,28/07/2026,13000,14000,13500
"Tamil Nadu",Pudukkottai,"Pudukottai(Uzhavar Sandhai )",Potato,Other,Local,28/07/2026,6500,7000,6750
"Tamil Nadu",Pudukkottai,"Pudukottai(Uzhavar Sandhai )",Cauliflower,Ranchi,Local,28/07/2026,4500,5000,4750
"Tamil Nadu",Pudukkottai,"Pudukottai(Uzhavar Sandhai )","Banana - Green","Banana - Green",Local,28/07/2026,2500,3000,2750
"Tamil Nadu",Pudukkottai,"Pudukottai(Uzhavar Sandhai )",Tapioca,Tapioca,Local,28/07/2026,3000,4000,3500
"Tamil Nadu",Pudukkottai,"Pudukottai(Uzhavar Sandhai )",Coconut,Coconut,Local,28/07/2026,3000,4000,3500
"Tamil Nadu",Pudukkottai,"Pudukottai(Uzhavar Sandhai )",Cabbage,Cabbage,Local,28/07/2026,4000,4500,4250
"Tamil Nadu",Pudukkottai,"Pudukottai(Uzhavar Sandhai )",Ridgeguard(Tori),Ridgeguard(Tori),Local,28/07/2026,6000,7000,6500
"Tamil Nadu",Pudukkottai,"Pudukottai(Uzhavar Sandhai )",Capsicum,Capsicum,Local,28/07/2026,6000,7000,6500
"Tamil Nadu",Pudukkottai,"Pudukottai(Uzhavar Sandhai )","Chow Chow","Chow Chow",Local,28/07/2026,4000,4500,4250
"Tamil Nadu",Pudukkottai,"Pudukottai(Uzhavar Sandhai )",Guava,"Guava Allahabad",Local,28/07/2026,7000,8000,7500
"Tamil Nadu",Pudukkottai,"Pudukottai(Uzhavar Sandhai )",Pomegranate,Pomogranate,Local,28/07/2026,24500,25000,24750
"Tamil Nadu",Pudukkottai,"Pudukottai(Uzhavar Sandhai )","Elephant Yam(Suran)/Amorphophallus","Elephant Yam (Suran)",Local,28/07/2026,5000,6000,5500
"Tamil Nadu",Pudukkottai,"Pudukottai(Uzhavar Sandhai )",Colacasia,Colacasia,Local,28/07/2026,5500,6000,5750
"Tamil Nadu",Thanjavur,"Kumbakonam (Uzhavar Sandhai )",Potato,"Red Nanital",Local,28/07/2026,3000,3600,3300
"Tamil Nadu",Thanjavur,"Kumbakonam (Uzhavar Sandhai )",Cauliflower,Ranchi,Local,28/07/2026,4800,4800,4800
"Tamil Nadu",Thanjavur,"Kumbakonam (Uzhavar Sandhai )",Ashgourd,Gouard,Local,28/07/2026,2400,2400,2400
"Tamil Nadu",Thanjavur,"Kumbakonam (Uzhavar Sandhai )",Pumpkin,Pumpkin,Local,28/07/2026,2400,2400,2400
"Tamil Nadu",Thanjavur,"Kumbakonam (Uzhavar Sandhai )","Bhindi(Ladies Finger)",Bhindi,Local,28/07/2026,4800,4800,4800
"Tamil Nadu",Thanjavur,"Kumbakonam (Uzhavar Sandhai )",Carrot,Pusakesar,Local,28/07/2026,8400,10200,9300
"Tamil Nadu",Thanjavur,"Kumbakonam (Uzhavar Sandhai )",Beetroot,Beetroot,Local,28/07/2026,4800,6000,5400
"Tamil Nadu",Thanjavur,"Kumbakonam (Uzhavar Sandhai )","Green Avare(W)","Green Avare (W)",Local,28/07/2026,7200,7200,7200
"Tamil Nadu",Thanjavur,"Kumbakonam (Uzhavar Sandhai )","Jack Fruit(Ripe)","Jack Fruit",Local,28/07/2026,3000,3000,3000
"Tamil Nadu",Thanjavur,"Kumbakonam (Uzhavar Sandhai )","Elephant Yam(Suran)/Amorphophallus","Elephant Yam (Suran)",Local,28/07/2026,4800,4800,4800
"Tamil Nadu",Thanjavur,"Kumbakonam (Uzhavar Sandhai )",Colacasia,Colacasia,Local,28/07/2026,6000,6000,6000
"Tamil Nadu","The Nilgiris","Udhagamandalam(Uzhavar Sandhai )",Papaya,Papaya,Local,28/07/2026,4000,4500,4250
"Tamil Nadu","The Nilgiris","Udhagamandalam(Uzhavar Sandhai )",Orange,Darjeeling,Local,28/07/2026,10000,15000,12500
"Tamil Nadu","The Nilgiris","Udhagamandalam(Uzhavar Sandhai )",Mango,Safeda,Local,28/07/2026,7000,8000,7500
"Tamil Nadu","The Nilgiris","Udhagamandalam(Uzhavar Sandhai )",Garlic,Garlic,Local,28/07/2026,20000,22000,21000
"Tamil Nadu","The Nilgiris","Udhagamandalam(Uzhavar Sandhai )",Amaranthus,Amaranthus,Local,28/07/2026,5500,6000,5750
"Tamil Nadu","The Nilgiris","Udhagamandalam(Uzhavar Sandhai )",Raddish,Raddish,Local,28/07/2026,2500,3000,2750
"Tamil Nadu","The Nilgiris","Udhagamandalam(Uzhavar Sandhai )",Thondekai,Thondekai,Local,28/07/2026,4000,4500,4250
"Tamil Nadu",Theni,"Andipatti(Uzhavar Sandhai )","Bitter gourd","Bitter Gourd",Local,28/07/2026,5000,5400,5200
"Tamil Nadu",Theni,"Andipatti(Uzhavar Sandhai )","Green Chilli","Green Chilly",Local,28/07/2026,5000,5400,5200
"Tamil Nadu",Theni,"Andipatti(Uzhavar Sandhai )",Beans,"Beans (Whole)",Local,28/07/2026,8000,9000,8500
"Tamil Nadu",Theni,"Andipatti(Uzhavar Sandhai )",Carrot,Pusakesar,Local,28/07/2026,8000,8400,8200
"Tamil Nadu",Theni,"Andipatti(Uzhavar Sandhai )",Ridgeguard(Tori),Ridgeguard(Tori),Local,28/07/2026,4400,4800,4600
"Tamil Nadu",Theni,"Andipatti(Uzhavar Sandhai )",Mango(Raw-Ripe),"Mango - Raw-Ripe",Local,28/07/2026,3000,3500,3250
"Tamil Nadu",Theni,"Andipatti(Uzhavar Sandhai )","Knool Khol","Knool Khol",Local,28/07/2026,4000,4400,4200
"Tamil Nadu",Theni,"Andipatti(Uzhavar Sandhai )","Elephant Yam(Suran)/Amorphophallus","Elephant Yam (Suran)",Local,28/07/2026,3500,4000,3750
"Tamil Nadu",Theni,"Andipatti(Uzhavar Sandhai )",Yam(Ratalu),"Yam (Ratalu)",Local,28/07/2026,7000,7500,7250
"Tamil Nadu",Theni,"Andipatti(Uzhavar Sandhai )","Indian Beans(Seam)","Indian Beans (Seam)",Local,28/07/2026,5000,5500,5250
"Tamil Nadu",Theni,"Bodinayakanur(Uzhavar Sandhai )",Mango,Safeda,Local,28/07/2026,5000,5000,5000
"Tamil Nadu",Theni,"Bodinayakanur(Uzhavar Sandhai )",Onion,Bellary,Local,28/07/2026,3800,3800,3800
"Tamil Nadu",Theni,"Bodinayakanur(Uzhavar Sandhai )",Pumpkin,Pumpkin,Local,28/07/2026,1800,1800,1800
"Tamil Nadu",Theni,"Bodinayakanur(Uzhavar Sandhai )",Coconut,Coconut,Local,28/07/2026,5400,5400,5400
"Tamil Nadu",Theni,"Bodinayakanur(Uzhavar Sandhai )","Sweet Potato","Hosur Red",Local,28/07/2026,4000,4000,4000
"Tamil Nadu",Theni,"Bodinayakanur(Uzhavar Sandhai )",Beetroot,Beetroot,Local,28/07/2026,4500,4500,4500
"Tamil Nadu",Theni,"Bodinayakanur(Uzhavar Sandhai )","Chow Chow","Chow Chow",Local,28/07/2026,3400,3400,3400
"Tamil Nadu",Theni,"Bodinayakanur(Uzhavar Sandhai )",Lemon,Lemon,Local,28/07/2026,5000,5000,5000
"Tamil Nadu",Theni,"Bodinayakanur(Uzhavar Sandhai )","Onion Green","Onion Green",Local,28/07/2026,6000,6000,6000
"Tamil Nadu",Theni,"Chinnamanur(Uzhavar Sandhai )",Garlic,Garlic,Local,28/07/2026,14000,24000,19000
"Tamil Nadu",Theni,"Chinnamanur(Uzhavar Sandhai )",Brinjal,Other,Local,28/07/2026,4000,4400,4200
"Tamil Nadu",Theni,"Chinnamanur(Uzhavar Sandhai )",Tomato,Local,Local,28/07/2026,2200,2200,2200
"Tamil Nadu",Theni,"Chinnamanur(Uzhavar Sandhai )",Amaranthus,Amaranthus,Local,28/07/2026,2500,2500,2500
"Tamil Nadu",Theni,"Chinnamanur(Uzhavar Sandhai )",Beetroot,Beetroot,Local,28/07/2026,4500,4500,4500
"Tamil Nadu",Theni,"Chinnamanur(Uzhavar Sandhai )",Drumstick,Drumstick,Local,28/07/2026,4000,4000,4000
"Tamil Nadu",Theni,"Kambam(Uzhavar Sandhai )",Papaya,Papaya,Local,28/07/2026,2500,3000,2750
"Tamil Nadu",Theni,"Kambam(Uzhavar Sandhai )",Banana,"Red Banana",Local,28/07/2026,6000,6000,6000
"Tamil Nadu",Theni,"Kambam(Uzhavar Sandhai )",Mango,Safeda,Local,28/07/2026,4000,4000,4000
"Tamil Nadu",Theni,"Kambam(Uzhavar Sandhai )",Brinjal,Other,Local,28/07/2026,3800,4000,3900
"Tamil Nadu",Theni,"Kambam(Uzhavar Sandhai )",Snakeguard,Snakeguard,Local,28/07/2026,2800,2800,2800
"Tamil Nadu",Theni,"Kambam(Uzhavar Sandhai )",Beetroot,Beetroot,Local,28/07/2026,3500,4400,3950
"Tamil Nadu",Theni,"Kambam(Uzhavar Sandhai )",Lemon,Lemon,Local,28/07/2026,4000,5000,4500
"Tamil Nadu",Theni,"Theni(Uzhavar Sandhai )",Apple,American,Local,28/07/2026,14000,26000,20000
"Tamil Nadu",Theni,"Theni(Uzhavar Sandhai )",Orange,Darjeeling,Local,28/07/2026,12000,16000,14000
"Tamil Nadu",Theni,"Theni(Uzhavar Sandhai )",Banana,"Red Banana",Local,28/07/2026,5000,6000,5500
"Tamil Nadu",Theni,"Theni(Uzhavar Sandhai )",Onion,Bellary,Local,28/07/2026,3500,3800,3650
"Tamil Nadu",Theni,"Theni(Uzhavar Sandhai )",Garlic,Garlic,Local,28/07/2026,10000,20000,15000
"Tamil Nadu",Theni,"Theni(Uzhavar Sandhai )",Cauliflower,Ranchi,Local,28/07/2026,1500,2500,2000
"Tamil Nadu",Theni,"Theni(Uzhavar Sandhai )",Pumpkin,Pumpkin,Local,28/07/2026,1500,1800,1650
"Tamil Nadu",Theni,"Theni(Uzhavar Sandhai )","Banana - Green","Banana - Green",Local,28/07/2026,3000,3500,3250
"Tamil Nadu",Theni,"Theni(Uzhavar Sandhai )",Raddish,Raddish,Local,28/07/2026,2800,2800,2800
"Tamil Nadu",Theni,"Theni(Uzhavar Sandhai )","Chow Chow","Chow Chow",Local,28/07/2026,3400,3400,3400
"Tamil Nadu",Theni,"Theni(Uzhavar Sandhai )","Karbuja(Musk Melon)",Karbhuja,Local,28/07/2026,6000,6000,6000
"Tamil Nadu",Theni,"Theni(Uzhavar Sandhai )",Colacasia,Colacasia,Local,28/07/2026,5000,5000,5000
"Tamil Nadu",Thirunelveli,"Kandiyaperi(Uzhavar Sandhai )",Pumpkin,Pumpkin,Local,28/07/2026,1000,1200,1100
"Tamil Nadu",Thirunelveli,"Melapalayam(Uzhavar Sandhai )","Bitter gourd",Other,Local,28/07/2026,5500,6500,6000
"Tamil Nadu",Thirunelveli,"Melapalayam(Uzhavar Sandhai )","Bottle gourd","Bottle Gourd",Local,28/07/2026,1000,1200,1100
"Tamil Nadu",Thirunelveli,"Melapalayam(Uzhavar Sandhai )",Capsicum,Capsicum,Local,28/07/2026,5000,5500,5250
"Tamil Nadu",Thirunelveli,"Palayamkottai(Uzhavar Sandhai )",Onion,Bellary,Local,28/07/2026,3400,3800,3600
"Tamil Nadu",Thirunelveli,"Palayamkottai(Uzhavar Sandhai )",Garlic,Garlic,Local,28/07/2026,28000,33000,30500
"Tamil Nadu",Thirunelveli,"Palayamkottai(Uzhavar Sandhai )",Cucumbar(Kheera),Cucumbar,Local,28/07/2026,3800,6000,4900
"Tamil Nadu",Thirupur,"Kangayam(Uzhavar Sandhai )",Amaranthus,Amaranthus,Local,28/07/2026,2500,2500,2500
"Tamil Nadu",Thirupur,"Kangayam(Uzhavar Sandhai )","Banana - Green","Banana - Green",Local,28/07/2026,3000,3000,3000
"Tamil Nadu",Thirupur,"Kangayam(Uzhavar Sandhai )",Mint(Pudina),Mint(Pudina),Local,28/07/2026,2000,2000,2000
"Tamil Nadu",Thirupur,"Tiruppur (North) (Uzhavar Sandhai )",Onion,Bellary,Local,28/07/2026,3000,3500,3250
"Tamil Nadu",Thirupur,"Tiruppur (North) (Uzhavar Sandhai )",Cauliflower,Ranchi,Local,28/07/2026,3000,3600,3300
"Tamil Nadu",Thirupur,"Tiruppur (North) (Uzhavar Sandhai )","Bitter gourd",Other,Local,28/07/2026,4500,5000,4750
"Tamil Nadu",Thirupur,"Tiruppur (North) (Uzhavar Sandhai )",Ashgourd,Gouard,Local,28/07/2026,1500,2000,1750
"Tamil Nadu",Thirupur,"Tiruppur (North) (Uzhavar Sandhai )",Cabbage,Cabbage,Local,28/07/2026,2500,3000,2750
"Tamil Nadu",Thirupur,"Tiruppur (North) (Uzhavar Sandhai )","Tender Coconut","Tender Coconut",Local,28/07/2026,3000,3500,3250
"Tamil Nadu",Thirupur,"Tiruppur (North) (Uzhavar Sandhai )",Yam(Ratalu),"Yam (Ratalu)",Local,28/07/2026,5000,6000,5500
"Tamil Nadu",Thirupur,"Tiruppur (North) (Uzhavar Sandhai )","Onion Green","Onion Green",Local,28/07/2026,5000,6000,5500
"Tamil Nadu",Thirupur,"Tiruppur (North) (Uzhavar Sandhai )",Mint(Pudina),Mint(Pudina),Local,28/07/2026,2000,2600,2300
"Tamil Nadu",Thirupur,"Tiruppur (South) (Uzhavar Sandhai )",Garlic,Garlic,Local,28/07/2026,15000,18000,16500
"Tamil Nadu",Thirupur,"Tiruppur (South) (Uzhavar Sandhai )",Cauliflower,Ranchi,Local,28/07/2026,2500,3000,2750
"Tamil Nadu",Thirupur,"Tiruppur (South) (Uzhavar Sandhai )",Tomato,Local,Local,28/07/2026,1500,1800,1650
"Tamil Nadu",Thirupur,"Tiruppur (South) (Uzhavar Sandhai )","Bitter gourd",Other,Local,28/07/2026,6000,7000,6500
"Tamil Nadu",Thirupur,"Tiruppur (South) (Uzhavar Sandhai )","Green Chilli","Green Chilly",Local,28/07/2026,4000,5000,4500
"Tamil Nadu",Thirupur,"Tiruppur (South) (Uzhavar Sandhai )",Carrot,Pusakesar,Local,28/07/2026,7800,9000,8400
"Tamil Nadu",Thirupur,"Tiruppur (South) (Uzhavar Sandhai )",Raddish,Raddish,Local,28/07/2026,2500,3000,2750
"Tamil Nadu",Thiruvannamalai,"Chengam(Uzhavar Sandhai )",Groundnut,"Big (With Shell)",Local,28/07/2026,7000,8000,7500
"Tamil Nadu",Thiruvannamalai,"Chengam(Uzhavar Sandhai )",Banana,Besrai,Local,28/07/2026,4000,5000,4500
"Tamil Nadu",Thiruvannamalai,"Chengam(Uzhavar Sandhai )",Mango,Safeda,Local,28/07/2026,3500,4000,3750
"Tamil Nadu",Thiruvannamalai,"Chengam(Uzhavar Sandhai )",Garlic,Garlic,Local,28/07/2026,20000,25000,22500
"Tamil Nadu",Thiruvannamalai,"Chengam(Uzhavar Sandhai )","Bhindi(Ladies Finger)",Bhindi,Local,28/07/2026,2500,3000,2750
"Tamil Nadu",Thiruvannamalai,"Chengam(Uzhavar Sandhai )",Beans,"Beans (Whole)",Local,28/07/2026,7000,8000,7500
"Tamil Nadu",Thiruvannamalai,"Chengam(Uzhavar Sandhai )","Knool Khol","Knool Khol",Local,28/07/2026,4500,5000,4750
"Tamil Nadu",Thiruvannamalai,"Chengam(Uzhavar Sandhai )","Jack Fruit(Ripe)","Jack Fruit",Local,28/07/2026,1500,2000,1750
"Tamil Nadu",Thiruvannamalai,"Chengam(Uzhavar Sandhai )",Mint(Pudina),Mint(Pudina),Local,28/07/2026,4000,5000,4500
"Tamil Nadu",Thiruvannamalai,"Chengam(Uzhavar Sandhai )","Sweet Corn ","Sweet Corn ",Local,28/07/2026,1500,2000,1750
"Tamil Nadu",Thiruvannamalai,"Tamarainagar(Uzhavar Sandhai )",Papaya,Papaya,Local,28/07/2026,3000,3600,3300
"Tamil Nadu",Thiruvannamalai,"Tamarainagar(Uzhavar Sandhai )",Tomato,Deshi,Local,28/07/2026,1800,2000,1900
"Tamil Nadu",Thiruvannamalai,"Tamarainagar(Uzhavar Sandhai )",Ashgourd,Gouard,Local,28/07/2026,2000,2500,2250
"Tamil Nadu",Thiruvannamalai,"Tamarainagar(Uzhavar Sandhai )",Tapioca,Tapioca,Local,28/07/2026,1500,2000,1750
"Tamil Nadu",Thiruvannamalai,"Tamarainagar(Uzhavar Sandhai )",Raddish,Raddish,Local,28/07/2026,2000,2500,2250
"Tamil Nadu",Thiruvannamalai,"Tamarainagar(Uzhavar Sandhai )",Mango(Raw-Ripe),"Mango - Raw-Ripe",Local,28/07/2026,2500,3000,2750
"Tamil Nadu",Thiruvannamalai,"Tamarainagar(Uzhavar Sandhai )",Lime,Lime,Local,28/07/2026,5000,6000,5500
"Tamil Nadu",Thiruvannamalai,"Tamarainagar(Uzhavar Sandhai )",Fig(Anjura/Anjeer),Anjura,Local,28/07/2026,5000,6000,5500
"Tamil Nadu",Thiruvannamalai,"Tamarainagar(Uzhavar Sandhai )",Rose(Local),"Rose (Local)",Local,28/07/2026,20000,24000,22000
"Tamil Nadu",Thiruvannamalai,"Vandavasi(Uzhavar Sandhai )",Coriander(Leaves),"I Sort",Local,28/07/2026,4000,5000,4500
"Tamil Nadu",Thiruvannamalai,"Vandavasi(Uzhavar Sandhai )",Amaranthus,Amaranthus,Local,28/07/2026,2500,3000,2750
"Tamil Nadu",Thiruvannamalai,"Vandavasi(Uzhavar Sandhai )",Beans,"Beans (Whole)",Local,28/07/2026,7200,8400,7800
"Tamil Nadu",Thiruvannamalai,"Vandavasi(Uzhavar Sandhai )",Beetroot,Beetroot,Local,28/07/2026,4000,4800,4400
"Tamil Nadu",Thiruvannamalai,"Vandavasi(Uzhavar Sandhai )",Ridgeguard(Tori),Ridgeguard(Tori),Local,28/07/2026,3600,4200,3900
"Tamil Nadu",Thiruvannamalai,"Vandavasi(Uzhavar Sandhai )",Guava,"Guava Allahabad",Local,28/07/2026,4000,5000,4500
"Tamil Nadu",Thiruvannamalai,"Vandavasi(Uzhavar Sandhai )",Yam(Ratalu),"Yam (Ratalu)",Local,28/07/2026,5000,6000,5500
"Tamil Nadu",Thiruvarur,"Muthupettai(Uzhavar Sandhai )","Cluster beans","Cluster Beans",Local,28/07/2026,4400,4400,4400
"Tamil Nadu",Thiruvarur,"Muthupettai(Uzhavar Sandhai )","Bitter gourd","Bitter Gourd",Local,28/07/2026,6600,6600,6600
"Tamil Nadu",Thiruvarur,"Muthupettai(Uzhavar Sandhai )","Bhindi(Ladies Finger)",Bhindi,Local,28/07/2026,3800,3800,3800
"Tamil Nadu",Thiruvarur,"Muthupettai(Uzhavar Sandhai )",Lime,Lime,Local,28/07/2026,3000,3000,3000
"Tamil Nadu",Thiruvarur,"Muthupettai(Uzhavar Sandhai )","Onion Green","Onion Green",Local,28/07/2026,6000,6000,6000
Punjab,"Ropar (Rupnagar)","Morinda APMC",Cabbage,Cabbage,Medium,28/07/2026,2500,3000,2750
Punjab,"Ropar (Rupnagar)","Morinda APMC",Cucumbar(Kheera),Cucumbar,Medium,28/07/2026,2000,3000,2500
Punjab,"Ropar (Rupnagar)","Morinda APMC",Carrot,Carrot,Medium,28/07/2026,3000,3000,3000
Punjab,"Ropar (Rupnagar)","Morinda APMC",Cauliflower,Cauliflower,Medium,28/07/2026,4000,6000,5000
Punjab,"Ropar (Rupnagar)","Morinda APMC",Ginger(Green),"Green Ginger",Medium,28/07/2026,10000,17000,13500
Punjab,"Ropar (Rupnagar)","Morinda APMC",Pumpkin,Pumpkin,Medium,28/07/2026,1200,1200,1200
Bihar,"East Champaran/ Motihari","Raxaul APMC","Bhindi(Ladies Finger)",Bhindi,"Grade A",28/07/2026,1100,1300,1200
Bihar,"East Champaran/ Motihari","Raxaul APMC",Onion,"1st Sort","Grade A",28/07/2026,2400,2600,2500
Bihar,Sheikhpura,"Barbigha APMC","Bottle gourd","Bottle Gourd",FAQ,28/07/2026,2105,2210,2160
"Tamil Nadu",Villupuram,"Gingee(Uzhavar Sandhai )",Potato,"Red Nanital",Local,28/07/2026,3500,3500,3500
"Tamil Nadu",Villupuram,"Gingee(Uzhavar Sandhai )",Carrot,Pusakesar,Local,28/07/2026,7500,7500,7500
"Tamil Nadu",Villupuram,"Gingee(Uzhavar Sandhai )",Thondekai,Thondekai,Local,28/07/2026,3500,4500,4000
"Tamil Nadu",Villupuram,"Gingee(Uzhavar Sandhai )","Green Avare(W)","Green Avare (W)",Local,28/07/2026,7000,7000,7000
"Tamil Nadu",Villupuram,"Gingee(Uzhavar Sandhai )","Knool Khol","Knool Khol",Local,28/07/2026,7000,7000,7000
"Tamil Nadu",Villupuram,"Gingee(Uzhavar Sandhai )",Yam(Ratalu),"Yam (Ratalu)",Local,28/07/2026,6000,6000,6000
"Tamil Nadu",Thiruvarur,"Valangaiman APMC",Brinjal,Round,Local,28/07/2026,4000,5000,4500
"Tamil Nadu",Thiruvarur,"Valangaiman APMC","Bitter gourd","Bitter Gourd",Local,28/07/2026,7000,7000,7000
"Tamil Nadu",Thiruvarur,"Valangaiman APMC",Pumpkin,Pumpkin,Local,28/07/2026,2400,2400,2400
"Tamil Nadu",Thiruvarur,"Valangaiman APMC",Amaranthus,Amaranthus,Local,28/07/2026,2000,2000,2000
"Tamil Nadu",Thiruvarur,"Valangaiman APMC","Green Chilli","Green Chilly",Local,28/07/2026,4000,4000,4000
"Tamil Nadu",Thiruvarur,"Valangaiman APMC",Snakeguard,Snakeguard,Local,28/07/2026,4000,4000,4000
"Tamil Nadu",Thiruvellore,"Tiruthani(Uzhavar Sandhai )",Onion,Bellary,Local,28/07/2026,3000,3000,3000
"Tamil Nadu",Thiruvellore,"Tiruthani(Uzhavar Sandhai )",Potato,"Red Nanital",Local,28/07/2026,3000,3000,3000
"Tamil Nadu",Thiruvellore,"Tiruthani(Uzhavar Sandhai )",Cauliflower,Ranchi,Local,28/07/2026,4000,4000,4000
"Tamil Nadu",Thiruvellore,"Tiruthani(Uzhavar Sandhai )",Tomato,Deshi,Local,28/07/2026,2500,2500,2500
"Tamil Nadu",Thiruvellore,"Tiruthani(Uzhavar Sandhai )","Cluster beans","Cluster Beans",Local,28/07/2026,4000,4000,4000
"Tamil Nadu",Thiruvellore,"Tiruthani(Uzhavar Sandhai )","Green Chilli","Green Chilly",Local,28/07/2026,5000,5000,5000
"Tamil Nadu",Thiruvellore,"Tiruthani(Uzhavar Sandhai )",Raddish,Raddish,Local,28/07/2026,4000,4000,4000
Telangana,Khammam,"Sattupalli (Ramalayam),RBZ",Tomato,Tomato,FAQ,28/07/2026,2000,2800,2400
"Tamil Nadu",Madurai,"Thirumangalam(Uzhavar Sandhai )","Cluster beans","Cluster Beans",Local,28/07/2026,3000,3600,3300
"Tamil Nadu",Madurai,"Thirumangalam(Uzhavar Sandhai )",Amaranthus,Amaranthus,Local,28/07/2026,3000,3600,3300
"Tamil Nadu",Madurai,"Thirumangalam(Uzhavar Sandhai )","Green Chilli","Green Chilly",Local,28/07/2026,4500,5500,5000
"Tamil Nadu",Madurai,"Thirumangalam(Uzhavar Sandhai )","Green Avare(W)","Green Avare (W)",Local,28/07/2026,6000,7000,6500
"Tamil Nadu",Madurai,"Thirumangalam(Uzhavar Sandhai )",Drumstick,Drumstick,Local,28/07/2026,6000,7000,6500
"Tamil Nadu",Madurai,"Thirumangalam(Uzhavar Sandhai )",Lemon,Lemon,Local,28/07/2026,6000,7000,6500
"Tamil Nadu",Madurai,"Melur(Uzhavar Sandhai )",Tomato,Deshi,Local,28/07/2026,2000,2200,2100
"Tamil Nadu",Madurai,"Melur(Uzhavar Sandhai )",Banana,Besrai,Local,28/07/2026,3500,4000,3750
"Tamil Nadu",Madurai,"Melur(Uzhavar Sandhai )","Bitter gourd",Other,Local,28/07/2026,5500,6000,5750
"Tamil Nadu",Madurai,"Melur(Uzhavar Sandhai )","Bottle gourd","Bottle Gourd",Local,28/07/2026,3000,3200,3100
"Tamil Nadu",Madurai,"Melur(Uzhavar Sandhai )","Bhindi(Ladies Finger)",Bhindi,Local,28/07/2026,4000,4200,4100
"Tamil Nadu",Madurai,"Melur(Uzhavar Sandhai )",Amaranthus,Amaranthus,Local,28/07/2026,3000,3600,3300
"Tamil Nadu",Madurai,"Melur(Uzhavar Sandhai )","Sweet Potato","Hosur Red",Local,28/07/2026,3600,4000,3800
"Tamil Nadu",Madurai,"Melur(Uzhavar Sandhai )",Mango(Raw-Ripe),"Mango - Raw-Ripe",Local,28/07/2026,2500,3500,3000
"Tamil Nadu",Salem,"Vazhapadi(Uzhavar Sandhai)",Garlic,Garlic,Local,28/07/2026,20000,20000,20000
"Tamil Nadu",Salem,"Vazhapadi(Uzhavar Sandhai)",Pumpkin,Pumpkin,Local,28/07/2026,2400,2400,2400
"Tamil Nadu",Salem,"Vazhapadi(Uzhavar Sandhai)","Tamarind Fruit","Tamarind Fruit",Local,28/07/2026,13000,13000,13000
"Tamil Nadu",Karur,"Gandhigramam(Uzhavar Sandhai)",Banana,Other,Local,28/07/2026,5000,6000,5500
"Tamil Nadu",Karur,"Gandhigramam(Uzhavar Sandhai)",Mango,Neelam,Local,28/07/2026,5000,8000,6500
"Tamil Nadu",Karur,"Gandhigramam(Uzhavar Sandhai)",Tomato,Other,Local,28/07/2026,1800,2000,1900
"Tamil Nadu",Karur,"Gandhigramam(Uzhavar Sandhai)","Green Chilli","Green Chilly",Local,28/07/2026,4000,5000,4500
"Tamil Nadu",Karur,"Gandhigramam(Uzhavar Sandhai)","Sweet Potato","Hosur Red",Local,28/07/2026,3500,4000,3750
"Tamil Nadu",Karur,"Gandhigramam(Uzhavar Sandhai)","Chow Chow","Chow Chow",Local,28/07/2026,3500,4000,3750
"Tamil Nadu",Karur,"Gandhigramam(Uzhavar Sandhai)",Mint(Pudina),Mint(Pudina),Local,28/07/2026,6500,7000,6750
"Tamil Nadu",Karur,"Gandhigramam(Uzhavar Sandhai)","Baby Corn","Baby Corn","Grade A",28/07/2026,3500,4000,3750
"Tamil Nadu",Pudukkottai,"Aranthangi(Uzhavar Sandhai )",Banana,Besrai,Local,28/07/2026,4500,5000,4750
"Tamil Nadu",Pudukkottai,"Aranthangi(Uzhavar Sandhai )",Onion,Bellary,Local,28/07/2026,4500,5000,4750
"Tamil Nadu",Pudukkottai,"Aranthangi(Uzhavar Sandhai )",Brinjal,Round,Local,28/07/2026,5500,6000,5750
"Tamil Nadu",Pudukkottai,"Aranthangi(Uzhavar Sandhai )",Coriander(Leaves),"I Sort",Local,28/07/2026,4500,5000,4750
"Tamil Nadu",Pudukkottai,"Aranthangi(Uzhavar Sandhai )","Green Chilli","Green Chilly",Local,28/07/2026,4500,5000,4750
"Tamil Nadu",Pudukkottai,"Aranthangi(Uzhavar Sandhai )","Banana - Green","Banana - Green",Local,28/07/2026,3500,4000,3750
"Tamil Nadu",Pudukkottai,"Aranthangi(Uzhavar Sandhai )",Ridgeguard(Tori),Ridgeguard(Tori),Local,28/07/2026,6500,7000,6750
"Tamil Nadu",Pudukkottai,"Aranthangi(Uzhavar Sandhai )","Green Avare(W)","Green Avare (W)",Local,28/07/2026,6500,7000,6750
"Tamil Nadu",Pudukkottai,"Aranthangi(Uzhavar Sandhai )",Lemon,Lemon,Local,28/07/2026,3500,4000,3750
"Tamil Nadu",Coimbatore,"Sulur(Uzhavar Sandhai )",Garlic,Garlic,Local,28/07/2026,18000,22000,20000
"Tamil Nadu",Coimbatore,"Sulur(Uzhavar Sandhai )","Cluster beans","Cluster Beans",Local,28/07/2026,3600,4000,3800
"Tamil Nadu",Coimbatore,"Sulur(Uzhavar Sandhai )","Bhindi(Ladies Finger)",Bhindi,Local,28/07/2026,4400,5000,4700
"Tamil Nadu",Coimbatore,"Sulur(Uzhavar Sandhai )",Ginger(Green),"Green Ginger",Local,28/07/2026,15000,18000,16500
"Tamil Nadu",Coimbatore,"Sulur(Uzhavar Sandhai )",Ridgeguard(Tori),Ridgeguard(Tori),Local,28/07/2026,5000,5600,5300
"Tamil Nadu",Coimbatore,"Sulur(Uzhavar Sandhai )",Thondekai,Thondekai,Local,28/07/2026,4600,5200,4900
Keralam,Thiruvananthapuram,"Kattakkada  VFPCK Market",Banana,"Nendra Bale","Grade A",28/07/2026,6200,6800,6500
"Tamil Nadu",Cuddalore,"Panruti(Uzhavar Sandhai )","Cluster beans","Cluster Beans",Local,28/07/2026,4000,4000,4000
"Tamil Nadu",Cuddalore,"Panruti(Uzhavar Sandhai )","Bitter gourd","Bitter Gourd",Local,28/07/2026,6000,6000,6000
"Tamil Nadu",Cuddalore,"Panruti(Uzhavar Sandhai )",Ashgourd,Gouard,Local,28/07/2026,3500,3500,3500
"Tamil Nadu",Cuddalore,"Panruti(Uzhavar Sandhai )","Bhindi(Ladies Finger)",Bhindi,Local,28/07/2026,3500,3500,3500
"Tamil Nadu",Cuddalore,"Panruti(Uzhavar Sandhai )",Drumstick,Drumstick,Local,28/07/2026,5000,5000,5000
"Tamil Nadu",Cuddalore,"Panruti(Uzhavar Sandhai )",Guava,"Guava Allahabad",Local,28/07/2026,5000,5000,5000
"Tamil Nadu",Cuddalore,"Vadalur(Uzhavar Sandhai )",Potato,Other,Local,28/07/2026,4000,4500,4250
"Tamil Nadu",Cuddalore,"Vadalur(Uzhavar Sandhai )","Bitter gourd",Other,Local,28/07/2026,7000,7000,7000
"Tamil Nadu",Cuddalore,"Vadalur(Uzhavar Sandhai )",Pumpkin,Pumpkin,Local,28/07/2026,3000,3000,3000
"Tamil Nadu",Cuddalore,"Vadalur(Uzhavar Sandhai )",Amaranthus,Amaranthus,Local,28/07/2026,3000,3500,3250
"Tamil Nadu",Cuddalore,"Vadalur(Uzhavar Sandhai )",Beans,"Beans (Whole)",Local,28/07/2026,8000,8000,8000
"Tamil Nadu",Cuddalore,"Vadalur(Uzhavar Sandhai )",Carrot,Pusakesar,Local,28/07/2026,6000,6000,6000
"Tamil Nadu",Cuddalore,"Vadalur(Uzhavar Sandhai )",Cabbage,Cabbage,Local,28/07/2026,4000,4000,4000
"Tamil Nadu",Cuddalore,"Vadalur(Uzhavar Sandhai )",Beetroot,Beetroot,Local,28/07/2026,5000,5000,5000
"Tamil Nadu",Cuddalore,"Vadalur(Uzhavar Sandhai )",Cucumbar(Kheera),Cucumbar,Local,28/07/2026,4000,4000,4000
"Tamil Nadu",Cuddalore,"Vadalur(Uzhavar Sandhai )",Raddish,Raddish,Local,28/07/2026,3000,3000,3000
"Tamil Nadu",Dharmapuri,"AJattihalli(Uzhavar Sandhai )",Potato,Other,Local,28/07/2026,2500,3000,2750
"Tamil Nadu",Dharmapuri,"AJattihalli(Uzhavar Sandhai )",Garlic,Garlic,Local,28/07/2026,20000,23800,21900
"Tamil Nadu",Dharmapuri,"AJattihalli(Uzhavar Sandhai )",Cauliflower,Ranchi,Local,28/07/2026,3500,3500,3500
"Tamil Nadu",Dharmapuri,"AJattihalli(Uzhavar Sandhai )",Ginger(Green),"Green Ginger",Local,28/07/2026,23600,23600,23600
"Tamil Nadu",Dharmapuri,"AJattihalli(Uzhavar Sandhai )",Thondekai,Thondekai,Local,28/07/2026,4800,4800,4800
"Tamil Nadu",Dharmapuri,"AJattihalli(Uzhavar Sandhai )",Drumstick,Drumstick,Local,28/07/2026,5000,6000,5500
"Tamil Nadu",Dharmapuri,"AJattihalli(Uzhavar Sandhai )","Tamarind Fruit","Tamarind Fruit",Local,28/07/2026,11500,11500,11500
"Tamil Nadu",Dharmapuri,"AJattihalli(Uzhavar Sandhai )","Elephant Yam(Suran)/Amorphophallus","Elephant Yam (Suran)",Local,28/07/2026,5600,5600,5600
"Andhra Pradesh",Annamayya,"B.Kothakota H/Q Angallu",Tomato,Local,FAQ,28/07/2026,1100,1600,1200
"Tamil Nadu",Nagapattinam,"Vedaranyam(Uzhavar Sandhai)",Tomato,Deshi,Local,28/07/2026,3000,3500,3250
"Tamil Nadu",Nagapattinam,"Vedaranyam(Uzhavar Sandhai)","Cluster beans","Cluster Beans",Local,28/07/2026,3200,3500,3350
"Tamil Nadu",Nagapattinam,"Vedaranyam(Uzhavar Sandhai)","Green Chilli","Green Chilly",Local,28/07/2026,3600,3800,3700
"Tamil Nadu",Nagapattinam,"Vedaranyam(Uzhavar Sandhai)",Ridgeguard(Tori),Ridgeguard(Tori),Local,28/07/2026,4400,4600,4500
"Tamil Nadu",Nagapattinam,"Vedaranyam(Uzhavar Sandhai)",Raddish,Raddish,Local,28/07/2026,2800,3000,2900
"Tamil Nadu",Nagapattinam,"Vedaranyam(Uzhavar Sandhai)",Drumstick,Drumstick,Local,28/07/2026,3000,3200,3100
"Tamil Nadu",Nagapattinam,"Vedaranyam(Uzhavar Sandhai)",Mango(Raw-Ripe),"Mango - Raw-Ripe",Local,28/07/2026,3800,4000,3900
"Tamil Nadu",Nagapattinam,"Vedaranyam(Uzhavar Sandhai)",Lemon,Lemon,Local,28/07/2026,4500,5000,4750
"Tamil Nadu",Vellore,"Perampet(Uzhavar Sandhai)",Tomato,Deshi,Local,28/07/2026,1400,1600,1500
"Tamil Nadu",Vellore,"Perampet(Uzhavar Sandhai)",Ashgourd,Gouard,Local,28/07/2026,2400,2400,2400
"Tamil Nadu",Vellore,"Perampet(Uzhavar Sandhai)",Pumpkin,Pumpkin,Local,28/07/2026,2400,2400,2400
"Tamil Nadu",Vellore,"Perampet(Uzhavar Sandhai)",Beans,"Beans (Whole)",Local,28/07/2026,7000,7000,7000
"Tamil Nadu",Vellore,"Perampet(Uzhavar Sandhai)",Coconut,Coconut,Local,28/07/2026,2500,3000,2750
"Tamil Nadu",Vellore,"Perampet(Uzhavar Sandhai)",Snakeguard,Snakeguard,Local,28/07/2026,4000,4000,4000
"Tamil Nadu",Vellore,"Perampet(Uzhavar Sandhai)","Chow Chow","Chow Chow",Local,28/07/2026,4000,4600,4300
"Tamil Nadu",Vellore,"Perampet(Uzhavar Sandhai)",Guava,"Guava Allahabad",Local,28/07/2026,4000,4000,4000
"Tamil Nadu",Vellore,"Perampet(Uzhavar Sandhai)","Amla(Nelli Kai)",Amla,Local,28/07/2026,10000,10000,10000
"Tamil Nadu",Vellore,"Perampet(Uzhavar Sandhai)","Sweet Corn ","Sweet Corn ",Local,28/07/2026,3000,3000,3000
Maharashtra,Pune,"Pune(Pimpri) APMC","Bhindi(Ladies Finger)",Other,Local,28/07/2026,2500,3500,3000
"Madhya Pradesh",Badwani,"Sendhwa(F&V) APMC",Cabbage,Cabbage,Medium,28/07/2026,1000,1200,1100
"Madhya Pradesh",Badwani,"Sendhwa(F&V) APMC",Cucumbar(Kheera),Cucumbar,Medium,28/07/2026,600,1000,800
"Tamil Nadu",Karur,"Kulithalai(Uzhavar Sandhai )",Onion,Bellary,Local,28/07/2026,3600,4000,3800
"Tamil Nadu",Karur,"Kulithalai(Uzhavar Sandhai )",Brinjal,Other,Local,28/07/2026,4000,4400,4200
"Tamil Nadu",Karur,"Kulithalai(Uzhavar Sandhai )","Cluster beans","Cluster Beans",Local,28/07/2026,3600,4000,3800
"Tamil Nadu",Karur,"Kulithalai(Uzhavar Sandhai )","Bitter gourd",Other,Local,28/07/2026,5000,5500,5250
"Tamil Nadu",Karur,"Kulithalai(Uzhavar Sandhai )",Amaranthus,Amaranthus,Local,28/07/2026,2000,3000,2500
"Tamil Nadu",Karur,"Kulithalai(Uzhavar Sandhai )",Beans,"Beans (Whole)",Local,28/07/2026,6000,7000,6500
"Tamil Nadu",Karur,"Kulithalai(Uzhavar Sandhai )","Betal Leaves",Mysore,Local,28/07/2026,9000,10000,9500
"Tamil Nadu",Karur,"Kulithalai(Uzhavar Sandhai )",Beetroot,Beetroot,Local,28/07/2026,4400,5000,4700
"Tamil Nadu",Karur,"Kulithalai(Uzhavar Sandhai )",Drumstick,Drumstick,Local,28/07/2026,3500,4000,3750
"Tamil Nadu",Karur,"Kulithalai(Uzhavar Sandhai )","Elephant Yam(Suran)/Amorphophallus","Elephant Yam (Suran)",Local,28/07/2026,5000,5500,5250
"Tamil Nadu",Karur,"Pallapatti (Uzhavar Sandhai )",Chikoos(Sapota),Sapota,Local,28/07/2026,3500,4000,3750
"Tamil Nadu",Karur,"Pallapatti (Uzhavar Sandhai )",Mango,Safeda,Local,28/07/2026,4500,5000,4750
"Tamil Nadu",Karur,"Pallapatti (Uzhavar Sandhai )","Cluster beans","Cluster Beans",Local,28/07/2026,3600,4000,3800
"Tamil Nadu",Karur,"Pallapatti (Uzhavar Sandhai )","Bitter gourd",Other,Local,28/07/2026,5500,6000,5750
"Tamil Nadu",Karur,"Pallapatti (Uzhavar Sandhai )",Amaranthus,Amaranthus,Local,28/07/2026,2500,3000,2750
"Tamil Nadu",Karur,"Pallapatti (Uzhavar Sandhai )",Tapioca,Tapioca,Local,28/07/2026,2500,3000,2750
"Tamil Nadu",Karur,"Pallapatti (Uzhavar Sandhai )",Lime,Lime,Local,28/07/2026,3500,4000,3750
"Tamil Nadu",Karur,"Pallapatti (Uzhavar Sandhai )",Guava,"Guava Allahabad",Local,28/07/2026,5500,6000,5750
"Tamil Nadu",Karur,"Velayuthampalayam(Uzhavar Sandhai )","Bhindi(Ladies Finger)",Bhindi,Local,28/07/2026,3400,4000,3700
"Tamil Nadu",Karur,"Velayuthampalayam(Uzhavar Sandhai )",Drumstick,Drumstick,Local,28/07/2026,3000,3500,3250
"Tamil Nadu",Karur,"Vengamedu(Uzhavar Sandhai )",Tomato,Deshi,Local,28/07/2026,1500,2000,1750
"Tamil Nadu",Karur,"Vengamedu(Uzhavar Sandhai )","Cluster beans","Cluster Beans",Local,28/07/2026,3500,4000,3750
"Tamil Nadu",Karur,"Vengamedu(Uzhavar Sandhai )","Green Chilli","Green Chilly",Local,28/07/2026,4000,5000,4500
"Tamil Nadu",Karur,"Vengamedu(Uzhavar Sandhai )","Banana - Green","Banana - Green",Local,28/07/2026,2500,3000,2750
"Tamil Nadu",Karur,"Vengamedu(Uzhavar Sandhai )",Coconut,Coconut,Local,28/07/2026,5500,6000,5750
"Tamil Nadu",Theni,"Devaram(Uzhavar Sandhai )",Brinjal,Round,Local,28/07/2026,4000,4200,4100
"Tamil Nadu",Theni,"Devaram(Uzhavar Sandhai )","Cluster beans","Cluster Beans",Local,28/07/2026,3500,3500,3500
"Tamil Nadu",Theni,"Devaram(Uzhavar Sandhai )",Amaranthus,Amaranthus,Local,28/07/2026,2000,2500,2250
"Tamil Nadu",Theni,"Devaram(Uzhavar Sandhai )",Tapioca,Tapioca,Local,28/07/2026,2500,2500,2500
"Tamil Nadu",Theni,"Devaram(Uzhavar Sandhai )",Raddish,Raddish,Local,28/07/2026,2800,2800,2800
"Tamil Nadu",Theni,"Devaram(Uzhavar Sandhai )",Mango(Raw-Ripe),"Mango - Raw-Ripe",Local,28/07/2026,3200,3500,3350
"Tamil Nadu",Theni,"Devaram(Uzhavar Sandhai )","Amla(Nelli Kai)",Amla,Local,28/07/2026,5000,6000,5500
"Tamil Nadu",Theni,"Devaram(Uzhavar Sandhai )","Onion Green","Onion Green",Local,28/07/2026,4500,5500,5000
"Tamil Nadu",Salem,"Attayampatti(Uzhavar Sandhai )",Papaya,Papaya,Local,28/07/2026,2800,3000,2900
"Tamil Nadu",Salem,"Attayampatti(Uzhavar Sandhai )","Cluster beans","Cluster Beans",Local,28/07/2026,3400,3400,3400
"Tamil Nadu",Salem,"Attayampatti(Uzhavar Sandhai )","Bottle gourd","Bottle Gourd",Local,28/07/2026,2000,3000,2500
"Tamil Nadu",Salem,"Attayampatti(Uzhavar Sandhai )","Bhindi(Ladies Finger)",Bhindi,Local,28/07/2026,3000,3500,3250
"Tamil Nadu",Salem,"Attayampatti(Uzhavar Sandhai )",Lemon,Lemon,Local,28/07/2026,4000,5000,4500
"Tamil Nadu",Salem,"Attayampatti(Uzhavar Sandhai )","Onion Green","Onion Green",Local,28/07/2026,4500,5000,4750
"Tamil Nadu",Sivaganga,"Sivagangai (Uzhavar Sandhai )",Mango,Safeda,Local,28/07/2026,4200,5500,4850
"Tamil Nadu",Sivaganga,"Sivagangai (Uzhavar Sandhai )",Brinjal,Other,Local,28/07/2026,5200,5600,5400
"Tamil Nadu",Sivaganga,"Sivagangai (Uzhavar Sandhai )",Tomato,Deshi,Local,28/07/2026,2200,2400,2300
"Tamil Nadu",Sivaganga,"Sivagangai (Uzhavar Sandhai )",Beans,"Beans (Whole)",Local,28/07/2026,8200,10200,9200
"Tamil Nadu",Sivaganga,"Sivagangai (Uzhavar Sandhai )",Ginger(Green),"Green Ginger",Local,28/07/2026,16000,16000,16000
"Tamil Nadu",Sivaganga,"Sivagangai (Uzhavar Sandhai )","Chow Chow","Chow Chow",Local,28/07/2026,3200,3600,3400
"Tamil Nadu",Sivaganga,"Sivagangai (Uzhavar Sandhai )","Knool Khol","Knool Khol",Local,28/07/2026,5600,6600,6100
"Tamil Nadu",Sivaganga,"Sivagangai (Uzhavar Sandhai )",Lemon,Lemon,Local,28/07/2026,6200,7200,6700
"Tamil Nadu",Sivaganga,"Devakottai (Uzhavar Sandhai )",Cauliflower,Ranchi,Local,28/07/2026,3000,3200,3100
"Tamil Nadu",Sivaganga,"Devakottai (Uzhavar Sandhai )","Cluster beans","Cluster Beans",Local,28/07/2026,3200,3800,3500
"Tamil Nadu",Sivaganga,"Devakottai (Uzhavar Sandhai )","Green Chilli","Green Chilly",Local,28/07/2026,4200,4800,4500
"Tamil Nadu",Sivaganga,"Devakottai (Uzhavar Sandhai )",Cabbage,Cabbage,Local,28/07/2026,3500,4200,3850
"Tamil Nadu",Sivaganga,"Devakottai (Uzhavar Sandhai )",Beetroot,Beetroot,Local,28/07/2026,4200,5800,5000
"Tamil Nadu",Sivaganga,"Devakottai (Uzhavar Sandhai )","Chow Chow","Chow Chow",Local,28/07/2026,3000,3800,3400
"Tamil Nadu",Salem,"Edapadi (Uzhavar Sandhai )",Brinjal,Other,Local,28/07/2026,4200,4600,4400
"Tamil Nadu",Salem,"Edapadi (Uzhavar Sandhai )",Pumpkin,Pumpkin,Local,28/07/2026,2000,2500,2250
"Tamil Nadu",Salem,"Edapadi (Uzhavar Sandhai )",Beans,"Beans (Whole)",Local,28/07/2026,10000,11000,10500
"Tamil Nadu",Salem,"Edapadi (Uzhavar Sandhai )",Snakeguard,Snakeguard,Local,28/07/2026,3600,4000,3800
"Tamil Nadu",Salem,"Edapadi (Uzhavar Sandhai )","Elephant Yam(Suran)/Amorphophallus","Elephant Yam (Suran)",Local,28/07/2026,3500,4000,3750
"Tamil Nadu",Salem,"Edapadi (Uzhavar Sandhai )",Lemon,Lemon,Local,28/07/2026,7500,8000,7750
"Tamil Nadu",Salem,"Edapadi (Uzhavar Sandhai )","Onion Green","Onion Green",Local,28/07/2026,4500,5000,4750
"Tamil Nadu",Salem,"Elampillai(Uzhavar Sandhai )",Ashgourd,Gouard,Local,28/07/2026,2000,2400,2200
"Tamil Nadu",Salem,"Elampillai(Uzhavar Sandhai )",Raddish,Raddish,Local,28/07/2026,2500,3000,2750
"Tamil Nadu",Salem,"Elampillai(Uzhavar Sandhai )",Lime,Lime,Local,28/07/2026,2500,3000,2750
"Tamil Nadu",Salem,"Elampillai(Uzhavar Sandhai )",Lemon,Lemon,Local,28/07/2026,5000,6000,5500
"Tamil Nadu",Salem,"Hasthampatti(Uzhavar Sandhai )",Mango,Neelam,Local,28/07/2026,4000,5000,4500
"Tamil Nadu",Salem,"Hasthampatti(Uzhavar Sandhai )",Tapioca,Tapioca,Local,28/07/2026,2500,3000,2750
"Tamil Nadu",Salem,"Hasthampatti(Uzhavar Sandhai )",Ginger(Green),"Green Ginger",Local,28/07/2026,19500,20000,19750
"Tamil Nadu",Salem,"Hasthampatti(Uzhavar Sandhai )",Raddish,Raddish,Local,28/07/2026,2500,3000,2750
"Tamil Nadu",Salem,"Hasthampatti(Uzhavar Sandhai )","Green Avare(W)",Other,Local,28/07/2026,5500,6000,5750
"Tamil Nadu",Salem,"Hasthampatti(Uzhavar Sandhai )","Knool Khol","Knool Khol",Local,28/07/2026,5000,5500,5250
"Tamil Nadu",Salem,"Hasthampatti(Uzhavar Sandhai )",Pomegranate,Pomogranate,Local,28/07/2026,12000,13000,12500
"Tamil Nadu",Salem,"Hasthampatti(Uzhavar Sandhai )",Colacasia,Colacasia,Local,28/07/2026,5500,6000,5750
"Tamil Nadu",Salem,"Hasthampatti(Uzhavar Sandhai )",Pear(Marasebu),Pears,Local,28/07/2026,10000,11000,10500
"Tamil Nadu",Salem,"Jalagandapuram(Uzhavar Sandhai )",Papaya,Papaya,Local,28/07/2026,2500,3000,2750
"Tamil Nadu",Salem,"Jalagandapuram(Uzhavar Sandhai )",Banana,"Red Banana",Local,28/07/2026,6000,6500,6250
"Tamil Nadu",Salem,"Jalagandapuram(Uzhavar Sandhai )",Onion,Bellary,Local,28/07/2026,3500,4000,3750
"Tamil Nadu",Salem,"Jalagandapuram(Uzhavar Sandhai )","Bottle gourd","Bottle Gourd",Local,28/07/2026,2000,2500,2250
"Tamil Nadu",Salem,"Jalagandapuram(Uzhavar Sandhai )",Amaranthus,Amaranthus,Local,28/07/2026,2000,2400,2200
"Tamil Nadu",Salem,"Jalagandapuram(Uzhavar Sandhai )","Green Chilli","Green Chilly",Local,28/07/2026,4000,4500,4250
"Tamil Nadu",Salem,"Jalagandapuram(Uzhavar Sandhai )",Beans,"Beans (Whole)",Local,28/07/2026,10000,12000,11000
"Tamil Nadu",Salem,"Jalagandapuram(Uzhavar Sandhai )",Coconut,Coconut,Local,28/07/2026,4000,5000,4500
"Tamil Nadu",Salem,"Jalagandapuram(Uzhavar Sandhai )",Mint(Pudina),Mint(Pudina),Local,28/07/2026,4000,4500,4250
"Tamil Nadu",Sivaganga,"Singampunari(Uzhavar Sandhai )",Papaya,Papaya,Local,28/07/2026,4200,4600,4400
"Tamil Nadu",Sivaganga,"Singampunari(Uzhavar Sandhai )",Banana,Karpura,Local,28/07/2026,3500,4000,3750
"Tamil Nadu",Sivaganga,"Singampunari(Uzhavar Sandhai )",Cauliflower,Ranchi,Local,28/07/2026,2600,3000,2800
"Tamil Nadu",Sivaganga,"Singampunari(Uzhavar Sandhai )",Tomato,Other,Local,28/07/2026,2200,2400,2300
"Tamil Nadu",Sivaganga,"Singampunari(Uzhavar Sandhai )","Bottle gourd","Bottle Gourd",Local,28/07/2026,3200,3600,3400
"Tamil Nadu",Sivaganga,"Singampunari(Uzhavar Sandhai )",Amaranthus,Amaranthus,Local,28/07/2026,3000,4000,3500
"Tamil Nadu",Sivaganga,"Singampunari(Uzhavar Sandhai )","Green Chilli","Green Chilly",Local,28/07/2026,4200,4600,4400
"Tamil Nadu",Sivaganga,"Singampunari(Uzhavar Sandhai )",Cabbage,Cabbage,Local,28/07/2026,3800,4200,4000
"Tamil Nadu",Sivaganga,"Singampunari(Uzhavar Sandhai )",Beetroot,Beetroot,Local,28/07/2026,5200,5600,5400
"Tamil Nadu",Sivaganga,"Singampunari(Uzhavar Sandhai )",Ridgeguard(Tori),Ridgeguard(Tori),Local,28/07/2026,3600,4200,3900
"Tamil Nadu",Sivaganga,"Singampunari(Uzhavar Sandhai )",Drumstick,Drumstick,Local,28/07/2026,4400,7200,5800
"Tamil Nadu",Sivaganga,"Karaikudi(Uzhavar Sandhai )",Potato,"Red Nanital",Local,28/07/2026,6000,6500,6250
"Tamil Nadu",Sivaganga,"Karaikudi(Uzhavar Sandhai )",Beans,"Beans (Whole)",Local,28/07/2026,8500,10500,9500
"Tamil Nadu",Sivaganga,"Karaikudi(Uzhavar Sandhai )",Cabbage,Cabbage,Local,28/07/2026,4000,4400,4200
"Tamil Nadu",Sivaganga,"Karaikudi(Uzhavar Sandhai )",Ridgeguard(Tori),Ridgeguard(Tori),Local,28/07/2026,4000,4500,4250
"Tamil Nadu",Sivaganga,"Karaikudi(Uzhavar Sandhai )","Green Avare(W)","Green Avare (W)",Local,28/07/2026,6500,7500,7000
"Tamil Nadu",Sivaganga,"Karaikudi(Uzhavar Sandhai )","Chow Chow","Chow Chow",Local,28/07/2026,3500,4000,3750
"Tamil Nadu",Sivaganga,"Karaikudi(Uzhavar Sandhai )","Onion Green","Onion Green",Local,28/07/2026,6000,6500,6250
"Tamil Nadu",Thanjavur,"Pattukottai(Uzhavar Sandhai )",Banana,Besrai,Local,28/07/2026,3500,3500,3500
"Tamil Nadu",Thanjavur,"Pattukottai(Uzhavar Sandhai )",Potato,"Red Nanital",Local,28/07/2026,3000,3000,3000
"Tamil Nadu",Thanjavur,"Pattukottai(Uzhavar Sandhai )",Cauliflower,Ranchi,Local,28/07/2026,4800,4800,4800
"Tamil Nadu",Thanjavur,"Pattukottai(Uzhavar Sandhai )",Brinjal,Round,Local,28/07/2026,3000,4400,3700
"Tamil Nadu",Thanjavur,"Pattukottai(Uzhavar Sandhai )",Pumpkin,Pumpkin,Local,28/07/2026,2600,2600,2600
"Tamil Nadu",Thanjavur,"Pattukottai(Uzhavar Sandhai )","Bhindi(Ladies Finger)",Bhindi,Local,28/07/2026,3800,3800,3800
"Tamil Nadu",Thanjavur,"Pattukottai(Uzhavar Sandhai )",Ridgeguard(Tori),Ridgeguard(Tori),Local,28/07/2026,5600,5600,5600
"Tamil Nadu",Thanjavur,"Pattukottai(Uzhavar Sandhai )","Chow Chow","Chow Chow",Local,28/07/2026,4400,4400,4400
"Tamil Nadu",Thanjavur,"Pattukottai(Uzhavar Sandhai )",Drumstick,Drumstick,Local,28/07/2026,6400,6400,6400
"Tamil Nadu",Thiruchirappalli,"KKNagar(Uzhavar Sandhai )",Apple,American,Local,28/07/2026,28000,28000,28000
"Tamil Nadu",Thiruchirappalli,"KKNagar(Uzhavar Sandhai )","Bottle gourd","Bottle Gourd",Local,28/07/2026,3000,3000,3000
"Tamil Nadu",Thiruchirappalli,"KKNagar(Uzhavar Sandhai )",Pumpkin,Pumpkin,Local,28/07/2026,2000,2000,2000
"Tamil Nadu",Thiruchirappalli,"KKNagar(Uzhavar Sandhai )","Green Chilli","Green Chilly",Local,28/07/2026,5000,5000,5000
"Tamil Nadu",Thiruchirappalli,"KKNagar(Uzhavar Sandhai )",Cowpea(Veg),"Cowpea (Veg)",Local,28/07/2026,4600,4600,4600
"Tamil Nadu",Thiruchirappalli,"KKNagar(Uzhavar Sandhai )","Banana - Green","Banana - Green",Local,28/07/2026,3000,3000,3000
"Tamil Nadu",Thiruchirappalli,"KKNagar(Uzhavar Sandhai )",Tapioca,Tapioca,Local,28/07/2026,4800,4800,4800
"Tamil Nadu",Thiruchirappalli,"KKNagar(Uzhavar Sandhai )",Cucumbar(Kheera),Cucumbar,Local,28/07/2026,5000,5000,5000
"Tamil Nadu",Thiruchirappalli,"KKNagar(Uzhavar Sandhai )",Ridgeguard(Tori),Ridgeguard(Tori),Local,28/07/2026,6600,6600,6600
"Tamil Nadu",Thiruchirappalli,"KKNagar(Uzhavar Sandhai )",Drumstick,Drumstick,Local,28/07/2026,6000,6000,6000
"Tamil Nadu",Thiruchirappalli,"KKNagar(Uzhavar Sandhai )",Mango(Raw-Ripe),"Mango - Raw-Ripe",Local,28/07/2026,4000,4000,4000
"Tamil Nadu",Thiruchirappalli,"KKNagar(Uzhavar Sandhai )",Guava,"Guava Allahabad",Local,28/07/2026,13000,13000,13000
"Tamil Nadu",Thiruchirappalli,"KKNagar(Uzhavar Sandhai )","Elephant Yam(Suran)/Amorphophallus","Elephant Yam (Suran)",Local,28/07/2026,5800,5800,5800
"Tamil Nadu",Thiruchirappalli,"KKNagar(Uzhavar Sandhai )","Custard Apple(Sharifa)","Custard Apple(Sharifa)",Local,28/07/2026,8000,8000,8000
"Tamil Nadu",Thiruchirappalli,"KKNagar(Uzhavar Sandhai )","Sweet Corn ","Sweet Corn ",Local,28/07/2026,3000,3000,3000
"Tamil Nadu",Thiruchirappalli,"Lalgudi(Uzhavar Sandhai )",Papaya,Papaya,Local,28/07/2026,4000,4000,4000
"Tamil Nadu",Thiruchirappalli,"Lalgudi(Uzhavar Sandhai )",Onion,Bellary,Local,28/07/2026,3500,4200,3850
"Tamil Nadu",Thiruchirappalli,"Lalgudi(Uzhavar Sandhai )",Potato,Other,Local,28/07/2026,3000,3000,3000
"Tamil Nadu",Thiruchirappalli,"Lalgudi(Uzhavar Sandhai )",Coriander(Leaves),"I Sort",Local,28/07/2026,4000,4000,4000
"Tamil Nadu",Thiruchirappalli,"Lalgudi(Uzhavar Sandhai )","Bhindi(Ladies Finger)",Bhindi,Local,28/07/2026,4000,4000,4000
"Tamil Nadu",Thiruchirappalli,"Lalgudi(Uzhavar Sandhai )","Green Chilli","Green Chilly",Local,28/07/2026,5000,5000,5000
"Tamil Nadu",Thiruchirappalli,"Lalgudi(Uzhavar Sandhai )",Tapioca,Tapioca,Local,28/07/2026,4000,4000,4000
"Tamil Nadu",Thiruchirappalli,"Lalgudi(Uzhavar Sandhai )",Coconut,Coconut,Local,28/07/2026,6000,6000,6000
"Tamil Nadu",Thiruchirappalli,"Lalgudi(Uzhavar Sandhai )",Carrot,Pusakesar,Local,28/07/2026,10000,10000,10000
"Tamil Nadu",Thiruchirappalli,"Lalgudi(Uzhavar Sandhai )",Beetroot,Beetroot,Local,28/07/2026,5000,5000,5000
"Tamil Nadu",Thiruchirappalli,"Lalgudi(Uzhavar Sandhai )",Mango(Raw-Ripe),"Mango - Raw-Ripe",Local,28/07/2026,4000,4500,4250
"Tamil Nadu",Thiruchirappalli,"Lalgudi(Uzhavar Sandhai )",Lemon,Lemon,Local,28/07/2026,6000,6000,6000
"Tamil Nadu",Thiruchirappalli,"Lalgudi(Uzhavar Sandhai )",Mint(Pudina),Mint(Pudina),Local,28/07/2026,6000,6000,6000
"Tamil Nadu",Thiruchirappalli,"Manachanallur(Uzhavar Sandhai )","Green Chilli","Green Chilly",Local,28/07/2026,5000,5000,5000
"Tamil Nadu",Thiruchirappalli,"Manachanallur(Uzhavar Sandhai )","Banana - Green","Banana - Green",Local,28/07/2026,2500,2500,2500
"Tamil Nadu",Thiruchirappalli,"Manachanallur(Uzhavar Sandhai )",Raddish,Raddish,Local,28/07/2026,3500,3500,3500
"Tamil Nadu",Thiruchirappalli,"Manachanallur(Uzhavar Sandhai )","Green Avare(W)",Other,Local,28/07/2026,6000,7000,6500
"Tamil Nadu",Thiruchirappalli,"Manachanallur(Uzhavar Sandhai )",Drumstick,Drumstick,Local,28/07/2026,6000,6000,6000
"Tamil Nadu",Thiruchirappalli,"Manachanallur(Uzhavar Sandhai )",Mango(Raw-Ripe),"Mango - Raw-Ripe",Local,28/07/2026,3500,4000,3750
"Tamil Nadu",Thiruchirappalli,"Manachanallur(Uzhavar Sandhai )","Knool Khol","Knool Khol",Local,28/07/2026,4000,4000,4000
"Tamil Nadu",Thiruchirappalli,"Manachanallur(Uzhavar Sandhai )",Guava,"Guava Allahabad",Local,28/07/2026,6000,7000,6500
"Tamil Nadu",Thiruchirappalli,"Manachanallur(Uzhavar Sandhai )","Tender Coconut","Tender Coconut",Local,28/07/2026,3500,4500,4000
"Tamil Nadu",Thiruchirappalli,"Manapparai(Uzhavar Sandhai )","Green Chilli","Green Chilly",Local,28/07/2026,5000,5000,5000
"Tamil Nadu",Thiruchirappalli,"Manapparai(Uzhavar Sandhai )",Mango(Raw-Ripe),"Mango - Raw-Ripe",Local,28/07/2026,4000,4000,4000
"Tamil Nadu",Thiruchirappalli,"Musiri(Uzhavar Sandhai )","Bitter gourd","Bitter Gourd",Local,28/07/2026,6000,6500,6250
"Tamil Nadu",Thiruchirappalli,"Musiri(Uzhavar Sandhai )","Green Chilli","Green Chilly",Local,28/07/2026,3500,4000,3750
"Tamil Nadu",Thiruchirappalli,"Musiri(Uzhavar Sandhai )","Betal Leaves",Mysore,Local,28/07/2026,7000,8000,7500
"Tamil Nadu",Thiruchirappalli,"Musiri(Uzhavar Sandhai )",Carrot,Pusakesar,Local,28/07/2026,9000,10000,9500
"Tamil Nadu",Thiruchirappalli,"Musiri(Uzhavar Sandhai )",Capsicum,Capsicum,Local,28/07/2026,5000,6000,5500
"Tamil Nadu",Thiruchirappalli,"Musiri(Uzhavar Sandhai )",Mango(Raw-Ripe),"Mango - Raw-Ripe",Local,28/07/2026,3500,4000,3750
"Tamil Nadu",Thiruchirappalli,"Musiri(Uzhavar Sandhai )",Guava,"Guava Allahabad",Local,28/07/2026,4000,5000,4500
"Tamil Nadu",Thiruchirappalli,"Musiri(Uzhavar Sandhai )",Mint(Pudina),Mint(Pudina),Local,28/07/2026,5000,6000,5500
"Tamil Nadu",Thiruchirappalli,"Thiruverumbur(Uzhavar Sandhai )",Potato,Other,Local,28/07/2026,3000,3000,3000
"Tamil Nadu",Thiruchirappalli,"Thiruverumbur(Uzhavar Sandhai )",Garlic,Garlic,Local,28/07/2026,18000,18000,18000
"Tamil Nadu",Thiruchirappalli,"Thiruverumbur(Uzhavar Sandhai )","Bhindi(Ladies Finger)",Bhindi,Local,28/07/2026,3600,3600,3600
"Tamil Nadu",Thiruchirappalli,"Thiruverumbur(Uzhavar Sandhai )",Beans,"Beans (Whole)",Local,28/07/2026,10000,10000,10000
"Tamil Nadu",Thiruchirappalli,"Thiruverumbur(Uzhavar Sandhai )","Sweet Potato","Hosur Red",Local,28/07/2026,5000,5000,5000
"Tamil Nadu",Thiruchirappalli,"Thiruverumbur(Uzhavar Sandhai )",Beetroot,Beetroot,Local,28/07/2026,5000,5000,5000
"Tamil Nadu",Thiruchirappalli,"Thiruverumbur(Uzhavar Sandhai )",Raddish,Raddish,Local,28/07/2026,3600,3600,3600
"Tamil Nadu",Thiruchirappalli,"Thiruverumbur(Uzhavar Sandhai )",Capsicum,Capsicum,Local,28/07/2026,6000,6000,6000
"Tamil Nadu",Thiruchirappalli,"Thiruverumbur(Uzhavar Sandhai )",Mango(Raw-Ripe),"Mango - Raw-Ripe",Local,28/07/2026,4000,4000,4000
"Tamil Nadu",Thiruchirappalli,"Thiruverumbur(Uzhavar Sandhai )","Onion Green","Onion Green",Local,28/07/2026,7000,7000,7000
"Tamil Nadu",Cuddalore,"Veppur APMC",Maize,Other,Local,28/07/2026,2659,2659,2659
"Tamil Nadu",Virudhunagar,"Rajapalayam(Uzhavar Sandhai )",Cauliflower,Ranchi,Local,28/07/2026,2500,3000,2750
"Tamil Nadu",Virudhunagar,"Rajapalayam(Uzhavar Sandhai )",Brinjal,Round,Local,28/07/2026,4000,4500,4250
"Tamil Nadu",Virudhunagar,"Rajapalayam(Uzhavar Sandhai )",Coconut,Coconut,Local,28/07/2026,5000,5700,5350
"Tamil Nadu",Virudhunagar,"Rajapalayam(Uzhavar Sandhai )",Beetroot,Beetroot,Local,28/07/2026,5000,5500,5250
"Tamil Nadu",Virudhunagar,"Rajapalayam(Uzhavar Sandhai )",Raddish,Raddish,Local,28/07/2026,3500,4000,3750
"Tamil Nadu",Virudhunagar,"Rajapalayam(Uzhavar Sandhai )","Green Avare(W)","Green Avare (W)",Local,28/07/2026,6000,7000,6500
"Tamil Nadu",Virudhunagar,"Sathur(Uzhavar Sandhai )",Brinjal,Round,Local,28/07/2026,3500,4000,3750
"Tamil Nadu",Virudhunagar,"Sathur(Uzhavar Sandhai )",Coriander(Leaves),"I Sort",Local,28/07/2026,5500,6000,5750
"Tamil Nadu",Virudhunagar,"Sathur(Uzhavar Sandhai )",Tomato,Deshi,Local,28/07/2026,2000,2500,2250
"Tamil Nadu",Virudhunagar,"Sathur(Uzhavar Sandhai )","Cluster beans","Cluster Beans",Local,28/07/2026,3500,4000,3750
"Tamil Nadu",Virudhunagar,"Sathur(Uzhavar Sandhai )","Chow Chow","Chow Chow",Local,28/07/2026,3000,3500,3250
"Tamil Nadu",Virudhunagar,"Thalavaipuram(Uzhavar Sandhai )",Tomato,Deshi,Local,28/07/2026,1300,1800,1550
"Tamil Nadu",Virudhunagar,"Thalavaipuram(Uzhavar Sandhai )",Ashgourd,Gouard,Local,28/07/2026,3500,4000,3750
"Tamil Nadu",Virudhunagar,"Thalavaipuram(Uzhavar Sandhai )",Pumpkin,Pumpkin,Local,28/07/2026,2500,3000,2750
"Tamil Nadu",Virudhunagar,"Thalavaipuram(Uzhavar Sandhai )","Green Chilli","Green Chilly",Local,28/07/2026,6000,7000,6500
"Tamil Nadu",Virudhunagar,"Thalavaipuram(Uzhavar Sandhai )",Snakeguard,Snakeguard,Local,28/07/2026,4000,4800,4400
"Tamil Nadu",Virudhunagar,"Thalavaipuram(Uzhavar Sandhai )",Lime,Lime,Local,28/07/2026,14000,16000,15000
"Tamil Nadu",Chengalpattu,"Nanganallur(Uzhavar Sandhai )","Green Chilli","Green Chilly",Local,28/07/2026,5500,6000,5750
"Tamil Nadu",Chengalpattu,"Nanganallur(Uzhavar Sandhai )",Ginger(Green),"Green Ginger",Local,28/07/2026,11000,12000,11500
"Tamil Nadu",Chengalpattu,"Nanganallur(Uzhavar Sandhai )",Thondekai,Thondekai,Local,28/07/2026,5500,6000,5750
"Tamil Nadu",Chengalpattu,"Nanganallur(Uzhavar Sandhai )",Capsicum,Capsicum,Local,28/07/2026,3500,4000,3750
"Tamil Nadu",Chengalpattu,"Nanganallur(Uzhavar Sandhai )",Colacasia,Colacasia,Local,28/07/2026,4500,5000,4750
"Tamil Nadu",Chengalpattu,"Pallavaram(Uzhavar Sandhai )",Cauliflower,Ranchi,Local,28/07/2026,2500,3000,2750
"Tamil Nadu",Chengalpattu,"Pallavaram(Uzhavar Sandhai )",Tomato,Other,Local,28/07/2026,2000,2500,2250
"Tamil Nadu",Chengalpattu,"Pallavaram(Uzhavar Sandhai )",Cowpea(Veg),"Cowpea (Veg)",Local,28/07/2026,6000,7000,6500
"Tamil Nadu",Chengalpattu,"Pallavaram(Uzhavar Sandhai )",Carrot,Pusakesar,Local,28/07/2026,10000,12000,11000
"Tamil Nadu",Chengalpattu,"Pallavaram(Uzhavar Sandhai )",Cabbage,Cabbage,Local,28/07/2026,3000,3500,3250
"Tamil Nadu",Chengalpattu,"Pallavaram(Uzhavar Sandhai )",Ridgeguard(Tori),Ridgeguard(Tori),Local,28/07/2026,7000,8000,7500
"Tamil Nadu",Chengalpattu,"Pallavaram(Uzhavar Sandhai )","Green Avare(W)",Other,Local,28/07/2026,7000,8000,7500
"Tamil Nadu",Chengalpattu,"Pallavaram(Uzhavar Sandhai )",Drumstick,Drumstick,Local,28/07/2026,6000,7000,6500
"Tamil Nadu",Chengalpattu,"Pallavaram(Uzhavar Sandhai )","Elephant Yam(Suran)/Amorphophallus","Elephant Yam (Suran)",Local,28/07/2026,6000,7000,6500
"Tamil Nadu",Chengalpattu,"Pallavaram(Uzhavar Sandhai )","Sweet Corn ","Sweet Corn ",Local,28/07/2026,4000,5000,4500
"Tamil Nadu","Nagercoil (Kannyiakumari)","Myladi(Uzhavar Sandhai )",Cauliflower,Ranchi,Local,28/07/2026,5000,5500,5250
"Tamil Nadu","Nagercoil (Kannyiakumari)","Myladi(Uzhavar Sandhai )",Pumpkin,Pumpkin,Local,28/07/2026,1800,2000,1900
"Tamil Nadu","Nagercoil (Kannyiakumari)","Myladi(Uzhavar Sandhai )",Amaranthus,Amaranthus,Local,28/07/2026,1200,1500,1350
"Tamil Nadu","Nagercoil (Kannyiakumari)","Myladi(Uzhavar Sandhai )",Beans,"Beans (Whole)",Local,28/07/2026,13000,14000,13500
"Tamil Nadu","Nagercoil (Kannyiakumari)","Myladi(Uzhavar Sandhai )",Ginger(Green),"Green Ginger",Local,28/07/2026,22000,24000,23000
"Tamil Nadu","Nagercoil (Kannyiakumari)","Myladi(Uzhavar Sandhai )",Carrot,Pusakesar,Local,28/07/2026,9000,10000,9500
"Tamil Nadu","Nagercoil (Kannyiakumari)","Myladi(Uzhavar Sandhai )",Snakeguard,Snakeguard,Local,28/07/2026,3500,4000,3750
"Tamil Nadu","Nagercoil (Kannyiakumari)","Myladi(Uzhavar Sandhai )",Drumstick,Drumstick,Local,28/07/2026,3500,4000,3750
"Tamil Nadu","Nagercoil (Kannyiakumari)","Myladi(Uzhavar Sandhai )","Tamarind Fruit","Tamarind Fruit",Local,28/07/2026,12000,13000,12500
"Tamil Nadu",Chengalpattu,"Jameenrayapettai(Uzhavar Sandhai )",Papaya,Papaya,Local,28/07/2026,4000,5000,4500
"Tamil Nadu",Chengalpattu,"Jameenrayapettai(Uzhavar Sandhai )","Mousambi(Sweet Lime)",Mousambi,Local,28/07/2026,7000,8000,7500
"Tamil Nadu",Chengalpattu,"Jameenrayapettai(Uzhavar Sandhai )",Grapes,Annabesahai,Local,28/07/2026,10000,11000,10500
"Tamil Nadu",Chengalpattu,"Jameenrayapettai(Uzhavar Sandhai )",Potato,Other,Local,28/07/2026,2500,3000,2750
"Tamil Nadu",Chengalpattu,"Jameenrayapettai(Uzhavar Sandhai )",Cauliflower,Ranchi,Local,28/07/2026,2500,3000,2750
"Tamil Nadu",Chengalpattu,"Jameenrayapettai(Uzhavar Sandhai )",Tomato,Other,Local,28/07/2026,2000,2500,2250
"Tamil Nadu",Chengalpattu,"Jameenrayapettai(Uzhavar Sandhai )","Bitter gourd",Other,Local,28/07/2026,6000,7000,6500
"Tamil Nadu",Chengalpattu,"Jameenrayapettai(Uzhavar Sandhai )",Pumpkin,Pumpkin,Local,28/07/2026,2500,3000,2750
"Tamil Nadu",Chengalpattu,"Jameenrayapettai(Uzhavar Sandhai )","Bhindi(Ladies Finger)",Bhindi,Local,28/07/2026,3500,4000,3750
"Tamil Nadu",Chengalpattu,"Jameenrayapettai(Uzhavar Sandhai )",Snakeguard,Snakeguard,Local,28/07/2026,4000,5000,4500
"Tamil Nadu",Chengalpattu,"Jameenrayapettai(Uzhavar Sandhai )",Thondekai,Thondekai,Local,28/07/2026,5000,6000,5500
"Tamil Nadu",Chengalpattu,"Jameenrayapettai(Uzhavar Sandhai )",Lemon,Lemon,Local,28/07/2026,11000,12000,11500
"Tamil Nadu",Chengalpattu,"Guduvancheri(Uzhavar Sandhai )",Papaya,Papaya,Local,28/07/2026,4000,5000,4500
"Tamil Nadu",Chengalpattu,"Guduvancheri(Uzhavar Sandhai )",Apple,American,Local,28/07/2026,24000,25000,24500
"Tamil Nadu",Chengalpattu,"Guduvancheri(Uzhavar Sandhai )",Banana,"Red Banana",Local,28/07/2026,7000,8000,7500
"Tamil Nadu",Chengalpattu,"Guduvancheri(Uzhavar Sandhai )",Onion,Bellary,Local,28/07/2026,3500,4000,3750
"Tamil Nadu",Chengalpattu,"Guduvancheri(Uzhavar Sandhai )","Mousambi(Sweet Lime)",Mousambi,Local,28/07/2026,7000,8000,7500
"Tamil Nadu",Chengalpattu,"Guduvancheri(Uzhavar Sandhai )",Amaranthus,Amaranthus,Local,28/07/2026,2500,3000,2750
"Tamil Nadu",Chengalpattu,"Guduvancheri(Uzhavar Sandhai )",Ginger(Green),"Green Ginger",Local,28/07/2026,20000,22000,21000
"Tamil Nadu",Chengalpattu,"Guduvancheri(Uzhavar Sandhai )",Drumstick,Drumstick,Local,28/07/2026,6000,7000,6500
"Tamil Nadu",Chengalpattu,"Guduvancheri(Uzhavar Sandhai )","Tender Coconut","Tender Coconut",Local,28/07/2026,3500,4000,3750
"Tamil Nadu",Chengalpattu,"Guduvancheri(Uzhavar Sandhai )","Onion Green","Onion Green",Local,28/07/2026,6000,7000,6500
"Tamil Nadu",Chengalpattu,"Guduvancheri(Uzhavar Sandhai )",Mint(Pudina),Mint(Pudina),Local,28/07/2026,4000,5000,4500
"Tamil Nadu",Thirupur,"Dharapuram(Uzhavar Sandhai )",Onion,Bellary,Local,28/07/2026,4000,4000,4000
"Tamil Nadu",Thirupur,"Dharapuram(Uzhavar Sandhai )",Chikoos(Sapota),Sapota,Local,28/07/2026,4000,4000,4000
"Tamil Nadu",Thirupur,"Dharapuram(Uzhavar Sandhai )","Bottle gourd","Bottle Gourd",Local,28/07/2026,2000,2000,2000
"Tamil Nadu",Thirupur,"Dharapuram(Uzhavar Sandhai )",Ashgourd,Gouard,Local,28/07/2026,2000,2000,2000
"Tamil Nadu",Thirupur,"Dharapuram(Uzhavar Sandhai )",Pumpkin,Pumpkin,Local,28/07/2026,2300,2300,2300
"Tamil Nadu",Thirupur,"Dharapuram(Uzhavar Sandhai )","Bhindi(Ladies Finger)",Bhindi,Local,28/07/2026,5000,5000,5000
"Tamil Nadu",Thirupur,"Dharapuram(Uzhavar Sandhai )",Carrot,Pusakesar,Local,28/07/2026,9600,9600,9600
"Tamil Nadu",Thirupur,"Dharapuram(Uzhavar Sandhai )","Green Avare(W)","Green Avare (W)",Local,28/07/2026,8500,8500,8500
"Tamil Nadu",Thirupur,"Dharapuram(Uzhavar Sandhai )","Onion Green","Onion Green",Local,28/07/2026,5600,5600,5600
"Tamil Nadu",Thirupur,"Palladam(Uzhavar Sandhai )",Cauliflower,Ranchi,Local,28/07/2026,3000,3500,3250
"Tamil Nadu",Thirupur,"Palladam(Uzhavar Sandhai )",Coriander(Leaves),"I Sort",Local,28/07/2026,4000,5000,4500
"Tamil Nadu",Thirupur,"Palladam(Uzhavar Sandhai )",Ashgourd,Gouard,Local,28/07/2026,1500,2000,1750
"Tamil Nadu",Thirupur,"Palladam(Uzhavar Sandhai )",Cowpea(Veg),"Cowpea (Veg)",Local,28/07/2026,3500,4000,3750
"Tamil Nadu",Thirupur,"Palladam(Uzhavar Sandhai )","Banana - Green","Banana - Green",Local,28/07/2026,2500,3000,2750
"Tamil Nadu",Thirupur,"Palladam(Uzhavar Sandhai )",Beans,"Beans (Whole)",Local,28/07/2026,9000,9500,9250
"Tamil Nadu",Thirupur,"Palladam(Uzhavar Sandhai )",Snakeguard,Snakeguard,Local,28/07/2026,3500,4000,3750
"Tamil Nadu",Thirupur,"Palladam(Uzhavar Sandhai )","Chow Chow","Chow Chow",Local,28/07/2026,2500,3000,2750
"Andhra Pradesh","East Godavari","Mandapeta APMC",Paddy(Common),1001,FAQ,28/07/2026,2369,2400,2389
"Uttar Pradesh",Baghpat,"Khekda APMC","Bottle gourd","Bottle Gourd",FAQ,28/07/2026,1500,1700,1600
"Tamil Nadu",Kallakuruchi,"Kallakurichi(Uzhavar Sandhai )",Coriander(Leaves),"I Sort",Local,28/07/2026,6000,6000,6000
"Tamil Nadu",Kallakuruchi,"Kallakurichi(Uzhavar Sandhai )",Cabbage,Cabbage,Local,28/07/2026,5000,5000,5000
"Tamil Nadu",Kallakuruchi,"Kallakurichi(Uzhavar Sandhai )",Snakeguard,Snakeguard,Local,28/07/2026,5000,5000,5000
"Tamil Nadu",Kallakuruchi,"Kallakurichi(Uzhavar Sandhai )",Raddish,Raddish,Local,28/07/2026,4000,4000,4000
"Tamil Nadu",Kallakuruchi,"Kallakurichi(Uzhavar Sandhai )",Jasmine,Jasmine,Local,28/07/2026,35000,35000,35000
"Tamil Nadu",Kallakuruchi,"Kallakurichi(Uzhavar Sandhai )",Yam(Ratalu),"Yam (Ratalu)",Local,28/07/2026,3000,3000,3000
"Tamil Nadu",Kallakuruchi,"Kallakurichi(Uzhavar Sandhai )",Lemon,Lemon,Local,28/07/2026,7000,7000,7000
"Tamil Nadu",Kallakuruchi,"Kallakurichi(Uzhavar Sandhai )",Mashrooms,Mashrooms,Local,28/07/2026,22500,22500,22500
Punjab,Gurdaspur,"Gurdaspur APMC","Bhindi(Ladies Finger)",Other,"Grade A",28/07/2026,2600,2600,2600
Punjab,Gurdaspur,"Gurdaspur APMC",Cauliflower,Other,"Grade A",28/07/2026,4850,4850,4850
Punjab,Gurdaspur,"Gurdaspur APMC",Capsicum,Other,"Grade A",28/07/2026,3250,3250,3250
Punjab,Gurdaspur,"Gurdaspur APMC",Garlic,Other,"Grade Range-2",28/07/2026,8500,8500,8500
Punjab,Gurdaspur,"Gurdaspur APMC","Green Chilli",Other,"Grade A",28/07/2026,2500,2500,2500
Punjab,Gurdaspur,"Gurdaspur APMC",Lemon,Other,"Grade A",28/07/2026,4500,4500,4500
"Tamil Nadu",Thirupathur,"Natrampalli(Uzhavar Sandhai )",Papaya,Papaya,Local,28/07/2026,2000,3000,2500
"Tamil Nadu",Thirupathur,"Natrampalli(Uzhavar Sandhai )",Garlic,Garlic,Local,28/07/2026,25000,30000,27500
"Tamil Nadu",Thirupathur,"Natrampalli(Uzhavar Sandhai )",Cauliflower,Ranchi,Local,28/07/2026,2500,3000,2750
"Tamil Nadu",Thirupathur,"Natrampalli(Uzhavar Sandhai )",Coriander(Leaves),"I Sort",Local,28/07/2026,5000,6000,5500
"Tamil Nadu",Thirupathur,"Natrampalli(Uzhavar Sandhai )",Tomato,Deshi,Local,28/07/2026,1000,1500,1250
"Tamil Nadu",Thirupathur,"Natrampalli(Uzhavar Sandhai )","Cluster beans","Cluster Beans",Local,28/07/2026,3000,4000,3500
"Tamil Nadu",Thirupathur,"Natrampalli(Uzhavar Sandhai )","Bottle gourd","Bottle Gourd",Local,28/07/2026,1500,2000,1750
"Tamil Nadu",Thirupathur,"Natrampalli(Uzhavar Sandhai )",Coconut,Coconut,Local,28/07/2026,2500,3000,2750
"Tamil Nadu",Thirupathur,"Natrampalli(Uzhavar Sandhai )",Snakeguard,Snakeguard,Local,28/07/2026,3000,4000,3500
"Tamil Nadu",Thirupathur,"Natrampalli(Uzhavar Sandhai )",Ridgeguard(Tori),Ridgeguard(Tori),Local,28/07/2026,3000,4000,3500
"Tamil Nadu",Thirupathur,"Natrampalli(Uzhavar Sandhai )",Mango(Raw-Ripe),"Mango - Raw-Ripe",Local,28/07/2026,1500,2000,1750
"Tamil Nadu",Thirupathur,"Natrampalli(Uzhavar Sandhai )","Onion Green","Onion Green",Local,28/07/2026,5000,6000,5500
Punjab,Bhatinda,"Bathinda APMC",Apple,"Kasmir/Shimla - II","Grade B",28/07/2026,8000,26000,16000
Punjab,Bhatinda,"Bathinda APMC",Tomato,Other,"Grade B",28/07/2026,2000,2800,2200
"Andhra Pradesh",Palnadu,"Ipur APMC","Sesamum(Sesame,Gingelly,Til)",Black,FAQ,28/07/2026,8900,9900,9500
"Andhra Pradesh","East Godavari","Gopalapuram APMC",Maize,Local,Local,28/07/2026,2420,2420,2420
"Andhra Pradesh",Dr.B.R.A.Konaseema,"Ravulapalem (Kothapeta APMC)",Banana,Chakkarakeli(Red),Local,28/07/2026,4400,4900,4700
"Andhra Pradesh",Ananthapuramu,"Gooti APMC",Cotton,Bramha,"Grade Range-1",28/07/2026,9179,9575,9367
"Andhra Pradesh",Ananthapuramu,"Gooti APMC","Red gram/Arhar/Tur(whole)",Local,"Grade Range-1",28/07/2026,4560,5730,4980
"Andhra Pradesh",Anakapally,"Payakaraopeta APMC","Green Gram(Moong)(Whole)",Local,Local,28/07/2026,8748,8768,8758
"Andhra Pradesh",Anakapally,"Payakaraopeta APMC",Cashewnuts,Local(Raw),Local,28/07/2026,11500,12500,12000
"Andhra Pradesh",Anakapally,"Payakaraopeta APMC",Banana,Karpura,Local,28/07/2026,1800,2000,1900
"Andhra Pradesh",Dr.B.R.A.Konaseema,"Razole APMC",Coconut,Medium,FAQ,28/07/2026,15342,15500,15342
"Andhra Pradesh",NTR,"Tiruvuru APMC",Maize,Hybrid,Local,28/07/2026,2400,2400,2400
"Andhra Pradesh",Guntur,"Phirangipuram APMC",Cotton,"Cotton (Unginned)",Local,28/07/2026,7200,8300,7800
Telangana,Karimnagar,"V.Saidapur APMC",Paddy(Common),MTU-1010,FAQ,28/07/2026,2389,2389,2389
Telangana,Karimnagar,"V.Saidapur APMC",Paddy(Common),1001,Non-FAQ,28/07/2026,2369,2369,2369
"Tamil Nadu",Salem,"Athur(Uzhavar Sandhai )",Banana,"Red Banana",Local,28/07/2026,6500,7000,6750
"Tamil Nadu",Salem,"Athur(Uzhavar Sandhai )",Onion,Bellary,Local,28/07/2026,3500,4200,3850
"Tamil Nadu",Salem,"Athur(Uzhavar Sandhai )",Potato,Other,Local,28/07/2026,2800,3000,2900
"Tamil Nadu",Salem,"Athur(Uzhavar Sandhai )",Cauliflower,Ranchi,Local,28/07/2026,3000,3000,3000
"Tamil Nadu",Salem,"Athur(Uzhavar Sandhai )",Chikoos(Sapota),Sapota,Local,28/07/2026,3500,4000,3750
"Tamil Nadu",Salem,"Athur(Uzhavar Sandhai )","Green Chilli","Green Chilly",Local,28/07/2026,4500,4800,4650
"Tamil Nadu",Salem,"Athur(Uzhavar Sandhai )",Beans,"Beans (Whole)",Local,28/07/2026,6000,7000,6500
"Tamil Nadu",Salem,"Athur(Uzhavar Sandhai )","Onion Green","Onion Green",Local,28/07/2026,4500,5000,4750
"Tamil Nadu",Salem,"Athur(Uzhavar Sandhai )","Tube Rose(Loose)","Tube Rose (Loose)",Local,28/07/2026,12000,16000,14000
"Tamil Nadu",Theni,"Periyakulam(Uzhavar Sandhai )",Papaya,Papaya,Local,28/07/2026,2500,3000,2750
"Tamil Nadu",Theni,"Periyakulam(Uzhavar Sandhai )",Brinjal,Other,Local,28/07/2026,4400,4600,4500
"Tamil Nadu",Theni,"Periyakulam(Uzhavar Sandhai )",Coriander(Leaves),"I Sort",Local,28/07/2026,4800,5000,4900
"Tamil Nadu",Theni,"Periyakulam(Uzhavar Sandhai )","Cluster beans","Cluster Beans",Local,28/07/2026,3600,3800,3700
"Tamil Nadu",Theni,"Periyakulam(Uzhavar Sandhai )","Green Chilli","Green Chilly",Local,28/07/2026,5000,5400,5200
"Tamil Nadu",Theni,"Periyakulam(Uzhavar Sandhai )",Drumstick,Drumstick,Local,28/07/2026,3000,4000,3500
"Tamil Nadu",Theni,"Periyakulam(Uzhavar Sandhai )","Knool Khol","Knool Khol",Local,28/07/2026,4200,4400,4300
"Tamil Nadu",Theni,"Periyakulam(Uzhavar Sandhai )","Elephant Yam(Suran)/Amorphophallus","Elephant Yam (Suran)",Local,28/07/2026,3800,4000,3900
"Tamil Nadu",Theni,"Periyakulam(Uzhavar Sandhai )",Lemon,Lemon,Local,28/07/2026,4000,4500,4250
"Tamil Nadu",Virudhunagar,"Srivilliputhur(Uzhavar Sandhai )",Onion,Bellary,Local,28/07/2026,3500,4000,3750
"Tamil Nadu",Virudhunagar,"Srivilliputhur(Uzhavar Sandhai )",Tomato,Deshi,Local,28/07/2026,1700,2000,1850
"Tamil Nadu",Virudhunagar,"Srivilliputhur(Uzhavar Sandhai )","Bhindi(Ladies Finger)",Bhindi,Local,28/07/2026,2500,3000,2750
"Tamil Nadu",Virudhunagar,"Srivilliputhur(Uzhavar Sandhai )","Banana - Green","Banana - Green",Local,28/07/2026,2500,3000,2750
"Tamil Nadu",Virudhunagar,"Srivilliputhur(Uzhavar Sandhai )",Ginger(Green),"Green Ginger",Local,28/07/2026,19000,20000,19500
"Tamil Nadu",Virudhunagar,"Srivilliputhur(Uzhavar Sandhai )",Cabbage,Cabbage,Local,28/07/2026,4000,4500,4250
"Tamil Nadu",Virudhunagar,"Srivilliputhur(Uzhavar Sandhai )",Ridgeguard(Tori),Ridgeguard(Tori),Local,28/07/2026,4500,5000,4750
"Tamil Nadu",Virudhunagar,"Srivilliputhur(Uzhavar Sandhai )",Mango(Raw-Ripe),"Mango - Raw-Ripe",Local,28/07/2026,2500,3000,2750
"Uttar Pradesh",Badaun,"Shahaswan APMC",Mango,Other,Medium,28/07/2026,2500,3200,3000
"Uttar Pradesh",Hathras,"Shadabad APMC","Bottle gourd","Bottle Gourd",Small,28/07/2026,800,900,850
Rajasthan,Rajsamand,"Rajsamand APMC",Onion,Onion,FAQ,28/07/2026,1800,2200,2000
Rajasthan,Rajsamand,"Rajsamand APMC",Potato,Potato,FAQ,28/07/2026,600,800,700
Punjab,Ludhiana,"Sahnewal APMC","Bitter gourd","Bitter Gourd",FAQ,28/07/2026,2500,2500,2500
Punjab,Sangrur,"Bhawanigarh APMC",Banana,Medium,Local,28/07/2026,3000,3500,3250
Punjab,Sangrur,"Bhawanigarh APMC",Onion,Other,Medium,28/07/2026,2500,2700,2600
Punjab,Sangrur,"Bhawanigarh APMC","Bhindi(Ladies Finger)",Other,Medium,28/07/2026,2100,2300,2200
Punjab,Sangrur,"Bhawanigarh APMC","Green Chilli","Green Chilly",Medium,28/07/2026,2600,2800,2700
Punjab,Sangrur,"Bhawanigarh APMC",Tomato,Other,Medium,28/07/2026,2000,2200,2100
Punjab,Sangrur,"Bhawanigarh APMC",Potato,Other,Medium,28/07/2026,600,600,600
"West Bengal","Paschim Bardhaman","Durgapur APMC",Mustard,Other,FAQ,28/07/2026,6200,6500,6375
"West Bengal","Paschim Bardhaman","Durgapur APMC","Mustard Oil",Other,FAQ,28/07/2026,16650,17200,16800
"West Bengal","Paschim Bardhaman","Durgapur APMC",Brinjal,Other,FAQ,28/07/2026,3250,3700,3500
"Tamil Nadu",Coimbatore,"Vadavalli(Uzhavar Sandhai )",Orange,Darjeeling,Local,28/07/2026,12000,14000,13000
"Tamil Nadu",Coimbatore,"Vadavalli(Uzhavar Sandhai )","Mousambi(Sweet Lime)",Mousambi,Local,28/07/2026,7500,9000,8250
"Tamil Nadu",Coimbatore,"Vadavalli(Uzhavar Sandhai )",Onion,Bellary,Local,28/07/2026,3000,3500,3250
"Tamil Nadu",Coimbatore,"Vadavalli(Uzhavar Sandhai )",Potato,Other,Local,28/07/2026,5500,6800,6150
"Tamil Nadu",Coimbatore,"Vadavalli(Uzhavar Sandhai )",Tomato,Local,Local,28/07/2026,1500,2000,1750
"Tamil Nadu",Coimbatore,"Vadavalli(Uzhavar Sandhai )","Green Chilli","Green Chilly",Local,28/07/2026,4400,5000,4700
"Tamil Nadu",Coimbatore,"Vadavalli(Uzhavar Sandhai )",Thondekai,Thondekai,Local,28/07/2026,4200,4800,4500
"Tamil Nadu",Coimbatore,"Vadavalli(Uzhavar Sandhai )","Chow Chow","Chow Chow",Local,28/07/2026,3200,3800,3500
"Tamil Nadu",Coimbatore,"Vadavalli(Uzhavar Sandhai )","Indian Beans(Seam)","Indian Beans (Seam)",Local,28/07/2026,4500,5000,4750
"Tamil Nadu",Coimbatore,"Vadavalli(Uzhavar Sandhai )",Lemon,Lemon,Local,28/07/2026,7500,8000,7750
"Tamil Nadu",Coimbatore,"Vadavalli(Uzhavar Sandhai )","Onion Green","Onion Green",Local,28/07/2026,5200,5800,5500
"Tamil Nadu",Coimbatore,"Vadavalli(Uzhavar Sandhai )",Mint(Pudina),Mint(Pudina),Local,28/07/2026,5500,6000,5750
"West Bengal",Darjeeling,"Karsiyang(Matigara) APMC",Potato,Red,FAQ,28/07/2026,1400,1600,1500
"West Bengal",Darjeeling,"Karsiyang(Matigara) APMC",Onion,Nasik,FAQ,28/07/2026,3800,4000,3900
"West Bengal",Darjeeling,"Darjeeling APMC",Raddish,Raddish,FAQ,28/07/2026,3100,3300,3200
"Andhra Pradesh",Annamayya,"Piler APMC",Gur(Jaggery),"NO 3",Local,28/07/2026,4000,5000,4500
Haryana,Palwal,"Hassanpur APMC",Onion,Onion,Local,28/07/2026,2500,2500,2500
"Uttar Pradesh",Bulandshahar,"Gulavati APMC","Sponge gourd",Other,FAQ,28/07/2026,2000,2200,2100
"Uttar Pradesh",Bulandshahar,"Gulavati APMC",Cauliflower,Cauliflower,FAQ,28/07/2026,2100,2300,2200
"Uttar Pradesh",Bulandshahar,"Gulavati APMC",Brinjal,Brinjal,FAQ,28/07/2026,1500,1700,1600
Haryana,Hissar,"Barwala(Hisar) APMC",Cauliflower,Cauliflower,Local,28/07/2026,4000,5000,4500
Haryana,Hissar,"Barwala(Hisar) APMC",Tomato,Tomato,Local,28/07/2026,2000,2500,2400
Haryana,Hissar,"Barwala(Hisar) APMC",Apple,Apple,Local,28/07/2026,8000,10000,9000
Haryana,Hissar,"Barwala(Hisar) APMC",Brinjal,Brinjal,Local,28/07/2026,2000,2500,2250
Haryana,Hissar,"Barwala(Hisar) APMC",Guava,Guava,Local,28/07/2026,2500,4000,3500
Punjab,Fazilka,"Jalalabad APMC","Water Melon","Water Melon",Medium,28/07/2026,3500,3500,3500
Punjab,Fazilka,"Jalalabad APMC",Papaya,Papaya,Medium,28/07/2026,3900,4100,4000
Punjab,Fazilka,"Jalalabad APMC",Carrot,Carrot,Medium,28/07/2026,3200,3200,3200
Punjab,Fazilka,"Jalalabad APMC",Lemon,Lemon,Medium,28/07/2026,3200,3500,3300
Punjab,Fazilka,"Jalalabad APMC",Ridgeguard(Tori),Other,Medium,28/07/2026,2800,3000,2900
Punjab,Fazilka,"Jalalabad APMC",Tomato,Tomato,Medium,28/07/2026,2300,2700,2500
Tripura,"South Tripura","Barpathari APMC",Brinjal,Round/Long,Local,28/07/2026,6900,7100,7000
"Tamil Nadu",Coimbatore,"Udumalpet APMC",Onion,Bellary,Local,28/07/2026,3500,4300,3900
"Tamil Nadu",Coimbatore,"Udumalpet APMC",Cauliflower,Ranchi,Local,28/07/2026,2500,3500,3000
"Tamil Nadu",Coimbatore,"Udumalpet APMC","Cluster beans","Cluster Beans",Local,28/07/2026,3500,4200,3850
"Tamil Nadu",Coimbatore,"Udumalpet APMC",Pumpkin,Pumpkin,Local,28/07/2026,1500,2000,1750
"Tamil Nadu",Coimbatore,"Udumalpet APMC",Cabbage,Cabbage,Local,28/07/2026,3500,4000,3750
"Tamil Nadu",Coimbatore,"Udumalpet APMC","Elephant Yam(Suran)/Amorphophallus","Elephant Yam (Suran)",Local,28/07/2026,5000,6000,5500
"Tamil Nadu",Coimbatore,"Udumalpet APMC","Amla(Nelli Kai)",Amla,Local,28/07/2026,7000,8000,7500
"Tamil Nadu",Coimbatore,"Udumalpet APMC","Sweet Corn ","Sweet Corn ",Local,28/07/2026,4000,4500,4250
"Andhra Pradesh",Kakinada,"Karapa APMC",Paddy(Common),1001,FAQ,28/07/2026,2366,2369,2369
"Madhya Pradesh",Dhar,"Manawar APMC",Soyabean,Soyabeen,Non-FAQ,28/07/2026,6535,6585,6580
"West Bengal",Darjeeling,"Siliguri APMC",Rice,Fine(Basmati),FAQ,28/07/2026,5100,5300,5200
"West Bengal",Darjeeling,"Siliguri APMC",Potato,Jyoti,FAQ,28/07/2026,700,740,720
Punjab,Tarntaran,"Bhikhiwind APMC",Ridgeguard(Tori),Ridgeguard(Tori),Local,28/07/2026,900,900,900
"Tamil Nadu",Erode,"Gobichettipalayam(Uzhavar Sandhai )",Papaya,Papaya,Local,28/07/2026,3000,3500,3250
"Tamil Nadu",Erode,"Gobichettipalayam(Uzhavar Sandhai )",Ridgeguard(Tori),Ridgeguard(Tori),Local,28/07/2026,4600,4800,4700
"Tamil Nadu",Erode,"Gobichettipalayam(Uzhavar Sandhai )","Chow Chow","Chow Chow",Local,28/07/2026,3500,4000,3750
"Tamil Nadu",Erode,"Gobichettipalayam(Uzhavar Sandhai )",Guava,"Guava Allahabad",Local,28/07/2026,5500,6000,5750
"Tamil Nadu",Erode,"Gobichettipalayam(Uzhavar Sandhai )","Elephant Yam(Suran)/Amorphophallus","Elephant Yam (Suran)",Local,28/07/2026,4500,4800,4650
"Himachal Pradesh",Shimla,"SMY Rohroo",Banana,Other,"Grade B",28/07/2026,2500,2750,2625
"Himachal Pradesh",Shimla,"SMY Rohroo",Guava,Guava,"Grade B",28/07/2026,11000,13000,12000
"Himachal Pradesh",Shimla,"SMY Rohroo",Pomegranate,Other,"Grade B",28/07/2026,17000,18000,17500
"Himachal Pradesh",Shimla,"SMY Rohroo","Bottle gourd","Bottle Gourd","Grade B",28/07/2026,2500,2800,2650
"Himachal Pradesh",Shimla,"SMY Rohroo","Green Chilli","Green Chilly","Grade B",28/07/2026,4500,5000,4800
"Himachal Pradesh",Shimla,"SMY Rohroo",Cabbage,Other,"Grade B",28/07/2026,2000,2200,2100
"Himachal Pradesh",Shimla,"SMY Rohroo",Ginger(Green),"Green Ginger","Grade B",28/07/2026,9000,11000,10000
"Himachal Pradesh",Shimla,"SMY Rohroo",Potato,Local,"Grade B",28/07/2026,1800,2000,1900
"Tamil Nadu",Pudukkottai,"Ponnamaravathi(Uzhavar Sandhai)","Bitter gourd","Bitter Gourd",Local,28/07/2026,8500,9000,8750
"Tamil Nadu",Pudukkottai,"Ponnamaravathi(Uzhavar Sandhai)",Cowpea(Veg),"Cowpea (Veg)",Local,28/07/2026,1500,2000,1750
"Tamil Nadu",Pudukkottai,"Ponnamaravathi(Uzhavar Sandhai)",Coconut,Coconut,Local,28/07/2026,3500,4000,3750
"Tamil Nadu",Pudukkottai,"Ponnamaravathi(Uzhavar Sandhai)",Snakeguard,Snakeguard,Local,28/07/2026,3500,4000,3750
"Tamil Nadu",Nagapattinam,"Mayiladuthurai(Uzhavar Sandhai )",Tomato,Deshi,Local,28/07/2026,2000,2500,2250
"Tamil Nadu",Nagapattinam,"Mayiladuthurai(Uzhavar Sandhai )",Ashgourd,Gouard,Local,28/07/2026,1500,2000,1750
"Tamil Nadu",Nagapattinam,"Mayiladuthurai(Uzhavar Sandhai )","Bhindi(Ladies Finger)",Bhindi,Local,28/07/2026,4500,5000,4750
"Tamil Nadu",Nagapattinam,"Mayiladuthurai(Uzhavar Sandhai )","Onion Green","Onion Green",Local,28/07/2026,5500,6000,5750
"Tamil Nadu",Pudukkottai,"Viralimalai(Uzhavar Sandhai )",Onion,Bellary,Local,28/07/2026,4500,5000,4750
"Tamil Nadu",Pudukkottai,"Viralimalai(Uzhavar Sandhai )",Tomato,Deshi,Local,28/07/2026,2000,2500,2250
"Tamil Nadu",Pudukkottai,"Viralimalai(Uzhavar Sandhai )","Cluster beans","Cluster Beans",Local,28/07/2026,5000,5500,5250
"Tamil Nadu",Pudukkottai,"Viralimalai(Uzhavar Sandhai )",Amaranthus,Amaranthus,Local,28/07/2026,1500,2000,1750
"Tamil Nadu",Pudukkottai,"Viralimalai(Uzhavar Sandhai )","Green Chilli","Green Chilly",Local,28/07/2026,4500,5000,4750
"Tamil Nadu",Pudukkottai,"Viralimalai(Uzhavar Sandhai )",Ridgeguard(Tori),Ridgeguard(Tori),Local,28/07/2026,6500,7000,6750
"Tamil Nadu",Pudukkottai,"Viralimalai(Uzhavar Sandhai )",Guava,"Guava Allahabad",Local,28/07/2026,7000,8000,7500
"Tamil Nadu",Pudukkottai,"Viralimalai(Uzhavar Sandhai )","Onion Green","Onion Green",Local,28/07/2026,6500,7000,6750
Rajasthan,Jodhpur,"Osiyan Mathania APMC","Cummin Seed(Jeera)",Other,Local,28/07/2026,16000,18000,17000
"Tamil Nadu",Ramanathapuram,"Paramakudi(Uzhavar Sandhai )",Brinjal,Round,Local,28/07/2026,5000,5500,5250
"Tamil Nadu",Ramanathapuram,"Paramakudi(Uzhavar Sandhai )",Tomato,Deshi,Local,28/07/2026,2000,2500,2250
"Tamil Nadu",Ramanathapuram,"Paramakudi(Uzhavar Sandhai )","Banana - Green","Banana - Green",Local,28/07/2026,3000,3500,3250
"Tamil Nadu",Ramanathapuram,"Paramakudi(Uzhavar Sandhai )",Beans,"Beans (Whole)",Local,28/07/2026,9000,10000,9500
"Tamil Nadu",Ramanathapuram,"Paramakudi(Uzhavar Sandhai )","Green Avare(W)","Green Avare (W)",Local,28/07/2026,7000,8000,7500
"Tamil Nadu",Ramanathapuram,"Paramakudi(Uzhavar Sandhai )","Knool Khol","Knool Khol",Local,28/07/2026,4800,5000,4900
"Tamil Nadu",Ramanathapuram,"Paramakudi(Uzhavar Sandhai )",Lime,Lime,Local,28/07/2026,11500,12000,11750
"Tamil Nadu",Ramanathapuram,"Paramakudi(Uzhavar Sandhai )",Kakada,Kakada,Local,28/07/2026,45000,50000,47500
"Tamil Nadu",Ramanathapuram,"Paramakudi(Uzhavar Sandhai )","Tube Flower","Tube Flower",Local,28/07/2026,65000,70000,67500
"Tamil Nadu",Ramanathapuram,"Paramakudi(Uzhavar Sandhai )",Colacasia,Colacasia,Local,28/07/2026,6000,7000,6500
"Tamil Nadu",Ramanathapuram,"Ramanathapuram(Uzhavar Sandhai )","Banana - Green","Banana - Green",Local,28/07/2026,3500,3800,3650
"Tamil Nadu",Ramanathapuram,"Ramanathapuram(Uzhavar Sandhai )",Beans,"Beans (Whole)",Local,28/07/2026,11000,11500,11250
"Tamil Nadu",Ramanathapuram,"Ramanathapuram(Uzhavar Sandhai )",Cabbage,Cabbage,Local,28/07/2026,4200,4500,4350
"Tamil Nadu",Ramanathapuram,"Ramanathapuram(Uzhavar Sandhai )",Drumstick,Drumstick,Local,28/07/2026,6500,7000,6750
"Tamil Nadu",Ramanathapuram,"Ramanathapuram(Uzhavar Sandhai )",Lime,Lime,Local,28/07/2026,12500,13000,12750
"Tamil Nadu",Ramanathapuram,"Ramanathapuram(Uzhavar Sandhai )","Elephant Yam(Suran)/Amorphophallus","Elephant Yam (Suran)",Local,28/07/2026,7000,7500,7250
"Tamil Nadu",Ramanathapuram,"Ramanathapuram(Uzhavar Sandhai )",Mint(Pudina),Mint(Pudina),Local,28/07/2026,7500,8000,7750
"Tamil Nadu",Pudukkottai,"Alangudi(Uzhavar Sandhai )",Papaya,Papaya,Local,28/07/2026,2500,3000,2750
"Tamil Nadu",Pudukkottai,"Alangudi(Uzhavar Sandhai )",Onion,Bellary,Local,28/07/2026,4500,5000,4750
"Tamil Nadu",Pudukkottai,"Alangudi(Uzhavar Sandhai )",Snakeguard,Snakeguard,Local,28/07/2026,3500,4000,3750
"Tamil Nadu",Pudukkottai,"Alangudi(Uzhavar Sandhai )",Lemon,Lemon,Local,28/07/2026,4500,5000,4750
"Tamil Nadu",Thiruvannamalai,"Arani(Uzhavar Sandhai )",Papaya,Papaya,Local,28/07/2026,3000,4000,3500
"Tamil Nadu",Thiruvannamalai,"Arani(Uzhavar Sandhai )",Banana,Other,Local,28/07/2026,4000,5000,4500
"Tamil Nadu",Thiruvannamalai,"Arani(Uzhavar Sandhai )",Mango,Safeda,Local,28/07/2026,4000,5000,4500
"Tamil Nadu",Thiruvannamalai,"Arani(Uzhavar Sandhai )",Onion,Bellary,Local,28/07/2026,3500,4000,3750
"Tamil Nadu",Thiruvannamalai,"Arani(Uzhavar Sandhai )","Sweet Potato","Hosur Red",Local,28/07/2026,3500,4000,3750
"Tamil Nadu",Thiruvannamalai,"Arani(Uzhavar Sandhai )",Carrot,Pusakesar,Local,28/07/2026,7200,8400,7800
"Tamil Nadu",Thiruvannamalai,"Arani(Uzhavar Sandhai )",Cabbage,Cabbage,Local,28/07/2026,3800,4500,4150
"Tamil Nadu",Thiruvannamalai,"Arani(Uzhavar Sandhai )",Thondekai,Thondekai,Local,28/07/2026,3500,4000,3750
"Tamil Nadu",Thiruvannamalai,"Arani(Uzhavar Sandhai )","Chow Chow","Chow Chow",Local,28/07/2026,4000,4800,4400
"Tamil Nadu",Thiruvannamalai,"Arani(Uzhavar Sandhai )",Drumstick,Drumstick,Local,28/07/2026,5000,6000,5500
"Tamil Nadu",Thiruvannamalai,"Arani(Uzhavar Sandhai )",Yam(Ratalu),"Yam (Ratalu)",Local,28/07/2026,5000,6000,5500
"Tamil Nadu",Thiruvannamalai,"Arani(Uzhavar Sandhai )","Onion Green","Onion Green",Local,28/07/2026,4000,5000,4500
"Tamil Nadu",Thiruvannamalai,"Polur(Uzhavar Sandhai )",Papaya,Papaya,Local,28/07/2026,2500,3000,2750
"Tamil Nadu",Thiruvannamalai,"Polur(Uzhavar Sandhai )",Groundnut,"Big (With Shell)",Local,28/07/2026,5000,6000,5500
"Tamil Nadu",Thiruvannamalai,"Polur(Uzhavar Sandhai )",Mango,Safeda,Local,28/07/2026,4200,5000,4600
"Tamil Nadu",Thiruvannamalai,"Polur(Uzhavar Sandhai )",Cauliflower,Ranchi,Local,28/07/2026,3300,4000,3650
"Tamil Nadu",Thiruvannamalai,"Polur(Uzhavar Sandhai )","Bitter gourd","Bitter Gourd",Local,28/07/2026,4000,4800,4400
"Tamil Nadu",Thiruvannamalai,"Polur(Uzhavar Sandhai )",Pumpkin,Pumpkin,Local,28/07/2026,1600,2000,1800
"Tamil Nadu",Thiruvannamalai,"Polur(Uzhavar Sandhai )","Green Chilli","Green Chilly",Local,28/07/2026,5000,6000,5500
"Tamil Nadu",Thiruvannamalai,"Polur(Uzhavar Sandhai )",Beans,"Beans (Whole)",Local,28/07/2026,7000,8400,7700
"Tamil Nadu",Thiruvannamalai,"Polur(Uzhavar Sandhai )",Ginger(Green),"Green Ginger",Local,28/07/2026,20000,24000,22000
"Tamil Nadu",Thiruvannamalai,"Polur(Uzhavar Sandhai )",Snakeguard,Snakeguard,Local,28/07/2026,3000,3600,3300
"Tamil Nadu",Thiruvannamalai,"Polur(Uzhavar Sandhai )","Knool Khol","Knool Khol",Local,28/07/2026,5000,6000,5500
"Tamil Nadu",Thiruvannamalai,"Polur(Uzhavar Sandhai )",Guava,"Guava Allahabad",Local,28/07/2026,3300,4000,3650
"Tamil Nadu",Thiruvannamalai,"Polur(Uzhavar Sandhai )",Lemon,Lemon,Local,28/07/2026,5000,6000,5500
"Tamil Nadu",Thiruvannamalai,"Tiruvannamalai(Uzhavar Sandhai )",Papaya,Papaya,Local,28/07/2026,2500,3000,2750
"Tamil Nadu",Thiruvannamalai,"Tiruvannamalai(Uzhavar Sandhai )",Groundnut,"Big (With Shell)",Local,28/07/2026,7000,8000,7500
"Tamil Nadu",Thiruvannamalai,"Tiruvannamalai(Uzhavar Sandhai )",Cauliflower,Ranchi,Local,28/07/2026,3500,4000,3750
"Tamil Nadu",Thiruvannamalai,"Tiruvannamalai(Uzhavar Sandhai )","Bhindi(Ladies Finger)",Bhindi,Local,28/07/2026,2400,3000,2700
"Tamil Nadu",Thiruvannamalai,"Tiruvannamalai(Uzhavar Sandhai )","Banana - Green","Banana - Green",Local,28/07/2026,2500,3000,2750
"Tamil Nadu",Thiruvannamalai,"Tiruvannamalai(Uzhavar Sandhai )","Sweet Potato","Hosur Red",Local,28/07/2026,3000,3500,3250
"Tamil Nadu",Thiruvannamalai,"Tiruvannamalai(Uzhavar Sandhai )",Cucumbar(Kheera),Cucumbar,Local,28/07/2026,4000,5000,4500
"Tamil Nadu",Thiruvannamalai,"Tiruvannamalai(Uzhavar Sandhai )","Karbuja(Musk Melon)",Karbhuja,Local,28/07/2026,2500,3000,2750
"Tamil Nadu",Thiruvannamalai,"Tiruvannamalai(Uzhavar Sandhai )","Elephant Yam(Suran)/Amorphophallus","Elephant Yam (Suran)",Local,28/07/2026,5000,6000,5500
"Tamil Nadu",Thiruvellore,"Ambattur(Uzhavar Sandhai )","Green Chilli","Green Chilly",Local,28/07/2026,5000,5000,5000
"Tamil Nadu",Thiruvellore,"Ambattur(Uzhavar Sandhai )",Coconut,Coconut,Local,28/07/2026,6000,6000,6000
"Tamil Nadu",Thiruvellore,"Perambakkam(Uzhavar Sandhai )","Bhindi(Ladies Finger)",Bhindi,Local,28/07/2026,4500,4500,4500
"Tamil Nadu",Tuticorin,"Kovilpatti(Uzhavar Sandhai )",Chikoos(Sapota),Sapota,Local,28/07/2026,4500,5000,4750
"Tamil Nadu",Tuticorin,"Kovilpatti(Uzhavar Sandhai )","Bhindi(Ladies Finger)",Bhindi,Local,28/07/2026,3000,3500,3250
"Tamil Nadu",Tuticorin,"Kovilpatti(Uzhavar Sandhai )","Green Chilli","Green Chilly",Local,28/07/2026,5000,5500,5250
"Tamil Nadu",Tuticorin,"Kovilpatti(Uzhavar Sandhai )","Banana - Green","Banana - Green",Local,28/07/2026,2500,3000,2750
"Tamil Nadu",Tuticorin,"Kovilpatti(Uzhavar Sandhai )",Beans,"Beans (Whole)",Local,28/07/2026,10000,11000,10500
"Tamil Nadu",Tuticorin,"Kovilpatti(Uzhavar Sandhai )",Snakeguard,Snakeguard,Local,28/07/2026,4000,4500,4250
"Tamil Nadu",Tuticorin,"Kovilpatti(Uzhavar Sandhai )",Raddish,Raddish,Local,28/07/2026,3500,4000,3750
"Tamil Nadu",Tuticorin,"Kovilpatti(Uzhavar Sandhai )",Drumstick,Drumstick,Local,28/07/2026,4000,4500,4250
"Tamil Nadu",Tuticorin,"Kovilpatti(Uzhavar Sandhai )",Yam(Ratalu),"Yam (Ratalu)",Local,28/07/2026,8000,8500,8250
"Tamil Nadu",Tuticorin,"Kovilpatti(Uzhavar Sandhai )","Indian Beans(Seam)","Indian Beans (Seam)",Local,28/07/2026,6500,7000,6750
"Tamil Nadu",Tuticorin,"Kovilpatti(Uzhavar Sandhai )","Onion Green","Onion Green",Local,28/07/2026,5500,6000,5750
"Tamil Nadu",Tuticorin,"Kovilpatti(Uzhavar Sandhai )",Mint(Pudina),Mint(Pudina),Local,28/07/2026,6500,7000,6750
"Tamil Nadu",Vellore,"Gudiyatham(Uzhavar Sandhai )",Coriander(Leaves),"I Sort",Local,28/07/2026,5000,5000,5000
"Tamil Nadu",Vellore,"Gudiyatham(Uzhavar Sandhai )","Bottle gourd","Bottle Gourd",Local,28/07/2026,2400,2400,2400
"Tamil Nadu",Vellore,"Gudiyatham(Uzhavar Sandhai )","Bhindi(Ladies Finger)",Bhindi,Local,28/07/2026,2400,2400,2400
"Tamil Nadu",Vellore,"Gudiyatham(Uzhavar Sandhai )",Cowpea(Veg),"Cowpea (Veg)",Local,28/07/2026,5000,5000,5000
"Tamil Nadu",Vellore,"Gudiyatham(Uzhavar Sandhai )",Lime,Lime,Local,28/07/2026,5000,5000,5000
"Tamil Nadu",Vellore,"Gudiyatham(Uzhavar Sandhai )",Marigold(Calcutta),Marigold(Calcutta),Local,28/07/2026,20000,20000,20000
"Tamil Nadu",Vellore,"Gudiyatham(Uzhavar Sandhai )",Yam(Ratalu),"Yam (Ratalu)",Local,28/07/2026,6600,6600,6600
"Tamil Nadu",Vellore,"Gudiyatham(Uzhavar Sandhai )",Lemon,Lemon,Local,28/07/2026,4000,4000,4000
"Tamil Nadu",Vellore,"Kahithapattarai(Uzhavar Sandhai )",Potato,Other,Local,28/07/2026,2200,2200,2200
"Tamil Nadu",Vellore,"Kahithapattarai(Uzhavar Sandhai )",Carrot,Pusakesar,Local,28/07/2026,6600,6600,6600
"Tamil Nadu",Vellore,"Kahithapattarai(Uzhavar Sandhai )",Beetroot,Beetroot,Local,28/07/2026,4500,4500,4500
"Tamil Nadu",Vellore,"Kahithapattarai(Uzhavar Sandhai )","Green Avare(W)",Other,Local,28/07/2026,4500,4500,4500
"Tamil Nadu",Vellore,"Kahithapattarai(Uzhavar Sandhai )",Guava,"Guava Allahabad",Local,28/07/2026,3500,4000,3750
"Tamil Nadu",Vellore,"Kahithapattarai(Uzhavar Sandhai )","Tender Coconut","Tender Coconut",Local,28/07/2026,3000,3000,3000
"Tamil Nadu",Vellore,"Kahithapattarai(Uzhavar Sandhai )",Mint(Pudina),Mint(Pudina),Local,28/07/2026,7000,9000,8000
"Andhra Pradesh",Palnadu,"Chilakaluripet APMC",Cotton,MCU,Local,28/07/2026,7200,8200,7700
"Andhra Pradesh",Prakasam,"Darsi APMC",Cotton,Desi,Local,28/07/2026,8100,8200,8200
"Andhra Pradesh","Sri Sathya Sai","Penukonda APMC",Maize,Hybrid/Local,FAQ,28/07/2026,2400,2500,2450
Haryana,Rewari,"Rewari APMC",Apple,Apple,Medium,28/07/2026,4000,25000,15000
Haryana,Rewari,"Rewari APMC",Tomato,Other,Medium,28/07/2026,1000,3000,2000
Telangana,Hanumakonda,"Kamalapur APMC",Paddy(Common),1001,FAQ,28/07/2026,2369,2389,2369
Punjab,Hoshiarpur,"Mukerian APMC",Tomato,Tomato,"Grade B",28/07/2026,1500,2100,1800
Punjab,Ludhiana,"Ludhiana APMC",Plum,Other,Medium,28/07/2026,2000,4000,3000
Punjab,Ludhiana,"Ludhiana APMC","Mousambi(Sweet Lime)",Other,Medium,28/07/2026,1500,5000,2000
Punjab,Ludhiana,"Ludhiana APMC",Potato,Other,FAQ,28/07/2026,200,800,400
Punjab,Ludhiana,"Ludhiana APMC","Green Chilli",Other,FAQ,28/07/2026,1800,2800,2300
Punjab,Ludhiana,"Ludhiana APMC",Capsicum,Other,FAQ,28/07/2026,1400,3300,2000
Punjab,Ludhiana,"Ludhiana APMC","Bhindi(Ladies Finger)",Other,FAQ,28/07/2026,1800,2800,2500
Punjab,Ludhiana,"Ludhiana APMC","Bitter gourd","Bitter Gourd",FAQ,28/07/2026,1200,2000,1500
Punjab,Ludhiana,"Ludhiana APMC",Pumpkin,Other,FAQ,28/07/2026,400,800,500
Punjab,Ludhiana,"Ludhiana APMC",Colacasia,Arabi,FAQ,28/07/2026,1000,1300,1200
Punjab,Ludhiana,"Ludhiana APMC",Beetroot,Other,FAQ,28/07/2026,700,1000,800
Punjab,Ludhiana,"Ludhiana APMC",Mango(Raw-Ripe),"Mango - Raw-Ripe",FAQ,28/07/2026,1400,2800,2000
Odisha,Dhenkanal,"Hindol APMC",Brinjal,Brinjal,"Grade B",28/07/2026,5000,6000,5500
Odisha,Dhenkanal,"Hindol APMC",Cucumbar(Kheera),Cucumbar,"Grade B",28/07/2026,4800,5200,5000
Odisha,Dhenkanal,"Hindol APMC","Banana - Green",Other,"Grade B",28/07/2026,2400,2600,2500
Odisha,Dhenkanal,"Hindol APMC","Bhindi(Ladies Finger)",Bhindi,"Grade B",28/07/2026,5000,5500,5200
Odisha,Dhenkanal,"Hindol APMC","Pointed gourd(Parval)",Other,"Grade B",28/07/2026,3700,4000,3800
Odisha,Dhenkanal,"Hindol APMC",Pumpkin,Pumpkin,"Grade B",28/07/2026,1500,1800,1700
"Andaman and Nicobar","North and Middle Andaman ","Diglipur Vegetable Market (Subhashgram)","Green Chilli",Other,FAQ,28/07/2026,40000,50000,45000
"Andaman and Nicobar","North and Middle Andaman ","Diglipur Vegetable Market (Subhashgram)","Green Gram(Moong)(Whole)",Other,FAQ,28/07/2026,8000,12000,9500
"Andaman and Nicobar","North and Middle Andaman ","Diglipur Vegetable Market (Subhashgram)",Ashgourd,Other,FAQ,28/07/2026,2000,4000,3000
"Andaman and Nicobar","North and Middle Andaman ","Diglipur Vegetable Market (Subhashgram)","Bottle gourd",Other,FAQ,28/07/2026,3000,6000,4500
"Andaman and Nicobar","North and Middle Andaman ","Diglipur Vegetable Market (Subhashgram)",Coriander(Leaves),Local,FAQ,28/07/2026,20000,30000,25000
"Andaman and Nicobar","North and Middle Andaman ","Diglipur Vegetable Market (Subhashgram)",Pumpkin,Other,FAQ,28/07/2026,4000,8000,6000
"Andaman and Nicobar","North and Middle Andaman ","Diglipur Vegetable Market (Subhashgram)",Snakeguard,Other,FAQ,28/07/2026,3000,6000,4500
Keralam,Kottayam,"Pampady Market",Amaranthus,Amaranthus,FAQ,28/07/2026,3000,4500,3500
Keralam,Kottayam,"Pampady Market","Bhindi(Ladies Finger)",Bhindi,FAQ,28/07/2026,4000,5000,4500
Keralam,Kottayam,"Pampady Market",Brinjal,Brinjal,FAQ,28/07/2026,2500,3500,3000
Keralam,Kottayam,"Pampady Market",Cabbage,Cabbage,FAQ,28/07/2026,3000,4500,3500
Keralam,Kottayam,"Pampady Market",Tomato,Tomato,FAQ,28/07/2026,3600,5000,4500
"Andhra Pradesh",Vijayanagaram,"Bobbili APMC",Maize,Local,FAQ,28/07/2026,4800,4800,4800
"Tamil Nadu",Thiruvannamalai,"Cheyyar(Uzhavar Sandhai )",Coriander(Leaves),"I Sort",Local,28/07/2026,4000,5000,4500
"Tamil Nadu",Thiruvannamalai,"Cheyyar(Uzhavar Sandhai )",Tomato,Local,Local,28/07/2026,1500,2000,1750
"Tamil Nadu",Thiruvannamalai,"Cheyyar(Uzhavar Sandhai )","Cluster beans","Cluster Beans",Local,28/07/2026,4000,4800,4400
"Tamil Nadu",Thiruvannamalai,"Cheyyar(Uzhavar Sandhai )",Ashgourd,Gouard,Local,28/07/2026,2000,2500,2250
"Tamil Nadu",Thiruvannamalai,"Cheyyar(Uzhavar Sandhai )",Amaranthus,Amaranthus,Local,28/07/2026,2000,2500,2250
"Tamil Nadu",Thiruvannamalai,"Cheyyar(Uzhavar Sandhai )",Coconut,Coconut,Local,28/07/2026,4000,5000,4500
"Tamil Nadu",Thiruvannamalai,"Cheyyar(Uzhavar Sandhai )","Green Avare(W)",Other,Local,28/07/2026,4000,4800,4400
"Tamil Nadu",Thiruvannamalai,"Cheyyar(Uzhavar Sandhai )",Mango(Raw-Ripe),"Mango - Raw-Ripe",Local,28/07/2026,1500,2000,1750
"Tamil Nadu",Thiruvannamalai,"Cheyyar(Uzhavar Sandhai )","Knool Khol","Knool Khol",Local,28/07/2026,4800,6000,5400
"Tamil Nadu",Thiruvannamalai,"Cheyyar(Uzhavar Sandhai )",Lemon,Lemon,Local,28/07/2026,4800,6000,5400
"Andhra Pradesh",Krishna,"Divi (HQ-Avanigadda) APMC","Bengal Gram(Gram)(Whole)","Desi (Whole)",FAQ,28/07/2026,8200,9000,8650
"Andhra Pradesh",Anakapally,"Chodavaram APMC",Paddy(Common),Paddy,Local,28/07/2026,2200,2400,2300
"Andhra Pradesh",Eluru,"Chintalapudi APMC",Lemon,Lemon,FAQ,28/07/2026,4000,5000,4500
"Tamil Nadu",Ariyalur,"Ariyalur(Uzhavar Sandhai)",Tomato,Deshi,Local,28/07/2026,2000,2500,2250
"Tamil Nadu",Ariyalur,"Ariyalur(Uzhavar Sandhai)","Green Chilli","Green Chilly",Local,28/07/2026,4500,5500,5000
"Tamil Nadu",Ariyalur,"Ariyalur(Uzhavar Sandhai)",Raddish,Raddish,Local,28/07/2026,3500,4000,3750
"Tamil Nadu",Ariyalur,"Ariyalur(Uzhavar Sandhai)","Green Avare(W)","Green Avare (W)",Local,28/07/2026,7000,8000,7500
"Tamil Nadu",Ariyalur,"Ariyalur(Uzhavar Sandhai)",Drumstick,Drumstick,Local,28/07/2026,5500,6000,5750
"Tamil Nadu",Ariyalur,"Ariyalur(Uzhavar Sandhai)",Mango(Raw-Ripe),"Mango - Raw-Ripe",Local,28/07/2026,2500,3000,2750
"Andhra Pradesh",Annamayya,"Valmikipuram APMC",Tomato,Hybrid,FAQ,28/07/2026,968,1200,1080
Haryana,Mahendragarh-Narnaul,"Narnaul APMC",Cauliflower,Cauliflower,Medium,28/07/2026,4000,6000,5000
Haryana,Mahendragarh-Narnaul,"Narnaul APMC","Pointed gourd(Parval)","Pointed gourd (Parval)",Medium,28/07/2026,1500,2500,2000
Haryana,Mahendragarh-Narnaul,"Narnaul APMC",Lemon,Lemon,Medium,28/07/2026,4000,5500,5000
Haryana,Mahendragarh-Narnaul,"Narnaul APMC",Apple,Apple,Medium,28/07/2026,10000,20000,20000
Haryana,Mahendragarh-Narnaul,"Narnaul APMC",Pear(Marasebu),Pears,Medium,28/07/2026,8000,10000,10000
"Himachal Pradesh",Kangra,"PMY Kangra",Banana,Other,Medium,28/07/2026,5000,6000,5500
"Himachal Pradesh",Kangra,"PMY Kangra",Apple,Apple,Medium,28/07/2026,7000,20000,12000
Uttarakhand,Haridwar,"Haridwar Union APMC","Green Chilli","Green Chilly",FAQ,28/07/2026,2500,3500,3000
Uttarakhand,Haridwar,"Haridwar Union APMC",Mango,Chausa,"Grade C",28/07/2026,3500,4200,3800
Uttarakhand,Haridwar,"Haridwar Union APMC",Cabbage,Other,FAQ,28/07/2026,600,1000,800
Uttarakhand,Haridwar,"Haridwar Union APMC",Pumpkin,Pumpkin,FAQ,28/07/2026,500,800,600
"Uttar Pradesh",Amroha,"Hasanpur APMC","Bitter gourd","Bitter Gourd",FAQ,28/07/2026,1450,1520,1500
"Uttar Pradesh",Amroha,"Hasanpur APMC","Bottle gourd","Bottle Gourd",FAQ,28/07/2026,1450,1520,1500
"Uttar Pradesh",Amroha,"Hasanpur APMC",Cucumbar(Kheera),Cucumbar,FAQ,28/07/2026,2500,3100,3000
"Uttar Pradesh",Amroha,"Hasanpur APMC",Cauliflower,Local,FAQ,28/07/2026,2500,3010,3000
Telangana,Siddipet,"Dubbak APMC",Paddy(Common),I.R.-64,FAQ,28/07/2026,2400,2400,2400
Punjab,Ludhiana,"Doraha APMC",Cauliflower,Local,Local,28/07/2026,3500,4000,3850
Gujarat,Narmada,"Garudeshwal APMC",Maize,"Deshi Red",Local,28/07/2026,2360,2360,2360
Keralam,Idukki,"Munnar Market",Galgal(Lemon),Galgal(Lemon),Medium,28/07/2026,6500,6500,6500
Keralam,Alappuzha,"Chengannur Market","Green Chilli","Green Chilly",FAQ,28/07/2026,4800,5100,5000
Keralam,Alappuzha,"Chengannur Market","Bottle gourd",Other,FAQ,28/07/2026,1900,2200,2000
Keralam,Alappuzha,"Chengannur Market","Bitter gourd",Other,FAQ,28/07/2026,5900,6200,6000
Keralam,Alappuzha,"Chengannur Market",Lemon,Lemon,FAQ,28/07/2026,7800,8300,8000
Keralam,Alappuzha,"Chengannur Market",Onion,Small,FAQ,28/07/2026,6800,7100,7000
Haryana,Gurgaon,"Gurgaon APMC",Apple,Apple,"Grade B",28/07/2026,10000,20000,15000
Punjab,Gurdaspur,"Kalanaur APMC",Pumpkin,Pumpkin,"Grade A",28/07/2026,1300,1300,1300
"Uttar Pradesh","Khiri (Lakhimpur)","Maigalganj APMC",Cauliflower,Cauliflower,FAQ,28/07/2026,1600,1650,1625
Punjab,Hoshiarpur,"Garhshankar(Saila Khurd) APMC",Maize,Local,FAQ,28/07/2026,1300,1300,1300
"Himachal Pradesh",Kangra,"SMY Baijnath",Apple,Apple,"Grade B",28/07/2026,6000,15000,11000
"Himachal Pradesh",Kangra,"SMY Baijnath",Mango,Dusheri,"Grade B",28/07/2026,6000,8000,8000
"Himachal Pradesh",Kangra,"SMY Jaisinghpur",Banana,Other,Medium,28/07/2026,4500,5600,5000
"Himachal Pradesh",Kangra,"SMY Jaisinghpur",Mango,Other,Medium,28/07/2026,5000,9500,7500
"Himachal Pradesh",Kangra,"SMY Jaisinghpur",Cauliflower,Cauliflower,FAQ,28/07/2026,4200,5000,4600
"Himachal Pradesh",Kangra,"SMY Jaisinghpur",Potato,Potato,FAQ,28/07/2026,1200,2400,1800
Keralam,Kozhikode(Calicut),"Quilandy Market","Cluster beans",Other,FAQ,28/07/2026,4500,4800,4600
Keralam,Kozhikode(Calicut),"Quilandy Market",Cowpea(Veg),Other,FAQ,28/07/2026,5600,6000,5800
Keralam,Kozhikode(Calicut),"Quilandy Market",Cucumbar(Kheera),Other,FAQ,28/07/2026,3300,3400,3400
Keralam,Kozhikode(Calicut),"Quilandy Market","Green Chilli",Other,FAQ,28/07/2026,4300,4800,4500
"Tamil Nadu",Coimbatore,"Mettupalayam(Uzhavar Sandhai )",Potato,"Red Nanital",Local,28/07/2026,4000,6500,5250
"Tamil Nadu",Coimbatore,"Mettupalayam(Uzhavar Sandhai )",Chikoos(Sapota),Sapota,Local,28/07/2026,4500,5000,4750
"Tamil Nadu",Coimbatore,"Mettupalayam(Uzhavar Sandhai )",Tomato,Deshi,Local,28/07/2026,1500,2000,1750
"Tamil Nadu",Coimbatore,"Mettupalayam(Uzhavar Sandhai )",Amaranthus,Amaranthus,Local,28/07/2026,3500,4000,3750
"Tamil Nadu",Coimbatore,"Mettupalayam(Uzhavar Sandhai )","Chow Chow","Chow Chow",Local,28/07/2026,2500,3000,2750
"Tamil Nadu",Coimbatore,"Mettupalayam(Uzhavar Sandhai )","Tender Coconut","Tender Coconut",Local,28/07/2026,3500,4000,3750
"Tamil Nadu",Coimbatore,"Mettupalayam(Uzhavar Sandhai )",Mashrooms,Mashrooms,Local,28/07/2026,18000,20000,19000
"Tamil Nadu",Coimbatore,"Mettupalayam(Uzhavar Sandhai )","Baby Corn","Baby Corn","Grade A",28/07/2026,2500,3000,2750
"Tamil Nadu",Coimbatore,"Mettupalayam(Uzhavar Sandhai )","Sweet Corn ","Sweet Corn ",Local,28/07/2026,3500,4000,3750
"Tamil Nadu",Erode,"Sathiyamagalam(Uzhavar Sandhai )",Onion,Bellary,Local,28/07/2026,3400,3800,3600
"Tamil Nadu",Erode,"Sathiyamagalam(Uzhavar Sandhai )",Cauliflower,Ranchi,Local,28/07/2026,3000,3500,3250
"Tamil Nadu",Erode,"Sathiyamagalam(Uzhavar Sandhai )",Ashgourd,Gouard,Local,28/07/2026,1800,2200,2000
"Tamil Nadu",Erode,"Sathiyamagalam(Uzhavar Sandhai )","Bhindi(Ladies Finger)",Bhindi,Local,28/07/2026,3000,3600,3300
"Tamil Nadu",Erode,"Sathiyamagalam(Uzhavar Sandhai )","Green Chilli","Green Chilly",Local,28/07/2026,4400,4800,4600
"Tamil Nadu",Erode,"Sathiyamagalam(Uzhavar Sandhai )",Cowpea(Veg),"Cowpea (Veg)",Local,28/07/2026,2000,2500,2250
"Tamil Nadu",Erode,"Sathiyamagalam(Uzhavar Sandhai )",Coconut,Coconut,Local,28/07/2026,4400,4800,4600
"Tamil Nadu",Erode,"Sathiyamagalam(Uzhavar Sandhai )",Beetroot,Beetroot,Local,28/07/2026,8000,8500,8250
"Tamil Nadu",Erode,"Sathiyamagalam(Uzhavar Sandhai )",Mint(Pudina),Mint(Pudina),Local,28/07/2026,4500,5000,4750
"Tamil Nadu",Erode,"Sathiyamagalam(Uzhavar Sandhai )","Sweet Corn ","Sweet Corn ",Local,28/07/2026,2500,3000,2750
Odisha,Angul,"Pallahara APMC","Banana - Green",Other,FAQ,28/07/2026,1400,1600,1500
"Tamil Nadu",Namakkal,"Tiruchengode APMC",Mango,Other,Local,28/07/2026,6200,7000,6600
"Tamil Nadu",Namakkal,"Tiruchengode APMC",Potato,Other,Local,28/07/2026,2600,3000,2800
"Tamil Nadu",Namakkal,"Tiruchengode APMC","Mousambi(Sweet Lime)",Mousambi,Local,28/07/2026,3000,3500,3250
"Tamil Nadu",Namakkal,"Tiruchengode APMC",Cauliflower,Ranchi,Local,28/07/2026,2600,3000,2800
"Tamil Nadu",Namakkal,"Tiruchengode APMC",Brinjal,Other,Local,28/07/2026,5400,6000,5700
"Tamil Nadu",Namakkal,"Tiruchengode APMC","Cluster beans","Cluster Beans",Local,28/07/2026,4500,5000,4750
"Tamil Nadu",Namakkal,"Tiruchengode APMC",Pumpkin,Pumpkin,Local,28/07/2026,2400,2800,2600
"Tamil Nadu",Namakkal,"Tiruchengode APMC",Beans,"Beans (Whole)",Local,28/07/2026,8000,9000,8500
"Tamil Nadu",Namakkal,"Tiruchengode APMC",Tapioca,Tapioca,Local,28/07/2026,2600,3000,2800
"Tamil Nadu",Namakkal,"Tiruchengode APMC","Chow Chow","Chow Chow",Local,28/07/2026,2600,3000,2800
"Tamil Nadu",Namakkal,"Tiruchengode APMC","Tender Coconut","Tender Coconut",Local,28/07/2026,3500,4000,3750
"Tamil Nadu",Namakkal,"Tiruchengode APMC",Yam(Ratalu),"Yam (Ratalu)",Local,28/07/2026,6200,7000,6600
"Andhra Pradesh",Kakinada,"Sampara (Kakinada Rural) APMC",Paddy(Common),"Paddy Medium",FAQ,28/07/2026,2369,2380,2379
"Tamil Nadu",Ariyalur,"Jeyankondam (Uzhavar Sandhai )",Tomato,Deshi,Local,28/07/2026,2000,2400,2200
"Tamil Nadu",Ariyalur,"Jeyankondam (Uzhavar Sandhai )",Brinjal,Round,Local,28/07/2026,5000,5600,5300
"Tamil Nadu",Ariyalur,"Jeyankondam (Uzhavar Sandhai )","Bhindi(Ladies Finger)",Bhindi,Local,28/07/2026,3600,4000,3800
"Tamil Nadu",Ariyalur,"Jeyankondam (Uzhavar Sandhai )",Amaranthus,Amaranthus,Local,28/07/2026,2500,3000,2750
"Tamil Nadu",Ariyalur,"Jeyankondam (Uzhavar Sandhai )",Coconut,Coconut,Local,28/07/2026,5400,6000,5700
"Tamil Nadu",Ariyalur,"Jeyankondam (Uzhavar Sandhai )",Snakeguard,Snakeguard,Local,28/07/2026,3600,4000,3800
"Tamil Nadu",Ariyalur,"Jeyankondam (Uzhavar Sandhai )",Mango(Raw-Ripe),"Mango - Raw-Ripe",Local,28/07/2026,2800,3200,3000
"Tamil Nadu",Ariyalur,"Jeyankondam (Uzhavar Sandhai )","Onion Green","Onion Green",Local,28/07/2026,5600,6200,5900
"Tamil Nadu",Ariyalur,"Jeyankondam (Uzhavar Sandhai )",Mint(Pudina),Mint(Pudina),Local,28/07/2026,5000,5000,5000
"Tamil Nadu",Coimbatore,"RSPuram(Uzhavar Sandhai )","Water Melon","Water Melon",Local,28/07/2026,2200,2500,2350
"Tamil Nadu",Coimbatore,"RSPuram(Uzhavar Sandhai )","Mousambi(Sweet Lime)",Mousambi,Local,28/07/2026,8000,9000,8500
"Tamil Nadu",Coimbatore,"RSPuram(Uzhavar Sandhai )",Coriander(Leaves),"I Sort",Local,28/07/2026,5500,6000,5750
"Tamil Nadu",Coimbatore,"RSPuram(Uzhavar Sandhai )",Tomato,Local,Local,28/07/2026,1700,1900,1800
"Tamil Nadu",Coimbatore,"RSPuram(Uzhavar Sandhai )","Banana - Green","Banana - Green",Local,28/07/2026,3200,3800,3500
"Tamil Nadu",Coimbatore,"RSPuram(Uzhavar Sandhai )",Beans,"Beans (Whole)",Local,28/07/2026,8000,8800,8400
"Tamil Nadu",Coimbatore,"RSPuram(Uzhavar Sandhai )",Coconut,Coconut,Local,28/07/2026,5400,5700,5550
"Tamil Nadu",Coimbatore,"RSPuram(Uzhavar Sandhai )",Carrot,Pusakesar,Local,28/07/2026,8000,8600,8300
"Tamil Nadu",Coimbatore,"RSPuram(Uzhavar Sandhai )",Raddish,Raddish,Local,28/07/2026,3600,4200,3900
"Tamil Nadu",Coimbatore,"RSPuram(Uzhavar Sandhai )",Thondekai,Thondekai,Local,28/07/2026,4000,4600,4300
"Tamil Nadu",Coimbatore,"RSPuram(Uzhavar Sandhai )",Capsicum,Capsicum,Local,28/07/2026,6500,7000,6750
"Tamil Nadu",Coimbatore,"RSPuram(Uzhavar Sandhai )",Mango(Raw-Ripe),"Mango - Raw-Ripe",Local,28/07/2026,4000,4500,4250
"Tamil Nadu",Coimbatore,"RSPuram(Uzhavar Sandhai )",Pomegranate,Pomogranate,Local,28/07/2026,22000,23500,22750
"Tamil Nadu",Coimbatore,"RSPuram(Uzhavar Sandhai )","Elephant Yam(Suran)/Amorphophallus","Elephant Yam (Suran)",Local,28/07/2026,3800,4200,4000
"Tamil Nadu",Coimbatore,"Singanallur(Uzhavar Sandhai )",Cowpea(Veg),"Cowpea (Veg)",Local,28/07/2026,3500,4000,3750
"Tamil Nadu",Coimbatore,"Singanallur(Uzhavar Sandhai )",Beans,"Beans (Whole)",Local,28/07/2026,8000,9000,8500
"Tamil Nadu",Coimbatore,"Singanallur(Uzhavar Sandhai )","Betal Leaves",Mysore,Local,28/07/2026,18000,21000,19500
"Tamil Nadu",Coimbatore,"Singanallur(Uzhavar Sandhai )",Carrot,Pusakesar,Local,28/07/2026,8000,8500,8250
"Tamil Nadu",Coimbatore,"Singanallur(Uzhavar Sandhai )","Knool Khol","Knool Khol",Local,28/07/2026,5000,5500,5250
"Tamil Nadu",Coimbatore,"Singanallur(Uzhavar Sandhai )",Pomegranate,Pomogranate,Local,28/07/2026,15000,20000,17500
"Tamil Nadu",Coimbatore,"Singanallur(Uzhavar Sandhai )",Colacasia,Colacasia,Local,28/07/2026,4500,5000,4750
"Tamil Nadu",Coimbatore,"Singanallur(Uzhavar Sandhai )","Amla(Nelli Kai)",Amla,Local,28/07/2026,7500,8000,7750
"Tamil Nadu",Coimbatore,"Pollachi(Uzhavar Sandhai )",Chikoos(Sapota),Sapota,Local,28/07/2026,4000,4500,4250
"Tamil Nadu",Coimbatore,"Pollachi(Uzhavar Sandhai )",Tomato,Deshi,Local,28/07/2026,1500,1800,1650
"Tamil Nadu",Coimbatore,"Pollachi(Uzhavar Sandhai )",Pumpkin,Pumpkin,Local,28/07/2026,2000,2500,2250
"Tamil Nadu",Coimbatore,"Pollachi(Uzhavar Sandhai )",Cowpea(Veg),"Cowpea (Veg)",Local,28/07/2026,3500,4000,3750
"Tamil Nadu",Coimbatore,"Pollachi(Uzhavar Sandhai )",Coconut,Coconut,Local,28/07/2026,5500,6000,5750
"Tamil Nadu",Coimbatore,"Pollachi(Uzhavar Sandhai )",Ridgeguard(Tori),Ridgeguard(Tori),Local,28/07/2026,6000,6500,6250
"Tamil Nadu",Coimbatore,"Pollachi(Uzhavar Sandhai )",Thondekai,Thondekai,Local,28/07/2026,5000,5500,5250
"Tamil Nadu",Coimbatore,"Pollachi(Uzhavar Sandhai )",Yam(Ratalu),"Yam (Ratalu)",Local,28/07/2026,5000,6000,5500
"Tamil Nadu",Coimbatore,"Pollachi(Uzhavar Sandhai )",Mashrooms,Mashrooms,Local,28/07/2026,18000,20000,19000
Telangana,"Ranga Reddy","Vanasthalipuram,RBZ ",Tomato,Other,Local,28/07/2026,1700,1700,1700
Telangana,"Ranga Reddy","Vanasthalipuram,RBZ ","Cluster beans","Cluster Beans",Local,28/07/2026,3500,3500,3500
Telangana,"Ranga Reddy","Vanasthalipuram,RBZ ","Little gourd(Kundru)","Little gourd (Kundru)",Local,28/07/2026,3500,3500,3500
Telangana,"Ranga Reddy","Vanasthalipuram,RBZ ","Wild Cucumber","Wild Cucumber","Grade A",28/07/2026,1500,1500,1500
"Tamil Nadu",Karur,"Karur(Uzhavar Sandhai )",Amaranthus,Amaranthus,Local,28/07/2026,2000,2500,2250
"Tamil Nadu",Karur,"Karur(Uzhavar Sandhai )",Carrot,Pusakesar,Local,28/07/2026,9500,10000,9750
"Tamil Nadu",Karur,"Karur(Uzhavar Sandhai )",Cucumbar(Kheera),Cucumbar,Local,28/07/2026,7500,8000,7750
"Tamil Nadu",Karur,"Karur(Uzhavar Sandhai )",Ridgeguard(Tori),Ridgeguard(Tori),Local,28/07/2026,5500,6000,5750
"Tamil Nadu",Karur,"Karur(Uzhavar Sandhai )","Chow Chow","Chow Chow",Local,28/07/2026,3500,4000,3750
"Tamil Nadu",Karur,"Karur(Uzhavar Sandhai )",Drumstick,Drumstick,Local,28/07/2026,3000,3500,3250
"Tamil Nadu",Karur,"Karur(Uzhavar Sandhai )",Guava,"Guava Allahabad",Local,28/07/2026,6500,7000,6750
"Tamil Nadu",Karur,"Karur(Uzhavar Sandhai )",Lemon,Lemon,Local,28/07/2026,7500,8000,7750
"Tamil Nadu",Karur,"Karur(Uzhavar Sandhai )","Amla(Nelli Kai)",Amla,Local,28/07/2026,7500,8000,7750
Tripura,"South Tripura",Manubazar,"Bitter gourd","Bitter Gourd",FAQ,28/07/2026,6800,7000,6900
Tripura,"South Tripura",Manubazar,"Bottle gourd","Bottle Gourd",FAQ,28/07/2026,2500,2700,2600
Tripura,"South Tripura",Manubazar,"Green Chilli","Green Chilly",FAQ,28/07/2026,10000,12000,11000
Tripura,"South Tripura",Manubazar,Ridgeguard(Tori),Ridgeguard(Tori),"Grade A",28/07/2026,5800,6000,5900
Tripura,"South Tripura",Manubazar,"Banana - Green","Banana - Green",FAQ,28/07/2026,2300,2500,2400
Tripura,"South Tripura",Manubazar,Cowpea(Veg),"Cowpea (Veg)",FAQ,28/07/2026,3200,3400,3300
Tripura,"South Tripura",Manubazar,Tomato,Hybrid,"Grade A",28/07/2026,4800,5000,4900
"Tamil Nadu",Coimbatore,"Kurichi(Uzhavar Sandhai )","Cluster beans","Cluster Beans",Local,28/07/2026,3600,4000,3800
"Tamil Nadu",Coimbatore,"Kurichi(Uzhavar Sandhai )","Bottle gourd","Bottle Gourd",Local,28/07/2026,2500,3000,2750
"Tamil Nadu",Coimbatore,"Kurichi(Uzhavar Sandhai )","Bhindi(Ladies Finger)",Bhindi,Local,28/07/2026,5000,5500,5250
"Tamil Nadu",Coimbatore,"Kurichi(Uzhavar Sandhai )",Cucumbar(Kheera),Cucumbar,Local,28/07/2026,3500,4000,3750
"Tamil Nadu",Cuddalore,"Cuddalore(Uzhavar Sandhai )",Papaya,Papaya,Local,28/07/2026,4000,4000,4000
"Tamil Nadu",Cuddalore,"Cuddalore(Uzhavar Sandhai )","Bitter gourd","Bitter Gourd",Local,28/07/2026,7000,8000,7500
"Tamil Nadu",Cuddalore,"Cuddalore(Uzhavar Sandhai )","Banana - Green","Banana - Green",Local,28/07/2026,2000,3000,2500
"Tamil Nadu",Cuddalore,"Cuddalore(Uzhavar Sandhai )",Beans,"Beans (Whole)",Local,28/07/2026,8000,8000,8000
"Tamil Nadu",Cuddalore,"Cuddalore(Uzhavar Sandhai )",Coconut,Coconut,Local,28/07/2026,5000,6000,5500
"Tamil Nadu",Cuddalore,"Cuddalore(Uzhavar Sandhai )",Snakeguard,Snakeguard,Local,28/07/2026,4500,4500,4500
"Tamil Nadu",Cuddalore,"Cuddalore(Uzhavar Sandhai )",Mango(Raw-Ripe),"Mango - Raw-Ripe",Local,28/07/2026,3000,3000,3000
"Tamil Nadu",Cuddalore,"Cuddalore(Uzhavar Sandhai )",Guava,"Guava Allahabad",Local,28/07/2026,4000,5000,4500
"Tamil Nadu",Cuddalore,"Cuddalore(Uzhavar Sandhai )",Lemon,Lemon,Local,28/07/2026,5000,6000,5500
"Tamil Nadu",Chengalpattu,"Thirukalukundram(Uzhavar Sandhai )",Ashgourd,Gouard,Local,28/07/2026,2100,2500,2300
"Tamil Nadu",Chengalpattu,"Thirukalukundram(Uzhavar Sandhai )",Amaranthus,Amaranthus,Local,28/07/2026,2000,2200,2100
"Tamil Nadu",Chengalpattu,"Thirukalukundram(Uzhavar Sandhai )",Thondekai,Thondekai,Local,28/07/2026,4400,5000,4700
"Tamil Nadu",Chengalpattu,"Thirukalukundram(Uzhavar Sandhai )",Drumstick,Drumstick,Local,28/07/2026,5500,6000,5750
"Tamil Nadu",Chengalpattu,"Thirukalukundram(Uzhavar Sandhai )","Onion Green","Onion Green",Local,28/07/2026,5500,6500,6000
"Tamil Nadu",Tuticorin,"Tuticorin(Uzhavar Sandhai )",Potato,Other,Local,28/07/2026,3000,3500,3250
"Tamil Nadu",Tuticorin,"Tuticorin(Uzhavar Sandhai )",Brinjal,Round,Local,28/07/2026,4500,5000,4750
"Tamil Nadu",Tuticorin,"Tuticorin(Uzhavar Sandhai )",Cowpea(Veg),"Cowpea (Veg)",Local,28/07/2026,3500,4000,3750
"Tamil Nadu",Tuticorin,"Tuticorin(Uzhavar Sandhai )","Banana - Green","Banana - Green",Local,28/07/2026,2500,3000,2750
"Tamil Nadu",Tuticorin,"Tuticorin(Uzhavar Sandhai )",Raddish,Raddish,Local,28/07/2026,3500,4000,3750
"Tamil Nadu",Tuticorin,"Tuticorin(Uzhavar Sandhai )","Green Avare(W)",Other,Local,28/07/2026,9000,10000,9500
"Tamil Nadu",Tuticorin,"Tuticorin(Uzhavar Sandhai )","Jack Fruit(Ripe)","Jack Fruit",Local,28/07/2026,3500,4000,3750
"Tamil Nadu",Tuticorin,"Tuticorin(Uzhavar Sandhai )",Lemon,Lemon,Local,28/07/2026,7000,8000,7500
"Tamil Nadu",Tuticorin,"Tuticorin(Uzhavar Sandhai )",Colacasia,Colacasia,Local,28/07/2026,6500,7000,6750
"Tamil Nadu",Tuticorin,"Tuticorin(Uzhavar Sandhai )",Mashrooms,Mashrooms,Local,28/07/2026,24000,25000,24500
"Tamil Nadu",Tuticorin,"Tuticorin(Uzhavar Sandhai )","Onion Green","Onion Green",Local,28/07/2026,6500,7000,6750
"Tamil Nadu","Nagercoil (Kannyiakumari)","Vadaseri APMC",Onion,Bellary,Local,28/07/2026,4000,4500,4250
"Tamil Nadu","Nagercoil (Kannyiakumari)","Vadaseri APMC",Garlic,Garlic,Local,28/07/2026,20000,22000,21000
"Tamil Nadu","Nagercoil (Kannyiakumari)","Vadaseri APMC",Pumpkin,Pumpkin,Local,28/07/2026,1700,2000,1850
"Tamil Nadu","Nagercoil (Kannyiakumari)","Vadaseri APMC","Bhindi(Ladies Finger)",Bhindi,Local,28/07/2026,4000,4500,4250
"Tamil Nadu","Nagercoil (Kannyiakumari)","Vadaseri APMC",Amaranthus,Amaranthus,Local,28/07/2026,1500,2000,1750
"Tamil Nadu","Nagercoil (Kannyiakumari)","Vadaseri APMC",Beans,"Beans (Whole)",Local,28/07/2026,12000,14000,13000
"Tamil Nadu","Nagercoil (Kannyiakumari)","Vadaseri APMC","Sweet Potato","Hosur Red",Local,28/07/2026,3500,4000,3750
"Tamil Nadu","Nagercoil (Kannyiakumari)","Vadaseri APMC",Raddish,Raddish,Local,28/07/2026,4500,5000,4750
"Tamil Nadu","Nagercoil (Kannyiakumari)","Vadaseri APMC","Green Avare(W)","Green Avare (W)",Local,28/07/2026,4000,4500,4250
"Tamil Nadu","Nagercoil (Kannyiakumari)","Vadaseri APMC",Lime,Lime,Local,28/07/2026,5500,6000,5750
"Tamil Nadu","Nagercoil (Kannyiakumari)","Vadaseri APMC","Tamarind Fruit","Tamarind Fruit",Local,28/07/2026,13000,14000,13500
"Tamil Nadu","Nagercoil (Kannyiakumari)","Vadaseri APMC",Colacasia,Colacasia,Local,28/07/2026,8000,8500,8250
"Tamil Nadu",Pudukkottai,"Karambakkudi(Uzhavar Sandhai )",Banana,Poovan,Local,28/07/2026,7000,8000,7500
"Tamil Nadu",Pudukkottai,"Karambakkudi(Uzhavar Sandhai )","Cluster beans","Cluster Beans",Local,28/07/2026,4000,5000,4500
"Tamil Nadu",Pudukkottai,"Karambakkudi(Uzhavar Sandhai )",Snakeguard,Snakeguard,Local,28/07/2026,3500,4000,3750
"Tamil Nadu",Pudukkottai,"Karambakkudi(Uzhavar Sandhai )",Raddish,Raddish,Local,28/07/2026,4000,5000,4500
"Tamil Nadu",Pudukkottai,"Karambakkudi(Uzhavar Sandhai )","Green Avare(W)",Other,Local,28/07/2026,9000,10000,9500
"Tamil Nadu",Pudukkottai,"Karambakkudi(Uzhavar Sandhai )","Onion Green","Onion Green",Local,28/07/2026,6000,7000,6500
"Madhya Pradesh",Morena,"Kailaras APMC",Lemon,Lemon,Medium,28/07/2026,2000,2000,2000
"Tamil Nadu",Vellore,"Thirupathur APMC",Chikoos(Sapota),Sapota,Local,28/07/2026,4000,4000,4000
"Tamil Nadu",Vellore,"Thirupathur APMC",Tomato,Deshi,Local,28/07/2026,2000,2000,2000
"Tamil Nadu",Vellore,"Thirupathur APMC","Cluster beans","Cluster Beans",Local,28/07/2026,4000,4000,4000
"Tamil Nadu",Vellore,"Thirupathur APMC",Pumpkin,Pumpkin,Local,28/07/2026,2000,2000,2000
"Tamil Nadu",Vellore,"Thirupathur APMC","Banana - Green","Banana - Green",Local,28/07/2026,2500,2500,2500
"Tamil Nadu",Vellore,"Thirupathur APMC",Coconut,Coconut,Local,28/07/2026,5000,5000,5000
"Tamil Nadu",Vellore,"Thirupathur APMC","Green Avare(W)","Green Avare (W)",Local,28/07/2026,6000,6000,6000
"Tamil Nadu",Vellore,"Thirupathur APMC","Knool Khol","Knool Khol",Local,28/07/2026,5500,5500,5500
"Tamil Nadu",Vellore,"Thirupathur APMC","Indian Beans(Seam)","Indian Beans (Seam)",Local,28/07/2026,6000,6000,6000
"Tamil Nadu",Vellore,"Thirupathur APMC",Lemon,Lemon,Local,28/07/2026,5000,5000,5000
"Tamil Nadu",Vellore,"Thirupathur APMC","Amla(Nelli Kai)",Amla,Local,28/07/2026,8000,8000,8000
"Tamil Nadu",Vellore,"Thirupathur APMC",Mint(Pudina),Mint(Pudina),Local,28/07/2026,5000,5000,5000
"Tamil Nadu",Vellore,"Vellore APMC",Ashgourd,Gouard,Local,28/07/2026,2500,2500,2500
"Tamil Nadu",Vellore,"Vellore APMC","Bhindi(Ladies Finger)",Bhindi,Local,28/07/2026,3500,3500,3500
"Tamil Nadu",Vellore,"Vellore APMC","Green Chilli","Green Chilly",Local,28/07/2026,4500,4500,4500
"Tamil Nadu",Vellore,"Vellore APMC",Coconut,Coconut,Local,28/07/2026,3000,3000,3000
"Tamil Nadu",Vellore,"Vellore APMC",Cabbage,Cabbage,Local,28/07/2026,3500,3500,3500
"Tamil Nadu",Vellore,"Vellore APMC","Chow Chow","Chow Chow",Local,28/07/2026,3500,3500,3500
"Tamil Nadu",Vellore,"Vellore APMC",Colacasia,Colacasia,Local,28/07/2026,4000,4000,4000
Bihar,Supaul,"Supaul APMC",Cucumbar(Kheera),Cucumbar,"Grade A",28/07/2026,3100,3500,3200
"Tamil Nadu",Dharmapuri,"Harur(Uzhavar Sandhai )",Garlic,Garlic,Local,28/07/2026,19000,20000,19500
"Tamil Nadu",Dharmapuri,"Harur(Uzhavar Sandhai )",Brinjal,Other,Local,28/07/2026,3500,4000,3750
"Tamil Nadu",Dharmapuri,"Harur(Uzhavar Sandhai )","Bottle gourd","Bottle Gourd",Local,28/07/2026,1500,1800,1650
"Tamil Nadu",Dharmapuri,"Harur(Uzhavar Sandhai )","Green Avare(W)",Other,Local,28/07/2026,5000,6000,5500
"Tamil Nadu",Dharmapuri,"Harur(Uzhavar Sandhai )",Drumstick,Drumstick,Local,28/07/2026,5000,6000,5500
"Tamil Nadu",Dharmapuri,"Harur(Uzhavar Sandhai )","Knool Khol","Knool Khol",Local,28/07/2026,5000,6000,5500
"Tamil Nadu",Dharmapuri,"Harur(Uzhavar Sandhai )","Amla(Nelli Kai)",Amla,Local,28/07/2026,5000,6000,5500
"Tamil Nadu",Krishnagiri,"Kaveripattinam(Uzhavar Sandhai )","Bitter gourd","Bitter Gourd",Local,28/07/2026,6000,6000,6000
"Tamil Nadu",Krishnagiri,"Kaveripattinam(Uzhavar Sandhai )","Bhindi(Ladies Finger)",Bhindi,Local,28/07/2026,3000,3000,3000
"Tamil Nadu",Krishnagiri,"Kaveripattinam(Uzhavar Sandhai )","Green Chilli","Green Chilly",Local,28/07/2026,4000,4000,4000
"Tamil Nadu",Krishnagiri,"Kaveripattinam(Uzhavar Sandhai )","Green Avare(W)","Green Avare (W)",Local,28/07/2026,7000,7000,7000
"Tamil Nadu",Krishnagiri,"Kaveripattinam(Uzhavar Sandhai )","Onion Green","Onion Green",Local,28/07/2026,6000,7000,6500
"Tamil Nadu","The Nilgiris","Coonoor(Uzhavar Sandhai )",Cauliflower,Ranchi,Local,28/07/2026,4200,4600,4400
"Tamil Nadu","The Nilgiris","Coonoor(Uzhavar Sandhai )",Coriander(Leaves),"I Sort",Local,28/07/2026,6500,7000,6750
"Tamil Nadu","The Nilgiris","Coonoor(Uzhavar Sandhai )","Banana - Green","Banana - Green",Local,28/07/2026,4500,5000,4750
"Tamil Nadu","The Nilgiris","Gudalur(Uzhavar Sandhai )",Banana,Besrai,Local,28/07/2026,3500,4000,3750
"Tamil Nadu","The Nilgiris","Gudalur(Uzhavar Sandhai )",Brinjal,Other,Local,28/07/2026,4500,4800,4650
"Tamil Nadu","The Nilgiris","Gudalur(Uzhavar Sandhai )",Tapioca,Tapioca,Local,28/07/2026,3500,4000,3750
"Tamil Nadu","The Nilgiris","Gudalur(Uzhavar Sandhai )",Ginger(Green),"Green Ginger",Local,28/07/2026,15000,19000,17000
"Tamil Nadu","The Nilgiris","Gudalur(Uzhavar Sandhai )",Beetroot,Beetroot,Local,28/07/2026,5500,6000,5750
"Tamil Nadu","The Nilgiris","Gudalur(Uzhavar Sandhai )",Lemon,Lemon,Local,28/07/2026,7000,8000,7500
"Tamil Nadu","The Nilgiris","Gudalur(Uzhavar Sandhai )",Mint(Pudina),Mint(Pudina),Local,28/07/2026,4500,5000,4750
"Himachal Pradesh",Kangra,"SMY Palampur",Colacasia,Colacasia,FAQ,28/07/2026,2800,3000,2900
"Himachal Pradesh",Kangra,"SMY Palampur",Cabbage,Cabbage,FAQ,28/07/2026,3000,3500,3200
Haryana,Karnal,"Tarori APMC",Mango,Other,"Grade A",28/07/2026,3000,4000,3500
Punjab,Tarntaran,"Patti APMC",Banana,Other,"Grade B",28/07/2026,22.3,22.3,22.3
Punjab,Tarntaran,"Patti APMC","Green Chilli",Other,Local,28/07/2026,1,1,1
Punjab,Tarntaran,"Patti APMC",Garlic,Other,Local,28/07/2026,120,120,120
Uttarakhand,Dehradoon,"Vikasnagar APMC",Raddish,Other,Medium,28/07/2026,500,800,800
Uttarakhand,Dehradoon,"Vikasnagar APMC","Sponge gourd",Other,Medium,28/07/2026,700,1000,1000
Punjab,Mohali,"Lalru APMC","Bhindi(Ladies Finger)",Other,Local,28/07/2026,2600,2600,2600
Haryana,Sonipat,"Gohana APMC",Brinjal,Other,Medium,28/07/2026,1500,3000,2000
Haryana,Sonipat,"Gohana APMC",Cauliflower,Other,Medium,28/07/2026,4000,8000,6000
Haryana,Sonipat,"Gohana APMC",Apple,Apple,Medium,28/07/2026,10000,15000,12000
Odisha,Jagatsinghpur,"Jagatsinghpur APMC",Potato,Potato,FAQ,28/07/2026,1300,1500,1400
"Uttar Pradesh",Mau(Maunathbhanjan),"Kopaganj APMC",Cauliflower,Cauliflower,FAQ,28/07/2026,2260,2290,2280
"Uttar Pradesh",Mau(Maunathbhanjan),"Kopaganj APMC",Banana,Medium,"Grade B",28/07/2026,3780,3950,3790
"Uttar Pradesh",Mau(Maunathbhanjan),"Kopaganj APMC",Mango,Dusheri,"Grade B",28/07/2026,3325,3390,3350
"Uttar Pradesh",Mau(Maunathbhanjan),"Kopaganj APMC","Bitter gourd","Bitter Gourd",FAQ,28/07/2026,1990,2000,1999
Haryana,Hissar,"Hansi APMC",Plum,Other,"Grade B",28/07/2026,8000,10000,9000
Haryana,Hissar,"Hansi APMC",Ginger(Dry),Other,FAQ,28/07/2026,12000,15000,13500
Haryana,Hissar,"Hansi APMC",Pomegranate,Other,"Grade B",28/07/2026,8000,16000,12000
Haryana,Hissar,"Hansi APMC",Beetroot,Other,FAQ,28/07/2026,2000,2500,2250
Haryana,Hissar,"Hansi APMC",Cabbage,Other,FAQ,28/07/2026,1500,2500,2000
Haryana,Hissar,"Hansi APMC",Guar,Other,FAQ,28/07/2026,4000,6000,5000
Haryana,Hissar,"Hansi APMC",Lemon,Other,FAQ,28/07/2026,5000,6000,5500
Haryana,Hissar,"Hansi APMC",Potato,Other,FAQ,28/07/2026,1000,4000,1000
Punjab,Amritsar,"Rayya APMC","Bhindi(Ladies Finger)",Bhindi,FAQ,28/07/2026,705,705,705
Punjab,Amritsar,"Rayya APMC",Onion,Other,FAQ,28/07/2026,1535,1535,1535
Punjab,Amritsar,"Rayya APMC",Tomato,Other,FAQ,28/07/2026,720,720,720
Gujarat,Amreli,"Bagasara APMC",Soyabean,Yellow,Local,28/07/2026,5250,6830,6040
"Andhra Pradesh",Prakasam,"Maddipadu APMC",Paddy(Common),"B P T",FAQ,28/07/2026,2500,2500,2500
Keralam,Kozhikode(Calicut),"Mukkom Market",Ginger(Green),"Green Ginger",FAQ,28/07/2026,19500,20500,20000
Keralam,Kozhikode(Calicut),"Mukkom Market",Amaranthus,Amaranthus,FAQ,28/07/2026,3000,3300,3100
Keralam,Kozhikode(Calicut),"Mukkom Market",Brinjal,Brinjal,FAQ,28/07/2026,4000,4500,4200
Haryana,Sonipat,"Ganaur APMC",Cabbage,Cabbage,Medium,28/07/2026,2000,3000,2200
Haryana,Sonipat,"Ganaur APMC","Water Melon","Water Melon",Medium,28/07/2026,2500,3000,2800
Haryana,Sonipat,"Ganaur APMC","Bhindi(Ladies Finger)",Bhindi,Medium,28/07/2026,3000,4000,3500
Haryana,Sonipat,"Ganaur APMC",Coriander(Leaves),Coriander,Medium,28/07/2026,5000,6000,5500
Haryana,Sonipat,"Ganaur APMC",Tinda,Tinda,Medium,28/07/2026,4000,5000,4500
Haryana,Sonipat,"Ganaur APMC","Green Chilli","Green Chilly",Medium,28/07/2026,4000,5000,4500
Haryana,Kurukshetra,"Shahabad APMC",Pear(Marasebu),Other,Medium,28/07/2026,4400,7000,5000
Haryana,Kurukshetra,"Shahabad APMC",Apple,Apple,Medium,28/07/2026,7000,10000,7500
Haryana,Kurukshetra,"Shahabad APMC","Bottle gourd","Bottle Gourd",Medium,28/07/2026,1500,2000,1800
Haryana,Kurukshetra,"Shahabad APMC",Plum,Other,Medium,28/07/2026,5000,6000,5500
Rajasthan,Jalore,"Jalore APMC","Bottle gourd","Bottle Gourd",Local,28/07/2026,1200,1500,1300
Rajasthan,Jalore,"Jalore APMC",Brinjal,Brinjal,Local,28/07/2026,800,1000,900
Keralam,Kottayam,"Athirampuzha Market",Ashgourd,Ashgourd,FAQ,28/07/2026,1600,1800,1700
Keralam,Alappuzha,"Harippad Market",Amaranthus,Other,FAQ,28/07/2026,5000,5500,5000
Keralam,Alappuzha,"Harippad Market","Bottle gourd",Other,FAQ,28/07/2026,2000,2500,2000
Keralam,Ernakulam,"Perumbavoor Market",Beetroot,Beetroot,Medium,28/07/2026,4200,5000,4600
Keralam,Ernakulam,"Perumbavoor Market",Carrot,Carrot,Medium,28/07/2026,5400,6200,5800
Keralam,Ernakulam,"Perumbavoor Market",Ginger(Green),"Green Ginger",Medium,28/07/2026,9000,10000,9500
Keralam,Ernakulam,"Perumbavoor Market",Drumstick,Drumstick,Large,28/07/2026,3900,4800,4400
Keralam,Ernakulam,"Perumbavoor Market","Indian Beans(Seam)","Indian Beans (Seam)",Medium,28/07/2026,5500,6500,6000
Keralam,Ernakulam,"Perumbavoor Market",Lemon,Lemon,Medium,28/07/2026,4500,5500,5000
Keralam,Ernakulam,"Perumbavoor Market",Mango(Raw-Ripe),"Mango - Raw-Ripe",Medium,28/07/2026,4200,5000,4600
Keralam,Ernakulam,"Perumbavoor Market",Banana,Palayamthodan,Medium,28/07/2026,2800,3500,3200
Keralam,Ernakulam,"Perumbavoor Market",Banana,Poovan,Medium,28/07/2026,5200,5900,5600
Keralam,Ernakulam,"Perumbavoor Market",Pineapple,"Pine Apple",Medium,28/07/2026,4600,5500,5000
"Andhra Pradesh",Bapatla,"Parchur APMC",Maize,Local,FAQ,28/07/2026,2000,2200,2000
"Andhra Pradesh","East Godavari","Anaparthy APMC",Paddy(Common),Paddy,FAQ,28/07/2026,2369,2450,2369
"Madhya Pradesh",Balaghat,"Balaghat APMC",Wheat,Wheat,FAQ,28/07/2026,2100,2200,2200
"Tamil Nadu",Thanjavur,"Tirukattupalli(Uzhavar Sandhai )",Potato,"Red Nanital",Local,28/07/2026,2800,2800,2800
"Tamil Nadu",Thanjavur,"Tirukattupalli(Uzhavar Sandhai )",Brinjal,Round,Local,28/07/2026,4000,4000,4000
"Tamil Nadu",Thanjavur,"Tirukattupalli(Uzhavar Sandhai )","Green Chilli","Green Chilly",Local,28/07/2026,6000,6000,6000
"Tamil Nadu",Thanjavur,"Tirukattupalli(Uzhavar Sandhai )","Banana - Green","Banana - Green",Local,28/07/2026,4000,4000,4000
"Tamil Nadu",Thanjavur,"Tirukattupalli(Uzhavar Sandhai )",Raddish,Raddish,Local,28/07/2026,3600,3900,3750
"Tamil Nadu",Thiruchirappalli,"Thuraiyur APMC",Potato,"Red Nanital",Local,28/07/2026,3000,3000,3000
"Tamil Nadu",Thiruchirappalli,"Thuraiyur APMC","Bitter gourd","Bitter Gourd",Local,28/07/2026,6500,6500,6500
"Tamil Nadu",Thiruchirappalli,"Thuraiyur APMC",Mango(Raw-Ripe),"Mango - Raw-Ripe",Local,28/07/2026,3500,4500,4000
"Tamil Nadu",Thiruchirappalli,"Thuraiyur APMC",Lime,Lime,Local,28/07/2026,4000,4000,4000
"Tamil Nadu",Thiruchirappalli,"Thuraiyur APMC","Tender Coconut","Tender Coconut",Local,28/07/2026,4000,5000,4500
"Tamil Nadu",Thiruchirappalli,"Thuraiyur APMC",Lemon,Lemon,Local,28/07/2026,6000,7000,6500
"Tamil Nadu",Thiruchirappalli,"Thuraiyur APMC","Onion Green","Onion Green",Local,28/07/2026,6000,7000,6500
"Tamil Nadu",Villupuram,"Tindivanam APMC",Potato,"Red Nanital",Local,28/07/2026,3600,3600,3600
"Tamil Nadu",Villupuram,"Tindivanam APMC","Green Chilli","Green Chilly",Local,28/07/2026,5000,5000,5000
"Tamil Nadu",Villupuram,"Tindivanam APMC",Coconut,Coconut,Local,28/07/2026,5500,5500,5500
"Tamil Nadu",Villupuram,"Tindivanam APMC","Sweet Potato","Hosur Red",Local,28/07/2026,4500,4500,4500
"Tamil Nadu",Villupuram,"Tindivanam APMC",Ridgeguard(Tori),Ridgeguard(Tori),Local,28/07/2026,5800,5800,5800
"Tamil Nadu",Villupuram,"Tindivanam APMC",Capsicum,Capsicum,Local,28/07/2026,8500,8500,8500
"Tamil Nadu",Villupuram,"Tindivanam APMC",Mango(Raw-Ripe),"Mango - Raw-Ripe",Local,28/07/2026,2500,2500,2500
"Tamil Nadu",Villupuram,"Tindivanam APMC","Knool Khol","Knool Khol",Local,28/07/2026,7000,7000,7000
"Tamil Nadu",Villupuram,"Tindivanam APMC",Guava,"Guava Allahabad",Local,28/07/2026,4000,4000,4000
"Tamil Nadu",Villupuram,"Tindivanam APMC",Lemon,Lemon,Local,28/07/2026,7000,7000,7000
"Tamil Nadu",Villupuram,"Tindivanam APMC","Sweet Corn ","Sweet Corn ",Local,28/07/2026,3800,3800,3800
"Tamil Nadu",Villupuram,"Ulundurpettai APMC",Banana,Besrai,Local,28/07/2026,3000,4000,3500
"Tamil Nadu",Villupuram,"Ulundurpettai APMC",Onion,Bellary,Local,28/07/2026,4000,4000,4000
"Tamil Nadu",Villupuram,"Ulundurpettai APMC",Ginger(Green),"Green Ginger",Local,28/07/2026,13000,13000,13000
"Tamil Nadu",Villupuram,"Ulundurpettai APMC",Raddish,Raddish,Local,28/07/2026,4000,4000,4000
"Tamil Nadu",Villupuram,"Ulundurpettai APMC",Mango(Raw-Ripe),"Mango - Raw-Ripe",Local,28/07/2026,2000,2000,2000
"Tamil Nadu",Villupuram,"Ulundurpettai APMC","Amla(Nelli Kai)",Amla,Local,28/07/2026,8000,8000,8000
Maharashtra,Ahilyanagar,"Rahuri APMC",Tomato,Other,Local,28/07/2026,500,1500,1000
Maharashtra,Pune,"Pune(Moshi) APMC",Beetroot,Other,Local,28/07/2026,1000,2000,1500
Maharashtra,Pune,"Pune(Moshi) APMC","Bhindi(Ladies Finger)",Other,Local,28/07/2026,2500,3000,2750
Maharashtra,Pune,"Pune(Moshi) APMC",Mango(Raw-Ripe),Other,Local,28/07/2026,2000,4000,3000
Maharashtra,Pune,"Pune(Moshi) APMC",Methi(Leaves),Other,Local,28/07/2026,15,20,18
Maharashtra,Pune,"Pune(Moshi) APMC",Brinjal,Other,Local,28/07/2026,1000,2000,1500
Maharashtra,Pune,"Pune(Moshi) APMC","Green Chilli",Other,Local,28/07/2026,3000,4000,3500
Maharashtra,Pune,"Pune(Moshi) APMC",Pineapple,Other,Local,28/07/2026,5000,5000,5000
Maharashtra,Pune,"Pune(Moshi) APMC",Orange,Other,Local,28/07/2026,7000,10000,8500
Maharashtra,Ratnagiri,"Ratnagiri (Nachane) APMC",Cabbage,Other,Local,28/07/2026,2500,2700,2600
Maharashtra,Ratnagiri,"Ratnagiri (Nachane) APMC",Carrot,Other,Local,28/07/2026,3500,4000,3600
Gujarat,Surat,"Songadh(Umrada) APMC",Guar,Guaar,FAQ,28/07/2026,7000,7000,7000
Gujarat,Surat,"Songadh(Umrada) APMC","Bhindi(Ladies Finger)",Bhindi,FAQ,28/07/2026,1500,4000,3000
Gujarat,Jamnagar,"Kalawad APMC","Green Gram(Moong)(Whole)",Other,Local,28/07/2026,7925,8075,8000
Gujarat,Amreli,"Babra APMC","Cummin Seed(Jeera)",Other,FAQ,28/07/2026,15100,19000,17050
Gujarat,Amreli,"Damnagar APMC",Coriander(Leaves),Coriander,Local,28/07/2026,8500,8500,8500
Gujarat,Amreli,"Damnagar APMC",Brinjal,Other,Local,28/07/2026,1500,1500,1500
Gujarat,Amreli,"Damnagar APMC",Ginger(Green),"Green Ginger",Local,28/07/2026,9500,9500,9500
"Tamil Nadu",Madurai,"Chokkikulam(Uzhavar Sandhai )",Banana,Besrai,Local,28/07/2026,4000,5000,4500
"Tamil Nadu",Madurai,"Chokkikulam(Uzhavar Sandhai )","Mousambi(Sweet Lime)",Mousambi,Local,28/07/2026,9000,10000,9500
"Tamil Nadu",Madurai,"Chokkikulam(Uzhavar Sandhai )",Pineapple,"Pine Apple",Local,28/07/2026,6000,7000,6500
"Tamil Nadu",Madurai,"Chokkikulam(Uzhavar Sandhai )",Potato,"Red Nanital",Local,28/07/2026,2800,6000,4400
"Tamil Nadu",Madurai,"Chokkikulam(Uzhavar Sandhai )",Cauliflower,Ranchi,Local,28/07/2026,2500,2800,2650
"Tamil Nadu",Madurai,"Chokkikulam(Uzhavar Sandhai )","Cluster beans","Cluster Beans",Local,28/07/2026,3000,3600,3300
"Tamil Nadu",Madurai,"Chokkikulam(Uzhavar Sandhai )","Bitter gourd","Bitter Gourd",Local,28/07/2026,6000,7000,6500
"Tamil Nadu",Madurai,"Chokkikulam(Uzhavar Sandhai )",Beans,"Beans (Whole)",Local,28/07/2026,8000,10000,9000
"Tamil Nadu",Madurai,"Chokkikulam(Uzhavar Sandhai )",Thondekai,Thondekai,Local,28/07/2026,4500,6000,5250
"Tamil Nadu",Madurai,"Chokkikulam(Uzhavar Sandhai )","Green Avare(W)","Green Avare (W)",Local,28/07/2026,7000,9500,8250
"Andhra Pradesh","West Godavari","Attili APMC",Paddy(Common),Paddy,Local,28/07/2026,2369,2389,2369
Gujarat,Amreli,"The Agricultural Produce Market Committee-Amreli",Soyabean,Soyabeen,FAQ,28/07/2026,6250,6850,6675
Gujarat,Surat,"Surat APMC","Cluster beans",Other,FAQ,28/07/2026,3000,7000,5000
Gujarat,Surat,"Surat APMC",Lemon,Other,FAQ,28/07/2026,1500,5000,3250
Gujarat,Surat,"Surat APMC",Mango(Raw-Ripe),Other,FAQ,28/07/2026,1500,4500,3000
Gujarat,Surat,"Surat APMC",Potato,Other,FAQ,28/07/2026,500,1700,1100
Gujarat,Surat,"Surat APMC","Spiny Gourd / Kartali(Kantola)
",Other,FAQ,28/07/2026,6000,19000,12500
Telangana,Warangal,"Warangal APMC","Bitter gourd","Bitter Gourd",FAQ,28/07/2026,2000,2500,2250
Telangana,Warangal,"Warangal APMC",Brinjal,Brinjal,FAQ,28/07/2026,1000,1500,1250
Telangana,Warangal,"Warangal APMC","Cluster beans","Cluster Beans",FAQ,28/07/2026,2500,3000,2750
Telangana,Warangal,"Warangal APMC",Carrot,Carrot,FAQ,28/07/2026,3500,4000,3750
Telangana,Warangal,"Warangal APMC",Cucumbar(Kheera),Cucumbar,FAQ,28/07/2026,2500,3000,2750
"Andhra Pradesh",Prakasam,"Kondapi APMC","Bengal Gram(Gram)(Whole)","Average (Whole)",Local,28/07/2026,4600,5000,4800
"Andhra Pradesh",Tirupathi,"Srikalahasti APMC",Paddy(Common),"Paddy Medium",Local,28/07/2026,2200,2500,2350
Keralam,Kozhikode(Calicut),"Vengeri(Kozhikode) Market","Bhindi(Ladies Finger)",Bhindi,FAQ,28/07/2026,3000,3300,3300
Keralam,Kozhikode(Calicut),"Vengeri(Kozhikode) Market",Ashgourd,Ashgourd,FAQ,28/07/2026,1400,1700,1700
Keralam,Thiruvananthapuram,"Chala Market",Apple,Other,Small,28/07/2026,18000,19000,18000
Keralam,Thiruvananthapuram,"Chala Market",Banana,Robusta,Medium,28/07/2026,3100,3200,3200
Uttarakhand,Haridwar,"Roorkee APMC","Bottle gourd",Other,Local,28/07/2026,650,850,750
Uttarakhand,Haridwar,"Roorkee APMC",Brinjal,Other,Local,28/07/2026,650,850,750
Uttarakhand,Haridwar,"Roorkee APMC",Potato,Other,Medium,28/07/2026,800,1200,1000
Keralam,Kannur,"Payyannur Market",Arecanut(Betelnut/Supari),Other,Local,28/07/2026,39000,41000,40000
Keralam,Kannur,"Payyannur Market","Black pepper",Other,Local,28/07/2026,64000,66000,65000
"Tamil Nadu",Cuddalore,"Viruthachalam(Uzhavar Sandhai )",Brinjal,Round,Local,28/07/2026,5000,6000,5500
"Tamil Nadu",Cuddalore,"Viruthachalam(Uzhavar Sandhai )",Coriander(Leaves),"I Sort",Local,28/07/2026,7000,7000,7000
"Tamil Nadu",Cuddalore,"Viruthachalam(Uzhavar Sandhai )",Tomato,Deshi,Local,28/07/2026,2000,2000,2000
"Tamil Nadu",Cuddalore,"Viruthachalam(Uzhavar Sandhai )",Ashgourd,Gouard,Local,28/07/2026,4000,4000,4000
"Tamil Nadu",Cuddalore,"Viruthachalam(Uzhavar Sandhai )",Amaranthus,Amaranthus,Local,28/07/2026,2000,2500,2250
"Tamil Nadu",Cuddalore,"Viruthachalam(Uzhavar Sandhai )",Ginger(Green),"Green Ginger",Local,28/07/2026,10000,20000,15000
"Tamil Nadu",Cuddalore,"Viruthachalam(Uzhavar Sandhai )",Cabbage,Cabbage,Local,28/07/2026,4000,4000,4000
"Tamil Nadu",Cuddalore,"Viruthachalam(Uzhavar Sandhai )",Beetroot,Beetroot,Local,28/07/2026,4000,4000,4000
"Tamil Nadu",Cuddalore,"Viruthachalam(Uzhavar Sandhai )",Mint(Pudina),Mint(Pudina),Local,28/07/2026,6000,6000,6000
"Tamil Nadu",Dharmapuri,"Dharmapuri(Uzhavar Sandhai )",Potato,"Red Nanital",Local,28/07/2026,2800,3000,2900
"Tamil Nadu",Dharmapuri,"Dharmapuri(Uzhavar Sandhai )",Cauliflower,Ranchi,Local,28/07/2026,3200,3500,3350
"Tamil Nadu",Dharmapuri,"Dharmapuri(Uzhavar Sandhai )",Coriander(Leaves),"I Sort",Local,28/07/2026,9600,10000,9800
"Tamil Nadu",Dharmapuri,"Dharmapuri(Uzhavar Sandhai )","Cluster beans","Cluster Beans",Local,28/07/2026,3400,3600,3500
"Tamil Nadu",Dharmapuri,"Dharmapuri(Uzhavar Sandhai )","Bottle gourd","Bottle Gourd",Local,28/07/2026,1300,1500,1400
"Tamil Nadu",Dharmapuri,"Dharmapuri(Uzhavar Sandhai )",Tapioca,Tapioca,Local,28/07/2026,2200,2500,2350
"Tamil Nadu",Dharmapuri,"Dharmapuri(Uzhavar Sandhai )",Cabbage,Cabbage,Local,28/07/2026,4200,4400,4300
"Tamil Nadu",Dharmapuri,"Dharmapuri(Uzhavar Sandhai )",Cucumbar(Kheera),Cucumbar,Local,28/07/2026,4200,4500,4350
"Tamil Nadu",Dharmapuri,"Dharmapuri(Uzhavar Sandhai )",Mango(Raw-Ripe),"Mango - Raw-Ripe",Local,28/07/2026,2800,3000,2900
"Tamil Nadu",Dharmapuri,"Dharmapuri(Uzhavar Sandhai )",Mashrooms,Mashrooms,Local,28/07/2026,13600,14000,13800
"Tamil Nadu",Dharmapuri,"Dharmapuri(Uzhavar Sandhai )","Sweet Corn ","Sweet Corn ",Local,28/07/2026,2200,2500,2350
"Tamil Nadu",Dharmapuri,"Palacode(Uzhavar Sandhai )",Cauliflower,Ranchi,Local,28/07/2026,3000,3500,3250
"Tamil Nadu",Dharmapuri,"Palacode(Uzhavar Sandhai )",Brinjal,Other,Local,28/07/2026,3000,3400,3200
"Tamil Nadu",Dharmapuri,"Palacode(Uzhavar Sandhai )",Amaranthus,Amaranthus,Local,28/07/2026,2000,2500,2250
"Tamil Nadu",Dharmapuri,"Palacode(Uzhavar Sandhai )",Coconut,Coconut,Local,28/07/2026,6000,6500,6250
"Tamil Nadu",Dharmapuri,"Palacode(Uzhavar Sandhai )","Knool Khol","Knool Khol",Local,28/07/2026,5800,6000,5900
"Tamil Nadu",Dharmapuri,"Palacode(Uzhavar Sandhai )","Elephant Yam(Suran)/Amorphophallus","Elephant Yam (Suran)",Local,28/07/2026,4200,4600,4400
"Tamil Nadu",Erode,"Periyar Nagar(Uzhavar Sandhai )","Cluster beans","Cluster Beans",Local,28/07/2026,3000,3500,3250
"Tamil Nadu",Erode,"Periyar Nagar(Uzhavar Sandhai )",Ridgeguard(Tori),Ridgeguard(Tori),Local,28/07/2026,3600,4000,3800
"Tamil Nadu",Erode,"Periyar Nagar(Uzhavar Sandhai )",Drumstick,Drumstick,Local,28/07/2026,4600,5000,4800
"Tamil Nadu",Erode,"Periyar Nagar(Uzhavar Sandhai )",Mint(Pudina),Mint(Pudina),Local,28/07/2026,4500,5000,4750
"Tamil Nadu",Erode,"Perundurai(Uzhavar Sandhai )","Cluster beans","Cluster Beans",Local,28/07/2026,3200,3600,3400
"Tamil Nadu",Erode,"Perundurai(Uzhavar Sandhai )",Amaranthus,Amaranthus,Local,28/07/2026,4000,4500,4250
"Tamil Nadu",Erode,"Perundurai(Uzhavar Sandhai )","Banana - Green","Banana - Green",Local,28/07/2026,2500,2800,2650
"Tamil Nadu",Erode,"Perundurai(Uzhavar Sandhai )",Cabbage,Cabbage,Local,28/07/2026,3500,3800,3650
"Tamil Nadu",Erode,"Perundurai(Uzhavar Sandhai )",Raddish,Raddish,Local,28/07/2026,2600,3000,2800
"Tamil Nadu",Erode,"Perundurai(Uzhavar Sandhai )",Lemon,Lemon,Local,28/07/2026,5500,6000,5750
"Tamil Nadu",Erode,"Perundurai(Uzhavar Sandhai )","Onion Green","Onion Green",Local,28/07/2026,4000,4400,4200
"Tamil Nadu",Erode,"Thalavadi(Uzhavar Sandhai )",Cauliflower,Ranchi,Local,28/07/2026,2800,3200,3000
"Tamil Nadu",Erode,"Thalavadi(Uzhavar Sandhai )",Ashgourd,Gouard,Local,28/07/2026,1000,1300,1150
"Tamil Nadu",Erode,"Thalavadi(Uzhavar Sandhai )","Banana - Green","Banana - Green",Local,28/07/2026,3000,3500,3250
"Tamil Nadu",Erode,"Thalavadi(Uzhavar Sandhai )",Ginger(Green),"Green Ginger",Local,28/07/2026,13000,14000,13500
"Tamil Nadu",Erode,"Thalavadi(Uzhavar Sandhai )",Snakeguard,Snakeguard,Local,28/07/2026,2800,3200,3000
"Tamil Nadu",Kallakuruchi,"Sankarapuram(Uzhavar Sandhai )",Tomato,Deshi,Local,28/07/2026,2500,2500,2500
"Tamil Nadu",Kallakuruchi,"Sankarapuram(Uzhavar Sandhai )","Bhindi(Ladies Finger)",Bhindi,Local,28/07/2026,4000,4000,4000
"Tamil Nadu",Kallakuruchi,"Sankarapuram(Uzhavar Sandhai )",Yam(Ratalu),"Yam (Ratalu)",Local,28/07/2026,3000,3000,3000
"Tamil Nadu",Kancheepuram,"Kundrathur(Uzhavar Sandhai )",Apple,American,Local,28/07/2026,16000,18000,17000
"Tamil Nadu",Kancheepuram,"Kundrathur(Uzhavar Sandhai )",Onion,Bellary,Local,28/07/2026,3000,3500,3250
"Tamil Nadu",Kancheepuram,"Kundrathur(Uzhavar Sandhai )",Potato,Other,Local,28/07/2026,2500,2500,2500
"Tamil Nadu",Kancheepuram,"Kundrathur(Uzhavar Sandhai )",Brinjal,Other,Local,28/07/2026,3500,4000,3750
"Tamil Nadu",Kancheepuram,"Kundrathur(Uzhavar Sandhai )","Bottle gourd","Bottle Gourd",Local,28/07/2026,3000,3000,3000
"Tamil Nadu",Kancheepuram,"Kundrathur(Uzhavar Sandhai )",Pumpkin,Pumpkin,Local,28/07/2026,2000,2000,2000
"Tamil Nadu",Kancheepuram,"Kundrathur(Uzhavar Sandhai )",Yam(Ratalu),"Yam (Ratalu)",Local,28/07/2026,4000,4000,4000
"Tamil Nadu",Kancheepuram,"Sunguvarchatram(Uzhavar Sandhai )",Potato,Other,Local,28/07/2026,2500,2500,2500
"Tamil Nadu",Kancheepuram,"Sunguvarchatram(Uzhavar Sandhai )",Cauliflower,Ranchi,Local,28/07/2026,3000,3500,3250
"Tamil Nadu",Kancheepuram,"Sunguvarchatram(Uzhavar Sandhai )","Banana - Green","Banana - Green",Local,28/07/2026,3000,3000,3000
"Tamil Nadu",Kancheepuram,"Sunguvarchatram(Uzhavar Sandhai )","Chow Chow","Chow Chow",Local,28/07/2026,3000,3500,3250
"Tamil Nadu",Kancheepuram,"Sunguvarchatram(Uzhavar Sandhai )",Yam(Ratalu),"Yam (Ratalu)",Local,28/07/2026,4000,4000,4000
"Tamil Nadu",Kancheepuram,"Sunguvarchatram(Uzhavar Sandhai )","Onion Green","Onion Green",Local,28/07/2026,5000,5000,5000
"Tamil Nadu",Krishnagiri,"Avallapalli(Uzhavar Sandhai )",Papaya,Papaya,Local,28/07/2026,3500,4000,3750
"Tamil Nadu",Krishnagiri,"Avallapalli(Uzhavar Sandhai )",Garlic,Garlic,Local,28/07/2026,22000,24000,23000
"Tamil Nadu",Krishnagiri,"Avallapalli(Uzhavar Sandhai )","Green Peas","Green Peas",Local,28/07/2026,12000,14000,13000
"Tamil Nadu",Krishnagiri,"Avallapalli(Uzhavar Sandhai )","Bottle gourd","Bottle Gourd",Local,28/07/2026,2500,3000,2750
"Tamil Nadu",Krishnagiri,"Avallapalli(Uzhavar Sandhai )","Green Chilli","Green Chilly",Local,28/07/2026,5500,6000,5750
"Tamil Nadu",Krishnagiri,"Avallapalli(Uzhavar Sandhai )",Carrot,Pusakesar,Local,28/07/2026,6000,7000,6500
"Tamil Nadu",Krishnagiri,"Avallapalli(Uzhavar Sandhai )",Cabbage,Cabbage,Local,28/07/2026,2500,3000,2750
"Tamil Nadu",Krishnagiri,"Avallapalli(Uzhavar Sandhai )",Thondekai,Thondekai,Local,28/07/2026,2500,3000,2750
"Tamil Nadu",Krishnagiri,"Avallapalli(Uzhavar Sandhai )","Green Avare(W)","Green Avare (W)",Local,28/07/2026,5500,6000,5750
"Tamil Nadu",Krishnagiri,"Avallapalli(Uzhavar Sandhai )",Drumstick,Drumstick,Local,28/07/2026,4500,5000,4750
"Tamil Nadu",Krishnagiri,"Avallapalli(Uzhavar Sandhai )",Mint(Pudina),Mint(Pudina),Local,28/07/2026,4500,5000,4750
"Tamil Nadu",Dharmapuri,"Karimangalam(Uzhavar Sandhai)","Green Peas","Green Peas",Local,28/07/2026,15000,16000,15500
"Tamil Nadu",Dharmapuri,"Karimangalam(Uzhavar Sandhai)",Tomato,Local,Local,28/07/2026,1400,1600,1500
"Tamil Nadu",Dharmapuri,"Karimangalam(Uzhavar Sandhai)","Cluster beans","Cluster Beans",Local,28/07/2026,3800,4000,3900
"Tamil Nadu",Dharmapuri,"Karimangalam(Uzhavar Sandhai)",Carrot,Pusakesar,Local,28/07/2026,8000,8500,8250
"Tamil Nadu",Dharmapuri,"Karimangalam(Uzhavar Sandhai)",Beetroot,Beetroot,Local,28/07/2026,4800,5200,5000
"Tamil Nadu",Dharmapuri,"Karimangalam(Uzhavar Sandhai)",Ridgeguard(Tori),Ridgeguard(Tori),Local,28/07/2026,4000,4500,4250
"Tamil Nadu",Dharmapuri,"Karimangalam(Uzhavar Sandhai)","Chow Chow","Chow Chow",Local,28/07/2026,3800,4000,3900
"Tamil Nadu",Dharmapuri,"Karimangalam(Uzhavar Sandhai)",Drumstick,Drumstick,Local,28/07/2026,4500,5000,4750
"Tamil Nadu",Dharmapuri,"Karimangalam(Uzhavar Sandhai)",Mango(Raw-Ripe),"Mango - Raw-Ripe",Local,28/07/2026,2800,3000,2900
"Tamil Nadu",Krishnagiri,"Denkanikottai(Uzhavar Sandhai )",Onion,Bellary,Local,28/07/2026,3500,4000,3750
"Tamil Nadu",Krishnagiri,"Denkanikottai(Uzhavar Sandhai )",Coriander(Leaves),"I Sort",Local,28/07/2026,6000,6500,6250
"Tamil Nadu",Krishnagiri,"Denkanikottai(Uzhavar Sandhai )",Ashgourd,Gouard,Local,28/07/2026,2000,2500,2250
"Tamil Nadu",Krishnagiri,"Denkanikottai(Uzhavar Sandhai )",Beetroot,Beetroot,Local,28/07/2026,3500,4000,3750
"Tamil Nadu",Krishnagiri,"Denkanikottai(Uzhavar Sandhai )","Green Avare(W)","Green Avare (W)",Local,28/07/2026,5500,6000,5750
"Tamil Nadu",Krishnagiri,"Denkanikottai(Uzhavar Sandhai )","Elephant Yam(Suran)/Amorphophallus","Elephant Yam (Suran)",Local,28/07/2026,4500,5000,4750
"Tamil Nadu",Krishnagiri,"Denkanikottai(Uzhavar Sandhai )",Mint(Pudina),Mint(Pudina),Local,28/07/2026,3500,4000,3750
"Tamil Nadu",Krishnagiri,"Hosur(Uzhavar Sandhai )",Apple,American,Local,28/07/2026,24000,28000,26000
"Tamil Nadu",Krishnagiri,"Hosur(Uzhavar Sandhai )","Water Melon","Water Melon",Local,28/07/2026,3000,3500,3250
"Tamil Nadu",Krishnagiri,"Hosur(Uzhavar Sandhai )","Green Peas","Green Peas",Local,28/07/2026,12000,14000,13000
"Tamil Nadu",Krishnagiri,"Hosur(Uzhavar Sandhai )",Tomato,Local,Local,28/07/2026,1000,1500,1250
"Tamil Nadu",Krishnagiri,"Hosur(Uzhavar Sandhai )","Green Avare(W)","Green Avare (W)",Local,28/07/2026,5000,6000,5500
"Tamil Nadu",Krishnagiri,"Hosur(Uzhavar Sandhai )",Mango(Raw-Ripe),"Mango - Raw-Ripe",Local,28/07/2026,2500,3000,2750
"Tamil Nadu",Krishnagiri,"Hosur(Uzhavar Sandhai )",Guava,"Guava Allahabad",Local,28/07/2026,5000,6000,5500
"Tamil Nadu",Krishnagiri,"Hosur(Uzhavar Sandhai )","Elephant Yam(Suran)/Amorphophallus","Elephant Yam (Suran)",Local,28/07/2026,4000,5000,4500
"Tamil Nadu",Krishnagiri,"Hosur(Uzhavar Sandhai )","Indian Beans(Seam)","Indian Beans (Seam)",Local,28/07/2026,5000,6000,5500
"Tamil Nadu",Krishnagiri,"Hosur(Uzhavar Sandhai )",Rose(Local),"Rose (Local)",Local,28/07/2026,12000,14000,13000
"Tamil Nadu",Krishnagiri,"Krishnagiri(Uzhavar Sandhai )",Banana,Besrai,Local,28/07/2026,6000,6500,6250
"Tamil Nadu",Krishnagiri,"Krishnagiri(Uzhavar Sandhai )",Cauliflower,Ranchi,Local,28/07/2026,2500,3000,2750
"Tamil Nadu",Krishnagiri,"Krishnagiri(Uzhavar Sandhai )","Bhindi(Ladies Finger)",Bhindi,Local,28/07/2026,2500,3000,2750
"Tamil Nadu",Krishnagiri,"Krishnagiri(Uzhavar Sandhai )",Cowpea(Veg),"Cowpea (Veg)",Local,28/07/2026,5000,6000,5500
"Tamil Nadu",Krishnagiri,"Krishnagiri(Uzhavar Sandhai )",Tapioca,Tapioca,Local,28/07/2026,2500,2800,2650
"Tamil Nadu",Krishnagiri,"Krishnagiri(Uzhavar Sandhai )",Thondekai,Thondekai,Local,28/07/2026,4000,5000,4500
"Tamil Nadu",Krishnagiri,"Krishnagiri(Uzhavar Sandhai )","Green Avare(W)","Green Avare (W)",Local,28/07/2026,4000,4500,4250
"Tamil Nadu",Krishnagiri,"Krishnagiri(Uzhavar Sandhai )","Knool Khol","Knool Khol",Local,28/07/2026,4000,5000,4500
"Tamil Nadu",Krishnagiri,"Krishnagiri(Uzhavar Sandhai )","Amla(Nelli Kai)",Amla,Local,28/07/2026,7000,8000,7500
"Tamil Nadu",Madurai,"Anaiyur(Uzhavar Sandhai )",Banana,Besrai,Local,28/07/2026,4000,5000,4500
"Tamil Nadu",Madurai,"Anaiyur(Uzhavar Sandhai )",Onion,Bellary,Local,28/07/2026,3800,4000,3900
"Tamil Nadu",Madurai,"Anaiyur(Uzhavar Sandhai )","Bhindi(Ladies Finger)",Bhindi,Local,28/07/2026,4000,4200,4100
"Tamil Nadu",Madurai,"Anaiyur(Uzhavar Sandhai )",Amaranthus,Amaranthus,Local,28/07/2026,3000,3600,3300
"Tamil Nadu",Madurai,"Anaiyur(Uzhavar Sandhai )","Banana - Green","Banana - Green",Local,28/07/2026,2000,2400,2200
"Tamil Nadu",Madurai,"Anaiyur(Uzhavar Sandhai )","Betal Leaves",Mysore,Local,28/07/2026,18000,24000,21000
"Tamil Nadu",Madurai,"Anaiyur(Uzhavar Sandhai )",Cabbage,Cabbage,Local,28/07/2026,3600,4000,3800
"Tamil Nadu",Madurai,"Anaiyur(Uzhavar Sandhai )",Snakeguard,Snakeguard,Local,28/07/2026,4000,4500,4250
"Tamil Nadu",Madurai,"Anaiyur(Uzhavar Sandhai )",Beetroot,Beetroot,Local,28/07/2026,5000,5500,5250
"Tamil Nadu",Madurai,"Anaiyur(Uzhavar Sandhai )","Green Avare(W)","Green Avare (W)",Local,28/07/2026,6000,7000,6500
"Tamil Nadu",Madurai,"Anaiyur(Uzhavar Sandhai )","Chow Chow","Chow Chow",Local,28/07/2026,3000,3500,3250
"Tamil Nadu",Madurai,"Anaiyur(Uzhavar Sandhai )","Onion Green","Onion Green",Local,28/07/2026,5500,6000,5750
"Tamil Nadu",Madurai,"Anaiyur(Uzhavar Sandhai )",Mint(Pudina),Mint(Pudina),Local,28/07/2026,4000,4500,4250
"Tamil Nadu",Madurai,"Usilampatti(Uzhavar Sandhai )",Amaranthus,Amaranthus,Local,28/07/2026,3000,3600,3300
"Tamil Nadu",Madurai,"Usilampatti(Uzhavar Sandhai )",Drumstick,Drumstick,Local,28/07/2026,6000,7000,6500
"Tamil Nadu",Nagapattinam,"Nagapattinam(Uzhavar Sandhai )",Groundnut,"Big (With Shell)",Local,28/07/2026,4700,5500,5100
"Tamil Nadu",Nagapattinam,"Nagapattinam(Uzhavar Sandhai )",Tomato,Deshi,Local,28/07/2026,2900,3300,3100
"Tamil Nadu",Nagapattinam,"Nagapattinam(Uzhavar Sandhai )","Bottle gourd","Bottle Gourd",Local,28/07/2026,3100,3100,3100
"Tamil Nadu",Nagapattinam,"Nagapattinam(Uzhavar Sandhai )",Beetroot,Beetroot,Local,28/07/2026,3400,4000,3700
"Tamil Nadu",Nagapattinam,"Sirkali(Uzhavar Sandhai )",Potato,"Red Nanital",Local,28/07/2026,3600,4000,3800
"Tamil Nadu",Nagapattinam,"Sirkali(Uzhavar Sandhai )",Coriander(Leaves),"I Sort",Local,28/07/2026,3500,4000,3750
"Tamil Nadu",Nagapattinam,"Sirkali(Uzhavar Sandhai )",Ridgeguard(Tori),Ridgeguard(Tori),Local,28/07/2026,5500,6000,5750
"Tamil Nadu",Namakkal,"Kumarapalayam(Uzhavar Sandhai )",Onion,Bellary,Local,28/07/2026,4000,4500,4250
"Tamil Nadu",Namakkal,"Kumarapalayam(Uzhavar Sandhai )",Coriander(Leaves),"I Sort",Local,28/07/2026,7500,8500,8000
"Tamil Nadu",Namakkal,"Kumarapalayam(Uzhavar Sandhai )",Tomato,Deshi,Local,28/07/2026,1800,2200,2000
"Tamil Nadu",Namakkal,"Kumarapalayam(Uzhavar Sandhai )","Cluster beans","Cluster Beans",Local,28/07/2026,3500,4000,3750
"Tamil Nadu",Namakkal,"Kumarapalayam(Uzhavar Sandhai )",Ashgourd,Gouard,Local,28/07/2026,2500,3000,2750
"Tamil Nadu",Namakkal,"Kumarapalayam(Uzhavar Sandhai )","Bhindi(Ladies Finger)",Bhindi,Local,28/07/2026,3000,3500,3250
"Tamil Nadu",Namakkal,"Kumarapalayam(Uzhavar Sandhai )",Beans,"Beans (Whole)",Local,28/07/2026,8000,9000,8500
"Tamil Nadu",Namakkal,"Kumarapalayam(Uzhavar Sandhai )",Tapioca,Tapioca,Local,28/07/2026,3400,3800,3600
"Tamil Nadu",Namakkal,"Kumarapalayam(Uzhavar Sandhai )",Carrot,Pusakesar,Local,28/07/2026,8500,9500,9000
"Tamil Nadu",Namakkal,"Kumarapalayam(Uzhavar Sandhai )",Snakeguard,Snakeguard,Local,28/07/2026,4000,4500,4250
"Tamil Nadu",Namakkal,"Kumarapalayam(Uzhavar Sandhai )",Drumstick,Drumstick,Local,28/07/2026,5500,6000,5750
"Tamil Nadu",Namakkal,"Kumarapalayam(Uzhavar Sandhai )",Lime,Lime,Local,28/07/2026,3400,3800,3600
"Tamil Nadu",Namakkal,"Kumarapalayam(Uzhavar Sandhai )","Tender Coconut","Tender Coconut",Local,28/07/2026,3000,3500,3250
"Tamil Nadu",Namakkal,"Kumarapalayam(Uzhavar Sandhai )",Lemon,Lemon,Local,28/07/2026,5000,5500,5250
"Tamil Nadu",Namakkal,"Mohanur(Uzhavar Sandhai )",Papaya,Papaya,Local,28/07/2026,2500,3000,2750
"Tamil Nadu",Namakkal,"Mohanur(Uzhavar Sandhai )","Bottle gourd","Bottle Gourd",Local,28/07/2026,1000,2000,1500
"Tamil Nadu",Namakkal,"Mohanur(Uzhavar Sandhai )",Ashgourd,Gouard,Local,28/07/2026,2400,3000,2700
"Tamil Nadu",Namakkal,"Mohanur(Uzhavar Sandhai )",Beans,"Beans (Whole)",Local,28/07/2026,9500,10000,9750
"Tamil Nadu",Namakkal,"Mohanur(Uzhavar Sandhai )",Coconut,Coconut,Local,28/07/2026,5500,6000,5750
"Tamil Nadu",Namakkal,"Mohanur(Uzhavar Sandhai )","Chow Chow","Chow Chow",Local,28/07/2026,4000,5000,4500
"Tamil Nadu",Namakkal,"Mohanur(Uzhavar Sandhai )",Guava,"Guava Allahabad",Local,28/07/2026,5400,6000,5700
"Tamil Nadu",Namakkal,"Namakkal(Uzhavar Sandhai )","Water Melon","Water Melon",Local,28/07/2026,800,1000,900
"Tamil Nadu",Namakkal,"Namakkal(Uzhavar Sandhai )",Pineapple,"Pine Apple",Local,28/07/2026,3000,3500,3250
"Tamil Nadu",Namakkal,"Namakkal(Uzhavar Sandhai )","Bhindi(Ladies Finger)",Bhindi,Local,28/07/2026,3500,4000,3750
"Tamil Nadu",Namakkal,"Namakkal(Uzhavar Sandhai )",Ridgeguard(Tori),Ridgeguard(Tori),Local,28/07/2026,4500,5500,5000
"Tamil Nadu",Namakkal,"Namakkal(Uzhavar Sandhai )","Amla(Nelli Kai)",Amla,Local,28/07/2026,6000,7000,6500
"Tamil Nadu",Namakkal,"Paramathivelur(Uzhavar Sandhai )",Onion,Bellary,Local,28/07/2026,3500,4000,3750
"Tamil Nadu",Namakkal,"Paramathivelur(Uzhavar Sandhai )",Cauliflower,Ranchi,Local,28/07/2026,3000,3500,3250
"Tamil Nadu",Namakkal,"Paramathivelur(Uzhavar Sandhai )",Brinjal,Round,Local,28/07/2026,6000,6500,6250
"Tamil Nadu",Namakkal,"Paramathivelur(Uzhavar Sandhai )","Bitter gourd","Bitter Gourd",Local,28/07/2026,6000,7000,6500
"Tamil Nadu",Namakkal,"Paramathivelur(Uzhavar Sandhai )","Bhindi(Ladies Finger)",Bhindi,Local,28/07/2026,4000,4500,4250
"Tamil Nadu",Namakkal,"Paramathivelur(Uzhavar Sandhai )","Green Chilli","Green Chilly",Local,28/07/2026,6000,6500,6250
"Tamil Nadu",Namakkal,"Paramathivelur(Uzhavar Sandhai )",Ginger(Green),"Green Ginger",Local,28/07/2026,20000,21000,20500
"Tamil Nadu",Namakkal,"Paramathivelur(Uzhavar Sandhai )",Coconut,Coconut,Local,28/07/2026,5200,5800,5500
"Tamil Nadu",Namakkal,"Paramathivelur(Uzhavar Sandhai )",Cabbage,Cabbage,Local,28/07/2026,3000,3500,3250
"Tamil Nadu",Namakkal,"Paramathivelur(Uzhavar Sandhai )",Guava,"Guava Allahabad",Local,28/07/2026,6000,7000,6500
"Tamil Nadu",Namakkal,"Paramathivelur(Uzhavar Sandhai )","Amla(Nelli Kai)",Amla,Local,28/07/2026,7000,8000,7500
"Tamil Nadu",Namakkal,"Rasipuram(Uzhavar Sandhai )",Papaya,Papaya,Local,28/07/2026,3000,3500,3250
"Tamil Nadu",Namakkal,"Rasipuram(Uzhavar Sandhai )",Mango,Other,Local,28/07/2026,3000,5000,4000
"Tamil Nadu",Namakkal,"Rasipuram(Uzhavar Sandhai )",Pineapple,"Pine Apple",Local,28/07/2026,4500,5500,5000
"Tamil Nadu",Namakkal,"Rasipuram(Uzhavar Sandhai )","Cluster beans","Cluster Beans",Local,28/07/2026,3800,4400,4100
"Tamil Nadu",Namakkal,"Rasipuram(Uzhavar Sandhai )","Bitter gourd",Other,Local,28/07/2026,6400,7000,6700
"Tamil Nadu",Namakkal,"Rasipuram(Uzhavar Sandhai )","Green Chilli","Green Chilly",Local,28/07/2026,6400,7000,6700
"Tamil Nadu",Namakkal,"Rasipuram(Uzhavar Sandhai )",Beans,"Beans (Whole)",Local,28/07/2026,9000,10000,9500
"Tamil Nadu",Namakkal,"Rasipuram(Uzhavar Sandhai )",Ginger(Green),"Green Ginger",Local,28/07/2026,19000,20000,19500
"Tamil Nadu",Namakkal,"Rasipuram(Uzhavar Sandhai )",Beetroot,Beetroot,Local,28/07/2026,6000,8000,7000
"Tamil Nadu",Namakkal,"Rasipuram(Uzhavar Sandhai )","Green Avare(W)",Other,Local,28/07/2026,7000,9000,8000
"Tamil Nadu",Namakkal,"Rasipuram(Uzhavar Sandhai )",Marigold(Calcutta),Marigold(Calcutta),Local,28/07/2026,26000,28000,27000
"Tamil Nadu",Namakkal,"Rasipuram(Uzhavar Sandhai )",Yam(Ratalu),"Yam (Ratalu)",Local,28/07/2026,6500,7000,6750
"Tamil Nadu",Namakkal,"Rasipuram(Uzhavar Sandhai )","Custard Apple(Sharifa)","Custard Apple(Sharifa)",Local,28/07/2026,3500,4000,3750
"Tamil Nadu",Madurai,"Palanganatham(Uzhavar Sandhai )",Banana,Besrai,Local,28/07/2026,3000,4000,3500
"Tamil Nadu",Madurai,"Palanganatham(Uzhavar Sandhai )","Cluster beans","Cluster Beans",Local,28/07/2026,3000,3600,3300
"Tamil Nadu",Madurai,"Palanganatham(Uzhavar Sandhai )","Banana - Green","Banana - Green",Local,28/07/2026,1500,2000,1750
"Tamil Nadu",Madurai,"Palanganatham(Uzhavar Sandhai )",Lime,Lime,Local,28/07/2026,14000,15000,14500
"Tamil Nadu",Madurai,"Palanganatham(Uzhavar Sandhai )","Amla(Nelli Kai)",Amla,Local,28/07/2026,6000,6500,6250
"Tamil Nadu",Madurai,"Anna nagar(Uzhavar Sandhai )",Banana,"Red Banana",Local,28/07/2026,9000,9000,9000
"Tamil Nadu",Madurai,"Anna nagar(Uzhavar Sandhai )","Water Melon","Water Melon",Local,28/07/2026,3000,3000,3000
"Tamil Nadu",Madurai,"Anna nagar(Uzhavar Sandhai )",Grapes,Annabesahai,Local,28/07/2026,9000,9000,9000
"Tamil Nadu",Madurai,"Anna nagar(Uzhavar Sandhai )",Coriander(Leaves),"I Sort",Local,28/07/2026,4000,4000,4000
"Tamil Nadu",Madurai,"Anna nagar(Uzhavar Sandhai )","Green Peas","Green Peas",Local,28/07/2026,18000,18000,18000
"Tamil Nadu",Madurai,"Anna nagar(Uzhavar Sandhai )",Ashgourd,Gouard,Local,28/07/2026,2400,2400,2400
"Tamil Nadu",Madurai,"Anna nagar(Uzhavar Sandhai )",Amaranthus,Amaranthus,Local,28/07/2026,1500,2000,1750
"Tamil Nadu",Madurai,"Anna nagar(Uzhavar Sandhai )","Green Chilli","Green Chilly",Local,28/07/2026,5000,5000,5000
"Tamil Nadu",Madurai,"Anna nagar(Uzhavar Sandhai )",Coconut,Coconut,Local,28/07/2026,6200,6200,6200
"Tamil Nadu",Madurai,"Anna nagar(Uzhavar Sandhai )",Snakeguard,Snakeguard,Local,28/07/2026,4600,4600,4600
"Tamil Nadu",Madurai,"Anna nagar(Uzhavar Sandhai )",Ridgeguard(Tori),Ridgeguard(Tori),Local,28/07/2026,5600,6600,6100
"Tamil Nadu",Madurai,"Anna nagar(Uzhavar Sandhai )",Drumstick,Drumstick,Local,28/07/2026,4600,5600,5100
"Tamil Nadu",Madurai,"Anna nagar(Uzhavar Sandhai )",Guava,"Guava Allahabad",Local,28/07/2026,8000,9000,8500
"Tamil Nadu",Madurai,"Anna nagar(Uzhavar Sandhai )",Pomegranate,Pomogranate,Local,28/07/2026,20000,20000,20000
"Tamil Nadu",Madurai,"Anna nagar(Uzhavar Sandhai )",Marigold(Calcutta),Marigold(Calcutta),Local,28/07/2026,18000,18000,18000
"Tamil Nadu",Madurai,"Anna nagar(Uzhavar Sandhai )","Tamarind Fruit","Tamarind Fruit",Local,28/07/2026,14000,14000,14000
"Tamil Nadu",Perambalur,"Perambalur(Uzhavar Sandhai )",Mango,Neelam,Local,28/07/2026,6000,7000,6500
"Tamil Nadu",Perambalur,"Perambalur(Uzhavar Sandhai )",Grapes,Annabesahai,Local,28/07/2026,10000,12000,11000
"Tamil Nadu",Perambalur,"Perambalur(Uzhavar Sandhai )",Potato,Other,Local,28/07/2026,2600,3000,2800
"Tamil Nadu",Perambalur,"Perambalur(Uzhavar Sandhai )","Bitter gourd",Other,Local,28/07/2026,6000,6800,6400
"Tamil Nadu",Perambalur,"Perambalur(Uzhavar Sandhai )","Bhindi(Ladies Finger)",Bhindi,Local,28/07/2026,3000,3600,3300
"Tamil Nadu",Perambalur,"Perambalur(Uzhavar Sandhai )",Amaranthus,Amaranthus,Local,28/07/2026,2500,3000,2750
"Tamil Nadu",Perambalur,"Perambalur(Uzhavar Sandhai )",Cowpea(Veg),"Cowpea (Veg)",Local,28/07/2026,4800,5200,5000
"Tamil Nadu",Perambalur,"Perambalur(Uzhavar Sandhai )",Ginger(Green),"Green Ginger",Local,28/07/2026,21000,21000,21000
"Tamil Nadu",Perambalur,"Perambalur(Uzhavar Sandhai )",Cucumbar(Kheera),Cucumbar,Local,28/07/2026,5600,8400,7000
"Tamil Nadu",Perambalur,"Perambalur(Uzhavar Sandhai )","Indian Beans(Seam)","Indian Beans (Seam)",Local,28/07/2026,7000,8000,7500
"Tamil Nadu",Perambalur,"Perambalur(Uzhavar Sandhai )",Mashrooms,Mashrooms,Local,28/07/2026,20000,20000,20000
"Tamil Nadu",Salem,"Mecheri(Uzhavar Sandhai)",Banana,Karpura,Local,28/07/2026,3500,4000,3750
"Tamil Nadu",Salem,"Mecheri(Uzhavar Sandhai)",Tomato,Deshi,Local,28/07/2026,1500,2000,1750
"Tamil Nadu",Salem,"Mecheri(Uzhavar Sandhai)",Raddish,Raddish,Local,28/07/2026,3000,3500,3250
"Tamil Nadu",Ranipet,"Ranipettai(Uzhavar Sandhai )",Brinjal,Other,Local,28/07/2026,5000,6000,5500
"Tamil Nadu",Ranipet,"Ranipettai(Uzhavar Sandhai )",Pumpkin,Pumpkin,Local,28/07/2026,3000,3000,3000
"Tamil Nadu",Ranipet,"Ranipettai(Uzhavar Sandhai )",Beans,"Beans (Whole)",Local,28/07/2026,9200,9600,9400
"Tamil Nadu",Ranipet,"Ranipettai(Uzhavar Sandhai )","Sweet Corn ","Sweet Corn ",Local,28/07/2026,4000,4000,4000
"Tamil Nadu",Salem,"Ammapet(Uzhavar Sandhai )",Papaya,Papaya,Local,28/07/2026,3000,3500,3250
"Tamil Nadu",Salem,"Ammapet(Uzhavar Sandhai )",Apple,American,Local,28/07/2026,24000,25000,24500
"Tamil Nadu",Salem,"Ammapet(Uzhavar Sandhai )",Mango,Neelam,Local,28/07/2026,6000,7000,6500
"Tamil Nadu",Salem,"Ammapet(Uzhavar Sandhai )",Coriander(Leaves),"I Sort",Local,28/07/2026,4500,5000,4750
"Tamil Nadu",Salem,"Ammapet(Uzhavar Sandhai )","Bottle gourd","Bottle Gourd",Local,28/07/2026,2500,2800,2650
"Tamil Nadu",Salem,"Ammapet(Uzhavar Sandhai )","Bhindi(Ladies Finger)",Bhindi,Local,28/07/2026,3400,3600,3500
"Tamil Nadu",Salem,"Ammapet(Uzhavar Sandhai )","Green Chilli","Green Chilly",Local,28/07/2026,4200,4500,4350
"Tamil Nadu",Salem,"Ammapet(Uzhavar Sandhai )","Banana - Green","Banana - Green",Local,28/07/2026,2500,2800,2650
"Tamil Nadu",Salem,"Ammapet(Uzhavar Sandhai )",Beans,"Beans (Whole)",Local,28/07/2026,9500,10000,9750
"Tamil Nadu",Salem,"Ammapet(Uzhavar Sandhai )",Snakeguard,Snakeguard,Local,28/07/2026,3800,4000,3900
"Tamil Nadu",Salem,"Ammapet(Uzhavar Sandhai )",Capsicum,Capsicum,Local,28/07/2026,7500,8000,7750
"Tamil Nadu",Salem,"Ammapet(Uzhavar Sandhai )","Chow Chow","Chow Chow",Local,28/07/2026,3500,4000,3750
"Tamil Nadu",Salem,"Ammapet(Uzhavar Sandhai )",Guava,"Guava Allahabad",Local,28/07/2026,5000,6000,5500
"Tamil Nadu",Salem,"Ammapet(Uzhavar Sandhai )","Elephant Yam(Suran)/Amorphophallus","Elephant Yam (Suran)",Local,28/07/2026,3500,4000,3750
"Tamil Nadu",Salem,"Ammapet(Uzhavar Sandhai )",Lemon,Lemon,Local,28/07/2026,4000,5000,4500
"Tamil Nadu",Salem,"Ammapet(Uzhavar Sandhai )",Mint(Pudina),Mint(Pudina),Local,28/07/2026,4500,5000,4750
"Tamil Nadu",Salem,"Mettur(Uzhavar Sandhai )","Bitter gourd",Other,Local,28/07/2026,4500,5000,4750
"Tamil Nadu",Salem,"Mettur(Uzhavar Sandhai )","Bhindi(Ladies Finger)",Bhindi,Local,28/07/2026,2500,3000,2750
"Tamil Nadu",Salem,"Mettur(Uzhavar Sandhai )","Green Chilli","Green Chilly",Local,28/07/2026,4500,5000,4750
"Tamil Nadu",Salem,"Mettur(Uzhavar Sandhai )",Cowpea(Veg),"Cowpea (Veg)",Local,28/07/2026,5500,6000,5750
"Tamil Nadu",Salem,"Mettur(Uzhavar Sandhai )",Beetroot,Beetroot,Local,28/07/2026,7500,8000,7750
"Tamil Nadu",Salem,"Mettur(Uzhavar Sandhai )",Cucumbar(Kheera),Cucumbar,Local,28/07/2026,3500,4000,3750
"Tamil Nadu",Salem,"Mettur(Uzhavar Sandhai )",Capsicum,Capsicum,Local,28/07/2026,8500,9000,8750
"Tamil Nadu",Salem,"Mettur(Uzhavar Sandhai )","Tender Coconut","Tender Coconut",Local,28/07/2026,3500,4000,3750
"Tamil Nadu",Salem,"Mettur(Uzhavar Sandhai )",Rose(Local),"Rose (Local)",Local,28/07/2026,11000,12000,11500
"Tamil Nadu",Salem,"Sooramangalam(Uzhavar Sandhai )",Groundnut,"Big (With Shell)",Local,28/07/2026,6000,7000,6500
"Tamil Nadu",Salem,"Sooramangalam(Uzhavar Sandhai )",Mango,Neelam,Local,28/07/2026,4000,5000,4500
"Tamil Nadu",Salem,"Sooramangalam(Uzhavar Sandhai )",Chikoos(Sapota),Sapota,Local,28/07/2026,4000,4500,4250
"Tamil Nadu",Salem,"Sooramangalam(Uzhavar Sandhai )","Bottle gourd","Bottle Gourd",Local,28/07/2026,2000,3000,2500
"Tamil Nadu",Salem,"Sooramangalam(Uzhavar Sandhai )","Banana - Green","Banana - Green",Local,28/07/2026,2000,2400,2200
"Tamil Nadu",Salem,"Sooramangalam(Uzhavar Sandhai )",Beans,"Beans (Whole)",Local,28/07/2026,11400,11600,11500
"Tamil Nadu",Salem,"Sooramangalam(Uzhavar Sandhai )","Sweet Potato","Hosur Red",Local,28/07/2026,4000,4500,4250
"Tamil Nadu",Salem,"Sooramangalam(Uzhavar Sandhai )","Green Avare(W)",Other,Local,28/07/2026,5500,5800,5650
"Tamil Nadu",Salem,"Sooramangalam(Uzhavar Sandhai )","Tender Coconut","Tender Coconut",Local,28/07/2026,3500,4000,3750
"Tamil Nadu",Salem,"Sooramangalam(Uzhavar Sandhai )",Yam(Ratalu),"Yam (Ratalu)",Local,28/07/2026,8000,8500,8250
"Tamil Nadu",Salem,"Sooramangalam(Uzhavar Sandhai )",Lemon,Lemon,Local,28/07/2026,7000,8000,7500
"Tamil Nadu",Salem,"Sooramangalam(Uzhavar Sandhai )","Amla(Nelli Kai)",Amla,Local,28/07/2026,5000,6000,5500
"Tamil Nadu",Salem,"Sooramangalam(Uzhavar Sandhai )","Onion Green","Onion Green",Local,28/07/2026,4500,5000,4750
"Tamil Nadu",Salem,"Sooramangalam(Uzhavar Sandhai )",Mint(Pudina),Mint(Pudina),Local,28/07/2026,4000,4400,4200
"Tamil Nadu",Salem,"Thammampatti (Uzhavar Sandhai )",Garlic,Garlic,Local,28/07/2026,20000,24000,22000
"Tamil Nadu",Salem,"Thammampatti (Uzhavar Sandhai )",Ashgourd,Gouard,Local,28/07/2026,2000,2000,2000
"Tamil Nadu",Salem,"Thammampatti (Uzhavar Sandhai )",Cabbage,Cabbage,Local,28/07/2026,3500,4000,3750
"Tamil Nadu",Salem,"Thammampatti (Uzhavar Sandhai )",Ridgeguard(Tori),Ridgeguard(Tori),Local,28/07/2026,4500,5000,4750
"Tamil Nadu",Salem,"Thammampatti (Uzhavar Sandhai )",Drumstick,Drumstick,Local,28/07/2026,5000,6000,5500
"Tamil Nadu",Salem,"Thammampatti (Uzhavar Sandhai )",Mango(Raw-Ripe),"Mango - Raw-Ripe",Local,28/07/2026,2000,2500,2250
"Tamil Nadu",Salem,"Thammampatti (Uzhavar Sandhai )","Knool Khol","Knool Khol",Local,28/07/2026,6000,6000,6000
"Tamil Nadu",Salem,"Thammampatti (Uzhavar Sandhai )","Tender Coconut","Tender Coconut",Local,28/07/2026,3000,4000,3500
"Tamil Nadu",Salem,"Thammampatti (Uzhavar Sandhai )","Elephant Yam(Suran)/Amorphophallus","Elephant Yam (Suran)",Local,28/07/2026,2000,2500,2250
"Tamil Nadu",Salem,"Thammampatti (Uzhavar Sandhai )","Custard Apple(Sharifa)","Custard Apple(Sharifa)",Local,28/07/2026,4000,4000,4000
"Tamil Nadu",Salem,"Thammampatti (Uzhavar Sandhai )","Onion Green","Onion Green",Local,28/07/2026,4500,5000,4750
"Tamil Nadu",Salem,"Thathakapatti(Uzhavar Sandhai )",Banana,Besrai,Local,28/07/2026,4000,7500,5750
"Tamil Nadu",Salem,"Thathakapatti(Uzhavar Sandhai )",Onion,Bellary,Local,28/07/2026,3500,4000,3750
"Tamil Nadu",Salem,"Thathakapatti(Uzhavar Sandhai )",Tomato,Deshi,Local,28/07/2026,1500,2000,1750
"Tamil Nadu",Salem,"Thathakapatti(Uzhavar Sandhai )","Bitter gourd","Bitter Gourd",Local,28/07/2026,5500,6000,5750
"Tamil Nadu",Salem,"Thathakapatti(Uzhavar Sandhai )",Ashgourd,Gouard,Local,28/07/2026,2000,2400,2200
"Tamil Nadu",Salem,"Thathakapatti(Uzhavar Sandhai )","Green Chilli","Green Chilly",Local,28/07/2026,4000,4400,4200
"Tamil Nadu",Salem,"Thathakapatti(Uzhavar Sandhai )",Beans,"Beans (Whole)",Local,28/07/2026,11400,11600,11500
"Tamil Nadu",Salem,"Thathakapatti(Uzhavar Sandhai )",Ridgeguard(Tori),Ridgeguard(Tori),Local,28/07/2026,3000,4500,3750
"Tamil Nadu",Salem,"Thathakapatti(Uzhavar Sandhai )",Drumstick,Drumstick,Local,28/07/2026,4000,5000,4500
"Tamil Nadu",Salem,"Thathakapatti(Uzhavar Sandhai )","Knool Khol","Knool Khol",Local,28/07/2026,5000,5400,5200
"Tamil Nadu",Salem,"Thathakapatti(Uzhavar Sandhai )","Jamun(Narale Hannu)",Jamun,Local,28/07/2026,16000,18000,17000
"Tamil Nadu",Salem,"Thathakapatti(Uzhavar Sandhai )",Jasmine,Jasmine,Local,28/07/2026,34000,36000,35000
"Tamil Nadu",Salem,"Thathakapatti(Uzhavar Sandhai )","Indian Beans(Seam)","Indian Beans (Seam)",Local,28/07/2026,5500,6000,5750
"Tamil Nadu",Salem,"Thathakapatti(Uzhavar Sandhai )",Mint(Pudina),Mint(Pudina),Local,28/07/2026,4500,4800,4650
"Tamil Nadu",Salem,"Thathakapatti(Uzhavar Sandhai )","Tube Rose(Loose)","Tube Rose (Loose)",Local,28/07/2026,10000,12000,11000
"Tamil Nadu",Pudukkottai,"Pudukottai(Uzhavar Sandhai )",Garlic,Garlic,Local,28/07/2026,29000,30000,29500
"Tamil Nadu",Pudukkottai,"Pudukottai(Uzhavar Sandhai )",Coriander(Leaves),"I Sort",Local,28/07/2026,5000,6000,5500
"Tamil Nadu",Pudukkottai,"Pudukottai(Uzhavar Sandhai )",Tomato,Other,Local,28/07/2026,2000,2500,2250
"Tamil Nadu",Pudukkottai,"Pudukottai(Uzhavar Sandhai )",Pumpkin,Pumpkin,Local,28/07/2026,1200,1500,1350
"Tamil Nadu",Pudukkottai,"Pudukottai(Uzhavar Sandhai )",Cowpea(Veg),"Cowpea (Veg)",Local,28/07/2026,1500,2000,1750
"Tamil Nadu",Pudukkottai,"Pudukottai(Uzhavar Sandhai )",Carrot,Pusakesar,Local,28/07/2026,9000,10000,9500
"Tamil Nadu",Pudukkottai,"Pudukottai(Uzhavar Sandhai )",Mango(Raw-Ripe),"Mango - Raw-Ripe",Local,28/07/2026,3500,4000,3750
"Tamil Nadu",Pudukkottai,"Pudukottai(Uzhavar Sandhai )","Jack Fruit(Ripe)","Jack Fruit",Local,28/07/2026,1500,2000,1750
"Tamil Nadu",Thanjavur,"Kumbakonam (Uzhavar Sandhai )",Mango,Safeda,Local,28/07/2026,3000,9000,6000
"Tamil Nadu",Thanjavur,"Kumbakonam (Uzhavar Sandhai )","Bitter gourd","Bitter Gourd",Local,28/07/2026,7200,7200,7200
"Tamil Nadu",Thanjavur,"Kumbakonam (Uzhavar Sandhai )",Raddish,Raddish,Local,28/07/2026,4800,4800,4800
"Tamil Nadu",Thanjavur,"Kumbakonam (Uzhavar Sandhai )",Mango(Raw-Ripe),"Mango - Raw-Ripe",Local,28/07/2026,3600,3600,3600
"Tamil Nadu",Thanjavur,"Kumbakonam (Uzhavar Sandhai )",Lime,Lime,Local,28/07/2026,4000,4000,4000
"Tamil Nadu",Thanjavur,"Kumbakonam (Uzhavar Sandhai )",Yam(Ratalu),"Yam (Ratalu)",Local,28/07/2026,9600,9600,9600
"Tamil Nadu","The Nilgiris","Udhagamandalam(Uzhavar Sandhai )",Banana,Besrai,Local,28/07/2026,3500,5000,4250
"Tamil Nadu","The Nilgiris","Udhagamandalam(Uzhavar Sandhai )","Green Peas","Green Peas",Local,28/07/2026,10000,13000,11500
"Tamil Nadu","The Nilgiris","Udhagamandalam(Uzhavar Sandhai )","Bitter gourd","Bitter Gourd",Local,28/07/2026,6500,6800,6650
"Tamil Nadu","The Nilgiris","Udhagamandalam(Uzhavar Sandhai )",Pumpkin,Pumpkin,Local,28/07/2026,1500,2000,1750
"Tamil Nadu","The Nilgiris","Udhagamandalam(Uzhavar Sandhai )","Bhindi(Ladies Finger)",Bhindi,Local,28/07/2026,4500,4800,4650
"Tamil Nadu","The Nilgiris","Udhagamandalam(Uzhavar Sandhai )",Cowpea(Veg),"Cowpea (Veg)",Local,28/07/2026,3000,3500,3250
"Tamil Nadu","The Nilgiris","Udhagamandalam(Uzhavar Sandhai )",Beans,"Beans (Whole)",Local,28/07/2026,5500,6000,5750
"Tamil Nadu","The Nilgiris","Udhagamandalam(Uzhavar Sandhai )",Tapioca,Tapioca,Local,28/07/2026,3500,4000,3750
"Tamil Nadu","The Nilgiris","Udhagamandalam(Uzhavar Sandhai )",Ginger(Green),"Green Ginger",Local,28/07/2026,10000,16000,13000
"Tamil Nadu","The Nilgiris","Udhagamandalam(Uzhavar Sandhai )",Carrot,Pusakesar,Local,28/07/2026,4500,5000,4750
"Tamil Nadu","The Nilgiris","Udhagamandalam(Uzhavar Sandhai )",Beetroot,Beetroot,Local,28/07/2026,4500,5000,4750
"Tamil Nadu","The Nilgiris","Udhagamandalam(Uzhavar Sandhai )","Knool Khol","Knool Khol",Local,28/07/2026,4000,4500,4250
"Tamil Nadu","The Nilgiris","Udhagamandalam(Uzhavar Sandhai )","Elephant Yam(Suran)/Amorphophallus","Elephant Yam (Suran)",Local,28/07/2026,3500,4000,3750
"Tamil Nadu","The Nilgiris","Udhagamandalam(Uzhavar Sandhai )","Amla(Nelli Kai)",Amla,Local,28/07/2026,8000,9000,8500
"Tamil Nadu","The Nilgiris","Udhagamandalam(Uzhavar Sandhai )",Mint(Pudina),Mint(Pudina),Local,28/07/2026,5500,6000,5750
"Tamil Nadu",Theni,"Andipatti(Uzhavar Sandhai )",Brinjal,Round,Local,28/07/2026,4000,4600,4300
"Tamil Nadu",Theni,"Andipatti(Uzhavar Sandhai )","Cluster beans","Cluster Beans",Local,28/07/2026,3400,3800,3600
"Tamil Nadu",Theni,"Andipatti(Uzhavar Sandhai )","Bottle gourd","Bottle Gourd",Local,28/07/2026,1600,1800,1700
"Tamil Nadu",Theni,"Andipatti(Uzhavar Sandhai )","Banana - Green","Banana - Green",Local,28/07/2026,3200,3500,3350
"Tamil Nadu",Theni,"Andipatti(Uzhavar Sandhai )","Chow Chow","Chow Chow",Local,28/07/2026,3000,3400,3200
"Tamil Nadu",Theni,"Andipatti(Uzhavar Sandhai )",Colacasia,Colacasia,Local,28/07/2026,4500,5000,4750
"Tamil Nadu",Theni,"Andipatti(Uzhavar Sandhai )",Mashrooms,Mashrooms,Local,28/07/2026,22000,23000,22500
"Tamil Nadu",Theni,"Andipatti(Uzhavar Sandhai )","Onion Green","Onion Green",Local,28/07/2026,5800,6200,6000
"Tamil Nadu",Theni,"Bodinayakanur(Uzhavar Sandhai )",Banana,Besrai,Local,28/07/2026,5500,5500,5500
"Tamil Nadu",Theni,"Bodinayakanur(Uzhavar Sandhai )",Brinjal,Round,Local,28/07/2026,4500,4500,4500
"Tamil Nadu",Theni,"Bodinayakanur(Uzhavar Sandhai )",Drumstick,Drumstick,Local,28/07/2026,3600,3600,3600
"Tamil Nadu",Theni,"Bodinayakanur(Uzhavar Sandhai )","Knool Khol","Knool Khol",Local,28/07/2026,4400,4400,4400
"Tamil Nadu",Theni,"Bodinayakanur(Uzhavar Sandhai )",Colacasia,Colacasia,Local,28/07/2026,4000,4000,4000
"Tamil Nadu",Theni,"Chinnamanur(Uzhavar Sandhai )","Green Chilli","Green Chilly",Local,28/07/2026,3000,5400,4200
"Tamil Nadu",Theni,"Chinnamanur(Uzhavar Sandhai )",Raddish,Raddish,Local,28/07/2026,3000,3000,3000
"Tamil Nadu",Theni,"Chinnamanur(Uzhavar Sandhai )",Capsicum,Capsicum,Local,28/07/2026,5500,5500,5500
"Tamil Nadu",Theni,"Chinnamanur(Uzhavar Sandhai )","Knool Khol","Knool Khol",Local,28/07/2026,4400,4400,4400
"Tamil Nadu",Theni,"Chinnamanur(Uzhavar Sandhai )",Mint(Pudina),Mint(Pudina),Local,28/07/2026,5500,5500,5500
"Tamil Nadu",Theni,"Kambam(Uzhavar Sandhai )",Onion,Bellary,Local,28/07/2026,3600,3800,3700
"Tamil Nadu",Theni,"Kambam(Uzhavar Sandhai )",Cauliflower,Ranchi,Local,28/07/2026,2500,3000,2750
"Tamil Nadu",Theni,"Kambam(Uzhavar Sandhai )","Cluster beans","Cluster Beans",Local,28/07/2026,3500,3500,3500
"Tamil Nadu",Theni,"Kambam(Uzhavar Sandhai )",Amaranthus,Amaranthus,Local,28/07/2026,3000,3000,3000
"Tamil Nadu",Theni,"Kambam(Uzhavar Sandhai )","Banana - Green","Banana - Green",Local,28/07/2026,3000,3200,3100
"Tamil Nadu",Theni,"Kambam(Uzhavar Sandhai )","Sweet Potato","Hosur Red",Local,28/07/2026,3000,3000,3000
"Tamil Nadu",Theni,"Kambam(Uzhavar Sandhai )",Carrot,Pusakesar,Local,28/07/2026,8000,8000,8000
"Tamil Nadu",Theni,"Kambam(Uzhavar Sandhai )",Capsicum,Capsicum,Local,28/07/2026,6200,6200,6200
"Tamil Nadu",Theni,"Kambam(Uzhavar Sandhai )","Green Avare(W)",Other,Local,28/07/2026,5500,7000,6250
"Tamil Nadu",Theni,"Kambam(Uzhavar Sandhai )","Chow Chow","Chow Chow",Local,28/07/2026,3400,3400,3400
"Tamil Nadu",Theni,"Kambam(Uzhavar Sandhai )","Knool Khol","Knool Khol",Local,28/07/2026,4200,4200,4200
"Tamil Nadu",Theni,"Kambam(Uzhavar Sandhai )","Elephant Yam(Suran)/Amorphophallus","Elephant Yam (Suran)",Local,28/07/2026,3800,3800,3800
"Tamil Nadu",Theni,"Kambam(Uzhavar Sandhai )",Mashrooms,Mashrooms,Local,28/07/2026,25000,25000,25000
"Tamil Nadu",Theni,"Theni(Uzhavar Sandhai )",Soyabean,Local,Local,28/07/2026,10000,10000,10000
"Tamil Nadu",Theni,"Theni(Uzhavar Sandhai )",Mango,Neelam,Local,28/07/2026,3000,6000,4500
"Tamil Nadu",Theni,"Theni(Uzhavar Sandhai )",Tomato,Local,Local,28/07/2026,1800,1800,1800
"Tamil Nadu",Theni,"Theni(Uzhavar Sandhai )","Bottle gourd","Bottle Gourd",Local,28/07/2026,1200,1800,1500
"Tamil Nadu",Theni,"Theni(Uzhavar Sandhai )","Bhindi(Ladies Finger)",Bhindi,Local,28/07/2026,3300,3600,3450
"Tamil Nadu",Theni,"Theni(Uzhavar Sandhai )",Amaranthus,Amaranthus,Local,28/07/2026,1500,2000,1750
"Tamil Nadu",Theni,"Theni(Uzhavar Sandhai )","Green Chilli","Green Chilly",Local,28/07/2026,5000,5400,5200
"Tamil Nadu",Theni,"Theni(Uzhavar Sandhai )",Beetroot,Beetroot,Local,28/07/2026,4500,4500,4500
"Tamil Nadu",Theni,"Theni(Uzhavar Sandhai )",Ridgeguard(Tori),Ridgeguard(Tori),Local,28/07/2026,4500,4800,4650
"Tamil Nadu",Theni,"Theni(Uzhavar Sandhai )",Thondekai,Thondekai,Local,28/07/2026,5000,5500,5250
"Tamil Nadu",Theni,"Theni(Uzhavar Sandhai )","Green Avare(W)",Other,Local,28/07/2026,6500,7800,7150
"Tamil Nadu",Theni,"Theni(Uzhavar Sandhai )",Lime,Lime,Local,28/07/2026,11500,13500,12500
"Tamil Nadu",Thirunelveli,"Kandiyaperi(Uzhavar Sandhai )",Tomato,Other,Local,28/07/2026,2500,2800,2650
"Tamil Nadu",Thirunelveli,"Kandiyaperi(Uzhavar Sandhai )","Green Chilli","Green Chilly",Local,28/07/2026,3800,4200,4000
"Tamil Nadu",Thirunelveli,"Kandiyaperi(Uzhavar Sandhai )","Onion Green","Onion Green",Local,28/07/2026,4500,6000,5250
"Tamil Nadu",Thirunelveli,"Melapalayam(Uzhavar Sandhai )","Banana - Green","Banana - Green",Local,28/07/2026,2500,3000,2750
"Tamil Nadu",Thirunelveli,"Melapalayam(Uzhavar Sandhai )",Cabbage,Cabbage,Local,28/07/2026,4000,4400,4200
"Tamil Nadu",Thirunelveli,"Melapalayam(Uzhavar Sandhai )","Green Avare(W)",Other,Local,28/07/2026,5500,6000,5750
"Tamil Nadu",Thirunelveli,"Palayamkottai(Uzhavar Sandhai )",Grapes,Annabesahai,Local,28/07/2026,11000,12000,11500
"Tamil Nadu",Thirunelveli,"Palayamkottai(Uzhavar Sandhai )",Potato,"Red Nanital",Local,28/07/2026,2400,2600,2500
"Tamil Nadu",Thirunelveli,"Palayamkottai(Uzhavar Sandhai )","Bottle gourd","Bottle Gourd",Local,28/07/2026,1000,1200,1100
"Tamil Nadu",Thirunelveli,"Palayamkottai(Uzhavar Sandhai )",Ashgourd,Gouard,Local,28/07/2026,1600,1800,1700
"Tamil Nadu",Thirunelveli,"Palayamkottai(Uzhavar Sandhai )",Pumpkin,Pumpkin,Local,28/07/2026,1000,1200,1100
"Tamil Nadu",Thirunelveli,"Palayamkottai(Uzhavar Sandhai )",Carrot,Pusakesar,Local,28/07/2026,4600,8000,6300
"Tamil Nadu",Thirunelveli,"Palayamkottai(Uzhavar Sandhai )",Cabbage,Cabbage,Local,28/07/2026,4000,4400,4200
"Tamil Nadu",Thirunelveli,"Palayamkottai(Uzhavar Sandhai )",Ridgeguard(Tori),Ridgeguard(Tori),Local,28/07/2026,3500,4000,3750
"Tamil Nadu",Thirunelveli,"Palayamkottai(Uzhavar Sandhai )",Raddish,Raddish,Local,28/07/2026,3500,4000,3750
"Tamil Nadu",Thirunelveli,"Palayamkottai(Uzhavar Sandhai )",Capsicum,Capsicum,Local,28/07/2026,5000,5500,5250
"Tamil Nadu",Thirunelveli,"Palayamkottai(Uzhavar Sandhai )",Drumstick,Drumstick,Local,28/07/2026,2200,2400,2300
"Tamil Nadu",Thirunelveli,"Palayamkottai(Uzhavar Sandhai )",Mango(Raw-Ripe),"Mango - Raw-Ripe",Local,28/07/2026,3500,4000,3750
"Tamil Nadu",Thirunelveli,"Palayamkottai(Uzhavar Sandhai )","Onion Green","Onion Green",Local,28/07/2026,6500,7000,6750
"Tamil Nadu",Thirupur,"Kangayam(Uzhavar Sandhai )",Brinjal,Round,Local,28/07/2026,6800,6800,6800
"Tamil Nadu",Thirupur,"Kangayam(Uzhavar Sandhai )","Bhindi(Ladies Finger)",Bhindi,Local,28/07/2026,4500,4500,4500
"Tamil Nadu",Thirupur,"Kangayam(Uzhavar Sandhai )","Green Chilli","Green Chilly",Local,28/07/2026,5000,5000,5000
"Tamil Nadu",Thirupur,"Tiruppur (North) (Uzhavar Sandhai )",Coriander(Leaves),"I Sort",Local,28/07/2026,4500,5000,4750
"Tamil Nadu",Thirupur,"Tiruppur (North) (Uzhavar Sandhai )","Bottle gourd","Bottle Gourd",Local,28/07/2026,1200,1600,1400
"Tamil Nadu",Thirupur,"Tiruppur (North) (Uzhavar Sandhai )",Pumpkin,Pumpkin,Local,28/07/2026,1500,2000,1750
"Tamil Nadu",Thirupur,"Tiruppur (North) (Uzhavar Sandhai )",Tapioca,Tapioca,Local,28/07/2026,2000,2500,2250
"Tamil Nadu",Thirupur,"Tiruppur (North) (Uzhavar Sandhai )",Coconut,Coconut,Local,28/07/2026,5000,5500,5250
"Tamil Nadu",Thirupur,"Tiruppur (North) (Uzhavar Sandhai )",Snakeguard,Snakeguard,Local,28/07/2026,3000,3600,3300
"Tamil Nadu",Thirupur,"Tiruppur (North) (Uzhavar Sandhai )","Green Avare(W)",Other,Local,28/07/2026,6000,7000,6500
"Tamil Nadu",Thirupur,"Tiruppur (North) (Uzhavar Sandhai )",Drumstick,Drumstick,Local,28/07/2026,5000,6000,5500
"Tamil Nadu",Thirupur,"Tiruppur (North) (Uzhavar Sandhai )",Mango(Raw-Ripe),"Mango - Raw-Ripe",Local,28/07/2026,3000,3500,3250
"Tamil Nadu",Thirupur,"Tiruppur (South) (Uzhavar Sandhai )",Coriander(Leaves),"I Sort",Local,28/07/2026,4000,5000,4500
"Tamil Nadu",Thirupur,"Tiruppur (South) (Uzhavar Sandhai )",Ginger(Green),"Green Ginger",Local,28/07/2026,17000,20000,18500
"Tamil Nadu",Thirupur,"Tiruppur (South) (Uzhavar Sandhai )","Chow Chow","Chow Chow",Local,28/07/2026,2500,3000,2750
"Tamil Nadu",Thirupur,"Tiruppur (South) (Uzhavar Sandhai )","Onion Green","Onion Green",Local,28/07/2026,4500,6000,5250
"Tamil Nadu",Thiruvannamalai,"Chengam(Uzhavar Sandhai )",Papaya,Papaya,Local,28/07/2026,2500,3000,2750
"Tamil Nadu",Thiruvannamalai,"Chengam(Uzhavar Sandhai )",Cauliflower,Ranchi,Local,28/07/2026,2500,3000,2750
"Tamil Nadu",Thiruvannamalai,"Chengam(Uzhavar Sandhai )",Pumpkin,Pumpkin,Local,28/07/2026,2000,2500,2250
"Tamil Nadu",Thiruvannamalai,"Chengam(Uzhavar Sandhai )",Carrot,Pusakesar,Local,28/07/2026,6500,7200,6850
"Tamil Nadu",Thiruvannamalai,"Chengam(Uzhavar Sandhai )",Cabbage,Cabbage,Local,28/07/2026,3500,4000,3750
"Tamil Nadu",Thiruvannamalai,"Chengam(Uzhavar Sandhai )",Snakeguard,Snakeguard,Local,28/07/2026,3500,4000,3750
"Tamil Nadu",Thiruvannamalai,"Chengam(Uzhavar Sandhai )",Beetroot,Beetroot,Local,28/07/2026,4000,5000,4500
"Tamil Nadu",Thiruvannamalai,"Chengam(Uzhavar Sandhai )",Raddish,Raddish,Local,28/07/2026,2500,3000,2750
"Tamil Nadu",Thiruvannamalai,"Chengam(Uzhavar Sandhai )",Thondekai,Thondekai,Local,28/07/2026,5000,6000,5500
"Tamil Nadu",Thiruvannamalai,"Chengam(Uzhavar Sandhai )","Green Avare(W)","Green Avare (W)",Local,28/07/2026,5000,6000,5500
"Tamil Nadu",Thiruvannamalai,"Chengam(Uzhavar Sandhai )",Lemon,Lemon,Local,28/07/2026,4000,5000,4500
"Tamil Nadu",Thiruvannamalai,"Chengam(Uzhavar Sandhai )","Onion Green","Onion Green",Local,28/07/2026,6000,7000,6500
"Tamil Nadu",Thiruvannamalai,"Tamarainagar(Uzhavar Sandhai )",Banana,Besrai,Local,28/07/2026,5000,6000,5500
"Tamil Nadu",Thiruvannamalai,"Tamarainagar(Uzhavar Sandhai )","Cluster beans","Cluster Beans",Local,28/07/2026,3500,4200,3850
"Tamil Nadu",Thiruvannamalai,"Tamarainagar(Uzhavar Sandhai )","Banana - Green","Banana - Green",Local,28/07/2026,3600,4200,3900
"Tamil Nadu",Thiruvannamalai,"Tamarainagar(Uzhavar Sandhai )",Coconut,Coconut,Local,28/07/2026,5000,6000,5500
"Tamil Nadu",Thiruvannamalai,"Tamarainagar(Uzhavar Sandhai )",Drumstick,Drumstick,Local,28/07/2026,4000,4800,4400
"Tamil Nadu",Thiruvannamalai,"Tamarainagar(Uzhavar Sandhai )","Karbuja(Musk Melon)",Karbhuja,Local,28/07/2026,3000,3600,3300
"Tamil Nadu",Thiruvannamalai,"Tamarainagar(Uzhavar Sandhai )",Marigold(Calcutta),Marigold(Calcutta),Local,28/07/2026,30000,35000,32500
"Tamil Nadu",Thiruvannamalai,"Tamarainagar(Uzhavar Sandhai )","Elephant Yam(Suran)/Amorphophallus","Elephant Yam (Suran)",Local,28/07/2026,4000,4800,4400
"Tamil Nadu",Thiruvannamalai,"Tamarainagar(Uzhavar Sandhai )",Colacasia,Colacasia,Local,28/07/2026,3000,3500,3250
"Tamil Nadu",Thiruvannamalai,"Tamarainagar(Uzhavar Sandhai )","Amla(Nelli Kai)",Amla,Local,28/07/2026,8000,10000,9000
"Tamil Nadu",Thiruvannamalai,"Tamarainagar(Uzhavar Sandhai )",Mint(Pudina),Mint(Pudina),Local,28/07/2026,5000,6000,5500
"Tamil Nadu",Thiruvannamalai,"Vandavasi(Uzhavar Sandhai )",Tomato,Local,Local,28/07/2026,1500,2000,1750
"Tamil Nadu",Thiruvannamalai,"Vandavasi(Uzhavar Sandhai )","Bitter gourd",Other,Local,28/07/2026,4000,4800,4400
"Tamil Nadu",Thiruvannamalai,"Vandavasi(Uzhavar Sandhai )",Coconut,Coconut,Local,28/07/2026,4000,5000,4500
"Tamil Nadu",Thiruvannamalai,"Vandavasi(Uzhavar Sandhai )",Carrot,Pusakesar,Local,28/07/2026,7000,8000,7500
"Tamil Nadu",Thiruvannamalai,"Vandavasi(Uzhavar Sandhai )","Chow Chow","Chow Chow",Local,28/07/2026,3600,4200,3900
"Tamil Nadu",Thiruvannamalai,"Vandavasi(Uzhavar Sandhai )","Knool Khol","Knool Khol",Local,28/07/2026,5000,6000,5500
"Tamil Nadu",Thiruvannamalai,"Vandavasi(Uzhavar Sandhai )",Lemon,Lemon,Local,28/07/2026,5000,6000,5500
"Tamil Nadu",Thiruvannamalai,"Vandavasi(Uzhavar Sandhai )","Onion Green","Onion Green",Local,28/07/2026,5000,6000,5500
"Tamil Nadu",Thiruvannamalai,"Vandavasi(Uzhavar Sandhai )",Mint(Pudina),Mint(Pudina),Local,28/07/2026,3500,4000,3750
"Tamil Nadu",Thiruvarur,"Muthupettai(Uzhavar Sandhai )",Tomato,Deshi,Local,28/07/2026,2000,2000,2000
"Tamil Nadu",Thiruvarur,"Muthupettai(Uzhavar Sandhai )",Pumpkin,Pumpkin,Local,28/07/2026,2400,2400,2400
"Tamil Nadu",Thiruvarur,"Muthupettai(Uzhavar Sandhai )",Snakeguard,Snakeguard,Local,28/07/2026,4000,4000,4000
Punjab,"Ropar (Rupnagar)","Morinda APMC",Banana,Medium,Medium,28/07/2026,3000,3200,3100
Punjab,"Ropar (Rupnagar)","Morinda APMC",Mango,Dusheri,Medium,28/07/2026,4000,5000,4500
Punjab,"Ropar (Rupnagar)","Morinda APMC","Tender Coconut","Tender Coconut",Medium,28/07/2026,2500,2500,2500
Punjab,"Ropar (Rupnagar)","Morinda APMC","Bottle gourd","Bottle Gourd",Local,28/07/2026,2000,3000,2500
Punjab,"Ropar (Rupnagar)","Morinda APMC","Bitter gourd","Bitter Gourd",Medium,28/07/2026,2000,3000,2500
Punjab,"Ropar (Rupnagar)","Morinda APMC","Bhindi(Ladies Finger)",Bhindi,Medium,28/07/2026,3000,3000,3000
Punjab,"Ropar (Rupnagar)","Morinda APMC","Green Chilli","Green Chilly",Local,28/07/2026,2000,5000,3500
Bihar,Sheikhpura,"Barbigha APMC","Bitter gourd","Bitter Gourd",FAQ,28/07/2026,2930,3065,2990
"Tamil Nadu",Villupuram,"Gingee(Uzhavar Sandhai )",Papaya,Papaya,Local,28/07/2026,5000,5000,5000
"Tamil Nadu",Villupuram,"Gingee(Uzhavar Sandhai )",Banana,Karpura,Local,28/07/2026,4000,5000,4500
"Tamil Nadu",Villupuram,"Gingee(Uzhavar Sandhai )",Brinjal,Round,Local,28/07/2026,4000,4500,4250
"Tamil Nadu",Villupuram,"Gingee(Uzhavar Sandhai )",Tomato,Deshi,Local,28/07/2026,1500,1500,1500
"Tamil Nadu",Villupuram,"Gingee(Uzhavar Sandhai )",Ashgourd,Gouard,Local,28/07/2026,2000,2000,2000
"Tamil Nadu",Villupuram,"Gingee(Uzhavar Sandhai )",Snakeguard,Snakeguard,Local,28/07/2026,5000,5000,5000
"Tamil Nadu",Villupuram,"Gingee(Uzhavar Sandhai )",Ridgeguard(Tori),Ridgeguard(Tori),Local,28/07/2026,8000,8000,8000
"Tamil Nadu",Villupuram,"Gingee(Uzhavar Sandhai )",Mango(Raw-Ripe),"Mango - Raw-Ripe",Local,28/07/2026,2500,2500,2500
"Tamil Nadu",Villupuram,"Gingee(Uzhavar Sandhai )","Onion Green","Onion Green",Local,28/07/2026,7000,7000,7000
"Tamil Nadu",Thiruvarur,"Valangaiman APMC","Bhindi(Ladies Finger)",Bhindi,Local,28/07/2026,4000,4000,4000
"Tamil Nadu",Thiruvarur,"Valangaiman APMC",Coconut,Coconut,Local,28/07/2026,4000,4000,4000
"Tamil Nadu",Thiruvarur,"Valangaiman APMC","Green Avare(W)","Green Avare (W)",Local,28/07/2026,6000,6000,6000
"Tamil Nadu",Thiruvellore,"Tiruthani(Uzhavar Sandhai )",Garlic,Garlic,Local,28/07/2026,24000,24000,24000
"Tamil Nadu",Thiruvellore,"Tiruthani(Uzhavar Sandhai )",Brinjal,Round,Local,28/07/2026,6000,6000,6000
"Tamil Nadu",Thiruvellore,"Tiruthani(Uzhavar Sandhai )",Coriander(Leaves),"I Sort",Local,28/07/2026,5000,5000,5000
"Tamil Nadu",Thiruvellore,"Tiruthani(Uzhavar Sandhai )","Bhindi(Ladies Finger)",Bhindi,Local,28/07/2026,4000,4000,4000
"Tamil Nadu",Thiruvellore,"Tiruthani(Uzhavar Sandhai )","Banana - Green","Banana - Green",Local,28/07/2026,4000,4000,4000
"Tamil Nadu",Thiruvellore,"Tiruthani(Uzhavar Sandhai )",Ginger(Green),"Green Ginger",Local,28/07/2026,10000,10000,10000
"Tamil Nadu",Thiruvellore,"Tiruthani(Uzhavar Sandhai )",Carrot,Pusakesar,Local,28/07/2026,7000,7000,7000
"Tamil Nadu",Thiruvellore,"Tiruthani(Uzhavar Sandhai )",Beetroot,Beetroot,Local,28/07/2026,5000,5000,5000
"Tamil Nadu",Thiruvellore,"Tiruthani(Uzhavar Sandhai )","Green Avare(W)","Green Avare (W)",Local,28/07/2026,8000,8000,8000
"Andhra Pradesh",Kakinada,"Peddapuram APMC",Paddy(Common),1001,FAQ,28/07/2026,2369,2390,2369
"Tamil Nadu",Madurai,"Thirumangalam(Uzhavar Sandhai )",Chikoos(Sapota),Sapota,Local,28/07/2026,4000,6000,5000
"Tamil Nadu",Madurai,"Thirumangalam(Uzhavar Sandhai )",Tomato,Deshi,Local,28/07/2026,2000,2200,2100
"Tamil Nadu",Madurai,"Thirumangalam(Uzhavar Sandhai )","Bottle gourd","Bottle Gourd",Local,28/07/2026,3000,3200,3100
"Tamil Nadu",Madurai,"Thirumangalam(Uzhavar Sandhai )",Yam(Ratalu),"Yam (Ratalu)",Local,28/07/2026,7000,8000,7500
"Tamil Nadu",Madurai,"Thirumangalam(Uzhavar Sandhai )","Amla(Nelli Kai)",Amla,Local,28/07/2026,6000,6500,6250
Punjab,Hoshiarpur,"GarhShankar (Kotfatuhi) APMC","Green Chilli",Other,FAQ,28/07/2026,2000,2000,2000
Punjab,Hoshiarpur,"GarhShankar (Kotfatuhi) APMC",Pumpkin,Other,FAQ,28/07/2026,1300,1300,1300
"Tamil Nadu",Madurai,"Melur(Uzhavar Sandhai )",Mango,Safeda,Local,28/07/2026,5500,6000,5750
"Tamil Nadu",Madurai,"Melur(Uzhavar Sandhai )","Cluster beans","Cluster Beans",Local,28/07/2026,3000,3600,3300
"Tamil Nadu",Madurai,"Melur(Uzhavar Sandhai )","Elephant Yam(Suran)/Amorphophallus","Elephant Yam (Suran)",Local,28/07/2026,4000,4500,4250
"Tamil Nadu",Madurai,"Melur(Uzhavar Sandhai )",Yam(Ratalu),"Yam (Ratalu)",Local,28/07/2026,7000,8000,7500
"Tamil Nadu",Madurai,"Melur(Uzhavar Sandhai )",Lemon,Lemon,Local,28/07/2026,6000,7000,6500
"Tamil Nadu",Salem,"Vazhapadi(Uzhavar Sandhai)",Papaya,Papaya,Local,28/07/2026,3000,3000,3000
"Tamil Nadu",Salem,"Vazhapadi(Uzhavar Sandhai)","Water Melon","Water Melon",Local,28/07/2026,2000,2000,2000
"Tamil Nadu",Salem,"Vazhapadi(Uzhavar Sandhai)",Banana,"Red Banana",Local,28/07/2026,7000,8000,7500
"Tamil Nadu",Salem,"Vazhapadi(Uzhavar Sandhai)","Bottle gourd","Bottle Gourd",Local,28/07/2026,1500,2000,1750
"Tamil Nadu",Salem,"Vazhapadi(Uzhavar Sandhai)","Banana - Green","Banana - Green",Local,28/07/2026,2000,2000,2000
"Tamil Nadu",Salem,"Vazhapadi(Uzhavar Sandhai)",Coconut,Coconut,Local,28/07/2026,5000,5500,5250
"Tamil Nadu",Salem,"Vazhapadi(Uzhavar Sandhai)",Snakeguard,Snakeguard,Local,28/07/2026,3400,3800,3600
"Tamil Nadu",Salem,"Vazhapadi(Uzhavar Sandhai)",Raddish,Raddish,Local,28/07/2026,3400,3400,3400
"Tamil Nadu",Salem,"Vazhapadi(Uzhavar Sandhai)","Jack Fruit(Ripe)","Jack Fruit",Local,28/07/2026,2500,2500,2500
"Tamil Nadu",Karur,"Gandhigramam(Uzhavar Sandhai)",Onion,Bellary,Local,28/07/2026,3000,4000,3500
"Tamil Nadu",Karur,"Gandhigramam(Uzhavar Sandhai)",Ashgourd,Gouard,Local,28/07/2026,2500,2800,2650
"Tamil Nadu",Karur,"Gandhigramam(Uzhavar Sandhai)",Pumpkin,Pumpkin,Local,28/07/2026,2500,2800,2650
"Tamil Nadu",Karur,"Gandhigramam(Uzhavar Sandhai)","Bhindi(Ladies Finger)",Bhindi,Local,28/07/2026,3500,4000,3750
"Tamil Nadu",Karur,"Gandhigramam(Uzhavar Sandhai)","Banana - Green","Banana - Green",Local,28/07/2026,2000,3000,2500
"Tamil Nadu",Karur,"Gandhigramam(Uzhavar Sandhai)",Carrot,Pusakesar,Local,28/07/2026,9500,10000,9750
"Tamil Nadu",Karur,"Gandhigramam(Uzhavar Sandhai)",Snakeguard,Snakeguard,Local,28/07/2026,3500,4000,3750
"Tamil Nadu",Karur,"Gandhigramam(Uzhavar Sandhai)",Cucumbar(Kheera),Cucumbar,Local,28/07/2026,4000,8000,6000
"Tamil Nadu",Karur,"Gandhigramam(Uzhavar Sandhai)",Ridgeguard(Tori),Ridgeguard(Tori),Local,28/07/2026,5500,6000,5750
"Tamil Nadu",Karur,"Gandhigramam(Uzhavar Sandhai)",Guava,"Guava Allahabad",Local,28/07/2026,5000,7000,6000
"Tamil Nadu",Pudukkottai,"Aranthangi(Uzhavar Sandhai )",Tomato,Deshi,Local,28/07/2026,2000,2500,2250
"Tamil Nadu",Pudukkottai,"Aranthangi(Uzhavar Sandhai )","Cluster beans","Cluster Beans",Local,28/07/2026,3500,4000,3750
"Tamil Nadu",Pudukkottai,"Aranthangi(Uzhavar Sandhai )",Snakeguard,Snakeguard,Local,28/07/2026,3500,4000,3750
"Tamil Nadu",Pudukkottai,"Aranthangi(Uzhavar Sandhai )",Mango(Raw-Ripe),"Mango - Raw-Ripe",Local,28/07/2026,3500,4000,3750
"Tamil Nadu",Pudukkottai,"Aranthangi(Uzhavar Sandhai )","Jack Fruit(Ripe)","Jack Fruit",Local,28/07/2026,1500,2000,1750
"Tamil Nadu",Coimbatore,"Sulur(Uzhavar Sandhai )",Brinjal,Round,Local,28/07/2026,5000,6000,5500
"Tamil Nadu",Coimbatore,"Sulur(Uzhavar Sandhai )",Coriander(Leaves),"I Sort",Local,28/07/2026,6000,6500,6250
"Tamil Nadu",Coimbatore,"Sulur(Uzhavar Sandhai )",Tomato,Deshi,Local,28/07/2026,1600,2000,1800
"Tamil Nadu",Coimbatore,"Sulur(Uzhavar Sandhai )","Bitter gourd","Bitter Gourd",Local,28/07/2026,6000,6500,6250
"Tamil Nadu",Coimbatore,"Sulur(Uzhavar Sandhai )",Ashgourd,Gouard,Local,28/07/2026,1600,2000,1800
"Tamil Nadu",Coimbatore,"Sulur(Uzhavar Sandhai )",Amaranthus,Amaranthus,Local,28/07/2026,4000,5000,4500
"Tamil Nadu",Coimbatore,"Sulur(Uzhavar Sandhai )","Green Chilli","Green Chilly",Local,28/07/2026,4000,5000,4500
"Tamil Nadu",Coimbatore,"Sulur(Uzhavar Sandhai )",Snakeguard,Snakeguard,Local,28/07/2026,3000,3500,3250
"Tamil Nadu",Coimbatore,"Sulur(Uzhavar Sandhai )",Raddish,Raddish,Local,28/07/2026,4000,4500,4250
"Tamil Nadu",Coimbatore,"Sulur(Uzhavar Sandhai )",Drumstick,Drumstick,Local,28/07/2026,5000,5400,5200
"Tamil Nadu",Cuddalore,"Panruti(Uzhavar Sandhai )",Mango,Safeda,Local,28/07/2026,5000,5000,5000
"Tamil Nadu",Cuddalore,"Panruti(Uzhavar Sandhai )","Green Chilli","Green Chilly",Local,28/07/2026,5000,5000,5000
"Tamil Nadu",Cuddalore,"Panruti(Uzhavar Sandhai )",Mango(Raw-Ripe),"Mango - Raw-Ripe",Local,28/07/2026,2500,3000,2750
"Tamil Nadu",Cuddalore,"Vadalur(Uzhavar Sandhai )",Banana,"Red Banana",Local,28/07/2026,8000,8000,8000
"Tamil Nadu",Cuddalore,"Vadalur(Uzhavar Sandhai )",Onion,Bellary,Local,28/07/2026,3000,4000,3500
"Tamil Nadu",Cuddalore,"Vadalur(Uzhavar Sandhai )",Coriander(Leaves),"I Sort",Local,28/07/2026,6000,6000,6000
"Tamil Nadu",Cuddalore,"Vadalur(Uzhavar Sandhai )","Green Chilli","Green Chilly",Local,28/07/2026,5000,5000,5000
"Tamil Nadu",Cuddalore,"Vadalur(Uzhavar Sandhai )","Chow Chow","Chow Chow",Local,28/07/2026,4000,4000,4000
"Tamil Nadu",Cuddalore,"Vadalur(Uzhavar Sandhai )","Tender Coconut","Tender Coconut",Local,28/07/2026,2500,3000,2750
"Tamil Nadu",Dharmapuri,"AJattihalli(Uzhavar Sandhai )",Banana,"Red Banana",Local,28/07/2026,8000,8000,8000
"Tamil Nadu",Dharmapuri,"AJattihalli(Uzhavar Sandhai )",Beans,"Beans (Whole)",Local,28/07/2026,11800,11800,11800
"Tamil Nadu",Dharmapuri,"AJattihalli(Uzhavar Sandhai )",Coconut,Coconut,Local,28/07/2026,5500,6800,6150
"Tamil Nadu",Dharmapuri,"AJattihalli(Uzhavar Sandhai )",Carrot,Pusakesar,Local,28/07/2026,8200,8200,8200
"Tamil Nadu",Dharmapuri,"AJattihalli(Uzhavar Sandhai )",Snakeguard,Snakeguard,Local,28/07/2026,3000,3400,3200
"Tamil Nadu",Dharmapuri,"AJattihalli(Uzhavar Sandhai )",Cucumbar(Kheera),Cucumbar,Local,28/07/2026,4800,4800,4800
"Tamil Nadu",Dharmapuri,"AJattihalli(Uzhavar Sandhai )",Raddish,Raddish,Local,28/07/2026,2000,2400,2200
"Tamil Nadu",Dharmapuri,"AJattihalli(Uzhavar Sandhai )","Chow Chow","Chow Chow",Local,28/07/2026,4800,4800,4800
"Tamil Nadu",Dharmapuri,"AJattihalli(Uzhavar Sandhai )","Tender Coconut","Tender Coconut",Local,28/07/2026,3000,3500,3250
"Tamil Nadu",Dharmapuri,"AJattihalli(Uzhavar Sandhai )","Amla(Nelli Kai)",Amla,Local,28/07/2026,10000,10000,10000
"Tamil Nadu",Nagapattinam,"Vedaranyam(Uzhavar Sandhai)",Brinjal,Round,Local,28/07/2026,4200,4500,4350
"Tamil Nadu",Nagapattinam,"Vedaranyam(Uzhavar Sandhai)",Ashgourd,Gouard,Local,28/07/2026,2800,3000,2900
"Tamil Nadu",Nagapattinam,"Vedaranyam(Uzhavar Sandhai)","Banana - Green","Banana - Green",Local,28/07/2026,1600,1800,1700
"Tamil Nadu",Nagapattinam,"Vedaranyam(Uzhavar Sandhai)","Chow Chow","Chow Chow",Local,28/07/2026,2200,2500,2350
"Tamil Nadu",Nagapattinam,"Vedaranyam(Uzhavar Sandhai)",Yam(Ratalu),"Yam (Ratalu)",Local,28/07/2026,5000,5500,5250
"Tamil Nadu",Vellore,"Perampet(Uzhavar Sandhai)",Papaya,Papaya,Local,28/07/2026,2500,3000,2750
"Tamil Nadu",Vellore,"Perampet(Uzhavar Sandhai)",Banana,Other,Local,28/07/2026,5000,5000,5000
"Tamil Nadu",Vellore,"Perampet(Uzhavar Sandhai)",Mango,Neelam,Local,28/07/2026,3500,4000,3750
"Tamil Nadu",Vellore,"Perampet(Uzhavar Sandhai)",Garlic,Garlic,Local,28/07/2026,23000,23000,23000
"Tamil Nadu",Vellore,"Perampet(Uzhavar Sandhai)","Cluster beans","Cluster Beans",Local,28/07/2026,4600,4600,4600
"Tamil Nadu",Vellore,"Perampet(Uzhavar Sandhai)",Amaranthus,Amaranthus,Local,28/07/2026,4000,4000,4000
"Tamil Nadu",Vellore,"Perampet(Uzhavar Sandhai)",Ginger(Green),"Green Ginger",Local,28/07/2026,21000,21000,21000
"Tamil Nadu",Vellore,"Perampet(Uzhavar Sandhai)","Sweet Potato","Hosur Red",Local,28/07/2026,3000,3000,3000
"Tamil Nadu",Vellore,"Perampet(Uzhavar Sandhai)","Tender Coconut","Tender Coconut",Local,28/07/2026,2000,2500,2250
"Tamil Nadu",Vellore,"Perampet(Uzhavar Sandhai)","Elephant Yam(Suran)/Amorphophallus","Elephant Yam (Suran)",Local,28/07/2026,6000,6000,6000
"Tamil Nadu",Vellore,"Perampet(Uzhavar Sandhai)",Mint(Pudina),Mint(Pudina),Local,28/07/2026,4000,4000,4000
Maharashtra,Pune,"Pune(Pimpri) APMC",Onion,Local,Local,28/07/2026,1500,2500,2000
Maharashtra,Pune,"Pune(Pimpri) APMC",Cabbage,Other,Local,28/07/2026,2200,2300,2250
"Madhya Pradesh",Badwani,"Sendhwa(F&V) APMC",Tinda,Tinda,Medium,28/07/2026,700,1200,900
"Madhya Pradesh",Badwani,"Sendhwa(F&V) APMC",Tomato,Hybrid,Medium,28/07/2026,1000,1800,1400
"Tamil Nadu",Karur,"Kulithalai(Uzhavar Sandhai )","Water Melon","Water Melon",Local,28/07/2026,2500,3000,2750
"Tamil Nadu",Karur,"Kulithalai(Uzhavar Sandhai )","Green Chilli","Green Chilly",Local,28/07/2026,5000,5600,5300
"Tamil Nadu",Karur,"Kulithalai(Uzhavar Sandhai )",Coconut,Coconut,Local,28/07/2026,4500,5000,4750
"Tamil Nadu",Karur,"Kulithalai(Uzhavar Sandhai )",Cucumbar(Kheera),Cucumbar,Local,28/07/2026,6000,6500,6250
"Tamil Nadu",Karur,"Kulithalai(Uzhavar Sandhai )","Chow Chow","Chow Chow",Local,28/07/2026,3600,4000,3800
"Tamil Nadu",Karur,"Kulithalai(Uzhavar Sandhai )","Knool Khol","Knool Khol",Local,28/07/2026,4500,5000,4750
"Tamil Nadu",Karur,"Kulithalai(Uzhavar Sandhai )",Colacasia,Colacasia,Local,28/07/2026,5500,6000,5750
"Tamil Nadu",Karur,"Kulithalai(Uzhavar Sandhai )",Mashrooms,Mashrooms,Local,28/07/2026,16000,20000,18000
"Tamil Nadu",Karur,"Kulithalai(Uzhavar Sandhai )",Turnip,Turnip,Local,28/07/2026,4000,5000,4500
"Tamil Nadu",Karur,"Kulithalai(Uzhavar Sandhai )","Amla(Nelli Kai)",Amla,Local,28/07/2026,7500,8000,7750
"Tamil Nadu",Karur,"Pallapatti (Uzhavar Sandhai )",Coconut,Coconut,Local,28/07/2026,4500,5000,4750
"Tamil Nadu",Karur,"Pallapatti (Uzhavar Sandhai )",Snakeguard,Snakeguard,Local,28/07/2026,3600,4000,3800
"Tamil Nadu",Karur,"Pallapatti (Uzhavar Sandhai )",Ridgeguard(Tori),Ridgeguard(Tori),Local,28/07/2026,5500,6000,5750
"Tamil Nadu",Karur,"Pallapatti (Uzhavar Sandhai )",Drumstick,Drumstick,Local,28/07/2026,3200,3500,3350
"Tamil Nadu",Karur,"Pallapatti (Uzhavar Sandhai )","Onion Green","Onion Green",Local,28/07/2026,5500,6000,5750
"Andhra Pradesh",Srikakulam,"Etcherla APMC",Maize,"Deshi White",Local,28/07/2026,2400,2400,2400
"Tamil Nadu",Karur,"Velayuthampalayam(Uzhavar Sandhai )",Pumpkin,Pumpkin,Local,28/07/2026,2400,2800,2600
"Tamil Nadu",Karur,"Velayuthampalayam(Uzhavar Sandhai )",Amaranthus,Amaranthus,Local,28/07/2026,2000,2500,2250
"Tamil Nadu",Karur,"Velayuthampalayam(Uzhavar Sandhai )",Snakeguard,Snakeguard,Local,28/07/2026,3400,4000,3700
"Tamil Nadu",Karur,"Velayuthampalayam(Uzhavar Sandhai )","Green Avare(W)",Other,Local,28/07/2026,9000,10000,9500
"Tamil Nadu",Karur,"Vengamedu(Uzhavar Sandhai )",Brinjal,Other,Local,28/07/2026,5000,6000,5500
"Tamil Nadu",Karur,"Vengamedu(Uzhavar Sandhai )",Amaranthus,Amaranthus,Local,28/07/2026,2000,2500,2250
"Tamil Nadu",Karur,"Vengamedu(Uzhavar Sandhai )",Ridgeguard(Tori),Ridgeguard(Tori),Local,28/07/2026,5500,6000,5750
"Tamil Nadu",Karur,"Vengamedu(Uzhavar Sandhai )","Elephant Yam(Suran)/Amorphophallus","Elephant Yam (Suran)",Local,28/07/2026,4500,5000,4750
"Tamil Nadu",Theni,"Devaram(Uzhavar Sandhai )",Mango,Safeda,Local,28/07/2026,4000,5000,4500
"Tamil Nadu",Theni,"Devaram(Uzhavar Sandhai )",Potato,"Red Nanital",Local,28/07/2026,2500,2500,2500
"Tamil Nadu",Theni,"Devaram(Uzhavar Sandhai )",Coriander(Leaves),"I Sort",Local,28/07/2026,4800,4800,4800
"Tamil Nadu",Theni,"Devaram(Uzhavar Sandhai )","Banana - Green","Banana - Green",Local,28/07/2026,3000,3200,3100
"Tamil Nadu",Theni,"Devaram(Uzhavar Sandhai )",Coconut,Coconut,Local,28/07/2026,4800,4800,4800
"Tamil Nadu",Theni,"Devaram(Uzhavar Sandhai )",Cabbage,Cabbage,Local,28/07/2026,4000,4000,4000
"Tamil Nadu",Theni,"Devaram(Uzhavar Sandhai )",Lemon,Lemon,Local,28/07/2026,4000,5000,4500
"Tamil Nadu",Salem,"Attayampatti(Uzhavar Sandhai )",Groundnut,"Big (With Shell)",Local,28/07/2026,6000,7000,6500
"Tamil Nadu",Salem,"Attayampatti(Uzhavar Sandhai )",Coriander(Leaves),"I Sort",Local,28/07/2026,3500,3800,3650
"Tamil Nadu",Salem,"Attayampatti(Uzhavar Sandhai )",Pumpkin,Pumpkin,Local,28/07/2026,2400,2400,2400
"Tamil Nadu",Salem,"Attayampatti(Uzhavar Sandhai )","Banana - Green","Banana - Green",Local,28/07/2026,2400,2400,2400
"Tamil Nadu",Salem,"Attayampatti(Uzhavar Sandhai )","Sweet Potato","Hosur Red",Local,28/07/2026,4000,4000,4000
"Tamil Nadu",Salem,"Attayampatti(Uzhavar Sandhai )",Snakeguard,Snakeguard,Local,28/07/2026,3000,3400,3200
"Tamil Nadu",Salem,"Attayampatti(Uzhavar Sandhai )","Green Avare(W)","Green Avare (W)",Local,28/07/2026,5500,5800,5650
"Tamil Nadu",Sivaganga,"Sivagangai (Uzhavar Sandhai )",Potato,"Red Nanital",Local,28/07/2026,5800,6200,6000
"Tamil Nadu",Sivaganga,"Sivagangai (Uzhavar Sandhai )","Cluster beans","Cluster Beans",Local,28/07/2026,3200,3800,3500
"Tamil Nadu",Sivaganga,"Sivagangai (Uzhavar Sandhai )",Carrot,Pusakesar,Local,28/07/2026,6200,9200,7700
"Tamil Nadu",Sivaganga,"Sivagangai (Uzhavar Sandhai )",Beetroot,Beetroot,Local,28/07/2026,5200,5600,5400
"Tamil Nadu",Sivaganga,"Sivagangai (Uzhavar Sandhai )","Green Avare(W)",Other,Local,28/07/2026,6200,7200,6700
"Tamil Nadu",Sivaganga,"Sivagangai (Uzhavar Sandhai )","Indian Beans(Seam)","Indian Beans (Seam)",Local,28/07/2026,5600,5600,5600
"Tamil Nadu",Sivaganga,"Devakottai (Uzhavar Sandhai )",Chikoos(Sapota),Sapota,Local,28/07/2026,4400,6200,5300
"Tamil Nadu",Sivaganga,"Devakottai (Uzhavar Sandhai )",Papaya,Papaya,Local,28/07/2026,4000,4800,4400
"Tamil Nadu",Sivaganga,"Devakottai (Uzhavar Sandhai )",Coriander(Leaves),"I Sort",Local,28/07/2026,5200,5800,5500
"Tamil Nadu",Sivaganga,"Devakottai (Uzhavar Sandhai )","Banana - Green","Banana - Green",Local,28/07/2026,2500,3000,2750
"Tamil Nadu",Sivaganga,"Devakottai (Uzhavar Sandhai )",Beans,"Beans (Whole)",Local,28/07/2026,8200,10200,9200
"Tamil Nadu",Sivaganga,"Devakottai (Uzhavar Sandhai )",Ginger(Green),"Green Ginger",Local,28/07/2026,15200,22200,18700
"Tamil Nadu",Sivaganga,"Devakottai (Uzhavar Sandhai )",Mango(Raw-Ripe),"Mango - Raw-Ripe",Local,28/07/2026,3000,3800,3400
"Tamil Nadu",Sivaganga,"Devakottai (Uzhavar Sandhai )",Mint(Pudina),Mint(Pudina),Local,28/07/2026,4000,4800,4400
"Tamil Nadu",Salem,"Edapadi (Uzhavar Sandhai )","Bottle gourd","Bottle Gourd",Local,28/07/2026,2200,2600,2400
"Tamil Nadu",Salem,"Edapadi (Uzhavar Sandhai )","Bhindi(Ladies Finger)",Bhindi,Local,28/07/2026,2400,2800,2600
"Tamil Nadu",Salem,"Edapadi (Uzhavar Sandhai )",Tapioca,Tapioca,Local,28/07/2026,2500,3000,2750
"Tamil Nadu",Salem,"Edapadi (Uzhavar Sandhai )",Coconut,Coconut,Local,28/07/2026,4500,5000,4750
"Tamil Nadu",Salem,"Edapadi (Uzhavar Sandhai )",Ridgeguard(Tori),Ridgeguard(Tori),Local,28/07/2026,4500,5000,4750
"Tamil Nadu",Salem,"Edapadi (Uzhavar Sandhai )",Thondekai,Thondekai,Local,28/07/2026,3500,4000,3750
"Tamil Nadu",Salem,"Edapadi (Uzhavar Sandhai )",Capsicum,Capsicum,Local,28/07/2026,6500,7000,6750
"Tamil Nadu",Salem,"Edapadi (Uzhavar Sandhai )",Drumstick,Drumstick,Local,28/07/2026,4500,5000,4750
"Tamil Nadu",Salem,"Edapadi (Uzhavar Sandhai )",Mango(Raw-Ripe),"Mango - Raw-Ripe",Local,28/07/2026,4000,4500,4250
"Tamil Nadu",Salem,"Elampillai(Uzhavar Sandhai )",Onion,Bellary,Local,28/07/2026,3000,4000,3500
"Tamil Nadu",Salem,"Elampillai(Uzhavar Sandhai )",Potato,Other,Local,28/07/2026,2500,3000,2750
"Tamil Nadu",Salem,"Elampillai(Uzhavar Sandhai )","Banana - Green","Banana - Green",Local,28/07/2026,2500,3000,2750
"Tamil Nadu",Salem,"Elampillai(Uzhavar Sandhai )",Ginger(Green),"Green Ginger",Local,28/07/2026,18000,20000,19000
"Tamil Nadu",Salem,"Elampillai(Uzhavar Sandhai )",Cabbage,Cabbage,Local,28/07/2026,3500,4000,3750
"Tamil Nadu",Salem,"Elampillai(Uzhavar Sandhai )",Drumstick,Drumstick,Local,28/07/2026,5000,5500,5250
"Tamil Nadu",Salem,"Elampillai(Uzhavar Sandhai )",Guava,"Guava Allahabad",Local,28/07/2026,5000,6000,5500
"Tamil Nadu",Salem,"Elampillai(Uzhavar Sandhai )",Marigold(Calcutta),Marigold(Calcutta),Local,28/07/2026,25000,28000,26500
"Tamil Nadu",Salem,"Hasthampatti(Uzhavar Sandhai )",Papaya,Papaya,Local,28/07/2026,3000,3500,3250
"Tamil Nadu",Salem,"Hasthampatti(Uzhavar Sandhai )",Tomato,Local,Local,28/07/2026,1500,1800,1650
"Tamil Nadu",Salem,"Hasthampatti(Uzhavar Sandhai )","Bottle gourd","Bottle Gourd",Local,28/07/2026,2500,2800,2650
"Tamil Nadu",Salem,"Hasthampatti(Uzhavar Sandhai )",Amaranthus,Amaranthus,Local,28/07/2026,2000,2400,2200
"Tamil Nadu",Salem,"Hasthampatti(Uzhavar Sandhai )",Ridgeguard(Tori),Ridgeguard(Tori),Local,28/07/2026,4500,5000,4750
"Tamil Nadu",Salem,"Hasthampatti(Uzhavar Sandhai )","Tamarind Fruit","Tamarind Fruit",Local,28/07/2026,14000,15000,14500
"Tamil Nadu",Salem,"Hasthampatti(Uzhavar Sandhai )","Elephant Yam(Suran)/Amorphophallus","Elephant Yam (Suran)",Local,28/07/2026,3500,4000,3750
"Tamil Nadu",Salem,"Hasthampatti(Uzhavar Sandhai )","Indian Beans(Seam)","Indian Beans (Seam)",Local,28/07/2026,5500,6000,5750
"Tamil Nadu",Salem,"Jalagandapuram(Uzhavar Sandhai )",Apple,American,Local,28/07/2026,24000,26000,25000
"Tamil Nadu",Salem,"Jalagandapuram(Uzhavar Sandhai )",Potato,Other,Local,28/07/2026,2500,2800,2650
"Tamil Nadu",Salem,"Jalagandapuram(Uzhavar Sandhai )",Brinjal,Round,Local,28/07/2026,4500,4800,4650
"Tamil Nadu",Salem,"Jalagandapuram(Uzhavar Sandhai )",Ashgourd,Gouard,Local,28/07/2026,2000,2400,2200
"Tamil Nadu",Salem,"Jalagandapuram(Uzhavar Sandhai )",Tapioca,Tapioca,Local,28/07/2026,2500,3000,2750
"Tamil Nadu",Salem,"Jalagandapuram(Uzhavar Sandhai )","Sweet Potato","Hosur Red",Local,28/07/2026,3500,4000,3750
"Tamil Nadu",Salem,"Jalagandapuram(Uzhavar Sandhai )",Carrot,Pusakesar,Local,28/07/2026,8500,9000,8750
"Tamil Nadu",Salem,"Jalagandapuram(Uzhavar Sandhai )",Cabbage,Cabbage,Local,28/07/2026,3500,4000,3750
"Tamil Nadu",Salem,"Jalagandapuram(Uzhavar Sandhai )",Snakeguard,Snakeguard,Local,28/07/2026,3600,3800,3700
"Tamil Nadu",Salem,"Jalagandapuram(Uzhavar Sandhai )","Green Avare(W)",Other,Local,28/07/2026,6500,7000,6750
"Tamil Nadu",Sivaganga,"Singampunari(Uzhavar Sandhai )",Brinjal,Other,Local,28/07/2026,5200,5600,5400
"Tamil Nadu",Sivaganga,"Singampunari(Uzhavar Sandhai )",Snakeguard,Snakeguard,Local,28/07/2026,3600,4200,3900
"Tamil Nadu",Sivaganga,"Singampunari(Uzhavar Sandhai )",Guava,"Guava Allahabad",Local,28/07/2026,7000,8000,7500
"Tamil Nadu",Sivaganga,"Singampunari(Uzhavar Sandhai )",Yam(Ratalu),"Yam (Ratalu)",Local,28/07/2026,7000,8000,7500
"Tamil Nadu",Sivaganga,"Karaikudi(Uzhavar Sandhai )",Tomato,Deshi,Local,28/07/2026,2400,2600,2500
"Tamil Nadu",Sivaganga,"Karaikudi(Uzhavar Sandhai )","Bhindi(Ladies Finger)",Bhindi,Local,28/07/2026,4600,5200,4900
"Tamil Nadu",Sivaganga,"Karaikudi(Uzhavar Sandhai )",Carrot,Pusakesar,Local,28/07/2026,9000,9500,9250
"Tamil Nadu",Thanjavur,"Pattukottai(Uzhavar Sandhai )",Tomato,Deshi,Local,28/07/2026,2400,2400,2400
"Tamil Nadu",Thanjavur,"Pattukottai(Uzhavar Sandhai )","Bottle gourd","Bottle Gourd",Local,28/07/2026,2600,2600,2600
"Tamil Nadu",Thanjavur,"Pattukottai(Uzhavar Sandhai )",Ashgourd,Gouard,Local,28/07/2026,3000,3000,3000
"Tamil Nadu",Thanjavur,"Pattukottai(Uzhavar Sandhai )",Coconut,Coconut,Local,28/07/2026,5000,5000,5000
"Tamil Nadu",Thanjavur,"Pattukottai(Uzhavar Sandhai )",Carrot,Pusakesar,Local,28/07/2026,9800,9800,9800
"Tamil Nadu",Thanjavur,"Pattukottai(Uzhavar Sandhai )",Cabbage,Cabbage,Local,28/07/2026,4400,4400,4400
"Tamil Nadu",Thanjavur,"Pattukottai(Uzhavar Sandhai )","Elephant Yam(Suran)/Amorphophallus","Elephant Yam (Suran)",Local,28/07/2026,4500,4500,4500
"Tamil Nadu",Thiruchirappalli,"KKNagar(Uzhavar Sandhai )",Papaya,Papaya,Local,28/07/2026,4800,4800,4800
"Tamil Nadu",Thiruchirappalli,"KKNagar(Uzhavar Sandhai )",Orange,Darjeeling,Local,28/07/2026,15000,15000,15000
"Tamil Nadu",Thiruchirappalli,"KKNagar(Uzhavar Sandhai )",Mango,Other,Local,28/07/2026,5000,5000,5000
"Tamil Nadu",Thiruchirappalli,"KKNagar(Uzhavar Sandhai )",Onion,Bellary,Local,28/07/2026,4400,4400,4400
"Tamil Nadu",Thiruchirappalli,"KKNagar(Uzhavar Sandhai )","Green Peas","Green Peas",Local,28/07/2026,19000,19000,19000
"Tamil Nadu",Thiruchirappalli,"KKNagar(Uzhavar Sandhai )",Tomato,Deshi,Local,28/07/2026,2400,2400,2400
"Tamil Nadu",Thiruchirappalli,"KKNagar(Uzhavar Sandhai )",Amaranthus,Amaranthus,Local,28/07/2026,2000,2000,2000
"Tamil Nadu",Thiruchirappalli,"KKNagar(Uzhavar Sandhai )",Beans,"Beans (Whole)",Local,28/07/2026,10000,10000,10000
"Tamil Nadu",Thiruchirappalli,"KKNagar(Uzhavar Sandhai )",Ginger(Green),"Green Ginger",Local,28/07/2026,22000,22000,22000
"Tamil Nadu",Thiruchirappalli,"KKNagar(Uzhavar Sandhai )",Beetroot,Beetroot,Local,28/07/2026,5400,5400,5400
"Tamil Nadu",Thiruchirappalli,"KKNagar(Uzhavar Sandhai )","Knool Khol","Knool Khol",Local,28/07/2026,4000,4000,4000
"Tamil Nadu",Thiruchirappalli,"KKNagar(Uzhavar Sandhai )",Pomegranate,Pomogranate,Local,28/07/2026,24000,24000,24000
"Tamil Nadu",Thiruchirappalli,"KKNagar(Uzhavar Sandhai )","Tamarind Fruit","Tamarind Fruit",Local,28/07/2026,15000,15000,15000
"Tamil Nadu",Thiruchirappalli,"KKNagar(Uzhavar Sandhai )",Lemon,Lemon,Local,28/07/2026,5000,5000,5000
"Tamil Nadu",Thiruchirappalli,"KKNagar(Uzhavar Sandhai )",Mashrooms,Mashrooms,Local,28/07/2026,22000,22000,22000
"Tamil Nadu",Thiruchirappalli,"KKNagar(Uzhavar Sandhai )","Amla(Nelli Kai)",Amla,Local,28/07/2026,8000,8000,8000
"Tamil Nadu",Thiruchirappalli,"Lalgudi(Uzhavar Sandhai )",Cauliflower,Ranchi,Local,28/07/2026,4000,4000,4000
"Tamil Nadu",Thiruchirappalli,"Lalgudi(Uzhavar Sandhai )",Tomato,Local,Local,28/07/2026,2400,2400,2400
"Tamil Nadu",Thiruchirappalli,"Lalgudi(Uzhavar Sandhai )","Cluster beans","Cluster Beans",Local,28/07/2026,4600,4600,4600
"Tamil Nadu",Thiruchirappalli,"Lalgudi(Uzhavar Sandhai )","Bottle gourd","Bottle Gourd",Local,28/07/2026,3000,3000,3000
"Tamil Nadu",Thiruchirappalli,"Lalgudi(Uzhavar Sandhai )",Thondekai,Thondekai,Local,28/07/2026,5600,5600,5600
"Tamil Nadu",Thiruchirappalli,"Lalgudi(Uzhavar Sandhai )","Green Avare(W)",Other,Local,28/07/2026,7000,7000,7000
"Tamil Nadu",Thiruchirappalli,"Lalgudi(Uzhavar Sandhai )","Knool Khol","Knool Khol",Local,28/07/2026,4000,4000,4000
"Tamil Nadu",Thiruchirappalli,"Lalgudi(Uzhavar Sandhai )",Guava,"Guava Allahabad",Local,28/07/2026,9000,9000,9000
"Tamil Nadu",Thiruchirappalli,"Manachanallur(Uzhavar Sandhai )",Beans,"Beans (Whole)",Local,28/07/2026,9000,10000,9500
"Tamil Nadu",Thiruchirappalli,"Manachanallur(Uzhavar Sandhai )",Coconut,Coconut,Local,28/07/2026,6000,6000,6000
"Tamil Nadu",Thiruchirappalli,"Manachanallur(Uzhavar Sandhai )","Sweet Potato","Hosur Red",Local,28/07/2026,4500,4500,4500
"Tamil Nadu",Thiruchirappalli,"Manapparai(Uzhavar Sandhai )",Grapes,Annabesahai,Local,28/07/2026,8000,8000,8000
"Tamil Nadu",Thiruchirappalli,"Manapparai(Uzhavar Sandhai )",Chikoos(Sapota),Sapota,Local,28/07/2026,4000,4000,4000
"Tamil Nadu",Thiruchirappalli,"Manapparai(Uzhavar Sandhai )","Cluster beans","Cluster Beans",Local,28/07/2026,4000,4000,4000
"Tamil Nadu",Thiruchirappalli,"Manapparai(Uzhavar Sandhai )","Bitter gourd",Other,Local,28/07/2026,7000,7000,7000
"Tamil Nadu",Thiruchirappalli,"Manapparai(Uzhavar Sandhai )",Ashgourd,Gouard,Local,28/07/2026,2400,2400,2400
"Tamil Nadu",Thiruchirappalli,"Manapparai(Uzhavar Sandhai )",Pumpkin,Pumpkin,Local,28/07/2026,2000,2000,2000
"Tamil Nadu",Thiruchirappalli,"Manapparai(Uzhavar Sandhai )","Bhindi(Ladies Finger)",Bhindi,Local,28/07/2026,3600,4000,3800
"Tamil Nadu",Thiruchirappalli,"Manapparai(Uzhavar Sandhai )","Banana - Green","Banana - Green",Local,28/07/2026,3000,3000,3000
"Tamil Nadu",Thiruchirappalli,"Manapparai(Uzhavar Sandhai )",Coconut,Coconut,Local,28/07/2026,6000,6000,6000
"Tamil Nadu",Thiruchirappalli,"Manapparai(Uzhavar Sandhai )",Beetroot,Beetroot,Local,28/07/2026,5000,5000,5000
"Tamil Nadu",Thiruchirappalli,"Musiri(Uzhavar Sandhai )",Tomato,Deshi,Local,28/07/2026,1800,2400,2100
"Tamil Nadu",Thiruchirappalli,"Musiri(Uzhavar Sandhai )",Ginger(Green),"Green Ginger",Local,28/07/2026,19000,20000,19500
"Tamil Nadu",Thiruchirappalli,"Musiri(Uzhavar Sandhai )","Sweet Potato","Hosur Red",Local,28/07/2026,4000,4600,4300
"Tamil Nadu",Thiruchirappalli,"Musiri(Uzhavar Sandhai )",Cabbage,Cabbage,Local,28/07/2026,4000,4500,4250
"Tamil Nadu",Thiruchirappalli,"Musiri(Uzhavar Sandhai )","Green Avare(W)","Green Avare (W)",Local,28/07/2026,6000,6500,6250
"Tamil Nadu",Thiruchirappalli,"Musiri(Uzhavar Sandhai )",Colacasia,Colacasia,Local,28/07/2026,4000,4600,4300
"Tamil Nadu",Thiruchirappalli,"Musiri(Uzhavar Sandhai )",Turnip,Turnip,Local,28/07/2026,3000,3600,3300
"Tamil Nadu",Thiruchirappalli,"Thiruverumbur(Uzhavar Sandhai )",Coriander(Leaves),"I Sort",Local,28/07/2026,4000,4000,4000
"Tamil Nadu",Thiruchirappalli,"Thiruverumbur(Uzhavar Sandhai )","Green Chilli","Green Chilly",Local,28/07/2026,5000,5000,5000
"Tamil Nadu",Thiruchirappalli,"Thiruverumbur(Uzhavar Sandhai )",Cowpea(Veg),"Cowpea (Veg)",Local,28/07/2026,4000,4000,4000
"Tamil Nadu",Thiruchirappalli,"Thiruverumbur(Uzhavar Sandhai )",Ginger(Green),"Green Ginger",Local,28/07/2026,22000,22000,22000
"Tamil Nadu",Thiruchirappalli,"Thiruverumbur(Uzhavar Sandhai )",Carrot,Pusakesar,Local,28/07/2026,10000,10000,10000
"Tamil Nadu",Thiruchirappalli,"Thiruverumbur(Uzhavar Sandhai )","Chow Chow","Chow Chow",Local,28/07/2026,4000,4000,4000
"Tamil Nadu",Thiruchirappalli,"Thiruverumbur(Uzhavar Sandhai )",Mint(Pudina),Mint(Pudina),Local,28/07/2026,6500,6500,6500
"Tamil Nadu",Virudhunagar,"Rajapalayam(Uzhavar Sandhai )",Banana,Besrai,Local,28/07/2026,3500,4000,3750
"Tamil Nadu",Virudhunagar,"Rajapalayam(Uzhavar Sandhai )",Ashgourd,Gouard,Local,28/07/2026,2500,3000,2750
"Tamil Nadu",Virudhunagar,"Rajapalayam(Uzhavar Sandhai )","Banana - Green","Banana - Green",Local,28/07/2026,3000,3600,3300
"Tamil Nadu",Virudhunagar,"Rajapalayam(Uzhavar Sandhai )",Ginger(Green),"Green Ginger",Local,28/07/2026,21000,22000,21500
"Tamil Nadu",Virudhunagar,"Rajapalayam(Uzhavar Sandhai )",Ridgeguard(Tori),Ridgeguard(Tori),Local,28/07/2026,5000,6000,5500
"Tamil Nadu",Virudhunagar,"Rajapalayam(Uzhavar Sandhai )","Chow Chow","Chow Chow",Local,28/07/2026,3500,4000,3750
"Tamil Nadu",Virudhunagar,"Rajapalayam(Uzhavar Sandhai )",Yam(Ratalu),"Yam (Ratalu)",Local,28/07/2026,9000,10000,9500
"Tamil Nadu",Virudhunagar,"Rajapalayam(Uzhavar Sandhai )",Colacasia,Colacasia,Local,28/07/2026,5000,6000,5500
"Tamil Nadu",Virudhunagar,"Rajapalayam(Uzhavar Sandhai )",Mint(Pudina),Mint(Pudina),Local,28/07/2026,6000,7000,6500
"Tamil Nadu",Virudhunagar,"Sathur(Uzhavar Sandhai )","Bhindi(Ladies Finger)",Bhindi,Local,28/07/2026,3500,4000,3750
"Tamil Nadu",Virudhunagar,"Sathur(Uzhavar Sandhai )","Banana - Green","Banana - Green",Local,28/07/2026,3500,4000,3750
"Tamil Nadu",Virudhunagar,"Sathur(Uzhavar Sandhai )",Beans,"Beans (Whole)",Local,28/07/2026,8500,9000,8750
"Tamil Nadu",Virudhunagar,"Sathur(Uzhavar Sandhai )",Coconut,Coconut,Local,28/07/2026,5500,6000,5750
"Tamil Nadu",Virudhunagar,"Sathur(Uzhavar Sandhai )",Drumstick,Drumstick,Local,28/07/2026,4500,5000,4750
"Tamil Nadu",Virudhunagar,"Thalavaipuram(Uzhavar Sandhai )",Cauliflower,Ranchi,Local,28/07/2026,2500,3000,2750
"Tamil Nadu",Virudhunagar,"Thalavaipuram(Uzhavar Sandhai )",Coriander(Leaves),"I Sort",Local,28/07/2026,5000,6000,5500
"Tamil Nadu",Virudhunagar,"Thalavaipuram(Uzhavar Sandhai )",Chikoos(Sapota),Sapota,Local,28/07/2026,3000,3500,3250
"Tamil Nadu",Virudhunagar,"Thalavaipuram(Uzhavar Sandhai )","Cluster beans","Cluster Beans",Local,28/07/2026,2500,3000,2750
"Tamil Nadu",Virudhunagar,"Thalavaipuram(Uzhavar Sandhai )",Amaranthus,Amaranthus,Local,28/07/2026,2500,3000,2750
"Tamil Nadu",Virudhunagar,"Thalavaipuram(Uzhavar Sandhai )",Carrot,Pusakesar,Local,28/07/2026,5000,6000,5500
"Tamil Nadu",Virudhunagar,"Thalavaipuram(Uzhavar Sandhai )",Raddish,Raddish,Local,28/07/2026,3500,4000,3750
"Tamil Nadu",Virudhunagar,"Thalavaipuram(Uzhavar Sandhai )",Drumstick,Drumstick,Local,28/07/2026,5000,6000,5500
"Tamil Nadu",Virudhunagar,"Thalavaipuram(Uzhavar Sandhai )",Guava,"Guava Allahabad",Local,28/07/2026,3500,4000,3750
"Tamil Nadu",Virudhunagar,"Thalavaipuram(Uzhavar Sandhai )","Elephant Yam(Suran)/Amorphophallus","Elephant Yam (Suran)",Local,28/07/2026,4500,5000,4750
"Tamil Nadu",Virudhunagar,"Thalavaipuram(Uzhavar Sandhai )",Yam(Ratalu),"Yam (Ratalu)",Local,28/07/2026,8000,10000,9000
"Tamil Nadu",Virudhunagar,"Thalavaipuram(Uzhavar Sandhai )",Mint(Pudina),Mint(Pudina),Local,28/07/2026,6000,7000,6500
"Tamil Nadu",Chengalpattu,"Nanganallur(Uzhavar Sandhai )",Orange,Darjeeling,Local,28/07/2026,11000,12000,11500
"Tamil Nadu",Chengalpattu,"Nanganallur(Uzhavar Sandhai )",Pineapple,"Pine Apple",Local,28/07/2026,5500,6000,5750
"Tamil Nadu",Chengalpattu,"Nanganallur(Uzhavar Sandhai )",Garlic,Garlic,Local,28/07/2026,19000,20000,19500
"Tamil Nadu",Chengalpattu,"Nanganallur(Uzhavar Sandhai )",Coriander(Leaves),"I Sort",Local,28/07/2026,3500,4000,3750
"Tamil Nadu",Chengalpattu,"Nanganallur(Uzhavar Sandhai )",Amaranthus,Amaranthus,Local,28/07/2026,2000,2500,2250
"Tamil Nadu",Chengalpattu,"Nanganallur(Uzhavar Sandhai )",Coconut,Coconut,Local,28/07/2026,6500,7000,6750
"Tamil Nadu",Chengalpattu,"Nanganallur(Uzhavar Sandhai )","Sweet Potato","Hosur Red",Local,28/07/2026,5500,6000,5750
"Tamil Nadu",Chengalpattu,"Nanganallur(Uzhavar Sandhai )",Carrot,Pusakesar,Local,28/07/2026,9000,10000,9500
"Tamil Nadu",Chengalpattu,"Nanganallur(Uzhavar Sandhai )",Marigold(Calcutta),Marigold(Calcutta),Local,28/07/2026,31000,32000,31500
"Tamil Nadu",Chengalpattu,"Nanganallur(Uzhavar Sandhai )",Mint(Pudina),Mint(Pudina),Local,28/07/2026,3500,4000,3750
"Tamil Nadu",Chengalpattu,"Pallavaram(Uzhavar Sandhai )","Green Peas","Green Peas",Local,28/07/2026,17000,19000,18000
"Tamil Nadu",Chengalpattu,"Pallavaram(Uzhavar Sandhai )","Bottle gourd","Bottle Gourd",Local,28/07/2026,3500,4000,3750
"Tamil Nadu",Chengalpattu,"Pallavaram(Uzhavar Sandhai )",Ashgourd,Gouard,Local,28/07/2026,2200,2500,2350
"Tamil Nadu",Chengalpattu,"Pallavaram(Uzhavar Sandhai )","Green Chilli","Green Chilly",Local,28/07/2026,5000,6000,5500
"Tamil Nadu",Chengalpattu,"Pallavaram(Uzhavar Sandhai )","Banana - Green","Banana - Green",Local,28/07/2026,3500,4000,3750
"Tamil Nadu",Chengalpattu,"Pallavaram(Uzhavar Sandhai )",Beans,"Beans (Whole)",Local,28/07/2026,8000,10000,9000
"Tamil Nadu",Chengalpattu,"Pallavaram(Uzhavar Sandhai )",Coconut,Coconut,Local,28/07/2026,6000,7000,6500
"Tamil Nadu",Chengalpattu,"Pallavaram(Uzhavar Sandhai )","Sweet Potato","Hosur Red",Local,28/07/2026,5000,6000,5500
"Tamil Nadu",Chengalpattu,"Pallavaram(Uzhavar Sandhai )",Yam(Ratalu),"Yam (Ratalu)",Local,28/07/2026,5000,6000,5500
"Tamil Nadu",Chengalpattu,"Pallavaram(Uzhavar Sandhai )","Indian Beans(Seam)","Indian Beans (Seam)",Local,28/07/2026,10000,12000,11000
"Tamil Nadu",Chengalpattu,"Pallavaram(Uzhavar Sandhai )",Colacasia,Colacasia,Local,28/07/2026,4000,5000,4500
"Tamil Nadu",Chengalpattu,"Pallavaram(Uzhavar Sandhai )","Amla(Nelli Kai)",Amla,Local,28/07/2026,10000,12000,11000
"Tamil Nadu","Nagercoil (Kannyiakumari)","Myladi(Uzhavar Sandhai )","Bitter gourd","Bitter Gourd",Local,28/07/2026,7000,8000,7500
"Tamil Nadu","Nagercoil (Kannyiakumari)","Myladi(Uzhavar Sandhai )",Ashgourd,Gouard,Local,28/07/2026,2200,2500,2350
"Tamil Nadu","Nagercoil (Kannyiakumari)","Myladi(Uzhavar Sandhai )","Green Chilli","Green Chilly",Local,28/07/2026,5500,6000,5750
"Tamil Nadu","Nagercoil (Kannyiakumari)","Myladi(Uzhavar Sandhai )",Beetroot,Beetroot,Local,28/07/2026,5000,5500,5250
"Tamil Nadu","Nagercoil (Kannyiakumari)","Myladi(Uzhavar Sandhai )",Mango(Raw-Ripe),"Mango - Raw-Ripe",Local,28/07/2026,4000,4500,4250
"Tamil Nadu","Nagercoil (Kannyiakumari)","Myladi(Uzhavar Sandhai )","Elephant Yam(Suran)/Amorphophallus","Elephant Yam (Suran)",Local,28/07/2026,4500,5000,4750
"Tamil Nadu",Chengalpattu,"Jameenrayapettai(Uzhavar Sandhai )",Banana,"Red Banana",Local,28/07/2026,7000,8000,7500
"Tamil Nadu",Chengalpattu,"Jameenrayapettai(Uzhavar Sandhai )",Mango,Neelam,Local,28/07/2026,5000,6000,5500
"Tamil Nadu",Chengalpattu,"Jameenrayapettai(Uzhavar Sandhai )",Onion,Bellary,Local,28/07/2026,3500,4000,3750
"Tamil Nadu",Chengalpattu,"Jameenrayapettai(Uzhavar Sandhai )",Brinjal,Round,Local,28/07/2026,3500,4000,3750
"Tamil Nadu",Chengalpattu,"Jameenrayapettai(Uzhavar Sandhai )",Tapioca,Tapioca,Local,28/07/2026,3500,4000,3750
"Tamil Nadu",Chengalpattu,"Jameenrayapettai(Uzhavar Sandhai )",Beetroot,Beetroot,Local,28/07/2026,4000,5000,4500
"Tamil Nadu",Chengalpattu,"Jameenrayapettai(Uzhavar Sandhai )",Cucumbar(Kheera),Cucumbar,Local,28/07/2026,5000,6000,5500
"Tamil Nadu",Chengalpattu,"Jameenrayapettai(Uzhavar Sandhai )",Raddish,Raddish,Local,28/07/2026,4000,5000,4500
"Tamil Nadu",Chengalpattu,"Jameenrayapettai(Uzhavar Sandhai )",Guava,"Guava Allahabad",Local,28/07/2026,5000,6000,5500
"Tamil Nadu",Chengalpattu,"Jameenrayapettai(Uzhavar Sandhai )",Pomegranate,Pomogranate,Local,28/07/2026,20000,22000,21000
"Tamil Nadu",Chengalpattu,"Jameenrayapettai(Uzhavar Sandhai )","Onion Green","Onion Green",Local,28/07/2026,6000,7000,6500
"Tamil Nadu",Chengalpattu,"Guduvancheri(Uzhavar Sandhai )",Potato,Other,Local,28/07/2026,2500,3000,2750
"Tamil Nadu",Chengalpattu,"Guduvancheri(Uzhavar Sandhai )",Ashgourd,Gouard,Local,28/07/2026,2000,2500,2250
"Tamil Nadu",Chengalpattu,"Guduvancheri(Uzhavar Sandhai )",Tapioca,Tapioca,Local,28/07/2026,3500,4000,3750
"Tamil Nadu",Chengalpattu,"Guduvancheri(Uzhavar Sandhai )",Snakeguard,Snakeguard,Local,28/07/2026,4000,5000,4500
"Tamil Nadu",Chengalpattu,"Guduvancheri(Uzhavar Sandhai )",Capsicum,Capsicum,Local,28/07/2026,6000,7000,6500
"Tamil Nadu",Chengalpattu,"Guduvancheri(Uzhavar Sandhai )",Pomegranate,Pomogranate,Local,28/07/2026,21000,22000,21500
"Tamil Nadu",Thirupur,"Dharapuram(Uzhavar Sandhai )",Groundnut,"Big (With Shell)",Local,28/07/2026,6000,6000,6000
"Tamil Nadu",Thirupur,"Dharapuram(Uzhavar Sandhai )",Cauliflower,Ranchi,Local,28/07/2026,3400,3400,3400
"Tamil Nadu",Thirupur,"Dharapuram(Uzhavar Sandhai )",Tomato,Deshi,Local,28/07/2026,2000,2000,2000
"Tamil Nadu",Thirupur,"Dharapuram(Uzhavar Sandhai )","Cluster beans","Cluster Beans",Local,28/07/2026,4200,4200,4200
"Tamil Nadu",Thirupur,"Dharapuram(Uzhavar Sandhai )",Amaranthus,Amaranthus,Local,28/07/2026,2500,2500,2500
"Tamil Nadu",Thirupur,"Dharapuram(Uzhavar Sandhai )",Ginger(Green),"Green Ginger",Local,28/07/2026,18700,18700,18700
"Tamil Nadu",Thirupur,"Dharapuram(Uzhavar Sandhai )",Guava,"Guava Allahabad",Local,28/07/2026,4500,4500,4500
"Tamil Nadu",Thirupur,"Palladam(Uzhavar Sandhai )",Papaya,Papaya,Local,28/07/2026,2000,2500,2250
"Tamil Nadu",Thirupur,"Palladam(Uzhavar Sandhai )",Banana,Poovan,Local,28/07/2026,3000,4000,3500
"Tamil Nadu",Thirupur,"Palladam(Uzhavar Sandhai )",Potato,Other,Local,28/07/2026,2500,3000,2750
"Tamil Nadu",Thirupur,"Palladam(Uzhavar Sandhai )",Tomato,Local,Local,28/07/2026,1500,2000,1750
"Tamil Nadu",Thirupur,"Palladam(Uzhavar Sandhai )",Pumpkin,Pumpkin,Local,28/07/2026,1500,2000,1750
"Tamil Nadu",Thirupur,"Palladam(Uzhavar Sandhai )",Amaranthus,Amaranthus,Local,28/07/2026,2500,3000,2750
"Tamil Nadu",Thirupur,"Palladam(Uzhavar Sandhai )",Coconut,Coconut,Local,28/07/2026,4500,5000,4750
"Tamil Nadu",Thirupur,"Palladam(Uzhavar Sandhai )",Ridgeguard(Tori),Ridgeguard(Tori),Local,28/07/2026,4000,5000,4500
"Tamil Nadu",Thirupur,"Palladam(Uzhavar Sandhai )",Mint(Pudina),Mint(Pudina),Local,28/07/2026,2500,3000,2750
"Andhra Pradesh","YSR Kadapa","Simhadhripuram APMC",Maize,Hybrid/Local,FAQ,28/07/2026,2050,2150,2100
"Tamil Nadu",Kallakuruchi,"Kallakurichi(Uzhavar Sandhai )",Groundnut,"Big (With Shell)",Local,28/07/2026,7000,7000,7000
"Tamil Nadu",Kallakuruchi,"Kallakurichi(Uzhavar Sandhai )",Cauliflower,Ranchi,Local,28/07/2026,3000,3000,3000
"Tamil Nadu",Kallakuruchi,"Kallakurichi(Uzhavar Sandhai )",Brinjal,Other,Local,28/07/2026,6000,6000,6000
"Tamil Nadu",Kallakuruchi,"Kallakurichi(Uzhavar Sandhai )","Green Chilli","Green Chilly",Local,28/07/2026,5000,5000,5000
"Tamil Nadu",Kallakuruchi,"Kallakurichi(Uzhavar Sandhai )",Coconut,Coconut,Local,28/07/2026,6000,6000,6000
"Tamil Nadu",Kallakuruchi,"Kallakurichi(Uzhavar Sandhai )",Carrot,Pusakesar,Local,28/07/2026,10000,10000,10000
"Tamil Nadu",Kallakuruchi,"Kallakurichi(Uzhavar Sandhai )",Ridgeguard(Tori),Ridgeguard(Tori),Local,28/07/2026,6000,6000,6000
"Tamil Nadu",Kallakuruchi,"Kallakurichi(Uzhavar Sandhai )",Thondekai,Thondekai,Local,28/07/2026,5000,5000,5000
"Tamil Nadu",Kallakuruchi,"Kallakurichi(Uzhavar Sandhai )",Capsicum,Capsicum,Local,28/07/2026,5000,5000,5000
"Tamil Nadu",Kallakuruchi,"Kallakurichi(Uzhavar Sandhai )","Green Avare(W)","Green Avare (W)",Local,28/07/2026,8000,8000,8000
"Tamil Nadu",Kallakuruchi,"Kallakurichi(Uzhavar Sandhai )",Guava,"Guava Allahabad",Local,28/07/2026,5000,5000,5000
"Tamil Nadu",Kallakuruchi,"Kallakurichi(Uzhavar Sandhai )","Custard Apple(Sharifa)","Custard Apple(Sharifa)",Local,28/07/2026,5000,5000,5000
"Andhra Pradesh","Sri Sathya Sai","Dharmavaram APMC",Groundnut,Local,FAQ,28/07/2026,7000,7200,7100
"Andhra Pradesh",Krishna,"Gudiwada APMC","Black Gram Dal(Urd Dal)",Local,FAQ,28/07/2026,9000,9100,9050
"Andhra Pradesh",Eluru,"Kaikaluru APMC",Paddy(Common),MTU-1001,Local,28/07/2026,2440,2440,2440
Punjab,Gurdaspur,"Gurdaspur APMC",Guava,Other,"Grade A",28/07/2026,4000,4000,4000
Punjab,Gurdaspur,"Gurdaspur APMC",Brinjal,Other,"Grade A",28/07/2026,1800,1800,1800
"Tamil Nadu",Thirupathur,"Natrampalli(Uzhavar Sandhai )",Potato,"Red Nanital",Local,28/07/2026,3000,3500,3250
"Tamil Nadu",Thirupathur,"Natrampalli(Uzhavar Sandhai )",Amaranthus,Amaranthus,Local,28/07/2026,1500,2000,1750
"Tamil Nadu",Thirupathur,"Natrampalli(Uzhavar Sandhai )",Beetroot,Beetroot,Local,28/07/2026,5000,6000,5500
"Tamil Nadu",Thirupathur,"Natrampalli(Uzhavar Sandhai )",Raddish,Raddish,Local,28/07/2026,3000,3500,3250
"Tamil Nadu",Thirupathur,"Natrampalli(Uzhavar Sandhai )","Green Avare(W)","Green Avare (W)",Local,28/07/2026,4000,5000,4500
Punjab,Bhatinda,"Bathinda APMC",Potato,Other,"Grade B",28/07/2026,800,830,800
"Andhra Pradesh",Srikakulam,"Hiramandalam APMC",Paddy(Common),Masuri,Local,28/07/2026,2390,2390,2390
"Andhra Pradesh",Palnadu,"Ipur APMC",Maize,Local,FAQ,28/07/2026,2350,2500,2400
"Andhra Pradesh",Palnadu,"Ipur APMC",Cotton,Other,FAQ,28/07/2026,7500,7800,7600
"Andhra Pradesh",Palnadu,"Ipur APMC","Dry Chillies",Red,FAQ,28/07/2026,13500,14500,14000
"Andhra Pradesh",Bapatla,"Chirala APMC",Paddy(Common),"B. T.",Local,28/07/2026,2400,2500,2450
"Andhra Pradesh",Srikakulam,"Kanchili APMC",Paddy(Common),1001,FAQ,28/07/2026,2400,2400,2400
"Andhra Pradesh",Dr.B.R.A.Konaseema,"Ravulapalem (Kothapeta APMC)",Banana,Karpura,Local,28/07/2026,2800,3900,3700
"Andhra Pradesh",Ananthapuramu,"RAYADURG APMC",Paddy(Common),"I.R. 64","Grade Range-2",28/07/2026,3000,3600,3300
"Andhra Pradesh",Eluru,"Polavaram APMC",Paddy(Common),1001,Local,28/07/2026,2445,2445,2445
"Andhra Pradesh",NTR,"Tiruvuru APMC","Dry Chillies","Dry Chillies",Local,28/07/2026,21000,21000,21000
"Andhra Pradesh","West Godavari","Tanuku APMC",Paddy(Common),1001,Local,28/07/2026,2400,2400,2400
"Tamil Nadu",Salem,"Athur(Uzhavar Sandhai )",Brinjal,Other,Local,28/07/2026,4000,4500,4250
"Tamil Nadu",Salem,"Athur(Uzhavar Sandhai )",Tomato,Deshi,Local,28/07/2026,1500,2000,1750
"Tamil Nadu",Salem,"Athur(Uzhavar Sandhai )",Beetroot,Beetroot,Local,28/07/2026,4000,8000,6000
"Tamil Nadu",Salem,"Athur(Uzhavar Sandhai )",Ridgeguard(Tori),Ridgeguard(Tori),Local,28/07/2026,4500,5000,4750
"Tamil Nadu",Salem,"Athur(Uzhavar Sandhai )",Drumstick,Drumstick,Local,28/07/2026,5000,6000,5500
"Tamil Nadu",Salem,"Athur(Uzhavar Sandhai )","Tender Coconut","Tender Coconut",Local,28/07/2026,2500,3000,2750
"Tamil Nadu",Salem,"Athur(Uzhavar Sandhai )","Elephant Yam(Suran)/Amorphophallus","Elephant Yam (Suran)",Local,28/07/2026,2500,3000,2750
"Tamil Nadu",Salem,"Athur(Uzhavar Sandhai )",Lemon,Lemon,Local,28/07/2026,3500,4000,3750
"Tamil Nadu",Salem,"Athur(Uzhavar Sandhai )","Amla(Nelli Kai)",Amla,Local,28/07/2026,6000,7000,6500
"Tamil Nadu",Theni,"Periyakulam(Uzhavar Sandhai )","Bitter gourd",Other,Local,28/07/2026,5200,5400,5300
"Tamil Nadu",Theni,"Periyakulam(Uzhavar Sandhai )",Amaranthus,Amaranthus,Local,28/07/2026,2000,2500,2250
"Tamil Nadu",Theni,"Periyakulam(Uzhavar Sandhai )",Ginger(Green),"Green Ginger",Local,28/07/2026,10000,19000,14500
"Tamil Nadu",Theni,"Periyakulam(Uzhavar Sandhai )",Cabbage,Cabbage,Local,28/07/2026,3800,4000,3900
"Tamil Nadu",Theni,"Periyakulam(Uzhavar Sandhai )","Green Avare(W)",Other,Local,28/07/2026,7500,7800,7650
"Tamil Nadu",Theni,"Periyakulam(Uzhavar Sandhai )","Chow Chow","Chow Chow",Local,28/07/2026,3200,3400,3300
"Tamil Nadu",Virudhunagar,"Srivilliputhur(Uzhavar Sandhai )",Chikoos(Sapota),Sapota,Local,28/07/2026,3500,4000,3750
"Tamil Nadu",Virudhunagar,"Srivilliputhur(Uzhavar Sandhai )",Brinjal,Round,Local,28/07/2026,3500,4000,3750
"Tamil Nadu",Virudhunagar,"Srivilliputhur(Uzhavar Sandhai )","Green Chilli","Green Chilly",Local,28/07/2026,5000,6000,5500
"Tamil Nadu",Virudhunagar,"Srivilliputhur(Uzhavar Sandhai )",Carrot,Pusakesar,Local,28/07/2026,5000,6000,5500
"Tamil Nadu",Virudhunagar,"Srivilliputhur(Uzhavar Sandhai )",Raddish,Raddish,Local,28/07/2026,3500,4000,3750
"Tamil Nadu",Virudhunagar,"Srivilliputhur(Uzhavar Sandhai )",Drumstick,Drumstick,Local,28/07/2026,4500,5000,4750
"Tamil Nadu",Virudhunagar,"Srivilliputhur(Uzhavar Sandhai )",Mint(Pudina),Mint(Pudina),Local,28/07/2026,6000,7000,6500
"Uttar Pradesh",Badaun,"Shahaswan APMC",Banana,Amruthapani,Medium,28/07/2026,2000,2200,2100
"Uttar Pradesh",Badaun,"Shahaswan APMC",Brinjal,Brinjal,Medium,28/07/2026,1000,1100,1050
Rajasthan,Rajsamand,"Rajsamand APMC",Tomato,Tomato,FAQ,28/07/2026,2000,2500,2250
Punjab,Ludhiana,"Sahnewal APMC",Potato,Potato,FAQ,28/07/2026,840,840,840
Punjab,Sangrur,"Bhawanigarh APMC",Guava,Other,Medium,28/07/2026,4000,4500,4250
Punjab,Sangrur,"Bhawanigarh APMC","Mousambi(Sweet Lime)",Other,Medium,28/07/2026,6000,6500,6250
Punjab,Sangrur,"Bhawanigarh APMC",Apple,Apple,Medium,28/07/2026,8000,9000,8500
Punjab,Sangrur,"Bhawanigarh APMC",Orange,Other,Medium,28/07/2026,3000,3500,3250
Punjab,Sangrur,"Bhawanigarh APMC",Pear(Marasebu),Other,Local,28/07/2026,6000,6500,6250
Punjab,Sangrur,"Bhawanigarh APMC","Water Melon",Other,Medium,28/07/2026,1500,1700,1600
Punjab,Sangrur,"Bhawanigarh APMC","Bitter gourd",Other,Medium,28/07/2026,2500,2700,2600
Punjab,Sangrur,"Bhawanigarh APMC",Garlic,Other,"Grade Range-3",28/07/2026,10000,10000,10000
Punjab,Jalandhar,"Noor Mehal APMC","Bhindi(Ladies Finger)",Other,Local,28/07/2026,1900,1900,1900
Punjab,Jalandhar,"Noor Mehal APMC",Pumpkin,Other,Local,28/07/2026,1100,1100,1100
"West Bengal","Paschim Bardhaman","Durgapur APMC","Masur Dal","Masur Dal",FAQ,28/07/2026,9675,9850,9785
"West Bengal","Paschim Bardhaman","Durgapur APMC",Tomato,Hybrid,FAQ,28/07/2026,2800,3050,2950
"Tamil Nadu",Coimbatore,"Vadavalli(Uzhavar Sandhai )",Mango,Safeda,Local,28/07/2026,6500,8000,7250
"Tamil Nadu",Coimbatore,"Vadavalli(Uzhavar Sandhai )",Brinjal,Other,Local,28/07/2026,4800,5800,5300
"Tamil Nadu",Coimbatore,"Vadavalli(Uzhavar Sandhai )",Coriander(Leaves),"I Sort",Local,28/07/2026,5800,6500,6150
"Tamil Nadu",Coimbatore,"Vadavalli(Uzhavar Sandhai )","Bitter gourd",Other,Local,28/07/2026,5800,6500,6150
"Tamil Nadu",Coimbatore,"Vadavalli(Uzhavar Sandhai )",Ridgeguard(Tori),Ridgeguard(Tori),Local,28/07/2026,5200,5600,5400
"Tamil Nadu",Coimbatore,"Vadavalli(Uzhavar Sandhai )","Amla(Nelli Kai)",Amla,Local,28/07/2026,7500,8500,8000
"West Bengal",Darjeeling,"Karsiyang(Matigara) APMC","Squash(Chappal Kadoo)",Other,FAQ,28/07/2026,2400,2600,2500
Haryana,Palwal,"Hassanpur APMC",Pumpkin,Pumpkin,Local,28/07/2026,1000,1000,1000
"Uttar Pradesh",Bulandshahar,"Gulavati APMC",Pumpkin,Pumpkin,FAQ,28/07/2026,1100,1300,1200
"Uttar Pradesh",Bulandshahar,"Gulavati APMC","Bottle gourd","Bottle Gourd",FAQ,28/07/2026,1500,1700,1600
Haryana,Hissar,"Barwala(Hisar) APMC","Pea Pod/Pea Cod/हरी मटर",Other,Local,28/07/2026,8000,10000,9000
Haryana,Hissar,"Barwala(Hisar) APMC",Cucumbar(Kheera),Cucumbar,Local,28/07/2026,1200,1700,1500
Haryana,Hissar,"Barwala(Hisar) APMC",Lemon,Other,Local,28/07/2026,5000,6000,5500
Haryana,Hissar,"Barwala(Hisar) APMC",Ridgeguard(Tori),Ridgeguard(Tori),Local,28/07/2026,2000,2800,2500
Punjab,Fazilka,"Jalalabad APMC",Brinjal,Other,Medium,28/07/2026,2300,2500,2400
Punjab,Fazilka,"Jalalabad APMC","Bhindi(Ladies Finger)",Bhindi,Medium,28/07/2026,3500,3700,3600
Punjab,Fazilka,"Jalalabad APMC","Peas Wet","Peas Wet",Medium,28/07/2026,7500,7500,7500
Tripura,"South Tripura","Barpathari APMC","Bitter gourd","Bitter Gourd",Local,28/07/2026,8900,9100,9000
"Tamil Nadu",Coimbatore,"Udumalpet APMC",Papaya,Papaya,Local,28/07/2026,2500,3000,2750
"Tamil Nadu",Coimbatore,"Udumalpet APMC","Bottle gourd","Bottle Gourd",Local,28/07/2026,1500,2200,1850
"Tamil Nadu",Coimbatore,"Udumalpet APMC",Amaranthus,Amaranthus,Local,28/07/2026,2500,3000,2750
"Tamil Nadu",Coimbatore,"Udumalpet APMC","Banana - Green","Banana - Green",Local,28/07/2026,2500,3000,2750
"Tamil Nadu",Coimbatore,"Udumalpet APMC",Tapioca,Tapioca,Local,28/07/2026,3500,4000,3750
"Tamil Nadu",Coimbatore,"Udumalpet APMC",Ginger(Green),"Green Ginger",Local,28/07/2026,14000,15000,14500
"Tamil Nadu",Coimbatore,"Udumalpet APMC",Beetroot,Beetroot,Local,28/07/2026,4000,9800,6900
"Tamil Nadu",Coimbatore,"Udumalpet APMC",Cucumbar(Kheera),Cucumbar,Local,28/07/2026,4000,4500,4250
"Tamil Nadu",Coimbatore,"Udumalpet APMC","Green Avare(W)",Other,Local,28/07/2026,6000,7000,6500
"Tamil Nadu",Coimbatore,"Udumalpet APMC",Guava,"Guava Allahabad",Local,28/07/2026,5000,6000,5500
"West Bengal",Darjeeling,"Siliguri APMC","Black Gram Dal(Urd Dal)","Black Gram Dal",FAQ,28/07/2026,12000,13000,12500
"West Bengal",Darjeeling,"Siliguri APMC","Squash(Chappal Kadoo)",Other,FAQ,28/07/2026,1900,2100,2000
"West Bengal",Darjeeling,"Siliguri APMC",Ginger(Green),"Green Ginger",FAQ,28/07/2026,11000,12000,11500
"Tamil Nadu",Erode,"Gobichettipalayam(Uzhavar Sandhai )",Onion,Bellary,Local,28/07/2026,3500,4000,3750
"Tamil Nadu",Erode,"Gobichettipalayam(Uzhavar Sandhai )",Cauliflower,Ranchi,Local,28/07/2026,4000,4500,4250
"Tamil Nadu",Erode,"Gobichettipalayam(Uzhavar Sandhai )",Chikoos(Sapota),Sapota,Local,28/07/2026,3500,4000,3750
"Tamil Nadu",Erode,"Gobichettipalayam(Uzhavar Sandhai )",Tomato,Deshi,Local,28/07/2026,1800,2000,1900
"Tamil Nadu",Erode,"Gobichettipalayam(Uzhavar Sandhai )","Bottle gourd","Bottle Gourd",Local,28/07/2026,1800,2000,1900
"Tamil Nadu",Erode,"Gobichettipalayam(Uzhavar Sandhai )",Ashgourd,Gouard,Local,28/07/2026,2500,3000,2750
"Tamil Nadu",Erode,"Gobichettipalayam(Uzhavar Sandhai )",Ginger(Green),"Green Ginger",Local,28/07/2026,14500,15000,14750
"Tamil Nadu",Erode,"Gobichettipalayam(Uzhavar Sandhai )",Carrot,Pusakesar,Local,28/07/2026,8000,8500,8250
"Tamil Nadu",Erode,"Gobichettipalayam(Uzhavar Sandhai )",Snakeguard,Snakeguard,Local,28/07/2026,3600,3800,3700
"Tamil Nadu",Erode,"Gobichettipalayam(Uzhavar Sandhai )",Beetroot,Beetroot,Local,28/07/2026,8000,8500,8250
"Tamil Nadu",Erode,"Gobichettipalayam(Uzhavar Sandhai )","Onion Green","Onion Green",Local,28/07/2026,5000,5500,5250
"Himachal Pradesh",Shimla,"SMY Rohroo","Water Melon",Other,"Grade B",28/07/2026,3800,4000,3900
"Himachal Pradesh",Shimla,"SMY Rohroo","Bitter gourd",Other,"Grade B",28/07/2026,3000,3500,3250
"Himachal Pradesh",Shimla,"SMY Rohroo",Papaya,Other,"Grade B",28/07/2026,5000,5500,5250
"Himachal Pradesh",Shimla,"SMY Rohroo",Cucumbar(Kheera),Cucumbar,"Grade B",28/07/2026,3500,4000,3800
"Himachal Pradesh",Shimla,"SMY Rohroo",Lemon,Lemon,"Grade B",28/07/2026,9000,10000,9500
"Andhra Pradesh",Kakinada,"Samalkot APMC",Paddy(Common),Paddy,FAQ,28/07/2026,2369,2390,2369
"Tamil Nadu",Pudukkottai,"Ponnamaravathi(Uzhavar Sandhai)",Onion,Bellary,Local,28/07/2026,4500,5000,4750
"Tamil Nadu",Pudukkottai,"Ponnamaravathi(Uzhavar Sandhai)",Coriander(Leaves),"I Sort",Local,28/07/2026,4500,5000,4750
"Tamil Nadu",Pudukkottai,"Ponnamaravathi(Uzhavar Sandhai)","Bottle gourd","Bottle Gourd",Local,28/07/2026,1500,2000,1750
"Tamil Nadu",Pudukkottai,"Ponnamaravathi(Uzhavar Sandhai)",Pumpkin,Pumpkin,Local,28/07/2026,1000,1500,1250
"Tamil Nadu",Pudukkottai,"Ponnamaravathi(Uzhavar Sandhai)","Banana - Green","Banana - Green",Local,28/07/2026,2500,3000,2750
"Tamil Nadu",Pudukkottai,"Ponnamaravathi(Uzhavar Sandhai)","Jack Fruit(Ripe)","Jack Fruit",Local,28/07/2026,1500,2000,1750
"Tamil Nadu",Nagapattinam,"Mayiladuthurai(Uzhavar Sandhai )","Bitter gourd","Bitter Gourd",Local,28/07/2026,5000,6000,5500
"Tamil Nadu",Nagapattinam,"Mayiladuthurai(Uzhavar Sandhai )","Banana - Green","Banana - Green",Local,28/07/2026,3000,3500,3250
"Tamil Nadu",Nagapattinam,"Mayiladuthurai(Uzhavar Sandhai )",Snakeguard,Snakeguard,Local,28/07/2026,4500,5000,4750
"Tamil Nadu",Nagapattinam,"Mayiladuthurai(Uzhavar Sandhai )",Ridgeguard(Tori),Ridgeguard(Tori),Local,28/07/2026,5000,6000,5500
"Tamil Nadu",Nagapattinam,"Mayiladuthurai(Uzhavar Sandhai )","Chow Chow","Chow Chow",Local,28/07/2026,4000,4000,4000
"Tamil Nadu",Nagapattinam,"Mayiladuthurai(Uzhavar Sandhai )",Lime,Lime,Local,28/07/2026,3500,4000,3750
"Tamil Nadu",Nagapattinam,"Mayiladuthurai(Uzhavar Sandhai )","Tender Coconut","Tender Coconut",Local,28/07/2026,2000,2500,2250
"Tamil Nadu",Nagapattinam,"Mayiladuthurai(Uzhavar Sandhai )",Yam(Ratalu),"Yam (Ratalu)",Local,28/07/2026,8000,9000,8500
"Tamil Nadu",Pudukkottai,"Viralimalai(Uzhavar Sandhai )",Brinjal,Round,Local,28/07/2026,6500,7000,6750
"Tamil Nadu",Pudukkottai,"Viralimalai(Uzhavar Sandhai )",Coriander(Leaves),"I Sort",Local,28/07/2026,4500,5000,4750
"Tamil Nadu",Pudukkottai,"Viralimalai(Uzhavar Sandhai )","Bitter gourd","Bitter Gourd",Local,28/07/2026,9000,10000,9500
"Tamil Nadu",Pudukkottai,"Viralimalai(Uzhavar Sandhai )",Coconut,Coconut,Local,28/07/2026,3500,4000,3750
"Tamil Nadu",Pudukkottai,"Viralimalai(Uzhavar Sandhai )",Raddish,Raddish,Local,28/07/2026,3500,4000,3750
"Tamil Nadu",Pudukkottai,"Viralimalai(Uzhavar Sandhai )",Mango(Raw-Ripe),"Mango - Raw-Ripe",Local,28/07/2026,3500,4000,3750
"Tamil Nadu",Ramanathapuram,"Kamuthi(Uzhavar Sandhai )",Tomato,Deshi,Local,28/07/2026,3000,3200,3100
"Tamil Nadu",Ramanathapuram,"Kamuthi(Uzhavar Sandhai )",Amaranthus,Amaranthus,Local,28/07/2026,4000,4400,4200
"Tamil Nadu",Ramanathapuram,"Paramakudi(Uzhavar Sandhai )",Soyabean,Local,Local,28/07/2026,9000,10000,9500
"Tamil Nadu",Ramanathapuram,"Paramakudi(Uzhavar Sandhai )","Bitter gourd","Bitter Gourd",Local,28/07/2026,6000,6200,6100
"Tamil Nadu",Ramanathapuram,"Paramakudi(Uzhavar Sandhai )","Bottle gourd","Bottle Gourd",Local,28/07/2026,1800,2000,1900
"Tamil Nadu",Ramanathapuram,"Paramakudi(Uzhavar Sandhai )","Bhindi(Ladies Finger)",Bhindi,Local,28/07/2026,4500,5000,4750
"Tamil Nadu",Ramanathapuram,"Paramakudi(Uzhavar Sandhai )",Ginger(Green),"Green Ginger",Local,28/07/2026,15000,15500,15250
"Tamil Nadu",Ramanathapuram,"Paramakudi(Uzhavar Sandhai )",Cabbage,Cabbage,Local,28/07/2026,3800,4000,3900
"Tamil Nadu",Ramanathapuram,"Paramakudi(Uzhavar Sandhai )",Snakeguard,Snakeguard,Local,28/07/2026,4500,4800,4650
"Tamil Nadu",Ramanathapuram,"Paramakudi(Uzhavar Sandhai )",Drumstick,Drumstick,Local,28/07/2026,6500,7000,6750
"Tamil Nadu",Ramanathapuram,"Paramakudi(Uzhavar Sandhai )",Jasmine,Jasmine,Local,28/07/2026,55000,60000,57500
"Tamil Nadu",Ramanathapuram,"Paramakudi(Uzhavar Sandhai )",Yam(Ratalu),"Yam (Ratalu)",Local,28/07/2026,6500,7000,6750
"Tamil Nadu",Ramanathapuram,"Paramakudi(Uzhavar Sandhai )",Lemon,Lemon,Local,28/07/2026,9000,10000,9500
"Tamil Nadu",Ramanathapuram,"Ramanathapuram(Uzhavar Sandhai )",Brinjal,Round,Local,28/07/2026,5500,6000,5750
"Tamil Nadu",Ramanathapuram,"Ramanathapuram(Uzhavar Sandhai )",Coriander(Leaves),"I Sort",Local,28/07/2026,8500,9000,8750
"Tamil Nadu",Ramanathapuram,"Ramanathapuram(Uzhavar Sandhai )","Bitter gourd","Bitter Gourd",Local,28/07/2026,5500,6000,5750
"Tamil Nadu",Ramanathapuram,"Ramanathapuram(Uzhavar Sandhai )",Ashgourd,Gouard,Local,28/07/2026,2200,2500,2350
"Tamil Nadu",Ramanathapuram,"Ramanathapuram(Uzhavar Sandhai )","Bhindi(Ladies Finger)",Bhindi,Local,28/07/2026,5500,6000,5750
"Tamil Nadu",Ramanathapuram,"Ramanathapuram(Uzhavar Sandhai )","Green Chilli","Green Chilly",Local,28/07/2026,7000,7500,7250
"Tamil Nadu",Ramanathapuram,"Ramanathapuram(Uzhavar Sandhai )",Snakeguard,Snakeguard,Local,28/07/2026,5500,6000,5750
"Tamil Nadu",Ramanathapuram,"Ramanathapuram(Uzhavar Sandhai )","Chow Chow","Chow Chow",Local,28/07/2026,4200,4500,4350
"Tamil Nadu",Ramanathapuram,"Ramanathapuram(Uzhavar Sandhai )","Knool Khol","Knool Khol",Local,28/07/2026,5500,6000,5750
"Tamil Nadu",Ramanathapuram,"Ramanathapuram(Uzhavar Sandhai )","Tender Coconut","Tender Coconut",Local,28/07/2026,6000,6500,6250
"Tamil Nadu",Ramanathapuram,"Ramanathapuram(Uzhavar Sandhai )",Marigold(Calcutta),Marigold(Calcutta),Local,28/07/2026,13000,13500,13250
"Tamil Nadu",Ramanathapuram,"Ramanathapuram(Uzhavar Sandhai )",Colacasia,Colacasia,Local,28/07/2026,7000,7500,7250
"Tamil Nadu",Pudukkottai,"Alangudi(Uzhavar Sandhai )",Potato,Other,Local,28/07/2026,6000,7000,6500
"Tamil Nadu",Pudukkottai,"Alangudi(Uzhavar Sandhai )",Ashgourd,Gouard,Local,28/07/2026,1000,1500,1250
"Tamil Nadu",Pudukkottai,"Alangudi(Uzhavar Sandhai )","Bhindi(Ladies Finger)",Bhindi,Local,28/07/2026,3500,4000,3750
"Tamil Nadu",Pudukkottai,"Alangudi(Uzhavar Sandhai )","Green Chilli","Green Chilly",Local,28/07/2026,4500,5000,4750
"Tamil Nadu",Pudukkottai,"Alangudi(Uzhavar Sandhai )",Raddish,Raddish,Local,28/07/2026,3500,4000,3750
"Tamil Nadu",Pudukkottai,"Alangudi(Uzhavar Sandhai )","Green Avare(W)",Other,Local,28/07/2026,6000,7000,6500
"Tamil Nadu",Thiruvannamalai,"Arani(Uzhavar Sandhai )",Potato,"Red Nanital",Local,28/07/2026,3500,4200,3850
"Tamil Nadu",Thiruvannamalai,"Arani(Uzhavar Sandhai )",Garlic,Garlic,Local,28/07/2026,20000,24000,22000
"Tamil Nadu",Thiruvannamalai,"Arani(Uzhavar Sandhai )","Cluster beans","Cluster Beans",Local,28/07/2026,4000,4800,4400
"Tamil Nadu",Thiruvannamalai,"Arani(Uzhavar Sandhai )","Green Chilli","Green Chilly",Local,28/07/2026,5000,6000,5500
"Tamil Nadu",Thiruvannamalai,"Arani(Uzhavar Sandhai )",Ginger(Green),"Green Ginger",Local,28/07/2026,22000,25000,23500
"Tamil Nadu",Thiruvannamalai,"Arani(Uzhavar Sandhai )",Beetroot,Beetroot,Local,28/07/2026,4000,4800,4400
"Tamil Nadu",Thiruvannamalai,"Arani(Uzhavar Sandhai )",Raddish,Raddish,Local,28/07/2026,2500,3000,2750
"Tamil Nadu",Thiruvannamalai,"Arani(Uzhavar Sandhai )",Mango(Raw-Ripe),"Mango - Raw-Ripe",Local,28/07/2026,2000,2400,2200
"Tamil Nadu",Thiruvannamalai,"Arani(Uzhavar Sandhai )",Lemon,Lemon,Local,28/07/2026,10000,12000,11000
"Tamil Nadu",Thiruvannamalai,"Polur(Uzhavar Sandhai )",Coriander(Leaves),"I Sort",Local,28/07/2026,4200,5000,4600
"Tamil Nadu",Thiruvannamalai,"Polur(Uzhavar Sandhai )","Cluster beans","Cluster Beans",Local,28/07/2026,4000,4800,4400
"Tamil Nadu",Thiruvannamalai,"Polur(Uzhavar Sandhai )",Cucumbar(Kheera),Cucumbar,Local,28/07/2026,3300,4000,3650
"Tamil Nadu",Thiruvannamalai,"Polur(Uzhavar Sandhai )","Chow Chow","Chow Chow",Local,28/07/2026,4000,4800,4400
"Tamil Nadu",Thiruvannamalai,"Polur(Uzhavar Sandhai )","Tender Coconut","Tender Coconut",Local,28/07/2026,1500,2000,1750
"Tamil Nadu",Thiruvannamalai,"Tiruvannamalai(Uzhavar Sandhai )",Apple,American,Local,28/07/2026,20000,24000,22000
"Tamil Nadu",Thiruvannamalai,"Tiruvannamalai(Uzhavar Sandhai )",Garlic,Garlic,Local,28/07/2026,25000,28000,26500
"Tamil Nadu",Thiruvannamalai,"Tiruvannamalai(Uzhavar Sandhai )","Mousambi(Sweet Lime)",Mousambi,Local,28/07/2026,7000,8000,7500
"Tamil Nadu",Thiruvannamalai,"Tiruvannamalai(Uzhavar Sandhai )",Brinjal,Round,Local,28/07/2026,6400,7200,6800
"Tamil Nadu",Thiruvannamalai,"Tiruvannamalai(Uzhavar Sandhai )",Coriander(Leaves),"I Sort",Local,28/07/2026,7000,8000,7500
"Tamil Nadu",Thiruvannamalai,"Tiruvannamalai(Uzhavar Sandhai )","Bottle gourd","Bottle Gourd",Local,28/07/2026,2000,2500,2250
"Tamil Nadu",Thiruvannamalai,"Tiruvannamalai(Uzhavar Sandhai )",Cabbage,Cabbage,Local,28/07/2026,3500,4000,3750
"Tamil Nadu",Thiruvannamalai,"Tiruvannamalai(Uzhavar Sandhai )",Lime,Lime,Local,28/07/2026,3500,4000,3750
"Tamil Nadu",Thiruvannamalai,"Tiruvannamalai(Uzhavar Sandhai )",Pomegranate,Pomogranate,Local,28/07/2026,18000,20000,19000
"Tamil Nadu",Thiruvannamalai,"Tiruvannamalai(Uzhavar Sandhai )","Tender Coconut","Tender Coconut",Local,28/07/2026,2500,3000,2750
"Tamil Nadu",Thiruvannamalai,"Tiruvannamalai(Uzhavar Sandhai )",Marigold(Calcutta),Marigold(Calcutta),Local,28/07/2026,30000,35000,32500
"Tamil Nadu",Thiruvannamalai,"Tiruvannamalai(Uzhavar Sandhai )",Colacasia,Colacasia,Local,28/07/2026,3600,4000,3800
"Tamil Nadu",Thiruvannamalai,"Tiruvannamalai(Uzhavar Sandhai )","Amla(Nelli Kai)",Amla,Local,28/07/2026,8000,10000,9000
"Tamil Nadu",Thiruvellore,"Ambattur(Uzhavar Sandhai )",Potato,"Red Nanital",Local,28/07/2026,4000,4000,4000
"Tamil Nadu",Thiruvellore,"Perambakkam(Uzhavar Sandhai )",Onion,Bellary,Local,28/07/2026,3000,3000,3000
"Tamil Nadu",Thiruvellore,"Perambakkam(Uzhavar Sandhai )",Tomato,Deshi,Local,28/07/2026,2500,2500,2500
"Tamil Nadu",Thiruvellore,"Perambakkam(Uzhavar Sandhai )",Amaranthus,Amaranthus,Local,28/07/2026,3000,3000,3000
"Tamil Nadu",Thiruvellore,"Perambakkam(Uzhavar Sandhai )",Marigold(Calcutta),Marigold(Calcutta),Local,28/07/2026,24000,24000,24000
"Tamil Nadu",Thiruvellore,"Perambakkam(Uzhavar Sandhai )",Rose(Local),"Rose (Local)",Local,28/07/2026,9000,9000,9000
"Tamil Nadu",Tuticorin,"Kovilpatti(Uzhavar Sandhai )",Banana,Other,Local,28/07/2026,2500,3000,2750
"Tamil Nadu",Tuticorin,"Kovilpatti(Uzhavar Sandhai )","Bottle gourd","Bottle Gourd",Local,28/07/2026,2500,3000,2750
"Tamil Nadu",Tuticorin,"Kovilpatti(Uzhavar Sandhai )",Carrot,Pusakesar,Local,28/07/2026,8500,9000,8750
"Tamil Nadu",Tuticorin,"Kovilpatti(Uzhavar Sandhai )",Thondekai,Thondekai,Local,28/07/2026,5000,5500,5250
"Tamil Nadu",Tuticorin,"Kovilpatti(Uzhavar Sandhai )","Chow Chow","Chow Chow",Local,28/07/2026,4000,4500,4250
"Tamil Nadu",Tuticorin,"Kovilpatti(Uzhavar Sandhai )",Mango(Raw-Ripe),"Mango - Raw-Ripe",Local,28/07/2026,4000,4500,4250
"Tamil Nadu",Vellore,"Gudiyatham(Uzhavar Sandhai )",Papaya,Papaya,Local,28/07/2026,3000,3000,3000
"Tamil Nadu",Vellore,"Gudiyatham(Uzhavar Sandhai )",Groundnut,"Big (With Shell)",Local,28/07/2026,7600,7600,7600
"Tamil Nadu",Vellore,"Gudiyatham(Uzhavar Sandhai )",Mango,Neelam,Local,28/07/2026,3500,4000,3750
"Tamil Nadu",Vellore,"Gudiyatham(Uzhavar Sandhai )","Chili Red",Bold,Local,28/07/2026,20000,20000,20000
"Tamil Nadu",Vellore,"Gudiyatham(Uzhavar Sandhai )",Brinjal,Other,Local,28/07/2026,5000,5000,5000
"Tamil Nadu",Vellore,"Gudiyatham(Uzhavar Sandhai )",Tomato,Deshi,Local,28/07/2026,1400,1600,1500
"Tamil Nadu",Vellore,"Gudiyatham(Uzhavar Sandhai )","Cluster beans","Cluster Beans",Local,28/07/2026,4600,4600,4600
"Tamil Nadu",Vellore,"Gudiyatham(Uzhavar Sandhai )",Pumpkin,Pumpkin,Local,28/07/2026,2400,2400,2400
"Tamil Nadu",Vellore,"Gudiyatham(Uzhavar Sandhai )","Sweet Potato","Hosur Red",Local,28/07/2026,3600,3600,3600
"Tamil Nadu",Vellore,"Gudiyatham(Uzhavar Sandhai )",Beetroot,Beetroot,Local,28/07/2026,4600,4600,4600
"Tamil Nadu",Vellore,"Gudiyatham(Uzhavar Sandhai )","Green Avare(W)","Green Avare (W)",Local,28/07/2026,5000,5000,5000
"Tamil Nadu",Vellore,"Gudiyatham(Uzhavar Sandhai )",Mango(Raw-Ripe),"Mango - Raw-Ripe",Local,28/07/2026,2500,2500,2500
"Tamil Nadu",Vellore,"Gudiyatham(Uzhavar Sandhai )","Knool Khol","Knool Khol",Local,28/07/2026,5600,5600,5600
"Tamil Nadu",Vellore,"Gudiyatham(Uzhavar Sandhai )",Colacasia,Colacasia,Local,28/07/2026,4500,4500,4500
"Tamil Nadu",Vellore,"Gudiyatham(Uzhavar Sandhai )","Onion Green","Onion Green",Local,28/07/2026,6000,6000,6000
"Tamil Nadu",Vellore,"Kahithapattarai(Uzhavar Sandhai )",Garlic,Garlic,Local,28/07/2026,22000,22000,22000
"Tamil Nadu",Vellore,"Kahithapattarai(Uzhavar Sandhai )",Coriander(Leaves),"I Sort",Local,28/07/2026,3500,3500,3500
"Tamil Nadu",Vellore,"Kahithapattarai(Uzhavar Sandhai )",Ashgourd,Gouard,Local,28/07/2026,2500,2500,2500
"Tamil Nadu",Vellore,"Kahithapattarai(Uzhavar Sandhai )",Pumpkin,Pumpkin,Local,28/07/2026,2500,2500,2500
"Tamil Nadu",Vellore,"Kahithapattarai(Uzhavar Sandhai )",Coconut,Coconut,Local,28/07/2026,2500,2500,2500
"Tamil Nadu",Vellore,"Kahithapattarai(Uzhavar Sandhai )",Cabbage,Cabbage,Local,28/07/2026,4000,4000,4000
"Tamil Nadu",Vellore,"Kahithapattarai(Uzhavar Sandhai )",Snakeguard,Snakeguard,Local,28/07/2026,2500,2500,2500
"Tamil Nadu",Vellore,"Kahithapattarai(Uzhavar Sandhai )",Ridgeguard(Tori),Ridgeguard(Tori),Local,28/07/2026,3500,4500,4000
"Tamil Nadu",Vellore,"Kahithapattarai(Uzhavar Sandhai )",Capsicum,Capsicum,Local,28/07/2026,6000,8000,7000
"Tamil Nadu",Vellore,"Kahithapattarai(Uzhavar Sandhai )","Chow Chow","Chow Chow",Local,28/07/2026,3000,3000,3000
"Tamil Nadu",Vellore,"Kahithapattarai(Uzhavar Sandhai )","Knool Khol","Knool Khol",Local,28/07/2026,4500,4500,4500
"Tamil Nadu",Vellore,"Kahithapattarai(Uzhavar Sandhai )",Rose(Local),"Rose (Local)",Local,28/07/2026,15000,17000,16000
"Andhra Pradesh",Prakasam,"Darsi APMC",Paddy(Common),"B P T",Local,28/07/2026,2350,2400,2400
"Andhra Pradesh",Palnadu,"Narasaraopet APMC","Red gram/Arhar/Tur(whole)",Desi(Whole),FAQ,28/07/2026,8000,8000,8000
"Andhra Pradesh",Palnadu,"Narasaraopet APMC","Black Gram(Urd Beans)(Whole)","Black Gram (Whole)",FAQ,28/07/2026,9000,9000,9000
"Andhra Pradesh",Krishna,"Gudlavalleru APMC","Black Gram Dal(Urd Dal)","Black Gram Dal",FAQ,28/07/2026,9600,9600,9600
Haryana,Rewari,"Rewari APMC",Onion,Medium,Medium,28/07/2026,1500,3500,2500
Haryana,Rewari,"Rewari APMC",Potato,Other,Medium,28/07/2026,800,1600,1200
Punjab,Hoshiarpur,"Mukerian APMC",Papaya,Papaya,"Grade B",28/07/2026,2000,3000,2500
Punjab,Hoshiarpur,"Mukerian APMC",Potato,Potato,Local,28/07/2026,1100,1300,1200
Punjab,Hoshiarpur,"Mukerian APMC",Banana,Medium,"Grade B",28/07/2026,2900,3700,3300
Rajasthan,Churu,"Churu APMC",Potato,"Red Nanital",FAQ,28/07/2026,900,1100,1000
Punjab,Ludhiana,"Ludhiana APMC",Mango,Other,Medium,28/07/2026,2000,5500,3000
Punjab,Ludhiana,"Ludhiana APMC",Guava,Other,Medium,28/07/2026,2000,5500,3000
Punjab,Ludhiana,"Ludhiana APMC",Lemon,Other,FAQ,28/07/2026,2800,3500,3000
Punjab,Ludhiana,"Ludhiana APMC",Coriander(Leaves),Other,FAQ,28/07/2026,5000,8000,6000
Odisha,Dhenkanal,"Hindol APMC","Bitter gourd","Bitter Gourd","Grade B",28/07/2026,4700,5000,4800
Odisha,Dhenkanal,"Hindol APMC",Potato,Potato,"Grade B",28/07/2026,1400,1600,1500
Odisha,Dhenkanal,"Hindol APMC",Snakeguard,Other,"Grade B",28/07/2026,3500,4000,3800
"Andaman and Nicobar","North and Middle Andaman ","Diglipur Vegetable Market (Subhashgram)",Cucumbar(Kheera),Other,FAQ,28/07/2026,2000,4000,3000
"Andaman and Nicobar","North and Middle Andaman ","Diglipur Vegetable Market (Subhashgram)",Ridgeguard(Tori),Other,FAQ,28/07/2026,3000,6000,4500
Keralam,Kottayam,"Pampady Market",Ashgourd,Ashgourd,FAQ,28/07/2026,2500,3600,3000
Keralam,Kottayam,"Pampady Market",Mango(Raw-Ripe),"Mango - Raw-Ripe",FAQ,28/07/2026,4500,5500,5000
Keralam,Kottayam,"Pampady Market","Bitter gourd","Bitter Gourd",FAQ,28/07/2026,6000,7000,6500
Keralam,Kottayam,"Pampady Market",Cauliflower,Cauliflower,FAQ,28/07/2026,4500,5500,5000
Keralam,Kottayam,"Pampady Market",Onion,Big,FAQ,28/07/2026,3100,3500,3200
Keralam,Kottayam,"Pampady Market",Snakeguard,Snakeguard,FAQ,28/07/2026,4000,5500,5000
Keralam,Kottayam,"Pampady Market","Indian Beans(Seam)",Other,FAQ,28/07/2026,6000,7000,6500
Keralam,Kottayam,"Pampady Market","Little gourd(Kundru)",Other,FAQ,28/07/2026,5000,6500,6000
Keralam,Kottayam,"Pampady Market",Potato,Big,FAQ,28/07/2026,2700,4000,3000
"Tamil Nadu",Thiruvannamalai,"Cheyyar(Uzhavar Sandhai )",Papaya,Papaya,Local,28/07/2026,3200,4000,3600
"Tamil Nadu",Thiruvannamalai,"Cheyyar(Uzhavar Sandhai )","Bottle gourd","Bottle Gourd",Local,28/07/2026,2000,2400,2200
"Tamil Nadu",Thiruvannamalai,"Cheyyar(Uzhavar Sandhai )",Pumpkin,Pumpkin,Local,28/07/2026,2500,3000,2750
"Tamil Nadu",Thiruvannamalai,"Cheyyar(Uzhavar Sandhai )","Green Chilli","Green Chilly",Local,28/07/2026,4800,6000,5400
"Tamil Nadu",Thiruvannamalai,"Cheyyar(Uzhavar Sandhai )",Drumstick,Drumstick,Local,28/07/2026,4800,6000,5400
"Andhra Pradesh","SPSR Nellore","Gudur APMC",Paddy(Common),MTU-1010,Local,28/07/2026,2369,2470,2430
"Andhra Pradesh",Dr.B.R.A.Konaseema,"Mummidivaram APMC",Prawn,"Prawn-White Prawn",FAQ,28/07/2026,20000,21000,20000
"Andhra Pradesh",Dr.B.R.A.Konaseema,"Mummidivaram APMC",Paddy(Common),1121,FAQ,28/07/2026,2369,2468,2369
Telangana,Nalgonda,"Nakrekal APMC",Lime,Lime,Local,28/07/2026,500,3500,1000
"Andhra Pradesh",Dr.B.R.A.Konaseema,"Nagaram APMC",Coconut,Medium,FAQ,28/07/2026,15400,15500,15400
"Andhra Pradesh",Vijayanagaram,"Rajam APMC",Maize,Local,FAQ,28/07/2026,4800,4800,4800
Odisha,Sundergarh,"Panposh APMC","Bitter gourd",Other,FAQ,28/07/2026,4000,5000,4500
Odisha,Sundergarh,"Panposh APMC",Cabbage,Cabbage,FAQ,28/07/2026,2000,3000,2500
"Tamil Nadu",Ariyalur,"Ariyalur(Uzhavar Sandhai)",Brinjal,Round,Local,28/07/2026,5500,6000,5750
"Tamil Nadu",Ariyalur,"Ariyalur(Uzhavar Sandhai)","Bhindi(Ladies Finger)",Bhindi,Local,28/07/2026,3500,4000,3750
"Tamil Nadu",Ariyalur,"Ariyalur(Uzhavar Sandhai)",Snakeguard,Snakeguard,Local,28/07/2026,3500,4000,3750
"Tamil Nadu",Ariyalur,"Ariyalur(Uzhavar Sandhai)","Onion Green","Onion Green",Local,28/07/2026,5500,6500,6000
"Andhra Pradesh",Palnadu,"Rompicherla APMC",Maize,Hybrid/Local,FAQ,28/07/2026,2300,2400,2350
"Andhra Pradesh",Palnadu,"Rompicherla APMC",Paddy(Common),Paddy,FAQ,28/07/2026,2300,2480,2400
Haryana,Mahendragarh-Narnaul,"Narnaul APMC","Green Chilli","Green Chilly",Medium,28/07/2026,1000,4000,2500
Haryana,Mahendragarh-Narnaul,"Narnaul APMC",Mango(Raw-Ripe),"Mango - Raw-Ripe",Medium,28/07/2026,4000,6000,5000
Haryana,Mahendragarh-Narnaul,"Narnaul APMC","Cluster beans","Cluster Beans",Medium,28/07/2026,4000,6000,5000
"Andhra Pradesh",Annamayya,"Rayachoti APMC",Groundnut,Local,"Grade Range-1",28/07/2026,7400,7800,7600
Uttarakhand,Haridwar,"Haridwar Union APMC",Papaya,Other,"Grade B",28/07/2026,1500,2000,1650
Uttarakhand,Haridwar,"Haridwar Union APMC",Mango,Other,"Grade Range-2",28/07/2026,2000,3000,2500
Uttarakhand,Haridwar,"Haridwar Union APMC",Lemon,Other,FAQ,28/07/2026,4000,5500,4500
"Uttar Pradesh",Amroha,"Hasanpur APMC","Bhindi(Ladies Finger)",Bhindi,FAQ,28/07/2026,1850,2010,2000
Punjab,Ludhiana,"Doraha APMC",Lemon,Lemon,Local,28/07/2026,5000,5000,5000
Punjab,Ludhiana,"Doraha APMC",Garlic,Average,Local,28/07/2026,9000,11000,10000
Punjab,Ludhiana,"Doraha APMC","Bottle gourd","Bottle Gourd",Local,28/07/2026,2000,3000,2500
Odisha,Sambalpur,"Rairakhol APMC","Bhindi(Ladies Finger)",Bhindi,Small,28/07/2026,4500,5500,5000
Odisha,Sambalpur,"Rairakhol APMC",Brinjal,Brinjal,Local,28/07/2026,3000,3500,3200
Odisha,Sambalpur,"Rairakhol APMC",Potato,Potato,"Grade C",28/07/2026,1000,1800,1500
Keralam,Idukki,"Munnar Market","Groundnut pods(raw)",Other,Medium,28/07/2026,6500,6500,6500
Keralam,Idukki,"Munnar Market","Little gourd(Kundru)","Little gourd (Kundru)",Medium,28/07/2026,5000,5000,5000
Keralam,Alappuzha,"Chengannur Market",Ashgourd,Other,FAQ,28/07/2026,1800,2100,2000
Keralam,Alappuzha,"Chengannur Market",Beetroot,Beetroot,FAQ,28/07/2026,5800,6100,6000
Keralam,Alappuzha,"Chengannur Market",Cauliflower,Other,FAQ,28/07/2026,3800,4100,4000
Keralam,Alappuzha,"Chengannur Market",Cucumbar(Kheera),Other,FAQ,28/07/2026,2300,2600,2400
Keralam,Alappuzha,"Chengannur Market",Snakeguard,Other,FAQ,28/07/2026,3500,4200,4000
Keralam,Alappuzha,"Chengannur Market",Pumpkin,Other,FAQ,28/07/2026,1900,2200,2000
Haryana,Gurgaon,"Gurgaon APMC",Guava,Other,"Grade C",28/07/2026,3000,5000,4000
Haryana,Gurgaon,"Gurgaon APMC",Pear(Marasebu),Other,"Grade B",28/07/2026,8000,10000,9000
Punjab,Gurdaspur,"Kalanaur APMC","Bottle gourd","Bottle Gourd","Grade A",28/07/2026,1200,1200,1200
"Uttar Pradesh","Khiri (Lakhimpur)","Maigalganj APMC",Carrot,Carrot,FAQ,28/07/2026,1400,1440,1420
"Uttar Pradesh","Khiri (Lakhimpur)","Maigalganj APMC","Bhindi(Ladies Finger)",Bhindi,FAQ,28/07/2026,2360,2400,2380
"Himachal Pradesh",Kangra,"SMY Baijnath",Raddish,Raddish,"Grade A",28/07/2026,2700,2800,2800
"Himachal Pradesh",Kangra,"SMY Baijnath","Mousambi(Sweet Lime)",Mousambi,"Grade B",28/07/2026,6500,7000,6500
"Himachal Pradesh",Kangra,"SMY Baijnath","Green Chilli","Green Chilly","Grade A",28/07/2026,4500,5000,5000
"Himachal Pradesh",Kangra,"SMY Baijnath",Cauliflower,Cauliflower,"Grade A",28/07/2026,4500,5500,5000
"Himachal Pradesh",Kangra,"SMY Jaisinghpur",Plum,Other,Medium,28/07/2026,4500,6500,5500
"Himachal Pradesh",Kangra,"SMY Jaisinghpur",Cucumbar(Kheera),Cucumbar,FAQ,28/07/2026,3200,4500,3800
"Himachal Pradesh",Kangra,"SMY Jaisinghpur",Carrot,Carrot,FAQ,28/07/2026,3200,3800,3500
"Himachal Pradesh",Kangra,"SMY Jaisinghpur",Tinda,Other,FAQ,28/07/2026,6000,6500,6200
"Himachal Pradesh",Kangra,"SMY Jaisinghpur",Capsicum,Capsicum,FAQ,28/07/2026,6000,7000,6500
"Himachal Pradesh",Kangra,"SMY Jaisinghpur","Bottle gourd","Bottle Gourd",FAQ,28/07/2026,4500,6500,5500
Keralam,Kozhikode(Calicut),"Quilandy Market",Amaranthus,Other,FAQ,28/07/2026,3500,3600,3500
Keralam,Kozhikode(Calicut),"Quilandy Market","Bhindi(Ladies Finger)",Other,FAQ,28/07/2026,3700,4000,3800
Keralam,Kozhikode(Calicut),"Quilandy Market",Beetroot,Other,FAQ,28/07/2026,4600,5000,4800
Keralam,Kozhikode(Calicut),"Quilandy Market","Bitter gourd",Other,FAQ,28/07/2026,5500,5800,5600
Keralam,Kozhikode(Calicut),"Quilandy Market",Cabbage,Other,FAQ,28/07/2026,3700,4000,3800
"Tamil Nadu",Coimbatore,"Mettupalayam(Uzhavar Sandhai )",Papaya,Papaya,Local,28/07/2026,3000,3800,3400
"Tamil Nadu",Coimbatore,"Mettupalayam(Uzhavar Sandhai )",Onion,Bellary,Local,28/07/2026,3000,3800,3400
"Tamil Nadu",Coimbatore,"Mettupalayam(Uzhavar Sandhai )",Garlic,Garlic,Local,28/07/2026,15000,18000,16500
"Tamil Nadu",Coimbatore,"Mettupalayam(Uzhavar Sandhai )",Cauliflower,Ranchi,Local,28/07/2026,4000,4500,4250
"Tamil Nadu",Coimbatore,"Mettupalayam(Uzhavar Sandhai )","Green Peas","Green Peas",Local,28/07/2026,18000,20000,19000
"Tamil Nadu",Coimbatore,"Mettupalayam(Uzhavar Sandhai )","Bitter gourd","Bitter Gourd",Local,28/07/2026,5000,5500,5250
"Tamil Nadu",Coimbatore,"Mettupalayam(Uzhavar Sandhai )","Banana - Green","Banana - Green",Local,28/07/2026,4500,5000,4750
"Tamil Nadu",Coimbatore,"Mettupalayam(Uzhavar Sandhai )",Tapioca,Tapioca,Local,28/07/2026,3000,3500,3250
"Tamil Nadu",Coimbatore,"Mettupalayam(Uzhavar Sandhai )",Coconut,Coconut,Local,28/07/2026,5000,5600,5300
"Tamil Nadu",Coimbatore,"Mettupalayam(Uzhavar Sandhai )",Drumstick,Drumstick,Local,28/07/2026,4000,4500,4250
"Tamil Nadu",Coimbatore,"Mettupalayam(Uzhavar Sandhai )",Mango(Raw-Ripe),"Mango - Raw-Ripe",Local,28/07/2026,3000,3800,3400
"Tamil Nadu",Coimbatore,"Mettupalayam(Uzhavar Sandhai )",Lime,Lime,Local,28/07/2026,14000,16000,15000
"Tamil Nadu",Coimbatore,"Mettupalayam(Uzhavar Sandhai )","Elephant Yam(Suran)/Amorphophallus","Elephant Yam (Suran)",Local,28/07/2026,3500,4000,3750
"Tamil Nadu",Coimbatore,"Mettupalayam(Uzhavar Sandhai )",Yam(Ratalu),"Yam (Ratalu)",Local,28/07/2026,6500,7000,6750
"Tamil Nadu",Coimbatore,"Mettupalayam(Uzhavar Sandhai )","Amla(Nelli Kai)",Amla,Local,28/07/2026,8000,8500,8250
"Tamil Nadu",Erode,"Sathiyamagalam(Uzhavar Sandhai )","Cluster beans","Cluster Beans",Local,28/07/2026,3500,4000,3750
"Tamil Nadu",Erode,"Sathiyamagalam(Uzhavar Sandhai )",Tapioca,Tapioca,Local,28/07/2026,2500,3000,2750
"Tamil Nadu",Erode,"Sathiyamagalam(Uzhavar Sandhai )",Ginger(Green),"Green Ginger",Local,28/07/2026,15000,16000,15500
"Tamil Nadu",Erode,"Sathiyamagalam(Uzhavar Sandhai )","Green Avare(W)",Other,Local,28/07/2026,6400,6800,6600
"Tamil Nadu",Namakkal,"Tiruchengode APMC","Bhindi(Ladies Finger)",Bhindi,Local,28/07/2026,4000,4400,4200
"Tamil Nadu",Namakkal,"Tiruchengode APMC",Amaranthus,Amaranthus,Local,28/07/2026,3500,4000,3750
"Tamil Nadu",Namakkal,"Tiruchengode APMC",Ginger(Green),"Green Ginger",Local,28/07/2026,17500,19500,18500
"Tamil Nadu",Namakkal,"Tiruchengode APMC",Carrot,Pusakesar,Local,28/07/2026,8500,9500,9000
"Tamil Nadu",Namakkal,"Tiruchengode APMC",Cabbage,Cabbage,Local,28/07/2026,3500,4000,3750
"Tamil Nadu",Namakkal,"Tiruchengode APMC",Snakeguard,Snakeguard,Local,28/07/2026,4500,5000,4750
"Tamil Nadu",Namakkal,"Tiruchengode APMC",Capsicum,Capsicum,Local,28/07/2026,7000,8000,7500
"Tamil Nadu",Namakkal,"Tiruchengode APMC","Green Avare(W)",Other,Local,28/07/2026,5400,6000,5700
"Tamil Nadu",Namakkal,"Tiruchengode APMC",Drumstick,Drumstick,Local,28/07/2026,4500,5000,4750
"Tamil Nadu",Namakkal,"Tiruchengode APMC",Mango(Raw-Ripe),"Mango - Raw-Ripe",Local,28/07/2026,3000,3500,3250
"Tamil Nadu",Namakkal,"Tiruchengode APMC","Onion Green","Onion Green",Local,28/07/2026,4000,4500,4250
"Tamil Nadu",Namakkal,"Tiruchengode APMC",Mint(Pudina),Mint(Pudina),Local,28/07/2026,5400,6000,5700
"Andhra Pradesh",Visakhapatnam,"Bhimunipatnam APMC",Maize,"Hybrid Red (Cattle Feed)",Local,28/07/2026,2386,2386,2386
"Andhra Pradesh",Visakhapatnam,"Bhimunipatnam APMC","Ragi(Finger Millet)",Local,Local,28/07/2026,5000,5000,5000
"Tamil Nadu",Ariyalur,"Jeyankondam (Uzhavar Sandhai )",Raddish,Raddish,Local,28/07/2026,3500,4000,3750
"Tamil Nadu",Coimbatore,"RSPuram(Uzhavar Sandhai )",Papaya,Papaya,Local,28/07/2026,3800,4200,4000
"Tamil Nadu",Coimbatore,"RSPuram(Uzhavar Sandhai )",Onion,Bellary,Local,28/07/2026,3000,3300,3150
"Tamil Nadu",Coimbatore,"RSPuram(Uzhavar Sandhai )",Brinjal,Other,Local,28/07/2026,4000,4500,4250
"Tamil Nadu",Coimbatore,"RSPuram(Uzhavar Sandhai )",Pumpkin,Pumpkin,Local,28/07/2026,1800,2000,1900
"Tamil Nadu",Coimbatore,"RSPuram(Uzhavar Sandhai )","Bhindi(Ladies Finger)",Bhindi,Local,28/07/2026,4000,4600,4300
"Tamil Nadu",Coimbatore,"RSPuram(Uzhavar Sandhai )",Amaranthus,Amaranthus,Local,28/07/2026,5600,6500,6050
"Tamil Nadu",Coimbatore,"RSPuram(Uzhavar Sandhai )",Ginger(Green),"Green Ginger",Local,28/07/2026,17000,18200,17600
"Tamil Nadu",Coimbatore,"RSPuram(Uzhavar Sandhai )",Ridgeguard(Tori),Ridgeguard(Tori),Local,28/07/2026,4000,4800,4400
"Tamil Nadu",Coimbatore,"RSPuram(Uzhavar Sandhai )","Green Avare(W)",Other,Local,28/07/2026,6000,6600,6300
"Tamil Nadu",Coimbatore,"RSPuram(Uzhavar Sandhai )",Drumstick,Drumstick,Local,28/07/2026,3500,4000,3750
"Tamil Nadu",Coimbatore,"RSPuram(Uzhavar Sandhai )",Lime,Lime,Local,28/07/2026,16000,17500,16750
"Tamil Nadu",Coimbatore,"RSPuram(Uzhavar Sandhai )",Guava,"Guava Allahabad",Local,28/07/2026,4500,5500,5000
"Tamil Nadu",Coimbatore,"RSPuram(Uzhavar Sandhai )","Tender Coconut","Tender Coconut",Local,28/07/2026,4000,4500,4250
"Tamil Nadu",Coimbatore,"RSPuram(Uzhavar Sandhai )",Colacasia,Colacasia,Local,28/07/2026,4500,5000,4750
"Tamil Nadu",Coimbatore,"RSPuram(Uzhavar Sandhai )","Amla(Nelli Kai)",Amla,Local,28/07/2026,7500,8500,8000
"Tamil Nadu",Coimbatore,"RSPuram(Uzhavar Sandhai )","Baby Corn","Baby Corn","Grade A",28/07/2026,2200,2800,2500
"Tamil Nadu",Coimbatore,"RSPuram(Uzhavar Sandhai )","Sweet Corn ","Sweet Corn ",Local,28/07/2026,3500,4000,3750
"Tamil Nadu",Coimbatore,"Singanallur(Uzhavar Sandhai )",Papaya,Papaya,Local,28/07/2026,3500,4200,3850
"Tamil Nadu",Coimbatore,"Singanallur(Uzhavar Sandhai )",Chikoos(Sapota),Sapota,Local,28/07/2026,4000,4500,4250
"Tamil Nadu",Coimbatore,"Singanallur(Uzhavar Sandhai )",Tomato,Local,Local,28/07/2026,1800,2200,2000
"Tamil Nadu",Coimbatore,"Singanallur(Uzhavar Sandhai )","Bitter gourd",Other,Local,28/07/2026,6000,6500,6250
"Tamil Nadu",Coimbatore,"Singanallur(Uzhavar Sandhai )","Sweet Potato","Hosur Red",Local,28/07/2026,4500,5000,4750
"Tamil Nadu",Coimbatore,"Singanallur(Uzhavar Sandhai )",Snakeguard,Snakeguard,Local,28/07/2026,3000,3500,3250
"Tamil Nadu",Coimbatore,"Singanallur(Uzhavar Sandhai )",Ridgeguard(Tori),Ridgeguard(Tori),Local,28/07/2026,5000,5600,5300
"Tamil Nadu",Coimbatore,"Singanallur(Uzhavar Sandhai )","Onion Green","Onion Green",Local,28/07/2026,5500,6000,5750
"Tamil Nadu",Coimbatore,"Pollachi(Uzhavar Sandhai )",Cauliflower,Ranchi,Local,28/07/2026,5000,5500,5250
"Tamil Nadu",Coimbatore,"Pollachi(Uzhavar Sandhai )","Cluster beans","Cluster Beans",Local,28/07/2026,4000,4500,4250
"Tamil Nadu",Coimbatore,"Pollachi(Uzhavar Sandhai )","Bhindi(Ladies Finger)",Bhindi,Local,28/07/2026,4500,5000,4750
"Tamil Nadu",Coimbatore,"Pollachi(Uzhavar Sandhai )",Amaranthus,Amaranthus,Local,28/07/2026,3000,4000,3500
"Tamil Nadu",Coimbatore,"Pollachi(Uzhavar Sandhai )","Banana - Green","Banana - Green",Local,28/07/2026,4000,4500,4250
"Tamil Nadu",Coimbatore,"Pollachi(Uzhavar Sandhai )",Beans,"Beans (Whole)",Local,28/07/2026,9000,10000,9500
"Tamil Nadu",Coimbatore,"Pollachi(Uzhavar Sandhai )","Green Avare(W)","Green Avare (W)",Local,28/07/2026,6500,7500,7000
"Tamil Nadu",Coimbatore,"Pollachi(Uzhavar Sandhai )",Drumstick,Drumstick,Local,28/07/2026,5000,6000,5500
"Tamil Nadu",Coimbatore,"Pollachi(Uzhavar Sandhai )",Lemon,Lemon,Local,28/07/2026,7000,7500,7250
"Tamil Nadu",Coimbatore,"Pollachi(Uzhavar Sandhai )","Onion Green","Onion Green",Local,28/07/2026,5500,6000,5750
Gujarat,Sabarkantha,"Meghraj APMC",Wheat,Other,Local,28/07/2026,2450,2550,2550
Telangana,"Ranga Reddy","Vanasthalipuram,RBZ ",Cabbage,Cabbage,Local,28/07/2026,2100,2100,2100
Telangana,"Ranga Reddy","Vanasthalipuram,RBZ ",Carrot,Carrot,Local,28/07/2026,4100,4100,4100
Telangana,"Ranga Reddy","Vanasthalipuram,RBZ ",Snakeguard,Snakeguard,Local,28/07/2026,2300,2300,2300
Telangana,"Ranga Reddy","Vanasthalipuram,RBZ ",Beetroot,Beetroot,Local,28/07/2026,3300,3300,3300
"Tamil Nadu",Karur,"Karur(Uzhavar Sandhai )",Cauliflower,Ranchi,Local,28/07/2026,3500,4000,3750
"Tamil Nadu",Karur,"Karur(Uzhavar Sandhai )",Coriander(Leaves),"I Sort",Local,28/07/2026,7500,8000,7750
"Tamil Nadu",Karur,"Karur(Uzhavar Sandhai )","Bitter gourd",Other,Local,28/07/2026,5500,6000,5750
"Tamil Nadu",Karur,"Karur(Uzhavar Sandhai )","Bottle gourd","Bottle Gourd",Local,28/07/2026,2000,2500,2250
"Tamil Nadu",Karur,"Karur(Uzhavar Sandhai )",Pumpkin,Pumpkin,Local,28/07/2026,2300,2800,2550
"Tamil Nadu",Karur,"Karur(Uzhavar Sandhai )",Beans,"Beans (Whole)",Local,28/07/2026,9500,10000,9750
"Tamil Nadu",Karur,"Karur(Uzhavar Sandhai )",Cabbage,Cabbage,Local,28/07/2026,5500,6000,5750
"Tamil Nadu",Karur,"Karur(Uzhavar Sandhai )",Beetroot,Beetroot,Local,28/07/2026,8500,9000,8750
"Tamil Nadu",Karur,"Karur(Uzhavar Sandhai )",Raddish,Raddish,Local,28/07/2026,3500,4000,3750
"Tamil Nadu",Karur,"Karur(Uzhavar Sandhai )",Thondekai,Thondekai,Local,28/07/2026,5000,5500,5250
"Tamil Nadu",Karur,"Karur(Uzhavar Sandhai )","Elephant Yam(Suran)/Amorphophallus","Elephant Yam (Suran)",Local,28/07/2026,4500,5000,4750
"Tamil Nadu",Karur,"Karur(Uzhavar Sandhai )","Onion Green","Onion Green",Local,28/07/2026,6000,6500,6250
"Tamil Nadu",Karur,"Karur(Uzhavar Sandhai )",Mint(Pudina),Mint(Pudina),Local,28/07/2026,6500,7000,6750
Tripura,"South Tripura",Manubazar,Fish,Rahu(Andhra),"Grade Range-1",28/07/2026,20000,22000,21000
Tripura,"South Tripura",Manubazar,Onion,"1st Sort","Grade A",28/07/2026,3800,4000,3900
Tripura,"South Tripura",Manubazar,Ashgourd,Ashgourd,FAQ,28/07/2026,2300,2500,2400
Tripura,"South Tripura",Manubazar,"Spiny Gourd / Kartali(Kantola)
","Kartali (Kantola)",FAQ,28/07/2026,5700,6000,5800
Tripura,"South Tripura",Manubazar,Fish,Rahu(Local),"Grade Range-1",28/07/2026,30000,32000,31000
"Tamil Nadu",Coimbatore,"Kurichi(Uzhavar Sandhai )",Papaya,Papaya,Local,28/07/2026,3600,4200,3900
"Tamil Nadu",Coimbatore,"Kurichi(Uzhavar Sandhai )",Mango,Neelam,Local,28/07/2026,7000,8000,7500
"Tamil Nadu",Coimbatore,"Kurichi(Uzhavar Sandhai )","Banana - Green","Banana - Green",Local,28/07/2026,3600,4000,3800
"Tamil Nadu",Coimbatore,"Kurichi(Uzhavar Sandhai )",Tapioca,Tapioca,Local,28/07/2026,3000,3500,3250
"Tamil Nadu",Coimbatore,"Kurichi(Uzhavar Sandhai )",Drumstick,Drumstick,Local,28/07/2026,5500,6000,5750
"Tamil Nadu",Coimbatore,"Kurichi(Uzhavar Sandhai )",Mango(Raw-Ripe),"Mango - Raw-Ripe",Local,28/07/2026,3500,4000,3750
"Tamil Nadu",Cuddalore,"Chidambaram(Uzhavar Sandhai )",Brinjal,Round,Local,28/07/2026,5000,6000,5500
"Tamil Nadu",Cuddalore,"Chidambaram(Uzhavar Sandhai )",Mango(Raw-Ripe),"Mango - Raw-Ripe",Local,28/07/2026,3000,3000,3000
"Tamil Nadu",Cuddalore,"Cuddalore(Uzhavar Sandhai )",Pumpkin,Pumpkin,Local,28/07/2026,3000,3000,3000
"Tamil Nadu",Cuddalore,"Cuddalore(Uzhavar Sandhai )",Ginger(Green),"Green Ginger",Local,28/07/2026,20000,20000,20000
"Tamil Nadu",Cuddalore,"Cuddalore(Uzhavar Sandhai )",Cabbage,Cabbage,Local,28/07/2026,4000,4000,4000
"Tamil Nadu",Cuddalore,"Cuddalore(Uzhavar Sandhai )",Ridgeguard(Tori),Ridgeguard(Tori),Local,28/07/2026,7000,8000,7500
"Tamil Nadu",Cuddalore,"Cuddalore(Uzhavar Sandhai )","Knool Khol","Knool Khol",Local,28/07/2026,5000,5000,5000
"Tamil Nadu",Chengalpattu,"Thirukalukundram(Uzhavar Sandhai )",Potato,Other,Local,28/07/2026,2500,3000,2750
"Tamil Nadu",Chengalpattu,"Thirukalukundram(Uzhavar Sandhai )","Bitter gourd",Other,Local,28/07/2026,4500,5200,4850
"Tamil Nadu",Chengalpattu,"Thirukalukundram(Uzhavar Sandhai )","Banana - Green","Banana - Green",Local,28/07/2026,2500,3000,2750
"Tamil Nadu",Chengalpattu,"Thirukalukundram(Uzhavar Sandhai )","Green Avare(W)",Other,Local,28/07/2026,4500,5000,4750
"Tamil Nadu",Chengalpattu,"Thirukalukundram(Uzhavar Sandhai )",Lemon,Lemon,Local,28/07/2026,7500,8500,8000
"Tamil Nadu",Tuticorin,"Tuticorin(Uzhavar Sandhai )",Apple,American,Local,28/07/2026,25000,26000,25500
"Tamil Nadu",Tuticorin,"Tuticorin(Uzhavar Sandhai )",Grapes,Annabesahai,Local,28/07/2026,9000,10000,9500
"Tamil Nadu",Tuticorin,"Tuticorin(Uzhavar Sandhai )","Green Peas","Green Peas",Local,28/07/2026,19000,20000,19500
"Tamil Nadu",Tuticorin,"Tuticorin(Uzhavar Sandhai )",Tomato,Local,Local,28/07/2026,2000,2500,2250
"Tamil Nadu",Tuticorin,"Tuticorin(Uzhavar Sandhai )","Bottle gourd","Bottle Gourd",Local,28/07/2026,1500,2000,1750
"Tamil Nadu",Tuticorin,"Tuticorin(Uzhavar Sandhai )","Bhindi(Ladies Finger)",Bhindi,Local,28/07/2026,4000,4500,4250
"Tamil Nadu",Tuticorin,"Tuticorin(Uzhavar Sandhai )",Tapioca,Tapioca,Local,28/07/2026,3000,3500,3250
"Tamil Nadu",Tuticorin,"Tuticorin(Uzhavar Sandhai )","Sweet Potato","Hosur Red",Local,28/07/2026,3500,4000,3750
"Tamil Nadu",Tuticorin,"Tuticorin(Uzhavar Sandhai )",Beetroot,Beetroot,Local,28/07/2026,5000,6000,5500
"Tamil Nadu",Tuticorin,"Tuticorin(Uzhavar Sandhai )",Thondekai,Thondekai,Local,28/07/2026,4500,5000,4750
"Tamil Nadu",Tuticorin,"Tuticorin(Uzhavar Sandhai )",Capsicum,Capsicum,Local,28/07/2026,7500,8000,7750
"Tamil Nadu",Tuticorin,"Tuticorin(Uzhavar Sandhai )",Yam(Ratalu),"Yam (Ratalu)",Local,28/07/2026,9500,10000,9750
"Tamil Nadu","Nagercoil (Kannyiakumari)","Vadaseri APMC",Tomato,Local,Local,28/07/2026,2200,2500,2350
"Tamil Nadu","Nagercoil (Kannyiakumari)","Vadaseri APMC","Green Chilli","Green Chilly",Local,28/07/2026,5500,6000,5750
"Tamil Nadu","Nagercoil (Kannyiakumari)","Vadaseri APMC",Carrot,Pusakesar,Local,28/07/2026,9000,10000,9500
"Tamil Nadu","Nagercoil (Kannyiakumari)","Vadaseri APMC",Drumstick,Drumstick,Local,28/07/2026,3500,4000,3750
"Tamil Nadu","Nagercoil (Kannyiakumari)","Vadaseri APMC","Amla(Nelli Kai)",Amla,Local,28/07/2026,5500,6000,5750
"Tamil Nadu",Pudukkottai,"Karambakkudi(Uzhavar Sandhai )",Brinjal,Other,Local,28/07/2026,5000,6000,5500
"Tamil Nadu",Pudukkottai,"Karambakkudi(Uzhavar Sandhai )",Amaranthus,Amaranthus,Local,28/07/2026,2000,2000,2000
"Tamil Nadu",Pudukkottai,"Karambakkudi(Uzhavar Sandhai )","Green Chilli","Green Chilly",Local,28/07/2026,6500,7500,7000
"Tamil Nadu",Pudukkottai,"Karambakkudi(Uzhavar Sandhai )",Coconut,Coconut,Local,28/07/2026,3000,4000,3500
"Tamil Nadu",Pudukkottai,"Karambakkudi(Uzhavar Sandhai )",Ridgeguard(Tori),Ridgeguard(Tori),Local,28/07/2026,7000,8000,7500
"Tamil Nadu",Pudukkottai,"Karambakkudi(Uzhavar Sandhai )",Mango(Raw-Ripe),"Mango - Raw-Ripe",Local,28/07/2026,3000,4000,3500
"Tamil Nadu",Pudukkottai,"Karambakkudi(Uzhavar Sandhai )",Lemon,Lemon,Local,28/07/2026,3000,4000,3500
Maharashtra,Raigad,"Murud APMC",Rice,Other,Local,28/07/2026,4000,4500,4250
"Madhya Pradesh",Morena,"Kailaras APMC",Brinjal,Other,FAQ,28/07/2026,800,800,800
"Madhya Pradesh",Morena,"Kailaras APMC","Sponge gourd","Sponge gourd",FAQ,28/07/2026,1200,1200,1200
"Madhya Pradesh",Morena,"Kailaras APMC","Bhindi(Ladies Finger)",Bhindi,FAQ,28/07/2026,1500,1500,1500
"Madhya Pradesh",Badwani,"Badwani APMC",Wheat,Lokwan,Non-FAQ,28/07/2026,2350,2350,2350
"Madhya Pradesh",Dhar,"Kukshi APMC",Wheat,Wheat,FAQ,28/07/2026,2485,2485,2485
"Madhya Pradesh",Ashoknagar,"Mungawali APMC",Soyabean,Soyabeen,Non-FAQ,28/07/2026,6490,6505,6505
"Tamil Nadu",Vellore,"Thirupathur APMC",Groundnut,"Big (With Shell)",Local,28/07/2026,6000,6000,6000
"Tamil Nadu",Vellore,"Thirupathur APMC",Brinjal,Round,Local,28/07/2026,4000,4000,4000
"Tamil Nadu",Vellore,"Thirupathur APMC",Tapioca,Tapioca,Local,28/07/2026,3000,3000,3000
"Tamil Nadu",Vellore,"Thirupathur APMC",Ginger(Green),"Green Ginger",Local,28/07/2026,22000,22000,22000
"Tamil Nadu",Vellore,"Thirupathur APMC",Cucumbar(Kheera),Cucumbar,Local,28/07/2026,4000,4000,4000
"Tamil Nadu",Vellore,"Thirupathur APMC",Raddish,Raddish,Local,28/07/2026,3500,3500,3500
"Tamil Nadu",Vellore,"Thirupathur APMC",Drumstick,Drumstick,Local,28/07/2026,7000,7000,7000
"Tamil Nadu",Vellore,"Thirupathur APMC",Mango(Raw-Ripe),"Mango - Raw-Ripe",Local,28/07/2026,2000,2000,2000
"Tamil Nadu",Vellore,"Thirupathur APMC","Tender Coconut","Tender Coconut",Local,28/07/2026,3000,3000,3000
"Tamil Nadu",Vellore,"Vellore APMC","Bottle gourd","Bottle Gourd",Local,28/07/2026,2000,2500,2250
"Tamil Nadu",Vellore,"Vellore APMC",Cowpea(Veg),"Cowpea (Veg)",Local,28/07/2026,4000,4000,4000
"Tamil Nadu",Vellore,"Vellore APMC","Banana - Green","Banana - Green",Local,28/07/2026,3000,3000,3000
"Tamil Nadu",Vellore,"Vellore APMC",Beetroot,Beetroot,Local,28/07/2026,4000,4000,4000
Bihar,Sheikhpura,"Shekhpura APMC",Cucumbar(Kheera),Cucumbar,FAQ,28/07/2026,3030,3175,3100
Bihar,Sheikhpura,"Shekhpura APMC",Brinjal,"Arkasheela Mattigulla",FAQ,28/07/2026,2940,3080,3010
Bihar,Supaul,"Supaul APMC",Onion,Onion,"Grade A",28/07/2026,2500,3000,2800
Bihar,Supaul,"Supaul APMC","Bhindi(Ladies Finger)",Bhindi,"Grade A",28/07/2026,2200,3000,2500
"Tamil Nadu",Dharmapuri,"Harur(Uzhavar Sandhai )",Coriander(Leaves),"I Sort",Local,28/07/2026,5000,6000,5500
"Tamil Nadu",Dharmapuri,"Harur(Uzhavar Sandhai )",Tomato,Local,Local,28/07/2026,1500,1800,1650
"Tamil Nadu",Dharmapuri,"Harur(Uzhavar Sandhai )","Bitter gourd",Other,Local,28/07/2026,5000,5500,5250
"Tamil Nadu",Dharmapuri,"Harur(Uzhavar Sandhai )",Carrot,Pusakesar,Local,28/07/2026,7000,8000,7500
"Tamil Nadu",Dharmapuri,"Harur(Uzhavar Sandhai )",Snakeguard,Snakeguard,Local,28/07/2026,3500,4000,3750
"Tamil Nadu",Dharmapuri,"Harur(Uzhavar Sandhai )",Raddish,Raddish,Local,28/07/2026,2500,3000,2750
"Tamil Nadu",Dharmapuri,"Harur(Uzhavar Sandhai )",Capsicum,Capsicum,Local,28/07/2026,7000,8000,7500
"Tamil Nadu",Dharmapuri,"Harur(Uzhavar Sandhai )","Chow Chow","Chow Chow",Local,28/07/2026,4500,5000,4750
"Tamil Nadu",Dharmapuri,"Harur(Uzhavar Sandhai )","Onion Green","Onion Green",Local,28/07/2026,5000,6000,5500
"Tamil Nadu",Krishnagiri,"Kaveripattinam(Uzhavar Sandhai )",Onion,Bellary,Local,28/07/2026,3500,3500,3500
"Tamil Nadu",Krishnagiri,"Kaveripattinam(Uzhavar Sandhai )",Coriander(Leaves),"I Sort",Local,28/07/2026,7000,7000,7000
"Tamil Nadu",Krishnagiri,"Kaveripattinam(Uzhavar Sandhai )","Bottle gourd","Bottle Gourd",Local,28/07/2026,3000,3000,3000
"Tamil Nadu",Krishnagiri,"Kaveripattinam(Uzhavar Sandhai )",Ashgourd,Gouard,Local,28/07/2026,3500,3500,3500
"Tamil Nadu",Krishnagiri,"Kaveripattinam(Uzhavar Sandhai )",Amaranthus,Amaranthus,Local,28/07/2026,2000,2500,2250
"Tamil Nadu",Krishnagiri,"Kaveripattinam(Uzhavar Sandhai )","Banana - Green","Banana - Green",Local,28/07/2026,2500,3000,2750
"Tamil Nadu",Krishnagiri,"Kaveripattinam(Uzhavar Sandhai )",Carrot,Pusakesar,Local,28/07/2026,8000,8000,8000
"Tamil Nadu",Krishnagiri,"Kaveripattinam(Uzhavar Sandhai )",Ridgeguard(Tori),Ridgeguard(Tori),Local,28/07/2026,6000,6000,6000
"Tamil Nadu",Krishnagiri,"Kaveripattinam(Uzhavar Sandhai )",Raddish,Raddish,Local,28/07/2026,3000,4000,3500
"Tamil Nadu",Krishnagiri,"Kaveripattinam(Uzhavar Sandhai )","Chow Chow","Chow Chow",Local,28/07/2026,3500,3500,3500
"Tamil Nadu",Krishnagiri,"Kaveripattinam(Uzhavar Sandhai )",Mango(Raw-Ripe),"Mango - Raw-Ripe",Local,28/07/2026,3000,3000,3000
"Tamil Nadu","The Nilgiris","Coonoor(Uzhavar Sandhai )",Banana,"Red Banana",Local,28/07/2026,7500,8000,7750
"Tamil Nadu","The Nilgiris","Coonoor(Uzhavar Sandhai )",Tomato,Local,Local,28/07/2026,2000,2300,2150
"Tamil Nadu","The Nilgiris","Coonoor(Uzhavar Sandhai )","Cluster beans","Cluster Beans",Local,28/07/2026,4000,4300,4150
"Tamil Nadu","The Nilgiris","Coonoor(Uzhavar Sandhai )",Ashgourd,Gouard,Local,28/07/2026,1400,1800,1600
"Tamil Nadu","The Nilgiris","Coonoor(Uzhavar Sandhai )","Green Chilli","Green Chilly",Local,28/07/2026,4500,4800,4650
"Tamil Nadu","The Nilgiris","Coonoor(Uzhavar Sandhai )",Cowpea(Veg),"Cowpea (Veg)",Local,28/07/2026,4000,4300,4150
"Tamil Nadu","The Nilgiris","Coonoor(Uzhavar Sandhai )",Coconut,Coconut,Local,28/07/2026,5400,5700,5550
"Tamil Nadu","The Nilgiris","Coonoor(Uzhavar Sandhai )",Carrot,Pusakesar,Local,28/07/2026,4500,5000,4750
"Tamil Nadu","The Nilgiris","Coonoor(Uzhavar Sandhai )",Cabbage,Cabbage,Local,28/07/2026,3000,3200,3100
"Tamil Nadu","The Nilgiris","Coonoor(Uzhavar Sandhai )","Green Avare(W)",Other,Local,28/07/2026,7000,7400,7200
"Tamil Nadu","The Nilgiris","Coonoor(Uzhavar Sandhai )","Elephant Yam(Suran)/Amorphophallus","Elephant Yam (Suran)",Local,28/07/2026,3500,4000,3750
"Tamil Nadu","The Nilgiris","Coonoor(Uzhavar Sandhai )",Mint(Pudina),Mint(Pudina),Local,28/07/2026,5500,6000,5750
"Tamil Nadu","The Nilgiris","Gudalur(Uzhavar Sandhai )",Pumpkin,Pumpkin,Local,28/07/2026,1500,2000,1750
"Tamil Nadu","The Nilgiris","Gudalur(Uzhavar Sandhai )","Bhindi(Ladies Finger)",Bhindi,Local,28/07/2026,4500,5000,4750
"Tamil Nadu","The Nilgiris","Gudalur(Uzhavar Sandhai )",Cabbage,Cabbage,Local,28/07/2026,3000,3500,3250
Haryana,Kurukshetra,"Pehowa APMC","Bottle gourd",Other,Medium,28/07/2026,1200,1500,1300
"Himachal Pradesh",Kangra,"SMY Palampur",Pear(Marasebu),Other,Medium,28/07/2026,7500,14000,10000
"Himachal Pradesh",Kangra,"SMY Palampur",Apple,"Kullu Delicious",Medium,28/07/2026,5000,22000,15000
"Himachal Pradesh",Kangra,"SMY Palampur",Guava,Guava,Medium,28/07/2026,8000,10000,9000
"Himachal Pradesh",Kangra,"SMY Palampur",Cucumbar(Kheera),Cucumbar,FAQ,28/07/2026,3000,4000,3500
"Himachal Pradesh",Kangra,"SMY Palampur","Pea Pod/Pea Cod/हरी मटर",Other,FAQ,28/07/2026,10000,12000,11000
"Himachal Pradesh",Kangra,"SMY Palampur",Brinjal,Brinjal,FAQ,28/07/2026,4000,4500,4200
"Himachal Pradesh",Kangra,"SMY Palampur","Sponge gourd",Other,FAQ,28/07/2026,3500,4000,3800
"Himachal Pradesh",Kangra,"SMY Palampur","Bhindi(Ladies Finger)",Bhindi,FAQ,28/07/2026,3500,4000,3800
"Himachal Pradesh",Kangra,"SMY Palampur",Raddish,Raddish,FAQ,28/07/2026,2000,2500,2200
"Himachal Pradesh",Kangra,"SMY Palampur",Coriander(Leaves),Coriander,FAQ,28/07/2026,10000,15000,12500
"West Bengal","Paschim Bardhaman","Asansol APMC",Rice,Fine,FAQ,28/07/2026,4685,4850,4765
"West Bengal","Paschim Bardhaman","Asansol APMC",Wheat,Kalyan,FAQ,28/07/2026,2500,2750,2665
"West Bengal","Paschim Bardhaman","Asansol APMC","Masur Dal","Masur Dal",FAQ,28/07/2026,9685,9850,9765
"West Bengal","Paschim Bardhaman","Asansol APMC",Brinjal,Other,FAQ,28/07/2026,3200,3650,3450
Punjab,Tarntaran,"Patti APMC","Bhindi(Ladies Finger)",Other,Local,28/07/2026,1.2,1.2,1.2
Punjab,Tarntaran,"Patti APMC",Cucumbar(Kheera),Cucumbar,Local,28/07/2026,1,1,1
Punjab,Tarntaran,"Patti APMC",Potato,Potato,Local,28/07/2026,1,1,1
Punjab,Tarntaran,"Patti APMC",Raddish,Raddish,Local,28/07/2026,400,400,400
Uttarakhand,Dehradoon,"Vikasnagar APMC","Jack Fruit(Ripe)",Other,Medium,28/07/2026,400,1200,1200
Uttarakhand,Dehradoon,"Vikasnagar APMC","Field Pea","Field Pea",Medium,28/07/2026,3000,4000,4000
Uttarakhand,Dehradoon,"Vikasnagar APMC","Water Melon",Other,Medium,28/07/2026,500,1200,1200
Punjab,Mohali,"Lalru APMC","Bottle gourd",Other,Local,28/07/2026,2100,2100,2100
Haryana,Sonipat,"Gohana APMC",Onion,Other,Medium,28/07/2026,2500,3000,2800
Haryana,Sonipat,"Gohana APMC","Mousambi(Sweet Lime)",Mousambi,Medium,28/07/2026,2500,4000,3000
"Uttar Pradesh",Mau(Maunathbhanjan),"Kopaganj APMC","Bhindi(Ladies Finger)",Bhindi,FAQ,28/07/2026,1475,1480,1479
Haryana,Hissar,"Hansi APMC",Mango,Other,"Grade B",28/07/2026,4000,8000,6000
Haryana,Hissar,"Hansi APMC","Water Melon",Other,"Grade B",28/07/2026,2000,2500,2250
Haryana,Hissar,"Hansi APMC","Bitter gourd",Other,FAQ,28/07/2026,3000,3500,3350
Haryana,Hissar,"Hansi APMC",Cauliflower,Other,FAQ,28/07/2026,3000,4000,3500
Haryana,Hissar,"Hansi APMC","Peas Wet",Other,FAQ,28/07/2026,8000,10000,9000
Punjab,Amritsar,"Rayya APMC",Cauliflower,Local,FAQ,28/07/2026,3420,3420,3420
Punjab,Amritsar,"Rayya APMC",Cucumbar(Kheera),Cucumbar,FAQ,28/07/2026,918,918,918
Punjab,Amritsar,"Rayya APMC",Tinda,Other,FAQ,28/07/2026,1815,1815,1815
Uttarakhand,Dehradoon,"Chakrata APMC",Pumpkin,Other,FAQ,28/07/2026,600,800,700
Gujarat,Amreli,"Bagasara APMC","Sesamum(Sesame,Gingelly,Til)",White,Local,28/07/2026,8000,12300,10150
Gujarat,Amreli,"Bagasara APMC","Bengal Gram(Gram)(Whole)","Desi (Whole)",Local,28/07/2026,5000,6150,5575
Gujarat,Amreli,"Bagasara APMC","Corriander seed","A-1, Green",Local,28/07/2026,15000,15250,15125
"Andhra Pradesh","Sri Sathya Sai","Tenakallu APMC","Tamarind Fruit",Other,Local,28/07/2026,8500,9200,9000
"Andhra Pradesh",Bapatla,"Kuchinapudi APMC",Paddy(Common),"B P T",Local,28/07/2026,3100,3300,3200
"Himachal Pradesh",Mandi,"SMY Jogindernagar","Bitter gourd",Other,"Grade B",28/07/2026,3500,4000,3750
